smiles,deviation,status
O=C1C=CC(=O)c2ccccc21,0.0,ok
Cc1cc(O)c2c(c1)C(=O)c1cccc(O)c1C2=O,0.0006,ok
CC1=CC(=O)c2ccccc2C1=O,0.0,ok
COC12C(COC(N)=O)C3=C(C(=O)C(C)=C(N)C3=O)N1CC1NC12,0.0255,ok
COC1=C(N)C(=O)c2nc(-c3nc(C(=O)O)c(C)c(-c4ccc(OC)c(OC)c4O)c3N)ccc2C1=O,0.0216,ok
COC1=C(C)C(=O)C2=C(C1=O)C(COC(N)=O)C1(OC)C3NC3CN21,0.0686,ok
O=C1c2ccccc2C(=O)c2ccccc21,0.0,ok
CC(=CCC1=C(C)C(=O)c2ccccc2C1=O)CCCC(C)CCCC(C)CCCC(C)C,0.0038,ok
O=C1C(Cl)=C(Cl)C(=O)C(Cl)=C1Cl,0.0,ok
Cc1cc(O)c2c(c1)C(=O)c1cc(O)cc(O)c1C2=O,0.0006,ok
COC1=C(OC)C(=O)C(CCCCCCCCCCO)=C(C)C1=O,0.0178,ok
COc1cccc2c1C(=O)c1c(O)c3c(c(O)c1C2=O)CC(O)(C(=O)CO)CC3OC1CC(N)C(O)C(C)O1,0.0159,ok
O=C1c2ccccc2C(=O)c2c1ccc(O)c2O,0.0,ok
O=C(O)c1cc(O)c2c(c1)C(=O)c1cccc(O)c1C2=O,0.0,ok
CC1=CC(=O)C(C(C)C)=CC1=O,0.0023,ok
O=C1c2cccc(O)c2C(=O)c2c(O)cccc21,0.0,ok
O=C1c2c(O)ccc(O)c2C(=O)c2c(NCCNCCO)ccc(NCCNCCO)c21,0.0516,ok
NC1=C(Cl)C(=O)c2ccccc2C1=O,0.0253,ok
CC(C)=CCCC(C)=CCCC(C)=CCCC(C)=CCC1=C(C)C(=O)c2ccccc2C1=O,0.019,ok
COc1cccc2c1C(=O)c1c(O)c3c(c(O)c1C2=O)CC(O)(C(C)=O)CC3OC1CC(N)C(O)C(C)O1,0.016,ok
O=C1C=C(C2CCCCC2)c2ccccc2C1=O,0.0506,ok
CCOC1=C(Cl)C(=O)C(Nc2ncnc3cc(OCCOC)c(OC)cc23)=CC1=O,0.0128,ok
CS(=O)(=O)Nc1cccc(C2=CC(=O)c3ccccc3C2=O)c1,0.0076,ok
CC(Sc1nnc(NC2CCCCC2)s1)C(=O)Nc1ccc2c(c1)C(=O)c1ccccc1C2=O,0.0029,ok
O=C1C(c2ccccc2)=C(N2CCCC2)C(=O)c2ccccc21,0.0377,ok
O=C1C(=O)c2ccccc2C(O)=C1Cc1ccc(OCc2ccccc2F)cc1,0.0851,ok
COC(=O)c1cc2cc3c(c(O)c2c(=O)o1)OC1(CC3)Cc2c(O)c3c(c(O)c2O1)C(=O)C(OC)=CC3=O,0.0001,ok
CN1CCN(C2=C(NS(=O)(=O)c3cccs3)C(=O)c3ccccc3C2=O)CC1,0.0184,ok
CC(C)C1=Cc2ccc3c(c2C(=O)C1=O)NCCCC3(C)C,0.064,ok
CCCCCCCCn1c2nc(=O)n(-c3ccccc3)c(=O)c-2cc2c1C(=O)C(=O)c1ccccc1-2,0.0544,ok
CCN(CC)CCN1C(=O)NC2(CSC3=C2C(=O)c2ccccc2C3=O)C1=O,,no_quinone_ring_found
O=C(C=Cc1ccc(C=Nc2ccccc2)cc1)c1cccc2c1C(=O)c1ccccc1C2=O,0.0139,ok
O=C(Cc1ccccc1)Oc1cccc2c1C(=O)c1cccc(OC(=O)Cc3ccccc3)c1C2=O,0.0373,ok
CC1(C)CCC(C)(C)C2=CC(=O)C(=O)C=C21,0.0101,ok
Cc1c2c(cc3c1C(=O)C(=O)C1=C3OCC1C)C(C)(C)CCC2,0.0545,ok
O=c1cc2c3cccc4cc5ccccc5c(c5cccc(c1=O)c25)c43,0.0773,ok
CC1(C)C(=O)C=CC2(C)C1=C(O)C(=O)C1(C)C2CCC2(C)C(c3ccoc3)CC3OC321,0.2118,ok
O=C(Nc1ccc2c(c1)C(=O)c1ccccc1C2=O)c1cccc([N+](=O)[O-])c1,0.0,ok
O=C1C=C(NS(=O)(=O)c2cccs2)C(=O)c2ccccc21,0.0156,ok
CC(=O)C1=C(O)c2ccoc2C(=O)C1=O,0.016,ok
COc1cc(O)c2c(c1)C(=O)c1cc(O)c(C(C)C)cc1C2=O,0.0,ok
COc1cc2c(c(OC)c1O)C(=O)c1ccc(CO)c(O)c1C2=O,0.01,ok
COc1cc2c(c3c1OCO3)C(=O)c1c(ccc(C)c1O)C2=O,0.0,ok
CC(C)(C)c1ccc(OCC(O)CN2CCC3(CC2)CSC2=C(O3)c3ccccc3C(=O)C2=O)cc1,0.0505,ok
Cc1c(OC2OC(COC3OCC(O)C(O)C3O)C(O)C(O)C2O)cc2c(c1O)C(=O)c1ccccc1C2=O,0.0019,ok
CN(C)c1cccc(OC(=O)CCCCOC2=CC(=O)C(=O)c3ccccc32)c1,0.0009,ok
O=C1C=C(OCc2cccc(NC(=O)C(F)(F)F)c2)c2ccccc2C1=O,0.0058,ok
O=C1c2ccccc2C(=O)c2c(NCCN3CCOCC3)ccc(NCCNCCO)c21,0.0545,ok
CN(C)c1nsc2c1C(=O)c1ccccc1C2=O,0.0031,ok
CC(C)=CCC1=C(Cl)C(=O)c2c(O)ccc(O)c2C1=O,0.0519,ok
O=C1C(=O)c2ccoc2-c2ccccc21,0.0,ok
Cc1c(-c2c(C)c(O)c3ccccc3c2O)oc2c1C(=O)C(=O)c1c-2ccc2c1CCCC2(C)C,0.0406,ok
O=C(OCCCCCCN1CCCCC1)c1cc(O)c2c(c1)C(=O)c1cccc(O)c1C2=O,0.0001,ok
CC(C)c1nc2c3c(ccc2[nH]1)C(=O)c1ccccc1C3=O,0.0,ok
O=c1c(=O)c2c3ccccc3c3c4ccccc4c4ccc5ccc6ccc1c1c6c5c4c3c21,0.097,ok
CCOC(=O)COC1=C(CCCCC2CCCCC2)C(=O)c2ccccc2C1=O,0.011,ok
COc1ccc(Cn2nnc3c2C(=O)c2cnncc2C3=O)cc1,0.0075,ok
O=C1C=C(N2CCCCC2)c2cnccc2C1=O,0.059,ok
CCOC1OC(=O)c2c1cc1c(c2O)-c2c(O)c3c(c(OC)c2CC1)C(=O)c1c(cc(O)c(C)c1O)C3=O,,no_quinone_ring_found
COC1=C(OC)C(=O)C(CCN(C)C(=O)c2ccc(Oc3ccc(C(C)(C)C)cc3)cc2)=C(C)C1=O,0.0115,ok
O=C1c2ccc(O)c(O)c2C(=O)c2c(Nc3ccc(O)cc3)ccc(Nc3ccc(O)cc3)c21,0.011,ok
CC(C)C1=CC(=O)C2=C(CCC3C(C)(C)CCCC23C)C1=O,0.0181,ok
O=C1C(=O)C2=C(C(=O)C(F)(F)S2)C(C(F)F)=C1OCc1ccccc1,0.1046,ok
CC(C)C1=CC2=C(CC34CCCC(C)(C)C3CC2O4)C(=O)C1=O,0.0023,ok
COc1c2c(c(O)c3c1C(=O)c1c(cc(O)c(C)c1O)C3=O)-c1c(cc3cn[nH]c(=O)c3c1O)CC2,0.0125,ok
CC(=O)c1c(C)cc(O)c2c1C(=O)c1cccc(O)c1C2=O,0.0391,ok
O=C1C(=O)c2ccccc2C(O)=C1Nc1ccc(F)cc1,0.0277,ok
CC(C)n1cc2c(n1)C(=O)C(=O)c1cc(F)ccc1-2,0.0,ok
O=c1ccc2c(cc3ccc4cccc5ccc2c3c45)c1=O,0.0,ok
O=C(c1cccnc1)c1cc2c(o1)C(=O)c1ccccc1C2=O,0.0009,ok
N#Cc1ccc(OCCCCCCOC2=CC(=O)C(=O)c3ccccc32)cc1,0.0003,ok
O=C1C(=O)c2cc(F)ccc2C(O)=C1Br,0.0,ok
O=c1c(=O)c2cccc3c(F)c(F)c4cccc1c4c32,0.0,ok
COC1=CC(=O)c2c(c(COC(=O)c3ccccc3F)cn2C)C1=O,0.0011,ok
CC1=CC2=C(C(=O)C1=O)C(C)CCC2C(C)C,0.0591,ok
Cn1cc(CCN)c2c1C(=O)C1=C(NC=CS1(=O)=O)C2=O,0.0009,ok
O=C(CN1CCCCC1)NC1(C(=O)NCc2ccc(Cl)cc2)CSC2=C1C(=O)c1ccccc1C2=O,0.0328,ok
COc1ccc(CNC(=O)c2ccc3c(c2)C(=O)c2ccccc2C3=O)cc1,0.0041,ok
O=C1C(N2CC2)=CC(=O)c2nc(-c3ccc4ccccc4c3)ccc21,0.0098,ok
CC1=Cc2c(c(C)cc3occ(C)c23)C(=O)C1=O,0.079,ok
O=C1C=Cc2ccc3cc4ccccc4cc3c2C1=O,0.0,ok
COC1=CC(=O)c2c(cc(OC)c(C(C)C3=C(O)c4c(cc(O)c(C(C)=O)c4O)C(=O)C3=O)c2O)C1=O,0.0013,ok
O=C(CCN1CCOCC1)Nc1ccc2c(c1)C(=O)c1cc(NC(=O)CCN3CCOCC3)ccc1C2=O,0.0003,ok
O=C1C(=O)c2c(nc3ccc4ccccc4n23)-c2ccccc21,0.0671,ok
CC(C)=CCC(OC(=O)C1OC1C)C1=CC(=O)c2c(O)ccc(O)c2C1=O,0.0175,ok
O=C1c2cccnc2C(=O)c2c1c(C(=O)OCCN1CCOCC1)c1ccccn21,0.0198,ok
CC(=O)OC1CC2(C)C(c3ccoc3)CC3OC32C2(C)C(=O)C(O)=C3C(C)(C)C(=O)C=CC3(C)C12,0.2099,ok
COC1=C(OC)C(=O)c2c(cc3c([nH]c(=O)n3C)c2-c2ccc(OC)cc2)C1=O,0.0955,ok
Cc1cc(O)c2c(c1O)C(=O)C(O)=C(O)C2=O,0.0,ok
CC12CCC3C(=CCC4=C3C=CC(=O)C4=O)C1CCC2=O,0.0227,ok
CC(C)=CCC1=C(O)c2cccc(O)c2C(=O)C1=O,0.0047,ok
COC(=O)c1ccccc1NC(=O)C(=O)C=C(O)c1ccccc1NC1=CC(=O)C(=O)c2ccccc21,0.0529,ok
Cc1[nH]c2c(c1C(=O)NCCCn1ccnc1)C(=O)c1ccccc1C2=O,0.0022,ok
Cc1cc(NC2=CC(=O)C(=O)c3ccccc32)no1,0.0699,ok
Cc1cc2c(cc1C)-c1oc(CNc3ccc(NC(=O)C=Cc4cccnc4)cc3)c(C)c1C(=O)C2=O,0.0015,ok
O=C1c2[nH]cc(CNC3CCNCC3)c2C(=O)c2c1c(O)c1ccccc1c2O,0.0129,ok
COC12C(COC(N)=O)C3=C(C(=O)C(C)=C(Nc4ccc5[nH]ccc5c4)C3=O)N1CC1NC12,0.0144,ok
CC1=C(C2C(=O)C=C(O)C(=O)C2C)C(O)=CC(=O)C1=O,0.1177,ok
Cc1c(CNc2ccccc2)oc2c1C(=O)C(=O)c1ccccc1-2,0.0003,ok
CC1(C)C=CC2=C(O1)c1ccccc1C(=O)C2=O,0.0,ok
Nc1[nH]ncc1C(=O)Nc1ccc2c(c1)C(=O)c1ccccc1C2=O,0.0024,ok
CCN(CC)c1ccc(OS(=O)(=O)c2ccc(C)cc2)c2c1C(=O)c1ccccc1C2=O,0.0802,ok
COc1cc(-n2c(-c3ccccc3C)nc3c4ccccc4c4ccccc4c32)cc(C)c1OC,,no_quinone_ring_found
O=C1C=C(O)C(Cc2ccc3ccccc3c2)=CC1=O,0.0244,ok
O=C1c2ccccc2C(=O)c2[nH]c(=O)[nH]c21,0.0,ok
O=C1c2ccccc2C(=O)c2c(O)c(NCCCN3CCOCC3)cc(O)c21,0.0012,ok
O=C1C(=O)c2ccc(-c3ccccc3)cc2-c2ccccc21,0.0367,ok
O=C1C(=O)c2ccccc2C(O)=C1C(C1=C(O)c2ccccc2C(=O)C1=O)c1ccc(F)cc1,0.1187,ok
COc1ccc2c(c1CN1CCCC1)C(=O)c1ccccc1C2=O,0.0253,ok
Cc1nc2c3c(ccc2s1)NC1=C(C(=O)C(=O)c2ccccc21)C3c1cccs1,0.0542,ok
CC(C)=CCC(OC(=O)CCCOc1ccc(Cl)cc1C)C1=CC(=O)c2c(O)ccc(O)c2C1=O,0.0168,ok
COC(=O)c1cc(C(=O)OC)c2c(n1)C(=O)C(=O)c1cc(C(=O)OC)[nH]c1-2,0.0061,ok
CC1OC2CC(=O)OC2C2=C1C(=O)c1c(O)c3c(c(O)c1C2=O)C1CC(O)C3(O)C(C)O1,,no_quinone_ring_found
COc1cc(O)c2c(c1OC(C)=O)C(=O)c1cc(C)ccc1C2=O,0.0349,ok
O=C1C=C(Cc2ccccc2)c2ccccc2C1=O,0.0,ok
Cc1cccc(-c2nc(SC3=C(O)c4ccccc4C(=O)C3=O)n[nH]2)c1,0.0538,ok
Cc1ccc(N2C3=C(C(=O)C(=O)c4ccccc43)C3(O)C(=O)c4ccccc4C23O)cc1,0.084,ok
CNC1=C(N2CC2)C(=O)C(NC)=C(N2CC2)C1=O,0.2236,ok
COC1=CC(=O)c2ccc3ccccc3c2C1=O,0.0256,ok
O=C1C(=O)c2ccccc2C2=C1C(c1cc(O)ccc1F)NC(=S)N2,0.0678,ok
Nc1c(NCCO)cc(NC2CCCCC2)c2c1C(=O)c1ccccc1C2=O,0.0624,ok
O=C1c2ccccc2C(=O)c2c(O)c(C(c3ccc(OC(F)(F)F)cc3)N(CCCl)CCCl)cc(O)c21,0.0024,ok
Cc1cc2c(cc1C)-c1oc(C(=O)Nc3ccc(F)cc3)c(C)c1C(=O)C2=O,0.002,ok
CC1(C)CCC2=C(O1)c1ccc(Br)cc1C(=O)C2=O,0.0044,ok
Cc1cc(F)ccc1N(Cc1nc2c([nH]1)C(=O)C(=O)c1ccccc1-2)C(=O)OC(C)(C)C,0.0014,ok
CC1(C)COC2=C(C1)C(=O)c1ccccc1C2=O,0.0057,ok
O=C1C(=O)c2ccccc2C2=C1SCCCCN(C(=O)Oc1cccc(C(F)(F)F)c1)CCO2,0.138,ok
Cc1oc2c(c1C(=O)NCCC(C)C)C(=O)c1ccccc1C2=O,0.0214,ok
O=C1C(=O)c2ccccc2C(O)=C1c1ccc([N+](=O)[O-])cc1,0.0881,ok
CC(C)C1=Cc2ccc3c(c2C(=O)C1=O)C=CC(=O)C3(C)C,0.1144,ok
CCCCCCCCCCCC1=C(O)c2nc3ccccc3c(-c3ccc(OC)c(OC)c3)c2C(=O)C1=O,0.1127,ok
O=C1C=C(Nc2ccc3ccccc3c2)C(=O)c2ccccc21,0.0117,ok
O=C1C(=O)c2c(oc3c2CCN(CCN2CCCCC2)C3=O)-c2ccccc21,0.0005,ok
CC(=O)N(C1=C(N2CCN(C)CC2)C(=O)c2ccccc2C1=O)c1cc(C)cc(C)c1,0.0473,ok
O=C1c2ccccc2C(=O)c2c(C=Cc3ccccc3)noc21,0.0,ok
COc1cc2c(c(OC)c1)C(C)N(S(=O)(=O)c1cccc([N+](=O)[O-])c1)CC2,,no_quinone_ring_found
O=C(O)c1cc2c([nH]1)-c1cc(C(=O)O)c(C(=O)O)nc1C(=O)C2=O,0.0047,ok
CN(C)CCC=C1c2ccccc2Sc2ccc(Cl)cc21,,no_quinone_ring_found
CC1(C)CCC2(C(=O)O)C(O)CC3(C)C(=CCC4C5(C)CCC(O)C(C)(C)C5CCC43C)C2C1,,no_quinone_ring_found
NC(=O)C1CCN(C2=C(NS(=O)(=O)c3ccc(Cl)cc3)C(=O)c3ccccc3C2=O)CC1,0.0489,ok
O=C(Cc1ccc(C(=O)NO)cc1)NC1=CC(=O)c2ccccc2C1=O,0.0723,ok
CN1CCN(c2cc(NCCN3CCCC3)c3c4c(onc24)-c2ccccc2C3=O)CC1,0.0057,ok
O=C1C=C(O)C(Cn2cc(COc3ccc4ccccc4c3)nn2)=CC1=O,0.0054,ok
CC12CCCc3coc(c31)C(=O)c1cc3c(cc12)C(=O)C(=O)C(Cl)=C3O,0.1121,ok
CC(=O)Oc1ccc(-c2cc(N)c3c(c2O)C(=O)c2c(N)ccc(O)c2C3=O)cc1,0.0112,ok
CCn1c(-c2cccnc2)nc2c1C(=O)C=CC2=O,0.0023,ok
O=C1C(=O)c2cc(F)ccc2C2=C1C(c1cccc(O)c1)NC(=S)N2,0.0714,ok
O=C1C=Cc2nc3c(S(=O)(=O)N[N+](=O)[O-])cccc3nc2C1=O,0.0003,ok
O=C1C=C(O)C(Cn2cc(COc3cccc(F)c3)nn2)=CC1=O,0.0143,ok
O=c1c(=O)c2ccc([N+](=O)[O-])c3ccc4cccc1c4c32,0.002,ok
O=C1C(=O)c2ccc(-c3ccccc3)cc2C2=C1SCC1(CCN(Cc3ccc(F)cc3)CC1)O2,0.0573,ok
CC1(C)OC2=C(C(=O)C(=O)c3ccccc32)C1N1C(=O)CCC1=O,0.0035,ok
O=CN1CCCC2(CC1)CSC1=C(O2)c2cc(F)ccc2C(=O)C1=O,0.048,ok
O=c1c2cccc(O)c2c(=O)c2c1c1c(=O)c3c(O)cccc3c(=O)c1c1c(=O)c3c(O)cccc3c(=O)c21,0.0847,ok
CC(C)CC1=C(Br)c2nc3ccccn3c2C(=O)C1=O,0.0136,ok
CNC1CC(c2c(O)c3c(c4c(O)cc(C)cc24)C(=O)c2cccc(O)c2C3=O)OC(C)C1CO,0.0875,ok
Cc1ccc(S(=O)(=O)Nc2cc3c(c(O)c2O)C(=O)c2ccccc2C3=O)cc1,0.0005,ok
O=C1c2ccccc2C(=O)c2c1ccc1nc3n(c21)CCS3,0.0143,ok
CC(=O)Nc1ccc2c(=O)c(=O)c3cccc4ccc1c2c43,0.0001,ok
CC(COc1ccc2c3c(oc2c1)C(=O)c1ccccc1C3=O)N(C)C,0.0,ok
O=C(CCN1CCCCC1)Nc1cccc2c1C(=O)c1cccc(NC(=O)CCN3CCCCC3)c1C2=O,0.0249,ok
O=C1CC(O)C(C2=CC(=O)c3c(O)cccc3C2=O)O1,,no_quinone_ring_found
O=C(CCl)Nc1ccc2c(c1NC(=O)c1cccs1)C(=O)c1ccccc1C2=O,0.0066,ok
CC1COC2=C1C(=O)C(=O)c1c2ccc2c1CCCC2(C)C,0.0547,ok
O=C1C(=O)c2cc3cc4ccccc4cc3cc2C(Nc2ccccc2)=C1Nc1ccccc1,0.0876,ok
COc1cccc2c1C(=O)c1c(OC)cc(C(Br)Br)cc1C2=O,0.0769,ok
O=C1C=C(Nc2ccc(Cc3ccncc3)cc2)c2ccccc2C1=O,0.0527,ok
COc1cc2c(c(O)c1CSCC(NC(C)=O)C(=O)O)C(=O)C(C)=CC2=O,0.0037,ok
Nc1c(C(=O)Nc2cc3c(cc2Br)C(=O)c2ccccc2C3=O)ccc2c1C(=O)c1ccccc1C2=O,0.0036,ok
COC1=CC(=O)c2c(cc3c(c2O)CC(O)C(C)(O)C3)C1=O,0.0047,ok
CC1CN1C1=CC(=O)c2c(cc(C(=O)NCCN3CCOCC3)n2C)C1=O,0.0116,ok
COC12C(COC(N)=O)C3=C(C(=O)C(CSc4ccccc4)=C(N)C3=O)N1CC1NC12,0.0441,ok
CCN(CC)CCOc1ccc2c3c(oc2c1)C(=O)c1ccccc1C3=O,0.0005,ok
O=C1c2ccccc2C(=O)c2sc(-c3ccccn3)nc21,0.0,ok
CC(C)C1=Cc2ccc3c(c2C(=O)C1=O)CCCCC3,0.1018,ok
Cn1nc2c(n1)C(=O)c1cnncc1C2=O,0.0001,ok
CCOC(=O)C1(NC(=O)CN)CSC2=C1C(=O)c1ccccc1C2=O,0.0044,ok
CC(=O)C(C(=O)OCc1ccccc1)C1=C(Cl)C(=O)c2ccccc2C1=O,0.0378,ok
CC1=C(O)c2c(c(C)cc3occ(C)c23)C(=O)C1=O,0.148,ok
O=C1C=C(OCc2ccccc2)C(=O)c2ccccc21,0.005,ok
Cc1cc2c(cc1C)-c1oc(CNCc3ccc(NC(=O)C=Cc4cccnc4)cc3)c(C)c1C(=O)C2=O,0.0062,ok
CN(C)c1ccc2c(c1)C(=O)C(=O)c1ccccc1-2,0.0443,ok
[N-]=[N+]=NC1=C(S(=O)(=O)Oc2cccc(O)c2)c2c(N=[N+]=[N-])cccc2C(=O)C1=O,0.1616,ok
Cc1ccc(S(=O)(=O)Oc2ccc(NCCN3CCOCC3)c3c2C(=O)c2ccccc2C3=O)cc1,0.0136,ok
O=S(=O)(F)Oc1cccc2c1OS(O)(O)O2,,no_quinone_ring_found
CC(=O)OCC1OC(Oc2cc(O)cc3c2C(=O)c2c(O)cc(C)cc2C3=O)C(O)C(O)C1O,0.0648,ok
O=C1c2cccnc2C(=O)c2c1c(C(=O)OCCCN1CCOCC1)c1c(F)cccn21,0.0149,ok
COc1c(NS(=O)(=O)c2ccc(C)cc2)cc2c(c1N)C(=O)c1ccccc1C2=O,0.0246,ok
CCN(CCCCCCNC1=CC(=O)C(C)=C(C)C1=O)Cc1ccccc1OC,0.0094,ok
O=C1C(NCCCN2CCCCC2)=CC(=O)c2ncccc21,0.0114,ok
O=C(CCN1CCN(CCCO)CC1)Nc1cccc2c1C(=O)c1ccccc1C2=O,0.002,ok
O=C1C(=O)c2ccccc2C(O)=C1C(c1ccccc1)c1ccccc1,0.0686,ok
O=C1C=C(Nc2ccc3cnccc3c2)c2ccccc2C1=O,0.0544,ok
O=C1c2ccccc2C(=O)c2c(NCC3CO3)cccc21,0.0132,ok
O=c1ccc2c3cccc4ccc5cccc(c2c1=O)c5c43,0.0,ok
O=C1c2ncccc2C(=O)c2sc(-c3cscn3)nc21,0.0,ok
CCn1c(-c2ccc3ccccc3c2)nc2c1C(=O)C=CC2=O,0.0021,ok
O=C(O)c1cc2c(s1)C(=O)C1=C(C2=O)S(=O)(=O)C=CN1,0.0,ok
COC1=CC(=O)C(=O)C2=C1C(=O)OC(C)CCCCCCC2,0.004,ok
O=C1C=CC(=O)c2ncncc21,0.0,ok
O=C1C(=O)c2[nH]c(COc3ccc(F)cc3)nc2-c2ccccc21,0.0,ok
O=C1C(=O)c2nc(CN3CCN(Cc4ccccc4)CC3)oc2-c2ccccc21,0.0008,ok
CC(C)C1=CC(=O)C2=C(CCC3C(C)(CO)C(=O)CCC23C)C1=O,0.0039,ok
O=C1c2ccccc2C(=O)c2[nH]c(-c3cscn3)nc21,0.0,ok
CCOC(=O)c1c(NC2=CC(=O)C(=O)c3ccccc32)sc2c1CCCC2,0.0582,ok
Nc1c(Sc2ccccc2)cc(Sc2ccccc2)c2c1C(=O)c1ccccc1C2=O,0.0398,ok
O=C1c2ccccc2C(=O)c2c1ccc1[nH]c(-c3ccccc3O)nc21,0.0,ok
CCCC(=O)c1c(CC(=O)OC)cc2c(c1O)-c1cccc(O)c1C(=O)C2=O,0.0928,ok
O=C(O)c1cc(-c2cnc3c(c2)C(=O)C(=O)c2cccnc2-3)cc(C(F)(F)F)c1,0.0016,ok
O=C1C(=O)c2ccccc2C2=C1SCC1(CCN(C(=O)c3ccncc3)CC1)O2,0.0629,ok
Cc1cc2c(n1C)-c1ccccc1C(=O)C2=O,0.0464,ok
O=C1C(=O)c2ccccc2C(O)=C1Sc1ncc[nH]1,0.0291,ok
O=C1C(=O)c2c(oc3c2CCN(C(=O)N2CCOCC2)C3)-c2ccccc21,0.0005,ok
COc1cc(C=CC(=O)OCc2cc(O)c3c(c2)C(=O)c2cccc(O)c2C3=O)cc(OC)c1,0.0045,ok
O=C1C(=O)c2ccccc2C2=C1SC(CC(O)COc1ccc(F)cc1)C1(CCNCC1)O2,0.0659,ok
CCOC(=O)c1[nH]c2c(c1CO)C(=O)C(N1CC1)=CC2=O,0.0115,ok
CN(C)S(=O)(=O)N1CCC2(CC1)CSC1=C(O2)c2ccccc2C(=O)C1=O,0.0485,ok
NCCc1c[nH]c2c1C(=O)C(=O)C=C2c1c(O)ccc2[nH]c(-c3c(O)ccc4[nH]cc(CCN)c34)c(CCN)c12,0.0123,ok
CC1(C)C(=O)NC2=C1C(=O)C(=O)c1cccc(OCCc3ccccc3)c12,,no_quinone_ring_found
O=C1C=C(O)C(Cn2cc(COc3cccc(Cl)c3)nn2)=CC1=O,0.0143,ok
CC(=O)OC1=Cc2cc3ccccc3cc2C(=O)C1=O,0.025,ok
O=C1C(=O)c2ccccc2C2=C1SCC(COc1cccnc1)O2,0.0426,ok
O=C1C=C(c2c[nH]c3ccccc23)c2ccccc2C1=O,0.0209,ok
O=C(OC1=C(C2CCC(c3ccc(Cl)cc3)CC2)C(=O)c2ccccc2C1=O)c1ccccc1,0.0266,ok
CC(C)(C)C1CCC(C2=C(O)c3ccccc3C(=O)C2=O)CC1,0.0914,ok
C=C1CCC(=O)C(C)(C)C1CCc1ccc2c(c1)C(=O)C=CC2=O,0.2166,ok
COC(=O)c1cc(-c2ccccc2)nc2c1C(=O)C(=O)C=C2N1CCCCC1,0.0602,ok
c1ccoc2ccccc2oc1,,no_quinone_ring_found
COC12C(COC(N)=O)C3=C(C(=O)C(CSc4nc5ccccc5s4)=C(N)C3=O)N1CC1NC12,0.0156,ok
CC(C)(C)OC(O)N1CCC2(CC1)CSC1=C(O2)c2cc(C3=CC=CCC3C(F)(F)F)ccc2C(=O)C1=O,0.0622,ok
O=C(OCCCCN1CCCCC1)c1cc(O)c2c(c1)C(=O)c1cccc(O)c1C2=O,0.0002,ok
CCCCCCCCCCCCCCCCC1=C(O)C(=O)C=C(O)C1=O,0.0043,ok
CCC(C)c1cc(=O)c2c(CO)cc3c(c2o1)C(=O)c1c(O)cccc1C3=O,0.0107,ok
COc1cc(C)c2c(c1)C(=O)c1cccc(O)c1C2=O,0.0,ok
CSc1cc2c(c3c1CC(C)(O)CC3=O)C(=O)c1ccc(C3CCC(N(C)C)C(C)O3)c(O)c1C2=O,0.1837,ok
O=C1C=Cc2ccc3c(c2C1=O)Cc1ccccc1O3,0.0002,ok
Cc1noc(Cc2c3ccoc3c(CC(C)N)c3ccoc23)n1,,no_quinone_ring_found
O=C1C(=O)c2ccccc2C2=C1CC(Cn1nncc1-c1ccccc1)O2,0.005,ok
CCC1OC2CC(=O)OC2c2cc3c(c(O)c21)C(=O)C(C1CC(O)C(=O)C(C)O1)=CC3=O,,no_quinone_ring_found
O=C1C(=O)c2ccccc2C2=C1SCC1(CCC3(CC1)OCCO3)O2,0.0525,ok
COc1cc2c(cc1OCCCC(=O)Nc1cccc3c1C(=O)c1ccccc1C3=O)N=CC1CCCN1C2=O,0.0002,ok
CCCCCCCCCCCCCCCC1=CC=CC(=O)C1=O,0.012,ok
C=C1CCC2C(C)(C(=O)OC)CCCC2(C)C1CCc1ccc2c(c1)C(=O)C=CC2=O,0.0012,ok
O=C1C=C(Nc2cccc3cc(S(=O)(=O)O)ccc23)c2ccccc2C1=O,0.0561,ok
CC(C)=CCCC1(C)C=Cc2c(O)c3c(c(O)c2O1)C(O)=CC(=O)C3=O,0.0007,ok
CCC(=O)OC1C(OC(C)=O)C2=C(C(=O)C(=O)C(C(C)C)=C2O)C2(C)CCCC(C)(C)C12,0.1389,ok
Nc1nnc(NCCNCCO)c2c1C(=O)c1ccccc1C2=O,0.0301,ok
CC(C)=CCCC1(C)C=Cc2c(ccc3c2C(=O)C(=O)C(C)=C3O)O1,0.1336,ok
O=C1c2ccccc2C(=O)c2c(NCCN3CCNCC3)ccc(NCCN3CCNCC3)c21,0.0346,ok
NC1=Cc2cc3c(-c4ccccc4)c4ccccc4cc3cc2C(=O)C1=O,0.0266,ok
CC(C)C1=CC2OC3=C(CC2CC1)C(=O)C(=O)c1ccccc13,0.0049,ok
CCc1ccc2c(O)c3c(cc2c1C(=O)OC)C(=O)c1c(O)ccc(O)c1C3=O,0.0018,ok
CCCCOC1CCC(C2=C(O)c3ccccc3C(=O)C2=O)CC1,0.0899,ok
O=C1c2ccccc2-c2onc3c(N4CCOCC4)cc(Nc4ccc(F)cc4)c1c23,0.0034,ok
COC(=O)c1c(OC)cc2c(c1C)C(=O)c1c(O)cccc1C2=O,0.0021,ok
O=C1C(=O)c2c(oc(=O)n2Cc2ccc(F)cc2)-c2ccccc21,0.0169,ok
CC1=CC(=O)C(=O)C=C1C1=CC(=O)C(=O)C=C1C,0.001,ok
O=C1C(=O)c2cccc3c2-c2c(cccc21)C3,0.0,ok
Nc1c(OCCc2ccc(CCO)cc2)cc(O)c2c1C(=O)c1ccccc1C2=O,0.0317,ok
O=C1C=C2OC=Cc3cccc(c32)C1=O,0.0,ok
COC(=O)c1cc(C(=O)OC)c2c(n1)C(=O)C(=O)c1[nH]c(C)nc1-2,0.0093,ok
CCc1noc(-c2cc3c(o2)C(=O)c2ccccc2C3=O)n1,0.0,ok
O=C1C(=O)c2c(nc3ccccn23)-c2ccc([N+](=O)[O-])cc21,0.0,ok
CC=C1C=CC2(O1)OC1=C(c3ccc(O)cc3)C(=O)C(=O)C(c3ccc(O)cc3)=C1O2,0.0179,ok
CN(C)C1=CC(=O)C(=O)c2ccncc21,0.0364,ok
CCC1C=CC(C(C)O)OC(=O)C2(C)C=CC(=O)NC3=C2C(=O)c2c(cc(C)c(O)c2C(=O)CC1)C3=O,,no_quinone_ring_found
NCCNc1c2c(c(NCCN)c3sccc13)C(=O)c1ccccc1C2=O,0.0442,ok
O=C1C(=O)c2c([nH]c(C(F)(F)F)cc2=O)-c2ncccc21,0.0484,ok
Cc1cc(C(=O)Sc2nc3c4c(ccc3[nH]2)C(=O)c2ccccc2C4=O)c(C)o1,0.0028,ok
CC(C)(C(=O)c1ccc2ccc3c(c2c1)C(=O)C(=O)C=C3)N1CCOCC1,0.0747,ok
O=C1c2ccccc2C(=O)c2c1cc(O)c(CO)c2O,0.0,ok
O=C1C=C(O)C(Nc2ccc3ccccc3c2)=CC1=O,0.0303,ok
Cc1oc2c(c1C(=O)NCc1ccccn1)C(=O)c1ccccc1C2=O,0.0191,ok
CC1OC2CC(=O)OC2C2=C1C(=O)c1c(ccc(C3CC(N(C)C)C(O)C(C)O3)c1O)C2=O,,no_quinone_ring_found
CCC(=O)NC1=CC(=O)C(=O)c2ccccc21,0.097,ok
O=C1C=C2NCCSC2=CC1=O,0.0049,ok
[N-]=[N+]=NC1=C(N=[N+]=[N-])c2c(cccc2S(=O)(=O)Oc2ccc(C(=O)c3ccc(O)c(O)c3O)cc2)C(=O)C1=O,0.1563,ok
CN(CCc1ccccn1)C1=CC(=O)C(=O)c2ccccc21,0.0622,ok
CC(C)C1=Cc2ccc3c(c2C(=O)C1=O)CCCC(=O)N3,0.0994,ok
Cc1cc2c(cc1O)C(=O)c1ccccc1C2=O,0.0,ok
O=C1C(=O)C(Cl)=C(Cl)C(Cl)=C1Cl,0.0,ok
O=C1c2ccccc2C(=O)c2c1ccc1c2OCO1,0.0,ok
COc1ccc(C2C3=C(Nc4n[nH]c(-c5ccccc5)c42)c2ccccc2C(=O)C3=O)cc1,0.0868,ok
Cc1ccc(C(=O)Nc2c(NC(=O)CN(C)CC3OCCO3)ccc3c2C(=O)c2ccccc2C3=O)cc1,0.0069,ok
O=C1c2cccc(O)c2C(=O)c2c3c(cc(O)c21)C12OC1(C(O)CO)C(C#CC=CC#CC2O)N3,0.0364,ok
O=C1C=C(O)C(c2ccc(-c3ccccc3)cc2)=CC1=O,0.0002,ok
O=C(O)c1c(C(=O)O)c2ooc2c2ccccc12,,no_quinone_ring_found
CCCCCCCC1=C(Br)c2nc3ccccn3c2C(=O)C1=O,0.0147,ok
COC1=CC(=O)c2c(cc(OC)c(C(C)C3=C(O)c4c(cc(OC)c(C(C)O)c4O)C(=O)C3=O)c2O)C1=O,0.0038,ok
Nc1c(OCCO)cc(NC2CCCCC2)c2c1C(=O)c1ccccc1C2=O,0.0595,ok
O=C(O)C1=NC2=C(C1)c1c(C(=O)O)cc(C(=O)O)nc1C(=O)C2=O,0.0389,ok
O=C1CC(c2ccco2)C2=C(N1)c1ccccc1C(=O)C2=O,0.1131,ok
O=C1C=c2ccccc2=C(c2cccc3ccccc23)C1=O,0.0105,ok
Cn1c(=O)c2c(n1-c1ccccc1)-c1ccc(F)cc1C(=O)C2=O,,no_quinone_ring_found
COC1=C(Cc2ccccc2)C(=O)C2=C(C1=O)C(COC(N)=O)C1(O)C3C(CN21)N3C,0.0333,ok
O=C(COC(=O)c1ccc2c(c1Cl)C(=O)c1ccccc1C2=O)NC1CCCCC1,0.0161,ok
COC(=O)C(C1=C(O)c2ccccc2C(=O)C1=O)C(F)(C(=O)NC1CCCCC1)C(=O)OC,0.0712,ok
O=C1C(Nc2ccc(F)cc2)=C(N2CCCC2)C(=O)c2ccccc21,0.0192,ok
CCC1=C(CC)C2(C=CC(=O)C=C2)C2=CC(=O)C(=O)C=C21,0.0014,ok
CC(C)(C)OC(=O)N1CCC(O)(CSC2=CC(=O)C(=O)c3ccc(F)cc32)CC1,0.06,ok
CN1CCN(CCC(=O)Nc2ccc3c(c2)C(=O)c2cc(NC(=O)CCN4CCN(C)CC4)ccc2C3=O)CC1,0.0006,ok
CCNc1cc(N2CCN(C3CCCCC3)CC2)c2noc3c2c1C(=O)c1ccccc1-3,0.0068,ok
CNCCC(=O)Nc1ccc(NC(=O)CCNC)c2c1C(=O)c1ccccc1C2=O,0.0253,ok
O=C1c2ccccc2C(=O)c2c1cc(NS(=O)(=O)c1ccccc1)c(O)c2O,0.0171,ok
COc1ccc(Sc2cc3c(c4nsnc24)C(=O)c2ccccc2C3=O)cc1,0.0008,ok
COC1=CC(=O)c2c(c(COC(=O)Cc3ccc(-c4ccccc4)cc3)c(C)n2C)C1=O,0.0042,ok
O=C1C2=C(OCCO2)C(=O)c2ccccc21,0.0051,ok
NC(CC1=CC2=C(NC(C(=O)O)CC2C(=O)O)C(=O)C1=O)C(=O)O,0.047,ok
O=C1C(=O)c2ccccc2C2=C1SCC1(CCN(C(=O)Oc3ccccn3)CC1)O2,0.0435,ok
CC1=CC(C)CCC(O)C(C)C(O)C(C)c2sc(c3c2C(=O)C(=O)C(C)=C3O)C(=O)C(C)CC(C)C1,0.037,ok
COC12C(COC(N)=O)C3=C(C(=O)C(C)=C(NCCSSc4ccc([N+](=O)[O-])cc4)C3=O)N1CC1NC12,0.0119,ok
COc1cccc2c1C(=O)c1ccc(C)c(O)c1C2=O,0.0,ok
COc1ccc(-c2cn(C3C4=C(OC3(C)C)c3ccccc3C(=O)C4=O)nn2)cc1,0.0138,ok
Cc1ccc2oc3cc(NCCCN(C)C)c4c(=O)c5ccccc5c(=O)c4c3[nH]c2c1,0.0181,ok
Cc1c(C(=O)N2CCC(F)(F)CC2)oc2c1C(=O)C(=O)c1ccccc1-2,0.001,ok
COc1cccc(-c2cc(C(=O)NC3=C(Cl)C(=O)c4ccccc4C3=O)ccc2OC)c1,0.096,ok
O=C(O)C1=NC(C(=O)O)CC(C=CN2C3=CC(=O)C(=O)C=C3CC2C(=O)O)=C1,0.0167,ok
O=C1c2ccccc2C(=O)c2scnc21,0.0,ok
CN(C)CCNc1cc(N(C)C)c2noc3c2c1C(=O)c1ccccc1-3,0.0069,ok
CC1CC2=C(O1)c1ccc3ccccc3c1C(=O)C2=O,0.0494,ok
Nc1c(-c2nnc(-c3ccc4c(c3N)C(=O)c3ccccc3C4=O)o2)ccc2c1C(=O)c1ccccc1C2=O,0.0293,ok
O=C1C=CC=C(C=CC(=O)c2ccccc2)C1=O,0.0,ok
CN(C)C=Nc1ccc2c(c1)C(=O)c1ccc(N=CN(C)C)cc1C2=O,0.0183,ok
O=C(C=Cc1ccc(O)cc1)c1ccc(NC2=C(N3CCCCC3)C(=O)c3ccccc3C2=O)cc1,0.0349,ok
COC(=O)c1c(-c2cc(O)c3c(c2)C(=O)c2cccc(O)c2C3=O)nn(-c2ccccc2)c1C(=O)OC,0.0054,ok
COc1cc(C(CC=C(C)C)OC(=O)C2CCCO2)c(OC)c2c1C(=O)C=CC2=O,0.0092,ok
CC(C)N(CCOc1ccc2c3c(oc2c1)C(=O)c1ncccc1C3=O)C(C)C,0.0004,ok
O=C1C(=O)c2ccccc2C(O)=C1CN1CCOCC1,0.0772,ok
COC1=CC(=O)C(O)=C(CC2(C)C3=C(CCC2C)C(C)(C)CCC3)C1=O,0.0142,ok
NCCCNCCCCNCc1ccc(OC2=CC(=O)c3cc4ccccc4cc3C2=O)cc1,0.0226,ok
O=C1C(NS(=O)(=O)c2cccs2)=C(N2CCOCC2)C(=O)c2ccccc21,0.0233,ok
O=C1C=C2OCOC2=CC1=O,0.0,ok
O=C1C=Cc2[nH]c(S(=O)(=O)c3ccccc3F)c(-c3ccccc3)c2C1=O,0.0031,ok
O=C(C=Cc1ccc(C=NCc2ccccc2)cc1)c1cccc2c1C(=O)c1ccccc1C2=O,0.0052,ok
O=C1C(=O)c2ccccc2C(O)=C1C1C(=O)c2ccccc2C(=O)C1O,0.064,ok
CC1(C)C(=O)NC2=C1C(=O)C(=O)c1cccc(OCc3ccccc3)c12,,no_quinone_ring_found
CC1=C(C)C2=C(CCC(C)(C)O2)C(=O)C1=O,0.0091,ok
O=C1C=C(c2ccc3ccccc3c2O)c2ccccc2C1=O,0.0005,ok
CC(=O)OC1CCC(C)OC12OCC1=C(C(=O)C(=O)C(C)=C1O)C2OC(C)=O,0.0345,ok
CN1CCc2cccc3c2C1=CC(=O)C3=O,0.0296,ok
Cc1c2oc3cc(F)ccc3[nH]c-2cc(=O)c1=O,0.0,ok
O=C1C(=O)c2ccccc2C(O)=C1CCc1ccc(-c2ccccc2)cc1,0.0574,ok
CC1OC(C)(OC2CC(O)(C(=O)CO)Cc3c(O)c4c(c(O)c32)C(=O)c2ccccc2C4=O)CC(O)C1O,0.0068,ok
O=C1C(=O)c2ccc3ccccc3c2-c2ccccc21,0.1435,ok
CN(C)c1cccc2c1C(=O)c1c(c(O)c3ccccc3c1O)C2=O,0.0659,ok
CS(=O)(=O)n1cc(-c2ccccc2)c2c1C(C(F)(F)F)=CC(=O)C2=O,0.0686,ok
O=C1C(Cl)=C(NCCCn2ccnc2[N+](=O)[O-])C(=O)c2ccccc21,0.0086,ok
[N-]=[N+]=NC1=C(S(=O)(=O)Oc2ccc(O)cc2O)c2c(N=[N+]=[N-])cccc2C(=O)C1=O,0.1649,ok
CC(=O)C(C)(C)C1=C(O)c2ccccc2C(=O)C1=O,0.1093,ok
O=C1C(=O)c2ccccc2C(O)=C1CN1CCN(c2ccccc2)CC1,0.0238,ok
Cc1ccc(Sc2ccc3c(c2)C(=O)c2cc(O)c(O)cc2C3=O)cc1,0.002,ok
O=C(O)c1ccccc1Nc1cccc2c1C(=O)c1cccc(Nc3ccccc3C(=O)O)c1C2=O,0.0077,ok
CC(C)(C)n1[nH]c2c3c(ccc2c1=O)C(=O)c1ccccc1C3=O,,no_quinone_ring_found
CCOC1=C(C)C(=O)c2ccn3c(C)ncc3c2C1=O,0.0135,ok
CC(=CCC1=CC(=O)C(C)=CC1=O)CCC=C(C)Cc1cc(C)co1,0.007,ok
COC1=CC(=O)c2c(nc3n2CCC3)C1=O,0.0067,ok
O=C1C(=O)c2ccccc2C(O)=C1C=C1CCCC1,0.1247,ok
CC1=C(Nc2ccccc2)C(=O)C(=O)c2ccccc21,0.0259,ok
O=C1C=C2c3ccccc3-c3cccc(c32)C1=O,0.0,ok
O=C1c2ccccc2C(=O)c2cc(CCl)ccc21,0.0045,ok
O=C1OCC2=C1C(c1ccc(Cl)cc1)C1=C(N2)C(=O)c2ccccc2C1=O,,no_quinone_ring_found
COC1=C(O)c2cc3oc(C(C)=O)c(O)c3c(O)c2C(=O)C1=O,0.03,ok
O=C1C=C(N2CCCc3ccccc32)c2ccccc2C1=O,0.0489,ok
O=C1C(=O)c2c(nc3ccccn23)C(Br)=C1c1ccccc1,0.0,ok
CC(C)C1=Cc2c(cc3c(cc2=O)C(C)(C)C(=O)C(O)=C3)C(=O)C1=O,,no_quinone_ring_found
O=C1C(=O)c2ncccc2-c2ccccc21,0.0,ok
CC(C)=CCC(OC(=O)c1ccco1)C1=CC(=O)c2c(O)ccc(O)c2C1=O,0.0264,ok
COc1ccc2c(c1)C(O)=C(CC=C(C)C)C(=O)C2=O,0.0071,ok
COc1cc(C)cc2c1C(=O)C=C(c1c(C)cc3c(c1OC)C(=O)C(Nc1ccc(Cl)cc1)=CC3=O)C2=O,0.0096,ok
COc1cc2c(c(C=Cc3cccc4ccccc34)c1C(=O)O)C(=O)c1c(O)cccc1C2=O,0.0892,ok
COC1CC(C)(O)Cc2cc3c(c(O)c21)C(=O)c1c(O)cc2c(c1C3=O)OC1OC2(C)C(O)C(N(C)C=O)C1O,0.0431,ok
COc1ccc(Nc2cc(S(=O)(=O)O)c(N)c3c2C(=O)c2ccccc2C3=O)cc1,0.0223,ok
O=C1C=Cc2c(c3ccccc3c3ccccc23)C1=O,0.0,ok
O=C1C=C(Oc2ccc(Cl)cc2F)C(=O)c2cc3ccccc3cc21,0.0232,ok
CC12CCC3C(C)(C)CCCC3(C)C1=CC1=CC(=O)C(=O)C=C1O2,0.0062,ok
CCC(C)(O)c1cc(=O)c2c(C)cc3c(c2o1)C(=O)c1c(O)cccc1C3=O,0.0201,ok
COC(CNC(=O)c1ccc2c3c(onc13)-c1ccccc1C2=O)OC,0.0002,ok
CC(CN(C)C)Oc1ccc2c3c(oc2c1)C(=O)c1ncccc1C3=O,0.0003,ok
COc1c2c(c(O)c3c1C(=O)c1c(cc(O)c(C)c1O)C3=O)-c1c(cc3c(c1O)C(=O)N1CCCNC31)CC2,0.1007,ok
COc1nn(-c2ccc(C(F)(F)F)cc2)c2c1C(=O)C(=O)c1ccccc1-2,0.0756,ok
COc1ccccc1C(=O)OC1CCC(C)(C)c2ccc3c(c21)C(=O)C(=O)c1c(C)coc1-3,0.0322,ok
C=C(C)C1CCC(C)=CC1C1=C(O)C(=O)C(CCCCC)=CC1=O,0.0047,ok
O=C1C(=O)c2ccccc2C(O)=C1CC1=C(O)c2ccccc2C(=O)C1=O,0.0759,ok
O=C1C(=O)C2=C(CCCC2)C(O)=C1CCCC1CCCCC1,0.0722,ok
[N-]=[N+]=NC1=C(N=[N+]=[N-])c2c(cccc2S(=O)(=O)Oc2ccccc2)C(=O)C1=O,0.1488,ok
CCOc1cccc2cc(C(=O)OC(CC=C(C)C)C3=CC(=O)c4c(O)ccc(O)c4C3=O)oc12,0.0175,ok
O=C1C=Cc2ccc3ccc4ccc5ccccc5c4c3c2C1=O,0.1186,ok
COc1cc(O)c2c(c1O)C(=O)c1cc(C)cc(O)c1C2=O,0.0006,ok
CC(=O)c1cc2c(C)cc3c(c2o1)C(=O)c1c(OC(C)C)cccc1C3=O,0.0186,ok
COC12C(COC(N)=O)C3=C(C(=O)C(CSc4nnnn4C)=C(N)C3=O)N1CC1NC12,0.0114,ok
CC(C)N1CCC2(CC1)CSC1=C(O2)c2ccccc2C(=O)C1=O,0.0605,ok
O=C1c2ccccc2C(=O)c2sc(Nc3ccc(Cl)cc3)nc21,0.0,ok
O=C(O)CCCNc1cc(N2CCCCCC2)c2noc3c2c1C(=O)c1ccccc1-3,0.0065,ok
O=C1C=C2OC=C(Cc3ccccc3)c3cccc(c32)C1=O,0.0,ok
Cc1ccc(Nc2ccc(O)c3c2C(=O)c2ccccc2C3=O)cc1,0.0123,ok
O=C1C(=O)c2ncccc2C(O)=C1CCCCCCCCC1CCCCC1,0.0246,ok
CC12CCC(=O)c3coc(c31)C(=O)c1cc3c(cc12)C(=O)C=CC3=O,0.1842,ok
O=C1C=C(Br)C(=O)C(Br)=C1,0.0,ok
O=C1c2ccccc2C(=O)c2sc(-c3nncs3)cc21,0.0,ok
Cc1ccc(C(=O)c2coc3c2C(=O)C(=O)c2ccccc2-3)cc1,0.0243,ok
CCCc1cc2c(C)cc3c(c2oc1=O)C(=O)c1c(OC(C)C)cccc1C3=O,0.0112,ok
O=C1C(=O)c2ccccc2C(O)=C1C(NCCCCl)c1cc(Br)ccc1O,0.0074,ok
CC1(C)CCCC2(C)c3cc4c(cc3CCC12)C(=O)C=CC4=O,0.0013,ok
COC1=C(C)C(=O)c2[nH]c3ccccc3c2C1=O,0.0075,ok
O=c1c2[nH]cc[nH]c2c(=O)c2c(=O)n(Cc3cc(Br)ccc3F)c(=O)c12,0.0002,ok
Cc1oc2c(c1C(=O)NCCCn1ccnc1)C(=O)c1ccc(F)cc1C2=O,0.0005,ok
O=C1C=Cc2cc3ccccc3cc2C1=O,0.0,ok
Cn1c2c(c(=O)n(C)c1=O)C(c1ccc(F)cc1)CC(C1=C(O)c3ccccc3C(=O)C1=O)N2,0.0749,ok
CN1CCC(=C2c3ccccc3Sc3ccccc32)CC1,,no_quinone_ring_found
O=C1C(Cl)=C(NCCCN2CCOCC2)C(=O)c2ccccc21,0.0172,ok
O=C1c2cccc(O)c2C(=O)c2c1cc(O)c1c2CC(c2cccc3ccccc23)OC1=O,0.0295,ok
CCOC(=O)c1c2c(n(Cc3ccccc3)c1C)-c1nc[nH]c1C(=O)C2=O,0.0239,ok
CC(C)(C)C1=CC(C(C)(C)C)=C(O)C(=O)C1=O,0.0,ok
COC1=CC(=O)C=C(CC=C(C)CCC=C(C)CCC=C(C)CCC=C(C)CCC=C(C)CCC=C(C)C)C1=O,0.0119,ok
CNc1c(C(=O)O)ccc2c1C(=O)c1ccccc1C2=O,0.0015,ok
Cc1cc2c(o1)-c1c(c3ccccc3c(=O)n1CCCN1CCCC1)C(=O)C2=O,0.0198,ok
CC(C)(C)c1cc(C2=C(O)c3cc4ccccc4cc3C(=O)C2=O)cc(C(C)(C)C)c1O,0.0236,ok
C=C(C)c1cc2c(=O)c3c(O)cc4c(c3oc2c2c1C(=O)C(OC)=CC2=O)C=CC(C)(C)O4,0.0043,ok
O=C1C(=O)c2ccccc2C2=C1SCC1(CCN(CC(O)COCc3ccccc3)CC1)O2,0.0546,ok
CSC1=CC(=O)c2ccccc2C1=O,0.0038,ok
CC(C)(COC(=O)c1ccccc1)CC1=C(O)c2ccccc2C(=O)C1=O,0.0529,ok
COc1cccc(NC2=C(N3CCCCC3)C(=O)c3ccccc3C2=O)c1,0.0172,ok
Cc1cc2c(cc1C)-c1oc(CN3CCN(CCNC(=O)C=Cc4cccnc4)CC3)c(C)c1C(=O)C2=O,0.0012,ok
Cc1noc(C)c1NC1=CC(=O)C(=O)c2ccccc21,0.05,ok
C=CC1(C)CCN1C1=CC(=O)C(=O)C=C1OC,0.0398,ok
O=C(OCc1cc(O)c2c(c1)C(=O)c1cccc(O)c1C2=O)c1ccc(O)cc1,0.0008,ok
COc1ccc(Nc2cc(N3CCN(c4ccccc4)CC3)c3noc4c3c2C(=O)c2ccccc2-4)cc1,0.0034,ok
COC1=C(c2ccccc2)C(=O)C(OC)=C(c2ccccc2)C1=O,0.012,ok
CCCCCCCCC1CC2=C(O1)c1ccccc1C(=O)C2=O,0.0009,ok
O=c1c2oc3ccccc3oc=2c(=O)c2ccccc12,0.0,ok
O=C1C=C(N(c2ccccc2)c2ccccc2)c2ccccc2C1=O,0.0508,ok
CCc1ccccc1NC1=C(Cl)C(=O)c2ncncc2C1=O,0.0065,ok
O=C1C(=O)c2ccccc2C(O)=C1CCc1ccc(SC(F)(F)F)cc1,0.0886,ok
CC1CC(=O)c2c(cc3c(c2O)C(=O)c2ccc(Cl)c(O)c2C3=O)C1O,0.2087,ok
CC1(O)CC2(O)C=CC3=C(C(=O)c4cccc(O)c4C3=O)C2(O)C(=O)C1O,0.0382,ok
COc1cc2c(cc1OC)CC(N(C)CC1=CC(=O)C(=O)C=C1)CC2,0.0017,ok
Cc1cc2c(NCCN)c3c(c(NCCN)c2o1)C(=O)c1ccccc1C3=O,0.0924,ok
CCCCCNc1ccc(NCC(CC)CCCC)c2c1C(=O)c1ccccc1C2=O,0.0572,ok
COC1=C(c2ccccc2)C(=O)C(=O)C(c2ccccc2)=C1,0.0749,ok
O=C1c2ccccc2C(=O)c2c1cc(SCc1ccccc1)c1nsnc21,0.0064,ok
COc1c2c(c(O)c3c1C(=O)c1c(cc(O)c(C)c1O)C3=O)-c1c(cc3c(c1O)C(=O)OC3N(C)C)CC2,0.0089,ok
O=C(COC(=O)c1ccc2c(c1Cl)C(=O)c1ccccc1C2=O)NC1CC1,0.0209,ok
O=C1C=C(O)C(c2cccc3c2oc2ccccc23)=CC1=O,0.0082,ok
O=C1C=C(c2cccc([N+](=O)[O-])c2)c2ccccc2C1=O,0.0032,ok
CCCCCCCCCCCC1=Cc2sc(=O)[nH]c2C(=O)C1=O,,no_quinone_ring_found
O=C1C=C(c2ccc(F)nc2)C(=O)c2ccccc21,0.0035,ok
CCCCCCC=CCCCCCCCC1=C(O)C(=O)C=C(OC)C1=O,0.0001,ok
Cc1cc(C)c2c3n(nc2n1)C1=C(CN3)C(=O)C(=O)c2ccccc21,0.0838,ok
O=C(c1ccccc1)c1cc2c(o1)C(=O)c1ccccc1C2=O,0.0026,ok
CCCCNC(C1=C(O)c2ccccc2C(=O)C1=O)c1cc(Br)ccc1O,0.0906,ok
O=C1C(N2CC2)=CC(=O)c2c(OS(=O)(=O)c3cccc4cccnc34)cccc21,0.0311,ok
CC1(O)Cc2cc3c(c(O)c2CO1)C(O)=CC(=O)C3=O,0.0019,ok
O=C1C(=O)c2c(nc3cnccn23)-c2ncccc21,0.0,ok
CC(C)Oc1ccc2c(c1)C=CC(=O)C2=O,0.0002,ok
COc1ccnc2c1C(=O)c1c(-c3ccccc3NC(=O)C(F)(F)F)ccnc1C2=O,0.0808,ok
Cc1ccc2c(c1CCC=O)C(=O)C(=O)C(C(C)C)=C2,0.0729,ok
O=C(C=Cc1ccccc1)OC1=C(C2CCC(c3ccc(Cl)cc3)CC2)C(=O)c2ccccc2C1=O,0.0279,ok
O=C1C(NCCNc2c3c(nc4cc(Cl)ccc24)CCCC3)=CC(=O)c2c(O)cccc21,0.0251,ok
Cc1ccc(NC(C2=C(O)c3ccccc3C(=O)C2=O)c2ccccn2)cc1,0.061,ok
O=C1c2ccccc2C(=O)c2c1ccc(OC1OC(COC3OCC(O)C(O)C3O)C(O)C(O)C1O)c2O,0.0005,ok
O=C1C(=O)c2cc3cc4ccccc4cc3cc2-c2ccccc21,0.0,ok
CC(C)=CCCC(C)=CCCC(C)=CCC1=C(O)c2ccccc2C(=O)C1=O,0.0802,ok
O=C1C(Nc2ccc(Cl)cc2)=C(N2CCCCC2)C(=O)c2ccccc21,0.0527,ok
Cc1ccc2c(c1)C(=O)c1nccnc1C2=O,0.0006,ok
O=C1c2ccccc2C(=O)c2c1ccc1[nH]c(CN3CCN(c4ccccn4)CC3)nc21,0.0081,ok
O=C1C(=O)c2c(oc3c2CCCC3)-c2ccccc21,0.0007,ok
COc1c(CC=C(C)C)c2c(c3oc(=O)c(-c4ccc(O)cc4)c(O)c13)C=CC(C)(C)O2,0.0174,ok
Cc1cc2c(o1)C(=O)c1cc3c(c(O)c1C2=O)C(=O)CCCC3(C)C,0.0017,ok
COC(=O)c1cc2cc(CCc3cc4c(o3)C(=O)c3c(O)c(OC)cc(OC)c3C4=O)c(O)c(O)c2c(=O)o1,0.0091,ok
Nc1ccc2c(c1)C(=O)c1cc(N)ccc1C2=O,0.0047,ok
O=C1C2=C(C(=O)c3c(O)cccc31)S(=O)(=O)CCN2,0.0231,ok
CC1=C(CCCCOC2OC3OC4(C)CCC5C(C)CCC(C2C)C35OO4)C(=O)C(C(C)C)=CC1=O,0.002,ok
CN1CCN(c2ccc(NC3=CC(=O)c4ncccc4C3=O)cc2)CC1,0.0124,ok
O=C1c2ccccc2C(=O)c2c1cc(N1CCN(Cc3ccccc3)CC1)c1nsnc21,0.0075,ok
O=C1C=CC=C(Nc2ccccc2)C1=O,0.0731,ok
O=C1C(N2CC2)=C(N2CC2)C(=O)c2ncncc21,0.0002,ok
O=C1c2ccccc2C(=O)c2c1oc1ccc3ccccc3c21,0.0,ok
O=C1C(=O)c2ccccc2C(O)=C1N1CCN(c2ccc([N+](=O)[O-])cc2)CC1,0.0174,ok
CC1COC2C3=C(C(=O)C=CC3=O)C3OC(=O)C4CCC5C1CCC25C43,0.0085,ok
Cc1c2c(cc3c1C(=O)C(=O)C(C(C)C)=C3)C(C)(C)C(=O)C(O)=C2,0.1037,ok
CCN(CCCCCCNC1=CC(=O)C(NCCCCCCN(CC)Cc2ccco2)=CC1=O)Cc1ccco1,0.0023,ok
CCOC(=O)Nn1c2c([nH]c1=O)-c1ccccc1C(=O)C2=O,,no_quinone_ring_found
Cc1noc(NC2=CC(=O)C(=O)c3ccccc32)c1C,0.0635,ok
O=C1C(=O)c2c(cccc2S(=O)(=O)O)-c2ccccc21,0.1151,ok
CC1(c2ccccc2)CC2=C(O1)c1ccccc1C(=O)C2=O,0.0016,ok
O=C1c2ccccc2C(=O)c2c1ccc1c2CCCC1,0.0239,ok
CCOC(=O)C1(N)CSC2=C1C(=O)c1ncccc1C2=O,0.0068,ok
O=c1cc2c3cc(=O)c(=O)cc3c3cc(=O)c(=O)cc3c2cc1=O,0.0,ok
O=C1C(=O)c2c(ccc3ccccc23)-c2ccccc21,0.0,ok
Cc1ccc(S(=O)(=O)n2cc(C)c3c2C(=O)C(=O)C=C3N(C)Cc2ccccc2)cc1,0.0307,ok
O=C1C(=O)c2nc(CN3CCCCC3)n(Cc3ccccc3)c2-c2ccccc21,0.0444,ok
CCOC(=O)c1c(-c2ccccc2)oc2c1C(=O)c1ccccc1C2=O,0.0144,ok
Cc1c(CN2CCCC2)oc2c1C(=O)C(=O)c1ccccc1-2,0.0002,ok
CCSC1=C(C)C(=O)c2ccccc2C1=O,0.0077,ok
O=C1C(=O)c2ccccc2C2=C1SCC1(CCCN(CC(O)Cc3ccccc3)C1)O2,0.0397,ok
COc1cc(C(CC=C(C)C)OC(=O)CC(C)(C)O)c(OC)c2c1C(=O)C=CC2=O,0.035,ok
CC1=CC(C)CCC2OC(C3=C4C(=C(C)C(=O)C3=O)OC3(OC(C)(C)OC43)C(C)CC(C)C1)C(C)C(O)C2C,0.1811,ok
CN(C)C1=CC(=O)C(=O)c2ncccc21,0.0594,ok
CCC1COC2=C(C)C(=O)C(=O)c3c(C)ccc1c32,0.0731,ok
Cc1ccc(S(=O)(=O)n2cc(C)c3c2C(=O)C(=O)C=C3)cc1,0.0223,ok
CC1CCCN(c2cc(NCCCC(=O)O)c3c4c(onc24)-c2ccccc2C3=O)C1,0.0053,ok
CCN(CCCCCCNC1=CC(=O)c2ccccc2C1=O)Cc1ccccc1OC,0.0092,ok
O=C1C=C(OCCCCC(=O)N2CCOCC2)c2ccccc2C1=O,0.0009,ok
CCC1(O)CC(=O)c2c(cc3c(c2O)C(=O)c2c(O)cccc2C3=O)C1C(=O)OC,0.1837,ok
O=C1c2ccccc2C(=O)c2c1ccc1[nH]c(SCCN3CCCCC3)nc21,0.0067,ok
COC1=CC(=O)C(=O)C(CC2(C)C3=C(CCC2C)C(C)(C)CCC3)=C1OC,0.0295,ok
COc1cccc2c1C(=O)c1c(O)c3c(c(O)c1C2=O)C=C(C(C)=O)CC3O,0.0834,ok
CC1(C)OC2=C(C=C1Br)C(=O)C(=O)c1ccccc12,0.0,ok
O=C1C(OCC(=O)N2CCNCC2)=CC(=O)c2c(O)cccc21,0.0122,ok
COc1cc(O)c2c(c1)C(=O)C1=C(COC(C)C1)C2=O,0.0062,ok
O=C1C=C2c3cccc4ccc5ccc(c2c5c34)C1=O,0.0,ok
CC(C)=CCCC(C)C1=C(O)C(Nc2ccccc2Cl)=C(C)C(=O)C1=O,0.109,ok
O=C1C(=O)c2cc(C(F)(F)F)ccc2-c2ccccc21,0.0378,ok
O=C1C(=O)c2ccccc2C(O)=C1CCCCC1CCC2CCCCC2C1,0.033,ok
CC1=CC(=O)c2ccc(CO)cc2C1=O,0.001,ok
CC1=C(N2CC2)C(=O)c2c(c(CO)c(CO)n2C)C1=O,0.0102,ok
CC12CCC3C4=C(CCC3C1CCC2=O)C(=O)C(=O)C=C4,,no_quinone_ring_found
O=C(O)c1ccc(Nc2cc(N3CCN(C4CCCCC4)CC3)c3noc4c3c2C(=O)c2ccccc2-4)cc1,0.0034,ok
CCC1CC(=O)c2c(cc(O)c3c2C(=O)c2cccc(OC4CC(NC(C)=O)C(O)C(C)O4)c2C3=O)C1,0.2359,ok
O=CCC1=C(O)c2ccccc2C(=O)C1=O,0.0466,ok
O=c1cc2cccc3c4cccc5cccc(c(c1=O)c23)c54,0.0936,ok
COc1cc(C(NCc2ccccc2)C2=C(O)c3ccccc3C(=O)C2=O)ccc1O,0.1003,ok
CC1C2=C(NC(=O)C1O)C(=O)c1ccccc1C2=O,0.1478,ok
CCCCCCC(C)(C)C1=CC2=C(C(=O)C1=O)c1c(cnn1CC)C(C)(C)O2,0.1222,ok
CCOC(=O)c1c(C)[nH]c2c1-c1ccccc1C(=O)C2=O,0.0505,ok
O=C1C(N2CC2)=CC(=O)c2c1nc1n2CCCCC1,0.0025,ok
O=C1c2ccccc2C(=O)c2c1cc(S(=O)(=O)c1cccc(F)c1)c1nsnc21,0.0041,ok
Cc1cnc2c(c1)C(=O)c1cccnc1C2=O,0.0005,ok
CN(C1=CC(=O)C(=O)c2ccccc21)C1CCCCC1,0.0354,ok
O=C1C(=O)c2ccccc2C(O)=C1C1CCC1,0.0892,ok
N#Cc1ccc(OCCOc2ccc(CC3=C(O)c4ccccc4C(=O)C3=O)cc2)cc1,0.0846,ok
CSc1c(C(C)C)c(=O)c2cc(O)c3c(=O)c4c(O)cccc4c(=O)c3c2c1=O,0.1465,ok
O=C(Sc1nc2c3c(ccc2[nH]1)C(=O)c1ccccc1C3=O)c1cc(C(F)(F)F)ccc1C(F)(F)F,0.0058,ok
NC(=O)CC1OC(=O)Cc2cc3c(c(O)c21)C(=O)c1c(O)cccc1C3=O,0.1653,ok
CCN(CCCNC1=CC(=O)C(NCCCN(CC)Cc2ccccc2OC)=CC1=O)Cc1ccccc1OC,0.0013,ok
Cc1cccc(Sc2cc3c(c4nsnc24)C(=O)c2ccccc2C3=O)c1,0.0006,ok
O=C1C(=O)c2ccccc2C(O)=C1Sc1ccccc1,0.0433,ok
CCCCCC(O)c1c(O)cc2c(c1O)C(=O)c1c(cc(O)c(Cl)c1O)C2=O,0.0024,ok
Cc1oc2c(c1C(=O)NCCCN1CCCC1)C(=O)c1ccccc1C2=O,0.002,ok
O=C(CN1CCN(c2ccc(F)cc2)CC1)OCc1cc(O)c2c(c1)C(=O)c1cccc(O)c1C2=O,0.0009,ok
O=C1C=CC(=O)c2c1ccc1c3ccccc3n(-c3ccccc3)c21,0.0639,ok
O=C1C(=O)c2ccccc2C(O)=C1CCCCCCCCCCC1=C(O)c2ccccc2C(=O)C1=O,0.0681,ok
N#Cc1c(F)c(F)c(C#N)c2oc3ccc4ccccc4c3c3c(ccc4ccccc43)oc12,,no_quinone_ring_found
CC(C)=CCC(OC(=O)CC(F)(F)F)C1=CC(=O)c2c(O)ccc(O)c2C1=O,0.0155,ok
O=C1c2ccccc2C(=O)c2c1nnn2-c1cc(F)c(-c2ccc(F)cc2)c(F)c1,0.0252,ok
O=C1C(=O)c2ccccc2C(O)=C1CC(=O)c1ccccc1,0.0577,ok
COc1ncnc2c1-c1cc(F)ccc1C(=O)C2=O,0.1028,ok
COC1=C2CC(C)CC(OC)C(O)C(C)C=C(C)C(OC(N)=O)C(OC)C=CC=C(C)C(=O)NC(=CC1=O)C2=O,,no_quinone_ring_found
O=C(O)Cc1ccc(CNc2cc3c(c(O)c2O)C(=O)c2ccccc2C3=O)cc1,0.0024,ok
CC(=O)NC1=CC(=O)C(NCCN2CCCCC2)=CC1=O,0.0704,ok
O=C1C(=O)c2ccccc2C2=C1SCC1(CCN(C(=O)c3cccnc3)CC1)O2,0.0586,ok
CC1=C(Cc2cccnc2)C(=O)c2ccccc2C1=O,0.0235,ok
CC1OC2CC(=O)OC2c2c(O)c3c(c(O)c21)C(=O)C1=C(C3=O)C2CC(OC3CCC(O)C(C)O3)C1(O)C(C)O2,,no_quinone_ring_found
Cc1ccc(NC2=CC(=O)C(=O)c3ccccc32)cc1C,0.0517,ok
O=C(O)CNC(=O)c1cccc2c1C(=O)c1cccc(O)c1C2=O,0.0535,ok
O=C1C(=O)c2oc(-c3ccc(F)cc3)nc2-c2cccnc21,0.0,ok
COC1=C(C(=O)O)C(C)C23OC24c2cc(O)c5c(c2NC3C#CC=CC#CC14)C(=O)c1c(O)ccc(O)c1C5=O,0.0441,ok
O=C1C(=O)c2ccccc2C2=C1SCC1(CCN(CCCC(F)(F)F)CC1)O2,0.0468,ok
Nc1c(Oc2ccccc2)c(Oc2ccccc2)c(N)c2c1C(=O)c1ccccc1C2=O,0.0213,ok
O=C1C=C(Nc2ccccc2)C(=O)c2ccccc21,0.0118,ok
O=C(NC1CCNC1)c1csc2c1C(=O)c1c(c(O)c3ccccc3c1O)C2=O,0.0002,ok
O=C1C(Cl)=C(Nc2ccc(C(F)(F)F)cc2)C(=O)c2c1cccc2[N+](=O)[O-],0.056,ok
O=C1C=C(N2CCc3ccccc32)c2ccccc2C1=O,0.0334,ok
O=C(c1ccc(C(F)(F)F)cc1)c1cc2c(s1)-c1sc(C(=O)c3ccc(C(F)(F)F)cc3)cc1C(=O)C2=O,0.0029,ok
COc1ccccc1C(=O)Nc1cccc2c1C(=O)C(=O)C=C2,0.0312,ok
CCC(C)C(OC(C)=O)C(C)C1=CC(=O)C2=C(OC3(C)CCC4OC(C(C)(C)O)CCC4(C)C3C2O)C1=O,0.019,ok
CN(C)CCNc1cc(N2CCCCC2)c2noc3c2c1C(=O)c1ccccc1-3,0.0067,ok
COc1c(C)c(-c2c(C)c(OC)c3c(c2OC)C(=O)C(=O)C=C3)c(OC)c2c1C=CC(=O)C2=O,0.0543,ok
CC1COC2=C1C(=O)C(=O)c1c2ccc2c1CCCC2=O,0.0665,ok
COc1cc(C)c2c(=O)c3c(oc2c1)C(=O)c1c(O)c(OC)cc(O)c1C3=O,0.0363,ok
O=C1c2ccccc2C(=O)c2c1cc(S(=O)(=O)Nc1ccc(C(F)(F)F)cc1)c(O)c2O,0.0017,ok
CC1CN(C2CCC(C#N)(c3ccc(F)cc3)CC2)CCC1(C(=O)O)c1ccccc1,,no_quinone_ring_found
CC(=O)OC1CCn2c1nc1c2C(=O)C(N2CC2)=C(C)C1=O,0.0169,ok
O=C1C(=O)c2cc(NC(=O)c3ccccc3C(F)(F)F)ccc2-c2ccccc21,0.0331,ok
CCOC(=O)C(CC(=O)c1cccc2c1C(=O)c1ccccc1C2=O)=NNC(=S)NCc1ccco1,0.0362,ok
CCOC1C2=C(C(=O)C(=O)C(C(C)COC(C)=O)=C2O)C2(C)CCCC(C)(C)C2C1O,0.1383,ok
O=C1C(=O)c2ccccc2C2=C1CC(c1ccccc1)O2,0.0029,ok
CCCCCNC(=O)C(=O)Nc1ccc2c(c1)C(=O)c1ccccc1C2=O,0.0,ok
O=C1C=Cc2ccc3cc4cc5ccccc5cc4cc3c2C1=O,0.0,ok
CC(C)(C)C1=CC(C(C)(C)C)=C(Cl)C(=O)C1=O,0.1344,ok
O=C1C(=O)c2ccccc2C2=C1CC1C=CCC1O2,0.0094,ok
COc1ccc2c(c1O)C(=O)c1c(O)cc(C)cc1C2=O,0.0015,ok
COc1ccc(SC2=C(Cl)C(=O)c3[nH]c(-c4ccccc4)nc3C2=O)cc1,0.007,ok
CN(CCN(C)C1=C(O)c2ccccc2C(=O)C1=O)Cc1ccccc1,0.1312,ok
O=C1C=C(O)C(Cc2ccccc2)=CC1=O,0.024,ok
CC(=O)OC1C(CO)OC(Oc2cccc3c2C(=O)c2c(O)cc(C)cc2C3=O)C1O,0.088,ok
O=C1C=C(C(=O)C2(O)CCCCC2)c2ccc3ccc(C(=O)C4(O)CCCCC4)cc3c2C1=O,0.1048,ok
O=C1c2ccccc2C(=O)c2c1cc(Sc1ccccc1F)c1nsnc21,0.0035,ok
O=C1C(=O)c2c(oc3c(=O)n(CCN4CCCCC4)ccc23)-c2ccccc21,0.0003,ok
Cc1cccc(Nc2cc(NCCN3CCOCC3)c3noc4c3c2C(=O)c2ccccc2-4)c1,0.0085,ok
O=C1C=C(O)C(c2ccc(O)cc2)=CC1=O,0.0012,ok
O=C1c2ccccc2C(=O)c2[nH]c(-c3cncs3)nc21,0.0,ok
CC1CSC2=C(O1)c1cc(-c3ccccc3)ccc1C(=O)C2=O,0.0575,ok
Cc1nnc(NS(=O)(=O)c2ccc(NC3=C(Cl)C(=O)c4ccccc4C3=O)cc2)s1,0.0154,ok
Cc1cc(O)c2c(c1)C(O)C13Cc4cc(O)c5c(c4C1C=CC(O)C3OC2=O)C(=O)c1cccc(O)c1C5=O,,no_quinone_ring_found
O=C1c2c(O)ccc(O)c2C(=O)c2c(NCCN3CCCC3)ccc(NCCN3CCCC3)c21,0.0512,ok
Cc1cnc2c(c1)C(=O)c1nccc(Cl)c1C2=O,0.0011,ok
O=C1C=C(NCC2CCCCC2)C(=O)c2ccccc21,0.0035,ok
O=C1c2ccccc2C(=O)c2cc(F)ccc21,0.0,ok
Cc1cc(O)c2c(c1)C(=O)c1cccc(OC3OC(COC4OCC(O)C(O)C4O)C(O)C(O)C3O)c1C2=O,0.0112,ok
CC(C)C1=CC(=O)c2c(ccc3c2C=CCC3(C)C)C1=O,0.0237,ok
Cc1ccc(C(=CC2=CC(=O)C(=O)c3ccccc32)c2ccc(C)cc2)cc1,0.0092,ok
O=C1CC2OC(c3ccsc3)C3=C(C(=O)c4ccccc4C3=O)C2O1,,no_quinone_ring_found
O=C1c2ccccc2C(=O)c2c1ccc1[nH]c(SCCN3CCCC3)nc21,0.003,ok
CC(C)C1=C(O)c2ccc3c(c2C(=O)C1=O)CCCC3(C)C,0.1008,ok
O=C1c2ccccc2C(=O)c2c1ccc(C(=O)N1CCCCC1)c2NCCO,0.0348,ok
Cc1c2ccccc2cc2ooc12,,no_quinone_ring_found
CC1=CCCC2C1(C)CCC(C)C2(C)CC1=CC(=O)C=C(O)C1=O,0.0023,ok
COc1ccc2c(c1OC)C(=O)c1c3c(c(CO)c(O)c1C2=O)C(=O)OC3,0.038,ok
Cc1ccnc2c1C(=O)C(=O)c1ccccc1-2,0.0582,ok
O=C(Nc1ccc(N2CCOCC2)cc1)c1cc(O)c2c(c1)C(=O)c1cccc(O)c1C2=O,0.0043,ok
CC1(C)OC2=C(C(=O)C(=O)c3ccccc32)C2c3cc(Br)ccc3OCC21,0.1216,ok
COc1cc(O)c2c(c1O)C(=O)C(=O)C=C2O,0.0,ok
COc1cccc2c1C(=O)c1sc(C(C)=O)cc1C2=O,0.0,ok
CC1=CC(=O)C(C(C)(C)CC(=O)N2CCN(c3cc4c(cc3F)c(=O)c(C(=O)O)cn4C3CC3)CC2)=C(C)C1=O,0.0691,ok
NC1=CC(=O)C(=O)C=C1N,0.0187,ok
Cc1cccc2c3c(ccc12)C(O)=C(C(C)COC=O)C(=O)C3=O,0.1454,ok
CN1CCC(N(C)C2=CC(=O)C(=O)c3ccccc32)CC1,0.0367,ok
O=c1c(=O)c2cccc3ccc4cccc1c4c32,0.0,ok
Cc1c(CNCCCNC(=O)C=Cc2cccnc2)oc2c1C(=O)C(=O)c1c-2ccc2c1CCCC2(C)C,0.0392,ok
O=C(CCN1CCCC1)Nc1cccc2c1C(=O)c1c(NC(=O)CCN3CCCC3)cccc1C2=O,0.105,ok
O=C1c2ccccc2C(=O)c2c1cccc2-c1cccnc1,0.0054,ok
O=C1C(=O)c2ccc3ccccc3c2-c2sccc21,0.0,ok
CCc1nc2c([nH]1)C(=O)C(=O)c1cc(F)ccc1-2,0.0001,ok
CNC(=O)C(=O)Nc1cccc2c1C(=O)c1ccccc1C2=O,0.0008,ok
O=C1C=C(Nc2ccccc2C(=O)c2ccccc2)c2ccccc2C1=O,0.0344,ok
CC(=O)Nc1ccc(OC(=O)c2ccccc2O)cc1,,no_quinone_ring_found
CC(C)=CCCC(C)C1=C(Nc2ccccc2F)C(O)=C(C)C(=O)C1=O,0.0321,ok
CC(C)CCOc1cc2c(cc1OCCC(C)C)-c1cc(OCCC(C)C)c(OCCC(C)C)cc1C(=O)C2=O,0.0168,ok
CC12CCCC3(COC1=O)C1=C(C=CC23)C(O)=CC(=O)C1=O,0.2312,ok
O=C1C(=O)c2occc2-c2c1ccc1ccccc21,0.0,ok
O=C1C=C(N2CC2)C(=O)C(c2ccc(Oc3ccccc3)cc2)=C1N1CC1,0.0299,ok
CN(C)Cc1nc2c(o1)-c1ccccc1C(=O)C2=O,0.0002,ok
N#Cc1cc(-c2ccccc2)oc1NC1=CC(=O)C(=O)c2ccccc21,0.0562,ok
O=C1OCC(O)=C1C(C1=C(O)c2ccccc2C(=O)C1=O)c1cccc2ccccc12,,no_quinone_ring_found
N#CC1=C(O)c2ccccc2C(=O)C1=O,0.0841,ok
CC(C)(C)OC(=O)N1CCC(O)(CSC2=CC(=O)C(=O)c3ccccc32)CC1,0.0222,ok
CC(C)(C)OC(=O)N1CCC(n2nnc3c2C(=O)C(=O)c2ccccc2-3)CC1,0.0054,ok
C=CCSc1nc2c3c(ccc2[nH]1)C(=O)c1ccccc1C3=O,0.002,ok
COC1=C(C(C)C)C(=O)C2=C(C1=O)C1(C)CCCC(C)(C)C1C2C=O,0.0188,ok
C=CCNC1=C(N(C)C(C)=O)C(=O)c2ccccc2C1=O,0.0729,ok
O=C1c2cnncc2C(=O)c2nc3cc4c(cc3nc21)OCO4,0.0,ok
Cc1c(CN(C)Cc2ccc(F)c(Cl)c2)oc2c1C(=O)C(=O)c1c-2ccc2c(C)cccc12,0.0462,ok
O=C1C=C(O)c2c(O)ccc(O)c2C1=O,0.0,ok
O=c1c(O)c2cccc3c4cccc5cccc(c(c1=O)c23)c54,0.0869,ok
Nc1ccc(O)c2c1C(=O)c1c(N)cc(Br)c(O)c1C2=O,0.055,ok
CCCCCC1C(=O)OC(C)C(NC(=O)c2cccc(NC=O)c2O)C(=O)OC(C)C1OC(=O)CC(C)C,,no_quinone_ring_found
O=C1c2cccc3c2C(=O)c2c(cccc21)OCCOCCOCCOCCO3,0.1459,ok
O=C1C(Oc2ccc(O)cc2)=C(Cl)C(=O)c2ncccc21,0.0311,ok
CC(=O)OC1CCn2c1nc1c2C(=O)C(C)=CC1=O,0.0003,ok
Cc1cc(O)c2c3c(ncc2c1)C(=O)c1c(OC2CC(O)C(O)C(C)O2)cccc1C3=O,0.0948,ok
O=C1C(=O)c2cc3cn[nH]c3nc2-c2ccccc21,0.0,ok
O=C1c2ccccc2C(=O)c2c1ccc1nonc21,0.0,ok
O=C1C(=O)c2ccccc2C(O)=C1c1cccs1,0.0856,ok
Cc1ccc(OCCCCCCCCC2=C(O)c3ccccc3C(=O)C2=O)cc1,0.0045,ok
COC(=O)c1cc2cc3c(c(O)c2c(=O)o1)OC1(CC3)CC2=C(O1)C(=O)c1c(O)c(OC)cc(O)c1C2=O,0.0009,ok
O=C1c2ccccc2C(=O)c2c1ccc1[nH]c(CN3CCOCC3)nc21,0.0012,ok
COC1=C(C)C(=O)C2=C(C1=O)C1C3CC4=C(C(=O)C(=O)C(C)=C4O)C(CNC(=O)C(C)=O)N3C(C#N)C(C2)N1C,0.0156,ok
O=C1C=c2cc(-c3cc4cc(O)c(O)cc4[nH]3)[nH]c2=CC1=O,0.0025,ok
O=C(CCN1CCCC1)Nc1ccc2c(c1)C(=O)c1cc(NC(=O)CCN3CCCC3)ccc1C2=O,0.0012,ok
O=C1C(=O)c2cccc3c2C(=C1Cl)OCC3n1cc(-c2ccccc2)nn1,0.0345,ok
Cc1ccc(C)c(NC2C3=C(OC2(C)C)c2ccccc2C(=O)C3=O)c1,0.0512,ok
C=C(C)C1Cc2c(oc3cc(O)c(CC=C(C)C)c(O)c3c2=O)C2=C1C(=O)C(=O)C(CC=C(C)C)=C2O,0.01,ok
CCCCc1ccc(NC2=C(Cl)C(=O)c3ccccc3C2=O)cc1,0.0387,ok
O=C1C(=O)c2ccccc2C(O)=C1C1CCCOC1,0.088,ok
O=c1c2[nH]c3ccccc3oc=2c2ccccc2c1=O,0.0,ok
O=C1C=C(C2=CC(=O)C(=O)c3ccccc32)c2ccccc2C1=O,0.0076,ok
COc1cccc2c1C(=O)C=C(Oc1ccccc1)C2=O,0.0369,ok
CC(C)C1=CC2=C(C(=O)C1=O)C13CCCC(C)(C)C1CC2OC3,0.0172,ok
O=C1C(=O)c2ccc(Br)cc2C2=C1SCC1(CCN(CC(O)COc3ccc(Cl)cc3)CC1)O2,0.0634,ok
Cc1nc2c(s1)C(=O)C=C(NCCN(C)C)C2=O,0.005,ok
O=C1C=C(Nc2cc(F)cc(F)c2)C(=O)c2cnccc21,0.0113,ok
O=C1C=C(N2CC3CCC(CC3)C2)c2ccccc2C1=O,0.0358,ok
CC(C)CC1=CC(CC(C)C)=C(F)C(=O)C1=O,0.0193,ok
CC(c1cc2c(o1)C(=O)c1ccccc1C2=O)N1CCOCC1,0.0021,ok
COC1=C(CC(C)C)C(=O)C2=C(C1=O)C(COC(N)=O)C1(OC)C3NC3CN21,0.0117,ok
C=CCNC1=C(Cl)C(=O)c2ccccc2C1=O,0.016,ok
O=C1c2[nH]cc(CNC3CCCNC3)c2C(=O)c2c1c(O)c1ccccc1c2O,0.0066,ok
Cc1cc(O)c2c(c1O)C(=O)c1c(O)cccc1C2=O,0.0,ok
CC(O)C1C=CC2(OC3=C(c4ccc(O)cc4)C(=O)C(=O)C(c4ccc(O)cc4)=C3O2)O1,0.005,ok
Cc1cccc2c3c(ccc12)-c1oc2c(c1C(=O)C3=O)CCN(CCN1CCCCC1)C2,0.0446,ok
COC1=C(C)C(=O)c2c(cc(O)c3c2OC(C)C3(C)CCC=C(C)C)C1=O,0.0129,ok
CCCCOCCn1c(=N)c2c(N)c3c(=O)c4ccccc4c(=O)c3c(N)c2c1=O,0.0376,ok
c1cc(CCCc2ccncc2)ccn1,,no_quinone_ring_found
CC(C)C1=CC2=C(C(=O)C1=O)C13CCCC(C)(C)C1C(OC3=O)C2O,0.0644,ok
Cc1occ2c1C(=O)c1c(O)cccc1C2=O,0.0,ok
O=c1c2ccccc2c(=O)c2c1ccc1[nH]c3c(ccc4c(=O)c5c(Cl)cccc5c(=O)c43)[nH]c12,0.0074,ok
O=C1C=CC(=O)C(C2=C3C(=O)N(CCc4ccccc4)CC(=O)N3CCC2)=C1,0.0164,ok
CCN(CC)CCNc1cc(C)nc2c1C(=O)C(=O)C=C2N1CCCCC1,0.057,ok
COc1cccc2c1C(=O)c1c(O)c3c(c(O)c1C2=O)CC(O)(C(=O)CO)CC3OC1CC2NCOC2C(C)O1,0.0162,ok
CCOC(=O)c1c2c(n3cccc(Cl)c13)C(=O)c1ncccc1C2=O,0.0066,ok
Cc1ccc2c(n1)C(=O)c1c(c(O)n(Cc3cccc(Br)c3)c1O)C2=O,0.0014,ok
O=C1C(=O)c2ccccc2C(O)=C1C1=CCCCC1,0.0919,ok
O=C1c2ccccc2C(=O)c2c1nnn2-c1cc(F)c(-c2cccc(CO)c2)c(F)c1,0.0251,ok
COc1ccc(C=CC(=O)c2ccc(NC3C4=C(OC3(C)C)c3ccccc3C(=O)C4=O)cc2)cc1,0.0325,ok
O=C1C(=O)c2c(oc3c2CCN(C2CCC(N4CCOCC4)CC2)C3=O)-c2ccccc21,0.0002,ok
CN(C)CCNc1ccc(O)c2c1C(=O)c1c(Cl)ccc(Cl)c1C2=O,0.1549,ok
Cc1ccc(CCCCOC2=CC(=O)C(=O)c3ccccc32)cc1,0.0028,ok
Cc1ccc(Nc2cccc3c2C(=O)c2cccc(Nc4ccc(C)cc4S(=O)(=O)O)c2C3=O)c(S(=O)(=O)O)c1,0.0625,ok
O=C1c2c[n+]([O-])c3ccccc3c2C(=O)c2[nH]c3ccccc3c21,0.0,ok
COCc1c(O)cc2c(c1O)C(=O)c1ccc(O)c(O)c1C2=O,0.0017,ok
COC1=CC(=O)C(=O)c2cnccc21,0.0,ok
O=C1C(=O)c2[nH]c(=O)[nH]c2-c2ccccc21,0.0,ok
COc1ccc(OC)c(NC2=CC(=O)c3c(cnc4cccc(O)c34)C2=O)c1,0.0703,ok
CC1=C(CCCCOC(=O)CC2OC3OC4(C)CCC5C(C)CCC(C2C)C35OO4)C(=O)C(C(C)C)=CC1=O,0.0019,ok
O=C1C(=O)c2ccccc2C(O)=C1CNCCCCl,0.0182,ok
C=C1OC2=C(C(=O)C(=O)c3ccccc32)C1(C)C,0.0,ok
COC1=CC(C2c3cc4c(cc3C(Nc3cccc([N+](=O)[O-])c3)C3COC(=O)C23)OCO4)=CC(=O)C1=O,,no_quinone_ring_found
CC1=C(CCCCCCC(C)C)c2[nH]c3ccccc3c2C(=O)C1=O,0.0039,ok
Nc1c(Sc2ccc(O)cc2)cc(O)c2c1C(=O)c1ccccc1C2=O,0.0289,ok
COc1ccc(CC2=CC(=O)C(=O)C=C2C)cc1,0.005,ok
CCCc1ccc(-c2ccc(NC3=C(O)c4ccccc4C(=O)C3=O)cc2)cc1,0.1178,ok
CC1CCC=C(CN2CCC3(CC2)CSC2=C(O3)c3ccccc3C(=O)C2=O)C=C1F,0.0621,ok
CCCn1c(O)c(C2=CC(=O)c3[nH]cc(CCN)c3C2=O)n(C)c1=O,0.0028,ok
O=C1c2ncccc2C(=O)c2[nH]c(-c3ccncc3)nc21,0.0,ok
CCCN1C(=O)NC2(CSC3=C2C(=O)c2ccccc2C3=O)C1=O,,no_quinone_ring_found
O=C1C=C(Nc2ccc(S(=O)(=O)Nc3ncccn3)cc2)c2ccccc2C1=O,0.0492,ok
COc1cccc2c1C(=O)c1c(OC)cc(C)cc1C2=O,0.0778,ok
CC(C)(O)Cc1ccc2c(c1)-c1cc(OCCC3CC3)ccc1C(=O)C2=O,0.0561,ok
Cc1noc2nc3c(c(-c4ccc(F)cc4)c12)C(=O)C(=O)c1ccccc1-3,0.0947,ok
Cn1c(N)c(C(C=Cc2ccccc2)C2=C(O)c3ccccc3C(=O)C2=O)c(=O)n(C)c1=O,0.1355,ok
O=C(NCc1cccs1)c1ccc(C=CC(=O)c2cccc3c2C(=O)c2ccccc2C3=O)cc1,0.0224,ok
Nc1cccc(Nc2cc(S(=O)(=O)O)c(N)c3c2C(=O)c2ccccc2C3=O)c1,0.0471,ok
O=C(NC1(C(=O)NCc2ccc(Cl)cc2)CSC2=C1C(=O)c1ccccc1C2=O)c1ccc(Cl)cc1,0.0323,ok
C#CCCOC1=C(Cl)C(=O)c2cccnc2C1=O,0.0096,ok
O=C1CC(c2cccs2)C2=C(N1)c1ccccc1C(=O)C2=O,0.0972,ok
CN1CCC(Oc2ccc(Cl)c(-c3nc4c(o3)C(=O)c3ccccc3C4=O)c2)C1,0.0039,ok
Cc1ccc(OC(=O)N2CCC3(CC2)CSC2=C(O3)c3ccccc3C(=O)C2=O)cn1,0.0584,ok
O=C1C(=O)c2ccccc2C(O)=C1C1CC=C(c2ccc(Cl)cc2)CC1,0.0888,ok
CC(C)C1=C(Nc2ccccc2)c2ccc3c(c2C(=O)C1=O)CCCC3(C)C,0.1499,ok
CCCCOC1OC(=O)c2c1cc1c(c2O)-c2c(O)c3c(c(OC)c2CC1)C(=O)c1c(cc(O)c(C)c1O)C3=O,,no_quinone_ring_found
COC1=C(O)c2cc3c(c(O)c2C(=O)C1=O)C(C)OC(C)C3,0.0941,ok
O=C1c2cc(O)cc(O)c2C(=O)c2cccc(O)c21,0.0,ok
CC(C)=CCCC1=CCC2=C(C1)C(=O)C=CC2=O,0.0005,ok
CC1CN(CCCN2CCc3c(oc4c3C(=O)C(=O)c3ccccc3-4)C2=O)CC(C)N1,0.0005,ok
O=C1C(=O)c2ccccc2C(O)=C1Cc1ccc(OCCOc2cccc3ccccc23)cc1,0.0588,ok
O=C(Nc1cccc2c1C(=O)c1c(NC(=O)c3ccccc3)cccc1C2=O)c1ccccc1,0.0015,ok
O=C1C(=O)c2ccccc2C(O)=C1C1(c2ccc(Cl)cc2)CCCCC1,0.1338,ok
CC(C)C1=C(O)C2=C(OC3(C)CCCC(C)(C)C3C=C2)C(=O)C1=O,0.1301,ok
CCCCCCCCCCCCCCCCCC(=O)NCC(C)(C)CC1=C(O)c2ccccc2C(=O)C1=O,0.0458,ok
O=C1c2cccc(O)c2C(=O)c2c(OCCN(CCO)Cc3ccccc3)cccc21,0.0602,ok
O=C1C(=O)c2ccccc2C(O)=C1CCCCCC1=C(O)c2ccccc2C(=O)C1=O,0.0742,ok
O=C1C(=O)c2ccccc2C2=C1SCC1(CCN(c3cnccn3)CC1)O2,0.0582,ok
CC(C)=CCCC1(C)C=Cc2c(ccc3c2C(=O)C(=O)C(CC2=CC(=O)c4ccccc4C2=O)=C3O)O1,0.1388,ok
O=C1C(=O)c2ccccc2C2=C1SCC1(CCCCC1)O2,0.0593,ok
Cc1cc(C(=O)N2CCC3(CC2)CSC2=C(O3)c3ccccc3C(=O)C2=O)n(C)n1,0.0464,ok
CC1(O)CC(=O)c2c(cc(O)c3c2C(=O)c2cccc(O)c2C3=O)C1,0.2232,ok
Nc1c(Oc2ccc(Br)cc2)cc(O)c2c1C(=O)c1ccccc1C2=O,0.0288,ok
CC(C)(C)OC(=O)COc1ccc(CC2=C(c3ccccc3)c3ccccc3C(=O)C2=O)cc1,0.0865,ok
C=CCCCCCCCCCCCC(O)CC(O)COC(C)=O,,no_quinone_ring_found
O=C1c2ccccc2C(=O)c2c1cc(NS(=O)(=O)c1ccc(-c3ccccc3)cc1)c(O)c2O,0.0004,ok
O=C1C(=O)c2cc3ccccc3cc2C=C1Nc1ccccc1,0.0909,ok
COC1=CC(=O)C(=O)C(CC=C(C)CCC=C(C)CCC=C(C)C)=C1OC,0.0633,ok
O=C1C(=O)c2ccccc2C2=C1SC(CN1CCN(c3ccc(F)cc3)CC1)CO2,0.0546,ok
CC1=Cc2ccc3c(c2C(=O)C1=O)CCCC3(C)C,0.0828,ok
COCc1cc2c(cc1O)C(=O)c1cc(O)ccc1C2=O,0.0004,ok
O=C1C(=O)c2cccnc2C(O)=C1CC1CCCCC1,0.0136,ok
CSc1c(C(=O)Nc2ccc(Br)cc2)ccc2c1C(=O)c1ccccc1C2=O,0.061,ok
O=c1c(=O)c2cc(-c3ccccc3F)cc3c2-c2c1cc(-c1ccccc1F)cc2c(=O)c3=O,0.0115,ok
Cc1cc2c(cc1OC1=C(O)C(=O)c3ccccc3C1=O)C(=O)c1ccccc1C2=O,0.0089,ok
COc1cccc2c1C(=O)c1c(O)c3c(c(O)c1C2=O)CC(O)(C(C)=O)CC3OC1OC(C)C(N)C1O,0.0123,ok
Cc1ccc(C(=O)Nc2c(NC(=O)CN3CCCC3)ccc3c2C(=O)c2ccccc2C3=O)cc1,0.0082,ok
CC(C)(C)OC(=O)N1CC=C(c2cccc3c2C(=O)c2ccccc2C3=O)CC1,0.0047,ok
NC(=O)OCc1c2c(n3c1CCC3)C(=O)C=C(N1CC1)C2=O,0.0009,ok
O=C1C(=O)c2ccccc2C(O)=C1C(NCc1ccccn1)c1ccccc1,0.0724,ok
O=C1c2ccccc2-c2onc3c(N4CCCC4)cc(NCCN4CCCC4)c1c23,0.0065,ok
O=C1C(=O)c2c(oc3c2CCN(CCCN2CCCC2)C3=O)-c2ccccc21,0.0003,ok
COc1ccc(O)c2c1C(=O)C=C(C(CC=C(C)C)OC(=O)C=C(C)C)C2=O,0.0639,ok
O=C1C(=O)c2ccccc2C2=C1CC(Cn1cc(C3=CCCCC3)nn1)O2,0.0043,ok
CC1=CC(=O)C(C2=CC(=O)C(C)=CC2=O)=CC1=O,0.0217,ok
CCc1cc(O)c2c3c(ncc2c1)C(=O)c1c(O)cccc1C3=O,0.0484,ok
CC(C)c1nc2c(s1)C(=O)C(=O)c1cc(CCCc3ccc(F)cc3)ccc1-2,0.0095,ok
COc1nn(-c2ccc(F)cc2)c2c1C(=O)C(=O)c1ccccc1-2,0.0755,ok
CNC1=C2CC(C)CC(OC)C(O)C(C)C=C(C)C(OC(N)=O)C(OC)CCC=C(C)C(=O)NC(=CC1=O)C2=O,,no_quinone_ring_found
O=c1c2ccccc2c(=O)c2c1c1[nH]c3ccccc3c1c1c(=O)c3ccccc3c(=O)c21,0.091,ok
O=C1C(=O)c2c(cccc2[N+](=O)[O-])-c2ccccc21,0.1094,ok
O=C1C(=O)c2ccccc2C(O)=C1C(NCc1ccccc1)c1ccc([N+](=O)[O-])cc1,0.0965,ok
CCOC(=O)C(Cc1ccc(O)cc1)NS(=O)(=O)c1ccc2c(c1)C(=O)c1ccccc1C2=O,0.0149,ok
O=C1C(=O)c2oc3cc(N(Cc4ccccc4)Cc4ccccc4)ccc3c2-c2ccccc21,0.0003,ok
O=C1c2cccnc2C(=O)c2c1c(C(=O)OCCCN1CCCCC1)c1ccccn21,0.0227,ok
CC(C)(C)C1=CC(=O)C(=O)C(C(C)(C)C)=C1F,0.0591,ok
COC1=CC(=O)c2c(cc(C)c(C(C)=O)c2O)C1=O,0.0027,ok
O=C1c2ccccc2C(=O)c2c1ccc1[nH]c(CN3CCSC3)nc21,0.0008,ok
CCc1cc(=O)c2c(C)cc3c(c2o1)C(=O)c1c(OC)cccc1C3=O,0.0106,ok
O=C1C(=O)c2c(nc3ccccn23)-c2cnccc21,0.0,ok
CS(=O)(=O)Nc1cccc2c1C(=O)C(=O)C=C2,0.031,ok
NC1=CC(=O)C(=O)c2cccnc21,0.0234,ok
CN(C)CCCSc1nc2c3c(ccc2[nH]1)C(=O)c1ccccc1C3=O,0.0033,ok
CC1(C2=C(O)c3ccccc3C(=O)C2=O)CCCCCC1,0.1426,ok
C=C1C2=C(C(=O)C(Br)=C(C(C)C)C2=O)C2(C)CCCC(C)(C)C12O,0.0221,ok
O=C1c2cccc(O)c2C(=O)c2c1c(O)c1ccccc1c2O,0.0,ok
COC1=C(N)C(=O)c2nc(-c3nc(C(=O)O)c(C)c(-c4ccc(O)c(OC)c4O)c3N)ccc2C1=O,0.0251,ok
Cc1ccc2c(c1)-c1occ(C)c1C(=O)C2=O,0.0004,ok
Cc1ccc2c(c1O)C(=O)c1ccc(OC3OC(COC4OCC(O)C(O)C4O)C(O)C(O)C3O)cc1C2=O,0.0025,ok
O=c1c(=O)c2ccc3c4c(cc5cccc1c5c42)-c1ccccc1-3,0.0,ok
O=C(Nc1cccc2c1C(=O)c1ccccc1C2=O)C(=O)NC1CCCCC1,0.0009,ok
O=C(CCl)Nc1ccc2c(c1NC(=O)Cc1ccccc1)C(=O)c1ccccc1C2=O,0.0086,ok
O=C1C=CC(=O)c2cc(O)ccc21,0.0,ok
O=C1C=CC(C=Cc2cc(O)cc(O)c2)=CC1=O,0.0148,ok
C#Cc1cccc(NC2C3=C(OC2(C)C)C(=O)c2ccccc2C3=O)c1,0.0267,ok
NCCc1c[nH]c2c1C(=O)c1c(c(-c3ccccc3)c3ccccc3c1-c1ccccc1)C2=O,0.0229,ok
CC1CCN(C(=O)c2ccc3c(c2NCCO)C(=O)c2ccccc2C3=O)CC1,0.0498,ok
O=C1C=C(N2CC2)C(=O)C(c2cc(-c3ccc(C(=O)N4CCCC4)s3)on2)=C1N1CC1,0.0865,ok
O=C1C(=O)c2ccc(Br)nc2-c2nc(Br)ccc21,0.0,ok
Cc1ccc2c(c1)C(=O)C(=O)C([N+](=O)[O-])=C2O,0.0643,ok
CC(C)(CNC(=O)c1ccccc1)CC1=C(O)c2ccccc2C(=O)C1=O,0.091,ok
COc1cc(C)c(OC)c(C2=C(Cl)C(=O)C(=O)c3ccccc32)c1,0.0237,ok
Cc1oc2c(c1C(=O)NCCCn1cccc1)C(=O)c1ccccc1C2=O,0.0003,ok
O=C1C=C(NCCCNc2c3c(nc4ccccc24)CCCC3)C(=O)c2ccccc21,0.0115,ok
CN1CCN(c2cc(N3CCN(C(=O)c4ccco4)CC3)c3c4c(onc24)-c2ccccc2C3=O)CC1,0.0024,ok
Cn1c(N)c(C2=CC(=O)C(=O)c3ccccc32)c(=O)n(C)c1=O,0.0236,ok
OC(c1cc(C(F)(F)F)nc2c(C(F)(F)F)cccc12)C1CCCCN1,,no_quinone_ring_found
CC1OC(c2ccc3c(c2O)C(=O)c2ccc4c(c2C3=O)C(=O)CC(C)(O)C4)CCC1N(C)C,0.0841,ok
O=C1c2cccc(O)c2C(=O)c2c(O)cc(CN3CCCCC3)cc21,0.0036,ok
Cc1cccc(CCc2cccc(CCC3=C(O)C(=O)C=C(O)C3=O)c2)c1,0.0015,ok
CCn1c2c(c3ccccc31)C(=O)c1c[n+]([O-])c3ccccc3c1C2=O,0.0111,ok
C=CC(C1=CC(=O)C(OC)=CC1=O)c1ccc(O)cc1,0.0133,ok
Cc1ccc(CN2CCC3(CC2)CSC2=C(O3)c3ccccc3C(=O)C2=O)cc1F,0.0482,ok
O=C1c2ccccc2C(=O)c2c1ccc1c(=O)n(-c3ccccc3)[nH]c21,0.0292,ok
COc1cc(C(Br)Br)cc2c1C(=O)c1c(O)cccc1C2=O,0.0,ok
Cc1cccc2c3c(ccc12)-c1oc2c(c1C(=O)C3=O)CCN(CCCN(C)C)C2,0.045,ok
c1ccoc2ccccc2occcnc1,,no_quinone_ring_found
CC(=O)Nc1ccc(C(=O)NC2=CC(=O)C(=O)c3ccccc32)cc1,0.0668,ok
COC1=CC(=O)C(OC)=C(C(CCCCCCCCCO)OC(C)=O)C1=O,0.0125,ok
NC1CCN(Cc2c[nH]c3c2C(=O)c2c(c(O)c4ccccc4c2O)C3=O)C1,0.0015,ok
CN(C)c1ncc(C2=C(Cl)C(=O)C(N3CCCC3)=C(Cl)C2=O)s1,0.1294,ok
O=C1C=c2cccc3c2=C(C1=O)c1ccccc1-3,0.0,ok
COc1cc2c3c(c1OC)C(=O)C(=O)C1=C3N(CCC1)CC2,0.0976,ok
CC(C)=CCC(OC(=O)C=CC(=O)c1ccccc1)C1=CC(=O)c2c(O)ccc(O)c2C1=O,0.0132,ok
Cc1cc2c(c3oc(C(=O)c4ccccc4)cc13)C(=O)c1c(OC(C)C)cccc1C2=O,0.0448,ok
CC(=O)Nc1c(C)cc(C)c2c1C(=O)C(=O)c1c(-c3ccc(Cl)cc3)coc1-2,0.0212,ok
O=C1C(NC2CCCC2)=C(N2CCCCC2)C(=O)c2ccccc21,0.0065,ok
CC1=CC(=O)c2c(O)cccc2C1=O,0.0,ok
N#Cc1sc2c(=O)c3ccccc3c(=O)c=2sc1C#N,0.0146,ok
O=C1C=CC(=O)c2c(O)cccc21,0.0,ok
CC(C)=CCC(O)C1=CC(=O)c2c(O)ccc(O)c2C1=O,0.0031,ok
O=C1C(Cl)=C(Cl)C(=O)c2ccccc21,0.0,ok
O=C1C=C(N2CC2)C(=O)C(N2CC2)=C1N1CC1,0.0368,ok
CC(=O)Oc1cccc2c1C(=O)c1c(OC(C)=O)cc(C(=O)O)cc1C2=O,0.0106,ok
Nc1ccc2c(c1)C(=O)c1ccccc1C2=O,0.0025,ok
CC(=O)C1(O)Cc2c(O)c3c(c(O)c2C(OC2CC(N)C(O)C(C)O2)C1)C(=O)c1ccccc1C3=O,0.0027,ok
O=C1c2ccccc2C(=O)c2c(O)c(O)cc(O)c21,0.0,ok
Cc1c(C(=O)O)c(O)cc2c1C(=O)c1c(O)c(C3OC(CO)C(O)C(O)C3O)c(O)c(O)c1C2=O,0.0734,ok
O=C1c2ccccc2C(=O)c2c(O)ccc(O)c21,0.0,ok
COc1cc(O)c2c(c1)C(=O)c1cc(C)cc(O)c1C2=O,0.0006,ok
CC1=C(C)C(=O)C(C(CCCCCC(=O)O)c2ccccc2)=C(C)C1=O,0.0073,ok
O=C1c2cccc(O)c2C(=O)c2c(O)cc(CO)cc21,0.0001,ok
CC1=C(C)C(=O)C(CCC(C)(O)CCCC(C)CCCC(C)CCCC(C)C)=C(C)C1=O,0.0346,ok
CC(=O)C1(O)Cc2c(O)c3c(c(O)c2C(OC2CC(N)C(O)C(C)O2)C1)C(=O)c1c(O)cccc1C3=O,0.0017,ok
Nc1ccc(N)c2c1C(=O)c1c(N)ccc(N)c1C2=O,0.0807,ok
CC1=CC(=O)C(C)=CC1=O,0.0,ok
CC(C)(C)C1=CC(=O)C=C(C(C)(C)C)C1=O,0.0,ok
Nc1c(Br)cc(Br)c2c1C(=O)c1ccccc1C2=O,0.0745,ok
COC1=CC(=O)c2ccccc2C1=O,0.006,ok
O=C1C=CC(=O)c2c(O)ccc(O)c21,0.0,ok
O=C1c2ccccc2C(=O)c2c(O)cccc21,0.0,ok
CCOC(=O)NC1=C(N2CC2)C(=O)C(NC(=O)OCC)=C(N2CC2)C1=O,0.2146,ok
NCCNc1ccc(NCCN)c2c1C(=O)c1ccncc1C2=O,0.0162,ok
COC1=CC(=O)C=C(OC)C1=O,0.0089,ok
O=C1C=C(Cl)C(=O)C(Cl)=C1,0.0,ok
Nc1ccc(N)c2c1C(=O)c1ccccc1C2=O,0.0164,ok
CCCCCCCCCCCC1=C(O)C(=O)C=C(O)C1=O,0.0034,ok
Cn1c(C=CCO)c(CO)c2c1C(=O)C=C(N1CC1)C2=O,0.0108,ok
COC12C(COC(N)=O)C3=C(C(=O)C(C)=C(N)C3=O)N1CC1C2N1C,0.0225,ok
COC1=C(OC)C(=O)C(CC=C(C)C)=C(C)C1=O,0.011,ok
Cc1ccc2c(c1[N+](=O)[O-])C(=O)c1ccccc1C2=O,0.0,ok
O=C1c2ccccc2C(=O)c2c(Cl)cccc21,0.0,ok
CC1=C(C)C(=O)C(CCCCC#CCCCC#CCO)=C(C)C1=O,0.003,ok
O=C1c2ccc(O)c(O)c2C(=O)c2c(O)ccc(O)c21,0.0,ok
CCc1ccc2c(c1)C(=O)c1ccccc1C2=O,0.0003,ok
CC1OC(CC(=O)O)CC2=C1C(=O)c1c(O)cccc1C2=O,0.0279,ok
Cc1ccc2c(c1)C(=O)c1ccccc1C2=O,0.0006,ok
NC1=CC(=O)c2ccccc2C1=O,0.0171,ok
O=C1c2ccc(O)cc2C(=O)c2ccc(O)cc21,0.0,ok
O=C1c2ccccc2C(=O)c2cc(Cl)ccc21,0.0,ok
Cc1ccc2c(c1N)C(=O)c1ccccc1C2=O,0.0268,ok
O=C1C=CC(=O)C(c2ccccc2)=C1,0.0033,ok
CNc1ccc(NCCO)c2c1C(=O)c1ccccc1C2=O,0.017,ok
COC1=C(OC)C(=O)C(CC=C(C)CCC=C(C)C)=C(C)C1=O,0.0153,ok
Cc1cc(O)c2c(c1)C(=O)c1cc(O)cc(OC3OC(CO)C(O)C(O)C3O)c1C2=O,0.0665,ok
COC1CC(C)(O)Cc2cc3c(c(O)c21)C(=O)c1c(O)cc2c(c1C3=O)OC1OC2(C)C(O)C(N(C)C)C1O,0.0593,ok
CC(=O)c1cc2c(o1)C(=O)c1ccccc1C2=O,0.0,ok
CC(=O)C1(N)Cc2c(O)c3c(c(O)c2C(OC2CC(O)C(O)CO2)C1)C(=O)c1ccccc1C3=O,0.0148,ok
C[N+](C)([O-])CCNc1ccc(NCC[N+](C)(C)[O-])c2c1C(=O)c1c(O)ccc(O)c1C2=O,0.0666,ok
COC1=CC(=O)c2c(O)c(C)c(CC(C)=O)c(O)c2C1=O,0.0107,ok
CCCCCCCCCCCCC1=C(OC(C)=O)C(=O)c2ccccc2C1=O,0.0261,ok
Nc1cccc2c1C(=O)c1cccc(N)c1C2=O,0.0116,ok
COC1=C(C)C(=O)C2=C(C1=O)C(COC(N)=O)C1(O)C3C(CN21)N3C,0.0729,ok
Nc1ccc(O)c2c1C(=O)c1ccccc1C2=O,0.0258,ok
O=C1c2c(O)ccc([N+](=O)[O-])c2C(=O)c2c([N+](=O)[O-])ccc(O)c21,0.0735,ok
Nc1c(Oc2ccccc2)cc(O)c2c1C(=O)c1ccccc1C2=O,0.0294,ok
O=C1c2cccc(O)c2C(=O)c2cccc(O)c21,0.0,ok
O=C1C(O)=C(O)C(=O)C(O)=C1O,0.0,ok
COC(COC(N)=O)C1=C(N2CC2)C(=O)C(C)=C(N2CC2)C1=O,0.1092,ok
O=c1c2ccccc2c(=O)c2c1cc(Cl)c1[nH]c3c([nH]c12)c(Cl)cc1c(=O)c2ccccc2c(=O)c13,0.0,ok
COC1=C(OC)C(=O)c2ccccc2C1=O,0.0053,ok
O=C1c2cc(O)cc(O)c2C(=O)c2c1cc1c(c2O)C2C=COC2O1,0.0023,ok
CC(C)(C)C1=CC(=O)C=CC1=O,0.0,ok
CC1(C)C=CC2=C(O1)C(=O)c1ccccc1C2=O,0.0,ok
COc1cccc2c1C(=O)c1c(O)c3c(c(O)c1C2=O)CC(O)(C(=O)CO)CC3OC1CC(N)CC(C)O1,0.0051,ok
Nc1cccc2c1C(=O)c1cccc(Cl)c1C2=O,0.0584,ok
Cc1ccc(Nc2ccc(Nc3ccc(C)cc3)c3c2C(=O)c2ccccc2C3=O)cc1,0.011,ok
CC(C)(C)C1=CC(=O)C(C(C)(C)C)=CC1=O,0.0,ok
CC1=C(C)C(=O)c2ccccc2C1=O,0.0028,ok
Nc1cccc2c1C(=O)c1ccccc1C2=O,0.025,ok
CC(C)=CCCC(C)=CCCC(C)=CCCC(C)(O)CCC1=C(C)C(=O)C(C)=C(C)C1=O,0.0301,ok
Nc1c(S(=O)(=O)O)cc(Br)c2c1C(=O)c1ccccc1C2=O,0.0796,ok
CC(C)Nc1ccc(NC(C)C)c2c1C(=O)c1ccccc1C2=O,0.0513,ok
CC(C)(C)c1ccc2c(c1)C(=O)c1ccccc1C2=O,0.0009,ok
CCC(C)(C)c1ccc2c(c1)C(=O)c1ccccc1C2=O,0.0,ok
O=C1C(O)=C(c2ccccc2)C(=O)C(O)=C1c1ccccc1,0.0018,ok
COc1cccc2c1C(=O)C1=C(CC(C)OC1C)C2=O,0.0382,ok
O=C1C=C(Cl)C(=O)C=C1Cl,0.0,ok
CCCCNc1ccc(NCCCC)c2c1C(=O)c1ccccc1C2=O,0.0156,ok
O=C1c2ccccc2C(=O)c2c1cc(S(=O)(=O)O)c(O)c2O,0.0046,ok
O=C1c2ccccc2C(=O)c2cc(O)ccc21,0.0,ok
O=C1C=C(O)C(=O)C=C1O,0.0,ok
COc1c(C=O)c(O)cc2c1C(=O)c1ccccc1C2=O,0.0088,ok
O=C1c2ccccc2C(=O)c2c(O)cc(O)cc21,0.0,ok
CC(=O)NC1=C(Cl)C(=O)c2ccccc2C1=O,0.0874,ok
CC1OC2CC(=O)OC2C2=C1C(=O)c1c(O)cccc1C2=O,,no_quinone_ring_found
CN(C)C1=CC(=O)c2ccccc2C1=O,0.0115,ok
O=C1c2ccccc2C(=O)c2c(NCCNCCO)ccc(NCCNCCO)c21,0.0238,ok
CC1=C(C)C(=O)C(C)=C(C)C1=O,0.0034,ok
O=C1c2ccccc2C(=O)c2c1ccc1ccccc21,0.0,ok
CC1=C(N2CC2)C(=O)C(CO)=C(N2CC2)C1=O,0.1122,ok
COc1c(O)cc2c(c1O)C(=O)c1c(cc(C)c(O)c1OC)C2=O,0.0296,ok
CCCCCCCCCC(=CC1=C(C)C(=O)C(OC)=C(OC)C1=O)C(=O)O,0.0327,ok
CC(C)=CCCc1ccc2c(c1)C(=O)c1ccccc1C2=O,0.0007,ok
CC(C)=CCC(OC(=O)CC(C)(C)O)C1=CC(=O)c2c(O)ccc(O)c2C1=O,0.002,ok
COC1=CC(=O)C(O)=C(CC2(C)CCC3(C)C(C)=CCCC3C2C)C1=O,0.0257,ok
Cc1ccc2c(c1Cl)C(=O)c1ccccc1C2=O,0.0,ok
O=C1c2ccccc2C(=O)c2cc(S(=O)(=O)O)ccc21,0.0038,ok
O=c1c2ccccc2c(=O)c2c1ccc1[nH]c3c(ccc4c(=O)c5ccccc5c(=O)c43)[nH]c12,0.0,ok
Nc1ccc(-c2ccc(N)c3c2C(=O)c2ccccc2C3=O)c2c1C(=O)c1ccccc1C2=O,0.0707,ok
O=C1c2cccc(Sc3ccccc3)c2C(=O)c2c(Sc3ccccc3)cccc21,0.1095,ok
O=C1c2ccccc2C(=O)c2c1cccc2[N+](=O)[O-],0.0,ok
CNc1cccc2c1C(=O)c1ccccc1C2=O,0.0248,ok
N#CC1=C(C#N)C(=O)C(Cl)=C(Cl)C1=O,0.0,ok
Nc1ccc2c(c1)C(=O)c1ccc(N)cc1C2=O,0.0003,ok
COc1cc(N)c2c(c1N)C(=O)c1ccccc1C2=O,0.0201,ok
O=C1c2c(O)ccc(O)c2C(=O)c2c(NCCO)ccc(NCCO)c21,0.0685,ok
Nc1ccc(O)c2c1C(=O)c1c(N)ccc(O)c1C2=O,0.012,ok
O=C1c2ccccc2C(=O)c2c(NCCO)ccc(NCCO)c21,0.037,ok
CC1=CC(=O)C(C)=C(C)C1=O,0.0022,ok
O=C1C(Br)=C(Br)C(=O)C(Br)=C1Br,0.0,ok
O=C1C=C(N2CC2)C(=O)C=C1N1CC1,0.009,ok
O=C1c2ccc3nc(-c4ccccc4)sc3c2C(=O)c2ccc3nc(-c4ccccc4)sc3c21,0.0,ok
COc1cc(NS(=O)(=O)c2ccc(C)cc2)c2c(c1N)C(=O)c1ccccc1C2=O,0.0603,ok
Cc1cc(O)c2c(c1)C(=O)C(c1c(C)cc3c(c1O)C(=O)C=CC3=O)=CC2=O,0.0123,ok
CC(C)=CCCC1=CC(=O)c2c(O)ccc(O)c2C1=O,0.0052,ok
COC1=C(OC)C(=O)C(C)=CC1=O,0.0104,ok
CCCCCCCCCCC1=C(C)C(=O)C(OC)=C(OC)C1=O,0.0112,ok
COc1ccc(OC)c2c1C(=O)c1ccccc1C2=O,0.0667,ok
CC1=C(Br)C(=O)C(C(C)C)=C(Br)C1=O,0.0569,ok
Cc1c(O)cc2c(c1O)C(=O)c1ccccc1C2=O,0.001,ok
COC1=CC(=O)c2c(c(COc3ccc([N+](=O)[O-])cc3)c(C)n2C)C1=O,0.0067,ok
O=C1c2ccccc2C(=O)c2c1cc(O)c(O)c2O,0.0,ok
CC1(C)CCC2=C(O1)C(=O)c1ccccc1C2=O,0.005,ok
O=C1c2c(O)ccc(Nc3ccc(CCO)cc3)c2C(=O)c2c([N+](=O)[O-])ccc(O)c21,0.0569,ok
O=C1c2cc(O)cc(O)c2C(=O)c2c(O)cc(CO)cc21,0.0002,ok
O=C1C(O)=C(c2ccc(O)cc2)C(=O)C(O)=C1c1ccc(O)cc1,0.0039,ok
O=C1c2ccccc2C(=O)c2c1cc(OC1OC(COC3OCC(O)C(O)C3O)C(O)C(O)C1O)c(CO)c2O,0.0159,ok
COc1cc(C)cc2c1C(=O)c1c(O)cccc1C2=O,0.0029,ok
CCCCCCCCCCCC1=C(O)C(=O)C=C(OC)C1=O,0.0002,ok
CC(C)=CCCC(C)=CCCC(C)=CCC1=C(O)C(=O)C=C(O)C1=O,0.009,ok
CC1=CC(=O)c2cccc(O)c2C1=O,0.0,ok
Cc1cc(=O)[nH]c2c1C(=O)c1ccccc1C2=O,0.0,ok
COC1=C(OC)C(=O)C(CC=C(C)CCC=C(C)CCC=C(C)CCC=C(C)C)=C(C)C1=O,0.0137,ok
CC1CC(=O)c2c(ccc3c2C(=O)c2cccc(O)c2C3=O)C1,0.2367,ok
Nc1ccc(N)c2c1C(=O)c1c(O)ccc(O)c1C2=O,0.0154,ok
Cc1cc(O)c2c(c1)C(=O)C=CC2=O,0.0006,ok
C=CC(C1=CC(=O)C(OC)=C(OC)C1=O)c1ccccc1,0.0283,ok
O=C(Nc1ccc2c(c1)C(=O)c1ccccc1C2=O)c1ccccc1,0.0,ok
CCCCCCC=CCCCCCCCCCC1=CC(=O)C=C(OC)C1=O,0.005,ok
CCCCCC1=CC(=O)C=C(OC)C1=O,0.0095,ok
CC(=O)NCCc1ccc(O)c(-c2c(O)c(O)c3c(c2O)C(=O)c2c(cc(O)c(C(=O)O)c2C(=O)O)C3=O)c1,0.0769,ok
C=CC(C)(C)c1[nH]c2ccccc2c1C1=C(O)C(=O)C(c2c[nH]c3c(CC=C(C)C)cccc23)=C(O)C1=O,0.0077,ok
Nc1c(N2CCN(C3CCCCC3)CC2)cc(Nc2ccc(C(=O)O)cc2)c2c1C(=O)c1ccccc1C2=O,0.0481,ok
CNC1=CC(=O)c2ccccc2C1=O,0.0101,ok
COC1C=CC=C(C)C(=O)NC2=CC(=O)C(N)=C(CC(C)CC(OC)C(O)C(C)C=C(C)C1OC(N)=O)C2=O,,no_quinone_ring_found
O=C1C=CC(=O)c2c1ccc1ccccc21,0.0,ok
O=C1c2cccc([N+](=O)[O-])c2C(=O)c2cccc(Cl)c21,0.0678,ok
O=C1C=C(Cl)C(=O)c2ccccc21,0.0,ok
Nc1ccc2c(c1N)C(=O)c1ccccc1C2=O,0.0289,ok
Nc1ccc(O)c2c1C(=O)c1c(O)ccc(N)c1C2=O,0.0104,ok
COC1=CC(=O)C(C)=CC1=O,0.0046,ok
Nc1ccc(N)c2c1C(=O)c1cccc([N+](=O)[O-])c1C2=O,0.0486,ok
O=C(O)c1ccc2c(c1)C(=O)c1ccccc1C2=O,0.0,ok
O=C1c2cccc(Cl)c2C(=O)c2c(Cl)cccc21,0.0,ok
COC1CC(C)C(OC)C2=CC(=O)C=C(NC(=O)C(C)=CC=CC(C)C(OC(N)=O)C(C)=CC(C)C1OC)C2=O,0.0302,ok
O=C1c2ccccc2C(=O)c2c(Nc3cccc4c3C(=O)c3ccccc3C4=O)cccc21,0.0012,ok
O=C1c2cccc(Cl)c2C(=O)c2cccc(Cl)c21,0.0,ok
CNc1ccc(N)c2c1C(=O)c1ccccc1C2=O,0.0014,ok
COc1cc(O)c2c(c1N)C(=O)c1ccccc1C2=O,0.0316,ok
O=C1C(O)=C(Cl)C(=O)C(O)=C1Cl,0.0,ok
CNc1ccc(NC)c2c1C(=O)c1ccccc1C2=O,0.062,ok
O=C(O)CN(CC(=O)O)Cc1cc2c(c(O)c1O)C(=O)c1ccccc1C2=O,0.0063,ok
O=C1c2ccccc2C(=O)c2c(Nc3ccccc3)ccc(O)c21,0.0281,ok
CNc1ccc(Nc2cccc(C)c2)c2c1C(=O)c1ccccc1C2=O,0.0467,ok
Nc1ccc(Cl)c2c1C(=O)c1ccccc1C2=O,0.0602,ok
O=C1c2c(O)ccc(O)c2C(=O)c2c(O)ccc(O)c21,0.0,ok
O=C1C(Cl)=C(Nc2ccccc2)C(=O)c2ccccc21,0.018,ok
CC1=C(O)C(=O)C(C2=C(O)C(=O)C(C)=C(O)C2=O)=C(O)C1=O,0.007,ok
Nc1ccc(NC(=O)c2ccccc2)c2c1C(=O)c1ccccc1C2=O,0.038,ok
COC1=C(C)C(=O)c2c(c(COC(N)=O)c3n2CC2C3N2C)C1=O,0.0125,ok
O=C1C(Nc2ccccc2)=CC(=O)c2ncccc21,0.0294,ok
COC1=CC(=O)C=CC1=O,0.0045,ok
COC1=CC(=O)C(OC)=CC1=O,0.0092,ok
CC1=CC(=O)C=C(C)C1=O,0.0,ok
COc1cccc2c1C(=O)c1c(O)c3c(c(O)c1C2=O)CC(O)(C(=O)CO)CC3O,0.0142,ok
O=C1c2ccccc2C(=O)c2cc3ccccc3cc21,0.0,ok
COc1cccc2c1C(=O)c1ccc3c(c1C2=O)C(=O)CC(C)(O)C3,0.1064,ok
Cc1cc(O)c2c(c1)C(=O)c1cc(OC3OCC(O)(CO)C3O)cc(O)c1C2=O,0.0007,ok
O=C1C(Br)=C(Br)C(=O)c2ccccc21,0.0,ok
COC1=C(OC)C(=O)C=CC1=O,0.0088,ok
CCCCCCCCCCCCCC1=C(O)C(=O)C=C(O)C1=O,0.003,ok
COc1c(C)c(O)cc2c1C(=O)c1ccccc1C2=O,0.0153,ok
Cc1cc(O)c2c(c1)C(=O)c1cccc(OC3OC(CO)C(O)C(O)C3O)c1C2=O,0.0153,ok
CC(C)=CCC1=C(C)C(=O)c2ccccc2C1=O,0.0038,ok
CCC1(O)CC(O)c2c(cc3c(c2O)C(=O)c2c(O)cccc2C3=O)C1C(=O)OC,0.0016,ok
CCC1(O)CC(O)c2c(O)c3c(c(O)c2C1C(=O)OC)C(=O)c1cccc(O)c1C3=O,0.001,ok
Cc1cc(O)c2c3c(c(O)cc2c1)C(=O)c1c(O)cccc1C3=O,0.0665,ok
Cc1cc2c(c(O)c1O)C(=O)c1c(O)cccc1C2=O,0.0,ok
CC(=O)OCc1cc(O)c2c(c1)C(=O)c1cccc(O)c1C2=O,0.0003,ok
COc1cc(OC)c2c(c1)C(=O)c1ccccc1C2=O,0.0002,ok
Cc1c(C(=O)O)c(O)cc2c1C(=O)c1c(O)cccc1C2=O,0.0004,ok
COc1cc2[nH]c3c(c2cc1OC)C(=O)C(C)=CC3=O,0.0,ok
COc1ccc2c3c([nH]c2c1)C(=O)C=C(C)C3=O,0.0,ok
COc1cc(O)cc2c1C(=O)c1c(O)cc(C)cc1C2=O,0.0012,ok
CCC(C)C1C(=O)OC2c3cc(C)cc(O)c3C3=C(C(=O)c4c(OC5CC(O)C(O)C(C)O5)cccc4C3=O)N21,,no_quinone_ring_found
CC1=CC(=O)c2c(C=O)c(O)c(O)c(C(C)C)c2C1=O,0.1143,ok
O=C1c2oc3cc(O)c(O)cc3c2C(=O)c2oc3cc(O)c(O)cc3c21,0.0,ok
CC12CCCC(O1)c1c(cc3c(c1O)C(=O)c1c(O)cc(O)cc1C3=O)O2,0.0024,ok
O=C1C=CC(=O)c2c1ccc1c2ccc2ccccc21,0.0,ok
C=CC(C1=CC(=O)C(OC)=CC1=O)c1ccc(OC)cc1,0.0154,ok
O=C1c2ccccc2C(=O)c2c1ccc1nsnc21,0.0,ok
COc1ccc2c(c1O)C(=O)c1c3c(cc(O)c1C2=O)C12OC1(C(C)O)C(C#CC=CC#CC2O)N3,0.0238,ok
CC(=O)OC(CC=C(C)C)C1=CC(=O)c2c(O)ccc(O)c2C1=O,0.0045,ok
CCCC1OC2CC(=O)OC2C2=C1C(=O)c1c(O)cccc1C2=O,,no_quinone_ring_found
CCCC1OC(CC(=O)O)CC2=C1C(=O)c1c(O)cccc1C2=O,0.0253,ok
CC(=O)c1cc2c(o1)C(=O)c1c(O)cccc1C2=O,0.0,ok
O=C1c2ccccc2C(=O)c2cc(O)c(O)cc21,0.0007,ok
O=C1c2[nH]c3ccccc3c2C(=O)c2cnc3ccccc3c21,0.0,ok
O=c1c2ccccc2c(=O)c2c1sc1c(=O)c3ccccc3c(=O)c12,0.0,ok
CCc1c(C)cc2c(c1O)C(=O)C1=C(C2=O)C(C)(C)OC1(O)C(=O)OC,0.0071,ok
CCc1c(C)cc2c(c1O)C(=O)C1=C(C2=O)C(C)(C)OC1(OC)C(=O)OC,0.0066,ok
COc1c(Cl)c(C)cc2cc(O)c3c(c12)C(=O)c1cc2c(c(O)c1C3=O)C(C)OC2=O,0.1037,ok
COC(=O)c1cc2c(c(O)c1C(C)OC(=O)CO)C(=O)c1c(O)cc3cc(C)c(Cl)c(OC)c3c1C2=O,0.1252,ok
CCc1c(C(=O)OC)cc2c(c1O)C(=O)c1c(O)cc3cc(C)c(Cl)c(OC)c3c1C2=O,0.1046,ok
CC1CC2=C(C(=O)c3c(O)cc(O)cc3C2=O)C(O)O1,0.0185,ok
Cc1cc2c(c(O)c1-c1c(C)cc(O)c3c1C(=O)C=CC3=O)C(=O)C=CC2=O,0.0388,ok
CC(N)Cc1c2ccoc2c(Br)c2ccoc12,,no_quinone_ring_found
COC(=O)c1cc2c(c(O)c1C(C)OC(C)=O)C(=O)c1c(O)cc3cc(C)c(Cl)c(OC)c3c1C2=O,0.1071,ok
COC1=CC(=O)c2c(O)c3c(c(O)c2C1=O)C=C(C)OC3,0.0058,ok
COc1cc(O)c2c(c1)C(=O)C1=C(C2=O)C(O)C(O)C(C)(O)C1O,0.0168,ok
COc1cccc2c1C(=O)c1ccccc1C2=O,0.0,ok
CC(O)c1cc2c(o1)C(=O)c1cccc(O)c1C2=O,0.0007,ok
C=CCC=CCC=CCCCCCCCC1=C(O)C(=O)C=C(OC)C1=O,0.0061,ok
CC(C)CC(C)NC1=CC(=O)C(Nc2ccccc2)=CC1=O,0.0162,ok
COCCNC1=C(Cl)C(=O)c2ccccc2C1=O,0.0075,ok
COC1=C(C)C(=O)C(C=C(CCCCCc2cccnc2)C(=O)O)=C(C)C1=O,0.0125,ok
NS(=O)(=O)c1cccc2c1C(=O)c1cccc(O)c1C2=O,0.0675,ok
O=C1C=CC(=O)c2cc3ccccc3cc21,0.0,ok
CN(C)C1=C(Cl)C(=O)c2ccccc2C1=O,0.0192,ok
CCOC1=C(Cl)C(=O)c2ccccc2C1=O,0.0055,ok
O=C1c2c(O)ccc(O)c2C(=O)c2c(Cl)ccc(Cl)c21,0.066,ok
NC1=C(Cl)C(=O)C(N)=C(Cl)C1=O,0.0088,ok
COc1cccc2c1C(=O)c1c(O)c3c(c(O)c1C2=O)CC(O)(C(C)=O)CC3OC1CC(O)C(O)C(C)O1,0.0028,ok
COc1cccc2c1C(=O)c1c(O)c3c(c(O)c1C2=O)CC(O)(C(C)O)CC3OC1CC(N)C(O)C(C)O1,0.0151,ok
O=C1c2cccc([N+](=O)[O-])c2C(=O)c2cccc([N+](=O)[O-])c21,0.0708,ok
O=C1c2ccccc2C(=O)c2c1cccc2S(=O)(=O)O,0.0617,ok
O=C(Nc1ccc(Cl)c2c1C(=O)c1ccccc1C2=O)c1ccccc1,0.0,ok
O=C1c2cccc(S(=O)(=O)O)c2C(=O)c2cccc(S(=O)(=O)O)c21,0.1088,ok
Nc1c(Cl)c(Cl)c(N)c2c1C(=O)c1ccccc1C2=O,0.0213,ok
Nc1ccc(O)c2c1C(=O)c1c(O)cc(-c3ccc(O)cc3)c(N)c1C2=O,0.0125,ok
Nc1c(-c2nc3cc4c(cc3o2)C(=O)c2ccccc2C4=O)ccc2c1C(=O)c1ccccc1C2=O,0.0014,ok
Nc1c(OCCOc2ccccc2)cc(O)c2c1C(=O)c1ccccc1C2=O,0.055,ok
O=C1C=CC(=O)c2cnccc21,0.0,ok
CCCOC1=C(N2CC2)C(=O)C(OCCC)=C(N2CC2)C1=O,0.1394,ok
CC(C)=CCC(OC(=O)C=C(C)C)C1=CC(=O)c2c(O)ccc(O)c2C1=O,0.0056,ok
COC1=C(C)C(=O)C2=C(C1=O)C(CO)N1C(C#N)C3CC4C(C1C2N1CCOC41)N3C,0.0628,ok
COC(=O)c1nc(-c2ccc3c(n2)C(=O)C(N)=C(OC)C3=O)c(N)c(-c2ccc(OC)c(OC)c2O)c1C,0.0293,ok
Cc1cc(O)c2c(c1O)C(=O)c1cccc(O)c1C2=O,0.0,ok
CCCc1c2c([nH]c(=O)c1C)C(=O)c1[nH]c(=O)c(C)c(CCC)c1C2=O,0.0121,ok
Cc1ccc2c(c1-c1c(C)ccc3c1C(=O)c1ccccc1C3=O)C(=O)c1ccccc1C2=O,0.0152,ok
COc1cccc2c1C(=O)c1c(O)c3c(c(O)c1C2=O)CC(O)(C(=O)CO)CC3,0.0073,ok
O=C1C=C(Br)C(=O)C=C1Br,0.0,ok
O=C1C(Cl)=C(NCCN2CCOCC2)C(=O)c2ncccc21,0.0105,ok
COc1c(O)c(C)cc2c1C(=O)c1c(O)cccc1C2=O,0.0066,ok
COc1cccc2c1C(=O)c1c(O)c3c(c(O)c1C2=O)CC(O)(C(O)CO)CC3OC1CC(N)C(O)C(C)O1,0.0218,ok
Cc1cc(O)c2c(c1)C(=O)c1cc(OC3OC(C)C(O)C(O)C3O)cc(O)c1C2=O,0.0028,ok
CCCCCNc1ccc(NCCCCC)c2c1C(=O)c1ccccc1C2=O,0.0501,ok
O=C1C(Cl)=C(NCCc2ccccc2)C(=O)c2ccccc21,0.0136,ok
O=C(Nc1cccc2c1C(=O)c1cccc(NC(=O)c3ccccc3)c1C2=O)c1ccccc1,0.0026,ok
CC1=C(C)C(=O)C=CC1=O,0.002,ok
Nc1ccc(Br)c2c1C(=O)c1ccccc1C2=O,0.0677,ok
O=C1C(Cl)=C(Nc2ccc(O)cc2)C(=O)c2ccccc21,0.0171,ok
O=C1C=C(Cl)C(=O)C(Cl)=C1Cl,0.0,ok
O=C1C=C(Br)C(=O)c2ccccc21,0.0,ok
CNc1ccc(O)c2c1C(=O)c1c(O)ccc(NC)c1C2=O,0.0735,ok
Nc1c(Br)cc(O)c2c1C(=O)c1ccccc1C2=O,0.0302,ok
Nc1c(S(=O)(=O)O)cc(Nc2ccccc2)c2c1C(=O)c1ccccc1C2=O,0.052,ok
O=C1c2ccccc2C(=O)c2c(NC3CCCCC3)cccc21,0.0171,ok
O=C1c2ccccc2C(=O)c2cnccc21,0.0,ok
COc1cccc2c1C(=O)c1c(O)c3c(c(O)c1C2=O)CC(O)(C(C)=O)CC3O,0.0048,ok
O=C1c2ccccc2C(=O)c2c(O)c(S(=O)(=O)O)cc(O)c21,0.0005,ok
O=C1c2ccccc2C(=O)c2c(NCCO)cccc21,0.0267,ok
O=C1C(O)=C(Br)C(=O)C(O)=C1Br,0.0,ok
O=C1c2c(Cl)ccc(Cl)c2C(=O)c2c(Cl)ccc(Cl)c21,0.1682,ok
O=C1c2cccc(Oc3ccccc3)c2C(=O)c2c(Oc3ccccc3)cccc21,0.0681,ok
CN(C)Cc1ccc(Nc2ccc(N)c3c2C(=O)c2ccccc2C3=O)cc1,0.0242,ok
COc1ccc(-c2cc(O)c3c(c2N)C(=O)c2c(O)ccc(N)c2C3=O)cc1,0.0556,ok
CC(=O)Oc1ccc2c(c1OC(C)=O)C(=O)c1ccccc1C2=O,0.0239,ok
COc1ccc2c(c1)C(=O)c1ccc(OC)cc1C2=O,0.0,ok
CC(C)=CCCC(C)=CCC1=C(C)C(=O)c2ccccc2C1=O,0.0033,ok
Cc1cc(O)c2c(c1)C(=O)C=C(c1c(C)cc(O)c3c1C(=O)C=CC3=O)C2=O,0.016,ok
COc1cccc2c1C(=O)c1c(O)c3c(c(O)c1C2=O)CC(O)(CCO)CC3OC1CC(N)C(O)C(C)O1,0.0173,ok
CCC1(O)Cc2c(O)c3c(c(O)c2C(OC2CC(N)C(O)C(C)O2)C1)C(=O)c1c(OC)cccc1C3=O,0.0183,ok
COc1c(O)cc2c(c1O)C(=O)c1ccc(C)c(O)c1C2=O,0.0,ok
O=C1C(O)=C(c2c[nH]c3ccccc23)C(=O)C(O)=C1c1c[nH]c2ccccc12,0.0202,ok
O=c1c2ccccc2c(=O)c2sc3c(=O)c4ccccc4c(=O)c3sc12,0.0076,ok
Cc1cc(=O)c2c(O)cc3c(c2o1)C(=O)c1c(O)cc(O)cc1C3=O,0.0,ok
COc1cc2c(c(OC)c1OC)C(=O)c1c(cc(C)c(O)c1OC)C2=O,0.0863,ok
CC(C)=CCC1=CC(=O)c2ccccc2C1=O,0.0008,ok
Cn1cc(-c2nc(C(N)=O)cs2)c2c1C(=O)C=C(N)C2=O,0.0129,ok
CCCCCC(O)c1c(O)cc2c(c1O)C(=O)c1c(O)cc(O)cc1C2=O,0.0032,ok
COC1=CC(=O)c2cc(C)cc(O)c2C1=O,0.0325,ok
O=C1C=C(C2=CC(=O)c3cccc(O)c3C2=O)C(=O)c2c(O)cccc21,0.0206,ok
Cc1cc(O)c2c(c1)C(=O)c1cc(O)ccc1C2=O,0.0006,ok
COc1cc(OC2OC(CO)C(O)C(O)C2O)c2c(c1)C(=O)c1cc(C)cc(O)c1C2=O,0.0588,ok
CCc1c(O)c(O)c2c(c1O)C(=O)C(O)=C(O)C2=O,0.0006,ok
CC1=C(N2CC2)C(=O)C(C)=C(N2CC2)C1=O,0.0998,ok
CC1=C(C)C(=O)C(Cc2cccnc2)=C(C)C1=O,0.029,ok
O=C1c2ccccc2C(=O)c2oc(-c3ccccc3)nc21,0.0,ok
O=C1c2c(O)cccc2C(=O)c2c([N+](=O)[O-])ccc(O)c21,0.0151,ok
COC1=CC(=O)c2c(c(COc3ccccc3)c(C)n2C)C1=O,0.005,ok
CC1OC(OC2CC(O)(C(=O)CO)Cc3c(O)c4c(c(O)c32)C(=O)c2ccccc2C4=O)CC(N)C1O,0.0031,ok
CNC1=C(Br)C(=O)c2ccncc2C1=O,0.0121,ok
CC1CC2=C(C(=O)c3c(O)cccc3C2=O)C(C)O1,0.0297,ok
CC1=C(CCCCCC(=O)O)C(=O)c2ccccc2C1=O,0.0019,ok
O=C1C=CC(=O)c2[nH]ccc21,0.0,ok
COc1ccc(N)c2c1C(=O)c1ccccc1C2=O,0.0595,ok
CC(C)NC1=C(Cl)C(=O)c2ccccc2C1=O,0.0089,ok
Nc1ccc2c(c1Cl)C(=O)c1ccc(N)c(Cl)c1C2=O,0.0856,ok
CCOC(=O)c1c(C)oc2c1C(=O)c1ccccc1C2=O,0.0171,ok
O=C1C(Cl)=C(Nc2ccc(S(=O)(=O)Nc3ccccn3)cc2)C(=O)c2ccccc21,0.0085,ok
O=C1c2ccccc2C(=O)c2c1ccc1nccnc21,0.0,ok
COc1ccc(NC2=C(N3CCCCC3)C(=O)c3ccccc3C2=O)cc1,0.0183,ok
NC1=CC(=O)c2ccc(-c3ccccn3)nc2C1=O,0.0176,ok
COc1cc(O)c2c(c1)C(=O)C1=C(C2=O)C(C)OC(C)C1,0.0296,ok
COC1=CC(=O)C(C(=O)c2ccccc2)=CC1=O,0.0076,ok
CC12CCCc3coc(c31)C(=O)c1cc3c(cc12)C(=O)C1=C(NCCS1(=O)=O)C3=O,0.1122,ok
C=CC(C1=CC(=O)C=CC1=O)c1ccccc1,0.0111,ok
O=C(O)CC(O)CCC(=O)c1cccc(O)c1C(=O)c1c(C(=O)O)c(O)cc2c1C(=O)c1c(O)cccc1C2=O,0.086,ok
C=CC(C1=CC(=O)C(OC)=CC1=O)c1ccccc1,0.0142,ok
CC1=CC(=O)c2ccc(C)cc2C1=O,0.0006,ok
C=C1CCCC2C1(C)CCC(C)C2(C)CC1=C(O)C(=O)C=C(OC)C1=O,0.0126,ok
COc1cc(O)c2c(c1)C(=O)c1cc(C)c(O)cc1C2=O,0.0,ok
O=C(O)c1cc(O)c2c(c1)C(=O)c1cc(O)cc(O)c1C2=O,0.0,ok
COc1ccc2c(c1OC)C(=O)c1ccccc1C2=O,0.0263,ok
CC1=CCC2C(C)(C)CCCC2(C)C1CC1=CC(=O)C=CC1=O,0.0072,ok
O=C1c2ccccc2C(=O)c2cc(CO)ccc21,0.0012,ok
COC1=CC(=O)C(O)=C(C=C2C(C)CCC3C(C)(C)CCCC23C)C1=O,0.0285,ok
CC1=CC(=O)C(C2(C)CCC(=O)C2(C)C)=CC1=O,0.0228,ok
CC1=CC(=O)C(C2(C)C(O)CC(=O)C2(C)C)=CC1=O,0.018,ok
CC(C)=CCCC1=CC(CC(C)=CCCC(C)=CCC2=CC(=O)C=C(C)C2=O)OC1=O,0.0009,ok
COc1cc(C)cc2c1C(=O)C=C(C1=C(C)C(=O)c3ccc(O)c(OC)c3C1=O)C2=O,0.0507,ok
COC1=C(C)C(=O)C2=C(C1=O)C1C3CC4=C(C(=O)C(OC)=C(C)C4=O)C(COC(C)=O)N3C(O)C(C2)N1C,0.0231,ok
CCCCCCCCCCCCCCCC1=C(O)C(=O)C=C(O)C1=O,0.0093,ok
COC1=CC(=O)C(OC)=C(OC)C1=O,0.0052,ok
CC(=O)Nc1ccc2c(c1)C(=O)c1ccccc1C2=O,0.0006,ok
CCC(=O)OCC1C2=C(CC3C4C5=C(CC(C(C#N)N13)N4C)C(=O)C(C)=C(OC)C5=O)C(=O)C(C)=C(OC)C2=O,0.015,ok
NC1=C(Br)C(=O)c2ccccc2C1=O,0.0267,ok
O=C1C(O)=C([N+](=O)[O-])C(=O)C(O)=C1[N+](=O)[O-],0.0,ok
O=C1C=C(c2ccccc2)C(=O)c2ccccc21,0.0033,ok
CC(=O)Oc1ccc2c(c1)C(=O)c1ccccc1C2=O,0.0064,ok
COc1cc(OC)c2c(c1)C(=O)c1cc(OC)cc(OC)c1C2=O,0.0794,ok
CC(O)c1cc2c(o1)C(=O)c1c(O)cccc1C2=O,0.0008,ok
CCc1c(O)c2c(c(O)c1C(C)=O)C(=O)c1c(cc(O)c(C(=O)O)c1C(=O)O)C2=O,0.0345,ok
COC1=CC(=O)C(c2coc3cc(O)ccc3c2=O)=CC1=O,0.0135,ok
O=C1c2ccccc2C(=O)c2occc21,0.0,ok
Nc1c(C(=O)O)ccc2c1C(=O)c1ccccc1C2=O,0.0301,ok
CC1=CC(=O)c2[nH]c3ccccc3c2C1=O,0.0,ok
CC1=CC(=O)c2c(O)cc(C)c(C(=O)C(Cl)Cl)c2C1=O,0.0445,ok
CC12CCCc3coc(c31)C(=O)c1cc3c(cc12)C(=O)C=CC3=O,0.1127,ok
CC(O)c1cc2c(o1)C(=O)c1ccccc1C2=O,0.001,ok
COc1cccc2c1C(=O)C=C(C)C2=O,0.0167,ok
CC1=CC(=O)c2c(O)ccc(O)c2C1=O,0.0,ok
COc1cc(O)c2c(c1)C(=O)C1=C(CC(O)C(C)(O)C1O)C2=O,0.0207,ok
Cc1cc(=O)[nH]c2c1C(=O)c1c(C)cc(=O)n(C)c1C2=O,0.0058,ok
C=C(C)C1CC2=C(O1)C(=O)c1ccccc1C2=O,0.0014,ok
Cc1cc(O)c2c3c(ncc2c1)C(=O)c1c(O)cccc1C3=O,0.0485,ok
COC1=CC(=O)c2cccc(O)c2C1=O,0.0,ok
C=C(C)c1cc2c(o1)C(=O)c1ccccc1C2=O,0.0,ok
CC(C)=CCC(OC(=O)CC(C)C)C1=CC(=O)c2c(O)ccc(O)c2C1=O,0.0072,ok
COC1=CC(=O)c2c(ccc3cc(O)ccc23)C1=O,0.0128,ok
COC1=C(C(C)C)C(=O)C2=C(CC34CCCC(C)(C)C3CC2(O)O4)C1=O,0.0186,ok
CC(C)=CCCC(C)=CCC1=CC(=O)C=C(C)C1=O,0.0125,ok
CC=C(C)C(=O)OCc1nccc2c1C(=O)C(N)=C(C)C2=O,0.0228,ok
CC(=O)c1cc2c(o1)C(=O)c1cccc(O)c1C2=O,0.0,ok
COC1=CC(=O)c2c(O)cccc2C1=O,0.0063,ok
COc1nsc2c1C(=O)c1c(O)cccc1C2=O,0.0,ok
CC(C)=CC1Oc2c(c3c(c4ccccc24)OC(C)(C)C=C3)C2=C1C(=O)c1ccccc1C2=O,0.0514,ok
COc1cc(C)cc2c1C(=O)C=CC2=O,0.0019,ok
COc1c(C)c2c([nH]c1=O)C(=O)c1ccccc1C2=O,0.0053,ok
O=C(O)c1ccc2c(n1)C(=O)C1=C(NC=CS1(=O)=O)C2=O,0.0,ok
O=C1C=CC(=O)C2=C1C(O)CCC21Oc2cccc3cccc(c23)O1,0.0122,ok
Cc1c(O)c(CCC(C)C)c2c(c1O)C(=O)c1cccc(O)c1C2=O,0.0196,ok
O=C(O)c1cc(O)c2c(c1)C(=O)c1cc(O)c(Cl)c(O)c1C2=O,0.0,ok
O=C1c2ccccc2C(=O)c2cc(CO)c(O)cc21,0.0035,ok
CNC1=CC(=O)c2c(cnc(C)c2C)C1=O,0.0098,ok
COCc1c(O)cc2c(c1O)C(=O)c1ccccc1C2=O,0.0,ok
CCC(C)CCc1c(O)c(C)c(O)c2c1C(=O)c1c(O)cccc1C2=O,0.0707,ok
COc1c(CO)c(O)cc2c1C(=O)c1ccccc1C2=O,0.0112,ok
Cc1ccc2c(c1O)C(=O)c1ccccc1C2=O,0.0,ok
Cc1cc(O)c2c(c1)C(=O)c1c(c(O)cc(O)c1-c1c(O)cc(O)c3c1C(=O)c1cc(C)cc(O)c1C3=O)C2=O,0.016,ok
CCC1(O)CC(O)c2c(cc3c(c2O)C(=O)c2c(O)ccc(O)c2C3=O)C1C(=O)OC,0.0042,ok
O=C1c2ccccc2C(=O)c2ncccc21,0.0,ok
COc1cccc2c1C(=O)c1c(O)cccc1C2=O,0.0,ok
COc1cc(C)cc2c1C(=O)c1c(O)cc(O)cc1C2=O,0.0029,ok
CC(C)=CCOc1cc(O)c2c(c1)C(=O)c1cc(C)cc(O)c1C2=O,0.0008,ok
CC1=CC(=O)C(C2=C(O)C(=O)C(C)=CC2=O)=C(O)C1=O,0.0057,ok
CC1=C(SCCO)C(=O)c2ccccc2C1=O,0.0135,ok
CCCCCCC(C)(C)C1=CC(=O)C2=C(OC(C)(C)c3cn[nH]c32)C1=O,0.0038,ok
COC1OC(C(=O)NCCCN(C)C)=CC2=C1C(=O)c1ccccc1C2=O,0.0125,ok
O=C1c2ccc(S(=O)(=O)O)cc2C(=O)c2ccc(S(=O)(=O)O)cc21,0.0002,ok
O=C1c2ccccc2C(=O)c2c1ccc(C(=O)O)c2[N+](=O)[O-],0.033,ok
Nc1c(S(=O)(=O)O)ccc2c1C(=O)c1ccccc1C2=O,0.0033,ok
COc1ccc(-c2cc(N)c3c(c2O)C(=O)c2c(N)ccc(O)c2C3=O)cc1,0.0543,ok
COC12C(COC(N)=O)C3=C(C(=O)C(C)=C(NCCSSCCNC(=O)CCC(N)C(=O)O)C3=O)N1CC1NC12,0.0198,ok
COCCCn1c(=O)c2c(N)c3c(=O)c4ccccc4c(=O)c3c(N)c2c1=O,,no_quinone_ring_found
COc1cc(NS(=O)(=O)c2ccccc2)c2c(c1N)C(=O)c1ccccc1C2=O,0.0555,ok
CCOCCCNS(=O)(=O)c1ccc(Oc2cc(O)c3c(c2N)C(=O)c2ccccc2C3=O)cc1,0.05,ok
O=C1c2c(O)ccc(Nc3ccccc3)c2C(=O)c2c([N+](=O)[O-])ccc(O)c21,0.0844,ok
COCCOC1=C(N2CC2)C(=O)C(OCCOC)=C(N2CC2)C1=O,0.0767,ok
COC12C(CO)C3=C(C(=O)C(C)=C(N)C3=O)N1CC1NC12,0.0105,ok
COC1=C(C)C(=O)C2=C(C1=O)C(COC(N)=O)C1(OC)C3C(CN21)N3C,0.0155,ok
CC1=CC(=O)C2C3=C(CCC2(O)C1)C(=O)c1c(O)cccc1C3=O,0.1786,ok
COC1=C(Cl)C(=O)c2ccccc2C1=O,0.0059,ok
CC(C)NC1=CC(=O)c2ccccc2C1=O,0.0056,ok
O=C1C(NC2CCCCCCC2)=CC(=O)c2ncccc21,0.0093,ok
CC1(O)CC(=O)c2c(ccc3c2C(=O)c2cccc(O)c2C3=O)C1,0.2311,ok
Cc1ccc(Nc2ccc(Nc3ccc(C)cc3)c3c2C(=O)c2cccc(O)c2C3=O)cc1,0.0559,ok
O=C(Nc1cccc2c1C(=O)c1cccc(Cl)c1C2=O)c1ccccc1,0.0224,ok
CC1=CCCC2C1(C)CCC(C)C2(C)CC1=CC(=O)C=CC1=O,0.0364,ok
COC1=CC(=O)c2c(O)cc(OC)c(O)c2C1=O,0.038,ok
CN(C)C1=CC(=O)C(N(C)C)=CC1=O,0.0203,ok
O=C1c2ccccc2C(=O)c2c(Sc3ccccc3)cccc21,0.0505,ok
O=C1c2cccc(Oc3ccccc3)c2C(=O)c2cccc(Oc3ccccc3)c21,0.0668,ok
CC(=O)OC1c2c(c(=[N+]=[N-])c3c(=O)c4c(O)cccc4c(=O)c2=3)C(OC(C)=O)C(C)(O)C1OC(C)=O,0.0093,ok
COC1=CC(=O)C=C(C)C1=O,0.0061,ok
CC(C)C1=CC(=O)C=C(C(C)C)C1=O,0.0027,ok
Cc1ccc(Nc2ccc(N)c3c2C(=O)c2ccccc2C3=O)cc1,0.0443,ok
Nc1cc(S(=O)(=O)O)c(N)c2c1C(=O)c1ccccc1C2=O,0.0199,ok
CC(=O)c1ccc(NC2=C(Cl)C(=O)c3ccccc3C2=O)cc1,0.0166,ok
Cc1ccc(SC2=C(Sc3ccc(C)cc3)C(=O)c3ccccc3C2=O)cc1,0.0538,ok
O=C1c2ccccc2C(=O)c2oc(-c3ccc(F)cc3)nc21,0.0,ok
Cc1cc(C)c(Nc2ccc(Nc3c(C)cc(C)cc3C)c3c2C(=O)c2ccccc2C3=O)c(C)c1,0.0198,ok
O=C1c2ccc(O)cc2C(=O)c2c1ccc(O)c2O,0.0,ok
CC1=C(C)C(=O)c2cc(C)ccc2C1=O,0.003,ok
O=C(O)c1cccc2c1C(=O)c1ccccc1C2=O,0.0373,ok
O=C1C(Cl)=C(N2CCOCC2)C(=O)c2ccccc21,0.0171,ok
O=C1c2ccccc2C(=O)c2c(NCCc3ccc(O)cc3)ccc(NCCc3ccc(O)cc3)c21,0.0495,ok
O=C1c2ccccc2C(=O)c2cc(N3CCCCC3)ccc21,0.0007,ok
O=C1C=C(C2CCCCC2)C(=O)c2ccccc21,0.003,ok
Nc1cc2c(cc1Cl)C(=O)c1ccccc1C2=O,0.003,ok
O=C1c2ccccc2C(=O)c2cc(CBr)ccc21,0.0038,ok
CC1=CC(=O)C(C(C)(C)C)=CC1=O,0.0,ok
O=C1C=CC(=O)C(c2cc(Cl)ccc2Cl)=C1,0.0075,ok
CCOc1ccccc1NC1=C(Cl)C(=O)c2ccccc2C1=O,0.0257,ok
O=C1C=C(c2ccccc2)C(=O)C=C1Cl,0.0033,ok
O=C1C=CC(=O)c2c(OCc3ccccc3)cccc21,0.0104,ok
CC(C)Nc1cccc2c1C(=O)c1ccccc1C2=O,0.0174,ok
CC(=O)Nc1ccc(Nc2cc(S(=O)(=O)O)c(N)c3c2C(=O)c2ccccc2C3=O)cc1,0.0512,ok
CC(=O)Oc1cccc2c1C(=O)c1c(OC(C)=O)cccc1C2=O,0.0323,ok
O=C1C(F)=C(F)C(=O)C(F)=C1F,0.0,ok
COC1=C(C)C(=O)c2ccccc2C1=O,0.0071,ok
O=C1c2ccccc2C(=O)c2c(Nc3ccc4c5c(cccc35)C(=O)c3ccccc3-4)cccc21,0.026,ok
Cc1cc2c(cc1C)C(=O)c1ccccc1C2=O,0.0,ok
O=C(Nc1ccc(NC(=O)c2ccccc2)c2c1C(=O)c1ccccc1C2=O)c1ccccc1,0.0132,ok
O=C1c2ccccc2C(=O)c2cc(Br)ccc21,0.0,ok
O=C1C=C(N2CC2)C(=O)c2ccccc21,0.009,ok
O=C(Nc1cccc2c1C(=O)c1c(O)ccc(NC(=O)c3ccccc3)c1C2=O)c1ccccc1,0.0104,ok
COc1ccccc1NC1=C(Cl)C(=O)C(Nc2ccccc2OC)=C(Cl)C1=O,0.0505,ok
NCCCNc1cccc2c1C(=O)c1ccccc1C2=O,0.0135,ok
O=C1c2ccccc2C(=O)c2c(NCC(O)CO)ccc(NCC(O)CO)c21,0.0468,ok
CNc1ccc(Br)c2c1C(=O)c1ccccc1C2=O,0.0741,ok
Cc1cc(Br)c2c(c1N)C(=O)c1ccccc1C2=O,0.0726,ok
O=C1C=C(c2ccccc2)C(=O)C=C1c1ccccc1,0.0034,ok
CNc1ccc(Nc2ccc(C)cc2)c2c1C(=O)c1ccccc1C2=O,0.0247,ok
Cc1ccc(C)c2c1C(=O)c1ccccc1C2=O,0.0,ok
O=C1c2ccccc2C(=O)c2c1ccc1c(=O)c3ccccc3[nH]c21,0.0,ok
CCNc1ccc(NCC)c2c1C(=O)c1ccccc1C2=O,0.0163,ok
O=C1c2ccccc2C(=O)c2c(NC(=O)c3ccc4c5c(ncnc35)-c3ccccc3C4=O)cccc21,0.0064,ok
COc1cccc2c1C(=O)c1cccc(OC)c1C2=O,0.0654,ok
Nc1ccc(Nc2ccccc2)c2c1C(=O)c1ccccc1C2=O,0.0443,ok
O=C1c2cc(CO)cc(O)c2C(=O)c2c(OC3OC(CO)C(O)C(O)C3O)cccc21,0.0257,ok
O=C1c2cc(Cl)c(Cl)cc2C(=O)c2c(O)ccc(O)c21,0.0,ok
O=C1c2ccccc2C(=O)c2c(Nc3ccccc3)ccc(Nc3ccccc3)c21,0.0288,ok
CC(C)C(C)c1ccc2c(c1)C(=O)c1ccccc1C2=O,0.0003,ok
O=C1c2ccc3c(=O)c4ccccc4[nH]c3c2C(=O)c2ccc3c(=O)c4ccccc4[nH]c3c21,0.0,ok
Nc1c(Oc2ccc(Cl)cc2)cc(O)c2c1C(=O)c1ccccc1C2=O,0.0286,ok
Cc1ccc(Nc2cc(Br)c(N)c3c2C(=O)c2ccccc2C3=O)cc1,0.0296,ok
CC(C)=CCC1=CC(=O)C(C)=C(C)C1=O,0.0085,ok
N#Cc1sc2c(c1C#N)C(=O)c1ccccc1C2=O,0.0,ok
C=CC(C)(C)c1[nH]c2ccccc2c1C1=C(O)C(=O)C(c2c[nH]c3ccccc23)=C(O)C1=O,0.0197,ok
O=C(O)C1=CC(=O)c2ccccc2C1=O,0.0203,ok
NC1=CC(=O)c2ccc(-c3cccc(C(=O)O)n3)nc2C1=O,0.0176,ok
O=C1C(O)=C(c2ccc(O)cc2)C(=O)C(O)=C1c1ccccc1,0.0084,ok
CC(C)=CCCC(C)=CCCC(C)=CCCC(C)=CCC1=C(O)C(=O)C=C(O)C1=O,0.0075,ok
O=C1c2ccccc2C(=O)c2c1ccc(OC1OC(CO)C(O)C(O)C1O)c2O,0.0014,ok
O=C1c2cc(O)cc(O)c2C(=O)c2c1cc(O)c(C(CO)CCO)c2O,0.0016,ok
Cc1cc2c(c3oc(C(O)(CO)C4CO4)cc(=O)c13)C(=O)c1c(O)cccc1C2=O,0.0167,ok
COC1=CC(=O)c2cc(C)cc(-c3cc4ccc(=O)oc4cc3OC)c2C1=O,0.0755,ok
CC1=C(CCC(C)C(=O)O)C(=O)c2ccccc2C1=O,0.0019,ok
COC(=O)c1c(O)cc(O)cc1OC1=C(OC)C(=O)C(CC=C(C)C)=C(CC=C(C)C)C1=O,0.1039,ok
O=C1c2cc(O)cc(O)c2C(=O)c2c1cc1c(c2O)C2CCOC2O1,0.0014,ok
Cc1c(C(=O)O)c(O)cc2c1C(=O)c1c(O)cc(O)cc1C2=O,0.0003,ok
CCCCCC(=O)c1c(O)cc2c(c1O)C(=O)c1c(O)cc(O)cc1C2=O,0.0889,ok
CC1=C(C)C(=O)c2c(O)cccc2C1=O,0.0028,ok
COc1cc(O)cc2c1C(=O)c1c(O)cc(CO)cc1C2=O,0.0002,ok
O=C1c2ccccc2C(=O)c2c1cn1c2Cc2ccccc2C1,0.0,ok
O=C(O)c1cc(O)c2c(c1)C(=O)c1cccc(OC3OC(CO)C(O)C(O)C3O)c1C2=O,0.0009,ok
CN(C)c1cccc(-c2c(F)cc(-n3nnc4c3C(=O)c3ccccc3C4=O)cc2F)c1,0.0251,ok
CN1CCC(Oc2ccc(F)c(-c3nc4c(o3)C(=O)c3ccccc3C4=O)c2Cl)C1,0.0013,ok
Cc1cc(C)cc(NC2=C(N)C(=O)c3ccccc3C2=O)c1,0.0576,ok
CC(C)=CCCC(C)=CCCC(C)=CCCC(C)=CCCC(C)=CCC1=C(C)C(=O)c2ccccc2C1=O,0.0108,ok
CCOC(=O)c1c2c(n3ccccc13)C(=O)c1ccccc1C2=O,0.0208,ok
Cc1ccc(S(=O)(=O)C2=CC(=O)c3ccccc3C2=O)cc1,0.0061,ok
Cc1oc2c(c1C(=O)NCc1cccnc1)C(=O)c1ccccc1C2=O,0.0205,ok
Cc1cccc(NC2=C(N)C(=O)c3ccccc3C2=O)c1,0.0236,ok
O=C(O)c1cccc(NC2=C(n3nnc4ccccc43)C(=O)c3ccccc3C2=O)c1,0.074,ok
CC1(C)C=CC2=C(O1)C(=O)c1c(O)cccc1C2=O,0.0,ok
O=C(NC1=CC(=O)c2ccccc2C1=O)c1ccccc1,0.0,ok
CCCCCCCCCCCC1=CC(=O)C=C(OC)C1=O,0.0112,ok
O=C1C(SCCO)=C(SCCO)C(=O)c2ccccc21,0.0022,ok
O=C1C=C(NCCc2cc(Br)c(O)c(Br)c2)C(=O)c2ncccc21,0.0119,ok
Nc1c(S(=O)(=O)O)cc(Nc2cccc(S(N)(=O)=O)c2)c2c1C(=O)c1ccccc1C2=O,0.0502,ok
O=C1C(Cl)=C(Sc2nnc3c4ccccc4c4ccccc4c3n2)C(=O)c2ccccc21,0.0206,ok
O=C1C(Cl)=C(N2C(=O)CCC2=O)C(=O)c2ccccc21,0.0421,ok
Cc1ccc(NC2=CC(=O)c3sc(C)nc3C2=O)cc1,0.0104,ok
Cc1oc2c(c1C(=O)N1CCC(C)CC1)C(=O)c1ccccc1C2=O,0.0041,ok
Nc1c(Oc2ccccc2)ccc2c1C(=O)c1ccccc1C2=O,0.0282,ok
CC(C)(C)NS(=O)(=O)c1ccc2c(c1)C(=O)c1ccccc1C2=O,0.009,ok
CC(=O)N(C)C1=C(N2CCOCC2)C(=O)c2ccccc2C1=O,0.0324,ok
Cc1ccc(NC2=C(N3CCCCC3)C(=O)c3ccccc3C2=O)cc1,0.0217,ok
O=C1C(Nc2cccc(O)c2)=C(N2CCCCC2)C(=O)c2ccccc21,0.0265,ok
O=C1C(Nc2ccc(F)cc2)=C(N2CCCCC2)C(=O)c2ccccc21,0.0532,ok
O=C1C(Nc2ccccc2)=C(N2CCCCC2)C(=O)c2ccccc21,0.0214,ok
CC(=O)N(Cc1ccc(F)cc1)C1=C(NCCc2ccccc2)C(=O)c2ccccc2C1=O,0.0316,ok
CC1=C(N)C(=O)c2c(COC(N)=O)c3n(c2C1=O)CC(N)C3O,0.0084,ok
CC(=O)N(Cc1ccc(F)cc1)C1=C(NCc2ccccc2)C(=O)c2ccccc2C1=O,0.0128,ok
COC(=O)c1c(O)cc(O)c(Cl)c1CCC(=O)NC1=CC(=O)C(OC)=CC1=O,0.0716,ok
CC1(C)C=CC2=C(O1)C(=O)c1cccc(O)c1C2=O,0.0,ok
CCN(CC)CCC(=O)Nc1cccc2c1C(=O)c1cccc(NC(=O)CCN(CC)CC)c1C2=O,0.0261,ok
O=C(CCN1CCCCC1)Nc1ccc2c(c1)C(=O)c1cc(NC(=O)CCN3CCCCC3)ccc1C2=O,0.0007,ok
Cc1ccc(SC2=CC(=O)c3ccccc3C2=O)cc1,0.0063,ok
COC(=O)C1(C)C=CC2=C(O1)C(=O)c1ccccc1C2=O,0.0164,ok
CC1(C)OC2=C(C(=O)c3ccccc3C2=O)C(NCc2ccccc2)C1O,0.0734,ok
CCCCNC1C2=C(OC(C)(C)C1O)C(=O)c1ccccc1C2=O,0.0009,ok
CCCN1C(=O)N(C)C(C(=O)OC)(C2=CC(=O)c3[nH]cc(CCNC(=O)OCc4ccccc4)c3C2=O)C1=O,,no_quinone_ring_found
CCCN1C(=O)N(C)C(C(=O)OC)(C2=CC(=O)c3[nH]ccc3C2=O)C1=O,,no_quinone_ring_found
O=C1C=CC(=O)c2cc3c(cc21)CCCC3,0.0006,ok
O=C1c2ccc(Br)cc2C(=O)c2cc(O)c(O)cc21,0.0,ok
O=C(c1ccccc1)c1cc2c(s1)C(=O)c1c(O)cccc1C2=O,0.0043,ok
CCCN1C(=O)N(C)C(C(=O)OC)(C2=CC(=O)c3[nH]cc(CCNC(=O)CCc4ccccc4)c3C2=O)C1=O,,no_quinone_ring_found
CC1=C(CSC(=S)N2CCCCC2)C(=O)c2ccccc2C1=O,0.0334,ok
CNC1=C(Cl)C(=O)c2ccncc2C1=O,0.0123,ok
O=C1C=C(NCCO)C(=O)c2cnccc21,0.0096,ok
Nc1ccc(NCCNCCO)c2c1C(=O)c1c(O)ccc(O)c1C2=O,0.1011,ok
Cc1cc2c(c(O)c1O)C(=O)c1c(O)cc(O)cc1C2=O,0.0,ok
CCC1=C(C)C(=O)c2cc3c(c(O)c2C1=O)C(=O)C(C)(O)C(=O)C3(C)C,0.0121,ok
Cc1cc(O)c2c(c1)C(=O)C(c1c(C)cc3c(c1O)C(=O)C1OC1C3=O)=CC2=O,0.0106,ok
COc1c(O)ccc2c1C(=O)c1ccccc1C2=O,0.0278,ok
CCC1=C(C)C(=O)c2cc3c(c(O)c2C1=O)C(O)=C(C)C(=O)C3(C)C,0.0021,ok
COc1cc(O)c2c(c1)C(=O)c1cc(C)cc(OC3OC(CO)C(O)C(O)C3O)c1C2=O,0.0254,ok
NS(=O)(=O)c1ccc(NC2=CC(=O)c3ccccc3C2=O)cc1,0.0103,ok
Cc1cc(OC2OC(CO)C(O)C(O)C2O)c2c(c1)C(=O)c1cccc(O)c1C2=O,0.0116,ok
COc1cc(C)cc2c1C(=O)C=C(c1c(C)cc3ccc(O)c(OC)c3c1O)C2=O,0.0348,ok
COc1cc(C)cc2c1C(=O)C=C(c1c(C)c(OC)c3ccc(O)c(OC)c3c1O)C2=O,0.0367,ok
O=C1c2ccccc2C(=O)c2c3c(cc(O)c21)C12OC1(C(O)CO)C(C#CC=CC#CC2O)N3,0.0265,ok
CC(=O)OC1CCn2c1nc1c2C(=O)C(C)=C(N2CC2)C1=O,0.0005,ok
CC(O)C12OC13c1cc(O)c4c(c1NC2C#CC=CC#CC3O)C(=O)c1c(O)cccc1C4=O,0.0259,ok
O=C1c2nnn(Cc3ccccc3)c2C(=O)c2nnn(Cc3ccccc3)c21,0.0036,ok
Cn1cc(COC(N)=O)c2c1C(=O)C=C(N1CC1)C2=O,0.009,ok
O=C1c2ncccc2C(=O)c2c(-c3ccccc3NC(=O)C(F)(F)F)ccnc21,0.0294,ok
COCCOc1cc2ncnc(NC3=CC(=O)C(OC(CF)CF)=C(Cl)C3=O)c2cc1OC,0.0119,ok
COC1=C(C)C(=O)C2=C(C1=O)C1C3CC4=C(C(=O)C(OC)=C(C)C4=O)C(COC(C)=O)N3C(C#N)C(C2)N1C,0.0264,ok
COCCOc1cc2ncnc(NC3=CC(=O)C(OCc4cccc(F)c4)=C(Cl)C3=O)c2cc1OC,0.0558,ok
COCCOc1cc2ncnc(NC3=CC(=O)C(OC)=C(Cl)C3=O)c2cc1OC,0.0152,ok
COCCOc1cc2ncnc(NC3=CC(=O)C(Oc4cccc(F)c4)=CC3=O)c2cc1OC,0.0231,ok
CC(O)C12OC13c1cc(O)c4c(c1NC2C#CC=CC#CC3O)C(=O)c1ccc(NCCN)cc1C4=O,0.0143,ok
COC1=CC(=O)c2c(c(COC(N)=O)c3n2CC2CC32)C1=O,0.0021,ok
O=C(O)c1cccc(NC2=C(N3CCOCC3)C(=O)c3ccccc3C2=O)c1,0.0387,ok
CCC1=C(N2CC2)C(=O)C(C)=C(N2CC2)C1=O,0.1254,ok
O=C1C(NCCO)=C(N2CC2)C(=O)C(NCCO)=C1N1CC1,0.1959,ok
COCCCNC1=C(Cl)C(=O)c2ccccc2C1=O,0.0166,ok
CCCCCCCCCCCC(CC1=CC(=O)C=C(OC)C1=O)OC(C)=O,0.0223,ok
COC(=O)c1ccc2c(c1O)C(=O)c1ccccc1C2=O,0.0012,ok
COc1c(C)c2c([nH]c1=O)C(=O)c1cccc(O)c1C2=O,0.0053,ok
COc1c(C)c2c(n(C)c1=O)C(=O)c1ccccc1C2=O,0.0143,ok
COc1c(O)cc2c(c1O)C(=O)c1ccc(O)cc1C2=O,0.0,ok
CCCCCCCCCCCCCCCCC1=C(O)C(=O)C=C(OC)C1=O,0.0031,ok
CC1=CCC2C(C)(C)CCCC2(C)C1CC1=C(O)C(=O)C=CC1=O,0.0077,ok
COc1c(CO)c2c(n(C)c1=O)C(=O)c1ccccc1C2=O,0.041,ok
C=CC(C)(C)C1=CC(=O)C(CC=C(C)C)=CC1=O,0.0048,ok
C=CCC=CCC=CCCCCCCCC1=C(OC)C(=O)C=C(OC)C1=O,0.0059,ok
Cc1cc(O)c2c(c1)C(=O)c1ccc(C3(O)c4cccc(O)c4C(=O)c4c(O)cc(C)cc43)c(O)c1C2=O,0.0011,ok
CC12CCCC3(C)c4cc5c(cc4C(=O)C(O)(OC1)C23)C(=O)C1=C(NCCS1(=O)=O)C5=O,0.1254,ok
COC1=CC(=O)c2cc3c(cc2C1=O)C(=O)C1(O)OCC2(C)CCCC3(C)C21,0.0052,ok
CC1=CCCC2C1(C)CCC(C)C2(C)CC1=C(O)C(=O)C=C(O)C1=O,0.0242,ok
COc1ccc(O)c2c1C(=O)C=C(CCC=C(C)C)C2=O,0.0063,ok
COc1ccc(O)c2c1C(=O)C=C(C(CC=C(C)C)OC(C)=O)C2=O,0.036,ok
COC1=CC(=O)c2cc3c(c(O)c2C1=O)CC(C)(O)C(O)C3O,0.0061,ok
COC1=CC(=O)c2c(O)c3c(c(O)c2C1=O)CC(C)(O)C(OC(C)=O)C3,0.0011,ok
O=C1C=CC(=O)c2c(O)c(Cl)c(Cl)c(O)c21,0.0,ok
Cc1cc(Cl)c2c(c1N)C(=O)c1ccccc1C2=O,0.0651,ok
O=C1c2cc(O)c(O)c(O)c2C(=O)c2cc(O)c(O)c(O)c21,0.0,ok
O=C1C(Cl)=C(Cl)C(=O)c2ncccc21,0.0,ok
CCCCCCCCCCCCCCCC1=CC(=O)C=C(OC)C1=O,0.0156,ok
O=C1C(Cl)=C(N2CC2)C(=O)C(Cl)=C1N1CC1,0.1412,ok
COc1ccc(C2=CC(=O)C=CC2=O)cc1,0.0027,ok
CC1=C(Br)C(=O)c2ccccc2C1=O,0.0,ok
O=C1c2ccccc2C(=O)c2c1nnn2-c1ccccc1,0.0256,ok
O=C1C=CC(=O)C2=C1C1c3ccccc3C2c2ccccc21,0.0,ok
COc1ccc(NC2=CC(=O)c3ccccc3C2=O)cc1,0.0114,ok
CN(C)c1ccc(NC2=C(Cl)C(=O)c3ccccc3C2=O)cc1,0.0398,ok
CN(C)CCC(=O)Nc1ccc(NC(=O)CCN(C)C)c2c1C(=O)c1ccccc1C2=O,0.0162,ok
Cc1ccc(NC2=CC(=O)c3ccccc3C2=O)cc1,0.0119,ok
O=C1C=C(Nc2ccc(Cl)cc2)C(=O)c2ccccc21,0.0115,ok
CCNC1=CC(=O)c2ccccc2C1=O,0.0038,ok
CC(=O)N(C1=C(Cl)C(=O)c2ccccc2C1=O)C1CCCCC1,0.0557,ok
O=C1C=C(NCCc2ccccc2)C(=O)c2ccccc21,0.0109,ok
CCCNC1=CC(=O)c2ccccc2C1=O,0.0079,ok
COC1=CC(=O)c2c(O)ccc(O)c2C1=O,0.0067,ok
CSC1=C(SC)C(=O)c2ccccc2C1=O,0.001,ok
O=C1C=CC(=O)c2ncccc21,0.0,ok
CCc1cc2c(o1)C(=O)c1ccccc1C2=O,0.0,ok
CC(=O)Oc1cccc2c1C(=O)C=CC2=O,0.0144,ok
CC(C)(C=O)C1=CC(=O)c2ccccc2C1=O,0.0128,ok
CCCC(=O)N(C(=O)CCC)C1=C(Cl)C(=O)c2ccccc2C1=O,0.0329,ok
CCN(CC)C(=O)c1ccc2c(c1[N+](=O)[O-])C(=O)c1ccccc1C2=O,0.0389,ok
O=c1c2ccccc2c(=O)c2c1oc1c(=O)c3ccccc3c(=O)c12,0.0,ok
O=C1C=C(Nc2cccc(C(F)(F)F)c2)C(=O)c2ccccc21,0.0111,ok
O=C1C=C(Nc2ccc(O)cc2)C(=O)c2ccccc21,0.0122,ok
CC(=O)c1c(C)oc2c1C(=O)c1ccccc1C2=O,0.0057,ok
O=C1c2ccccc2-c2onc3ccc(Oc4ccccc4)c1c23,0.0101,ok
COC1=C(Nc2ccccc2)C(=O)c2ccccc2C1=O,0.0436,ok
O=C1c2ccccc2C(=O)c2c1oc(C(F)(F)F)c2C(=O)c1ccccc1,0.0086,ok
COc1ccc(C(=O)c2c(C(F)(F)F)oc3c2C(=O)c2ccccc2C3=O)cc1OC,0.0104,ok
COc1ccc(C(=O)c2c(C(F)(F)F)oc3c2C(=O)c2ccccc2C3=O)cc1,0.0072,ok
O=C1c2ccccc2C(=O)c2c1nc1ccccn21,0.0,ok
O=C1C=C(NCc2ccc(Cl)cc2)C(=O)c2ccccc21,0.0109,ok
O=C1C=C(NCc2ccccc2)C(=O)c2ccccc21,0.0106,ok
O=C1c2ccccc2C(=O)c2c1oc1ccccc21,0.0,ok
O=C1c2ccccc2C(=O)c2c1cccc2N1CCCC1,0.0768,ok
O=C1c2ccccc2C(=O)c2c1ccc1c(=O)n(C3CCCCC3)[nH]c21,0.0265,ok
O=C1C(Nc2cccc(Br)c2)=C(N2CCCCC2)C(=O)c2ccccc21,0.036,ok
O=C1c2ccccc2C(=O)c2c([N+](=O)[O-])ccc(O)c21,0.0082,ok
CC(=O)Oc1cccc2c1C(=O)C=C(C)C2=O,0.0157,ok
COC(=O)c1nc(-c2ccc3c(n2)C(=O)C(N)=CC3=O)c2[nH]c3ccccc3c2c1C,0.0157,ok
COc1ccnc2c1C(=O)c1c(-c3ccccc3[N+](=O)[O-])ccnc1C2=O,0.0508,ok
O=C1C=C(Cl)C(=O)c2c(O)cccc21,0.0,ok
CC(=O)Nc1ccc(S(=O)(=O)NC2=C(N3CCN(c4ccc(F)cc4)CC3)C(=O)c3ccccc3C2=O)cc1,0.0218,ok
Cc1ccc(CNC2=CC(=O)c3ccccc3C2=O)cc1,0.0036,ok
NC(N)=Nc1ccc2c(c1)C(=O)c1cc(N=C(N)N)ccc1C2=O,0.0015,ok
O=C1c2ccccc2C(=O)c2c1[nH]c1ccccc21,0.0,ok
O=C(O)c1ccc2c(n1)C(=O)C1=C(C2=O)S(=O)(=O)C=CN1,0.0,ok
O=C1c2nccc(Cl)c2C(=O)c2c(-c3ccccc3[N+](=O)[O-])ccnc21,0.1032,ok
Nc1ccnc2c1C(=O)c1c(-c3ccccc3[N+](=O)[O-])ccnc1C2=O,0.016,ok
O=C1c2nccc(-c3ccccc3[N+](=O)[O-])c2C(=O)c2nccc(Cl)c21,0.0832,ok
O=C1C=CC(=O)c2c1[nH]c1ccccc21,0.0,ok
O=C1C=C(NCc2ccccc2)C(=O)C=C1NCc1ccccc1,0.007,ok
CC1(C)CC2=C(O1)C(=O)c1ccccc1C2=O,0.0011,ok
COc1cc(OC)c2c(c1)C(=O)c1cc(CBr)cc(OC)c1C2=O,0.0811,ok
O=C1c2ccccc2C(=O)c2c(-c3ccccc3)noc21,0.0025,ok
O=C1C=C(Nc2ccc(F)cc2)C(=O)c2ccccc21,0.0116,ok
CCc1c(C)cc2c(c1O)C(=O)C1=C(C2=O)C(C)(C)C(=O)C(C)(C(=O)OC)O1,0.004,ok
CC(=O)OC1=C(C2CCC(c3ccc(Cl)cc3)CC2)C(=O)c2ccccc2C1=O,0.026,ok
O=C(CCN1CCOCC1)Nc1ccc2c(c1)C(=O)c1ccc(NC(=O)CCN3CCOCC3)cc1C2=O,0.0004,ok
O=C1c2ccccc2-c2onc3c(N4CCCCC4)cc(NCCN4CCCC4)c1c23,0.0059,ok
CC1=C(Cc2ccc(NC(=O)OC(C)(C)C)cc2)C(=O)c2ccccc2C1=O,0.0255,ok
CCOC1=C(C2CCC(c3ccc(Cl)cc3)CC2)C(=O)c2ccccc2C1=O,0.0135,ok
CC1=C(Cc2ccc(Br)cc2)C(=O)c2ccccc2C1=O,0.0246,ok
CC1=C(Cc2ccc(F)cc2)C(=O)c2ccccc2C1=O,0.0243,ok
COC1=CC(=O)c2c(ccc3c(OC)c(O)ccc23)C1=O,0.0236,ok
CCCCCCCCCCCCCC1=C(O)C(=O)C=C(OC)C1=O,0.0101,ok
CC1COC2C3=C(C(=O)C=CC3=O)C3OC(=O)C4CC5CCC1C5C2C43,0.0701,ok
CCC(C)C(=O)C(C)C1=CC(=O)C2=C(OC3(C)CCC4OC(C(C)(C)O)CCC4(C)C3C2)C1=O,0.009,ok
COC1=CC(=O)C(CC2(C)C(C)CCC3(C)C(C)=CCCC32)=C(O)C1=O,0.0593,ok
CCCCCCCCCCCCCC(CC1=CC(=O)C=C(OC)C1=O)OC(C)=O,0.0226,ok
CC(C)=CCCc1ccc2c(c1)C(=O)C=CC2=O,0.0006,ok
Cc1c(O)cc2c(c1O)C(=O)c1ccc(O)cc1C2=O,0.001,ok
CCCCCCCCCCCCCCCC1=C(O)C(=O)C=C(OC)C1=O,0.0063,ok
COC(=O)c1cc2cc3c(c(O)c2c(=O)o1)OC1(CC3)CC2=C(O1)C(=O)c1c(O)c(OC)cc(OC)c1C2=O,0.0026,ok
COC1=CC(=O)c2cc(-c3ccccc3)c3cc(O)c(OC)cc3c2C1=O,0.0583,ok
CC=C(C)C(OC(C)=O)C(C)C1=CC(=O)C2=C(OC3(C)CCC4OC(C(C)(C)O)CCC4(C)C3C2O)C1=O,0.0336,ok
COC1C=CC=C(C)C(=O)NC2=CC(=O)C=C(CC(C)CC(OC)C(O)C(C)C=C(C)C1OC(N)=O)C2=O,,no_quinone_ring_found
COc1ccc2c(c1)C(=O)c1oc(C(C)=O)cc1C2=O,0.0,ok
CCCCCCCCCCCCCC1=CC(=O)C=C(OC)C1=O,0.0059,ok
CC12CCCc3coc(c31)C(=O)c1cc3c(cc12)C(=O)C1=C(C3=O)S(=O)(=O)CCN1,0.1129,ok
COC1=C(C)C(=O)C2=C(C1=O)C1C3CC4=C(C(=O)C(OC)=C(C)C4=O)C(CO)N3C(C#N)C(C2)N1C,0.0101,ok
COC1=C2CC(C)CC(OC)C(O)C(C)C=CC(OC(N)=O)C(OC)C=CC=C(C)C(=O)NC(=CC1=O)C2=O,,no_quinone_ring_found
CNC1=CC(=O)c2cc(C)ncc2C1=O,0.0046,ok
CCCCc1c(O)c(C)c(O)c2c1C(=O)c1c(O)cccc1C2=O,0.0047,ok
COC1=C2CC(C)CC(OC)C(O)C(C)C=C(C)C(OC(N)=O)C(OC)CCC=C(C)C(=O)NC(=CC1=O)C2=O,,no_quinone_ring_found
CC1CC(=O)C(O)C2(O1)OC1CC(=O)OC1C1=C2C(=O)c2c(O)cccc2C1=O,0.2331,ok
Cc1cc2c(cn1)C(=O)C(NCl)=CC2=O,0.0032,ok
CCCC12CC(OC(C)C1O)c1ccc3c(c1N2)C(=O)c1ccc2cc(C)ccc2c1C3=O,0.0766,ok
CC1OC2CC(=O)OC2c2c(O)c3c(c(O)c21)C(=O)C1=C(C3=O)C2CC(O)C1(O)C(C)O2,,no_quinone_ring_found
CC(C)=CCCc1cc(O)c2c(c1O)C(=O)C=CC2=O,0.0008,ok
COC1C=CC=C(C)C(=O)NC2=CC(=O)C=C(C2=O)C(OC)C(C)CC(OC)C(O)C(C)C=C(C)C1OC(N)=O,,no_quinone_ring_found
COc1cc(O)c2c(c1O)C(=O)C1=C(C2=O)C(O)C(O)C(C)(O)C1,0.0788,ok
COc1cccc2c1C(=O)c1ccc3c(c1C2=O)C(=O)CC(C)C3,0.1124,ok
COc1cc2oc3c(c(=O)c2cc1OC)C(=O)C1=C(CCc2cc4c(c(O)c21)C(=O)N1CCOC1(C)C4)C3=O,0.0181,ok
CN(C)c1cccc2c1C(=O)c1ccccc1C2=O,0.0187,ok
O=C1C(O)=C(O)C(=O)c2ccccc21,0.0,ok
COc1cc2oc3c(c(=O)c2cc1O)C(=O)C1=C(CCc2cc4c(c(O)c21)C(=O)N1CCOC1(C)C4)C3=O,0.0179,ok
Nc1cccc2c1C(=O)c1c(N)cccc1C2=O,0.0515,ok
O=C1c2cccc(S(=O)(=O)O)c2C(=O)c2cccc([N+](=O)[O-])c21,0.0971,ok
Cc1cc(O)c2c(c1O)C(=O)c1c(O)ccc(O)c1C2=O,0.0,ok
Nc1cccc2c1C(=O)c1cccc(NC(=O)c3ccccc3)c1C2=O,0.0344,ok
Cc1cc(O)c2c(c1O)C(=O)c1cc(O)cc(O)c1C2=O,0.0,ok
COc1cc(O)c2c(c1)C(=O)c1c(O)c(C)cc(O)c1C2=O,0.0,ok
CCOCc1c(O)cc2c(c1O)C(=O)c1ccccc1C2=O,0.0004,ok
COc1cc(O)c2c(c1O)C(=O)c1cc(C)ncc1C2=O,0.0,ok
COc1c(O)c(O)c2c(c1O)C(=O)c1cc(C)cc(O)c1C2=O,0.0012,ok
CC(C)=CCCC(C)C1=C(O)C(=O)C(C)=CC1=O,0.0009,ok
COC1=CC(=O)c2c(O)c3c(c(O)c2C1=O)CC(C)(O)OC3,0.008,ok
Cc1cc(O)c2c(c1O)C(=O)c1ccccc1C2=O,0.0,ok
Cc1cc(O)c2c3c(ccc2c1)C(=O)c1c(O)cccc1C3=O,0.0587,ok
CC1(C)OC2=C(C(=O)c3cc(O)cc(O)c3C2=O)c2cc(CO)c(O)cc21,0.0347,ok
Cc1cc(O)c2c(c1)C(=O)c1c(O)c(O)cc(O)c1C2=O,0.0006,ok
CC1=CC(=O)c2c(ccc(-c3ccc4c(c3O)C(=O)C=C(C)C4=O)c2O)C1=O,0.0025,ok
COc1cc(O)c2c(c1)C(=O)C1=C(CC(O)C(C)(O)C1)C2=O,0.0013,ok
CC(C)=CCCC(C)C1=CC(=O)C(C)=C(O)C1=O,0.0017,ok
O=Cc1ccc2c(c1)C(=O)c1ccccc1C2=O,0.0,ok
CC(=O)Oc1cc(OC(C)=O)c2c(c1)C(=O)c1cc(C)cc(OC(C)=O)c1C2=O,0.0224,ok
CC(=O)Oc1c2oc3cc(O)c(O)cc3c2c(OC(C)=O)c2oc3cc(O)c(O)cc3c12,,no_quinone_ring_found
COC1=CC(=O)C2=C(CC3(C)C(=C2)C(CO)=CCC3O)C1=O,0.0057,ok
COc1cccc2c1C(=O)c1ccc3cc(C)cc(O)c3c1C2=O,0.099,ok
COc1cc(O)c(-c2c(C)cc(O)c3c2C(=O)c2cccc(O)c2C3=O)c(O)c1C(C)=O,0.0522,ok
CC(C)=CCc1[nH]c2ccccc2c1C1=C(O)C(=O)C(c2c(CC=C(C)C)[nH]c3ccccc23)=C(O)C1=O,0.0115,ok
COC1=CC(=O)c2c(O)cc(C)cc2C1=O,0.006,ok
COCc1c(O)cc2c(c1OC)C(=O)c1ccccc1C2=O,0.007,ok
CC1=CC(=O)c2c(O)ccc(-c3ccc(O)c4c3C(=O)C(C)=CC4=O)c2C1=O,0.0195,ok
CC(C)=CCc1ccc2[nH]cc(C3=C(O)C(=O)C(c4c[nH]c5ccccc45)=C(O)C3=O)c2c1,0.0006,ok
Cc1cc(=O)c2c(cc(O)c3c4c(O)cccc4c(=O)c32)c1=O,0.0598,ok
CC(C)C1=CC(=O)c2c(ccc3c2CCCC3(C)C)C1=O,0.0233,ok
COC1=CC(=O)C2=C(CCc3cc(O)ccc32)C1=O,0.0138,ok
CCC1(O)CCc2c(O)c3c(c(O)c2C1O)C(=O)c1cccc(O)c1C3=O,0.0027,ok
CC(C)=CCCC(=CCCC(C)=CCCC(C)=CCC1=CC(=O)C=C(C)C1=O)C(=O)O,0.0015,ok
COc1c(O)c(C)cc2c1C(=O)c1c(O)cc(O)cc1C2=O,0.0063,ok
Cc1cc(=O)n(C)c2c1C(=O)c1c(C)cc(=O)n(C)c1C2=O,0.0052,ok
COc1cc2c(cc1C)C(=O)c1ccccc1C2=O,0.0,ok
COc1cc(C)cc2c1C(=O)c1c(cc(O)c(O)c1O)C2=O,0.0024,ok
CC(C)=CCc1cccc2c(C3=C(O)C(=O)C(c4c[nH]c5c(CC=C(C)C)cccc45)=C(O)C3=O)c[nH]c12,0.0044,ok
COC(=O)c1c(O)cc2c(c1C)C(=O)c1c(O)cccc1C2=O,0.0266,ok
COCc1c(OC)cc2c(c1OC)C(=O)c1ccccc1C2=O,0.0049,ok
COc1c(OC2OC(CO)C(O)C(O)C2O)c2ccccc2c2oc3c(c12)C(=O)c1ccccc1C3=O,0.0105,ok
COC(=O)c1ccc2c(n1)C(=O)C1=C(C2=O)S(=O)(=O)CCN1,0.0266,ok
O=C(O)c1ccc2c(n1)C(=O)C1=C(C2=O)S(=O)(=O)CCN1,0.0266,ok
CCc1c(OC)cc2c(c1O)C(=O)C=C(OC)C2=O,0.0058,ok
COC1=CC(=O)C=C(CC2(C)C(C)CCC3(C)C(C)=CCCC32)C1=O,0.0229,ok
COC1=CC(=O)C(Cl)=C(C)C1=O,0.0078,ok
O=c1c2cccc(O)c2c(=O)c2c(O)c3c(cc12)c(=O)c1c(O)cccc13,0.0,ok
Cc1cc(O)c2c3c(ccc2c1)C(=O)c1c(O)ccc(O)c1C3=O,0.0502,ok
COc1cc2c(cc1OC)C(=O)C(C)=CC2=O,0.0,ok
COC1=CC(=O)C2=C(CCc3cccc(O)c32)C1=O,0.0278,ok
CC1OC(Oc2cccc3c2C(=O)c2c(O)c4c(c(O)c2C3=O)CC(C)(O)CC4O)C(O)C(N(C)C)C1O,0.0238,ok
COC1=CC(=O)c2c(O)c3c(c(O)c2C1=O)CC(C)(O)C(OC(C)=O)C3O,0.0069,ok
COc1cc(OC(C)=O)c2c(c1OC(C)=O)C(=O)c1cc(C)c(O)cc1C2=O,0.0106,ok
COc1cc(O)c2c(c1)C(=O)c1cocc1C2=O,0.0,ok
CCCCCC(O)c1c(O)cc2c(c1O)C(=O)c1c(cc(OC)c(Cl)c1O)C2=O,0.002,ok
COC1=C(O)C(=O)c2c(cc3oc(C(C)=O)c(O)c3c2O)C1=O,0.0051,ok
O=C1c2ccccc2C(=O)c2c(F)cccc21,0.0,ok
COc1cccc2c1C(=O)c1c(OC)cccc1C2=O,0.0778,ok
COc1ccc2c(c1)C(=O)c1ccccc1C2=O,0.0,ok
CC=C(C)C(=O)C(C)C1=CC(=O)C2=C(OC3(C)CCC4OC(C(C)(C)O)CCC4(C)C3C2)C1=O,0.02,ok
Cc1ccc(Nc2ccc(Nc3ccc(C)cc3S(=O)(=O)O)c3c2C(=O)c2ccccc2C3=O)c(S(=O)(=O)O)c1,0.0634,ok
Cc1cccc2c1C(=O)c1ccccc1C2=O,0.0,ok
COc1ccc2c(c1O)C(=O)c1ccccc1C2=O,0.0,ok
Cc1cc(O)c2c(c1)C(=O)c1ccccc1C2=O,0.0006,ok
Cc1ccc2c(c1O)C(=O)c1ccc(O)cc1C2=O,0.0,ok
COC1=CC(=O)C(C2COc3cc(O)ccc3C2)=CC1=O,0.0047,ok
Cc1cc(O)c2c(c1)C(=O)c1cc(O)c(Cl)c(O)c1C2=O,0.0006,ok
COc1cccc2c1C(=O)C1=C(CCC(C)(C)O1)C2=O,0.0339,ok
Cc1ccnc2c1C(=O)c1ccccc1C2=O,0.0,ok
Cc1ccc2c(c1)C(=O)C=CC2=O,0.0005,ok
O=C1c2cc(O)cc(O)c2C(=O)c2c(O)cc(O)cc21,0.0,ok
COC1=CC(=O)C(c2coc3cc(O)cc(O)c3c2=O)=CC1=O,0.0272,ok
COc1cc(CO)cc2c1C(=O)c1c(O)cc(O)cc1C2=O,0.0029,ok
COc1cccc2c1C(=O)c1c(O)cc(C)cc1C2=O,0.0775,ok
COC1=C(OC)C(=O)C(C)=C(C)C1=O,0.0114,ok
COc1cc(O)c2c(c1)C(=O)c1c(O)cc(C)cc1C2=O,0.0017,ok
COc1cc(COC(C)=O)cc2c1C(=O)c1c(O)cc(O)cc1C2=O,0.0034,ok
CC(=O)Oc1ccc2c(c1O)C(=O)c1ccccc1C2=O,0.0051,ok
O=C1C2=C(C(=O)c3ccccc31)C1Oc3ccccc3C1CO2,0.0351,ok
COc1cc2c(c(OC)c1O)C(=O)c1c(ccc(C)c1O)C2=O,0.0266,ok
CCc1ccc2c(c1)C(=O)C1=C(CCCC1)C2=O,0.0028,ok
CCCCCc1ccc2c(c1)C(=O)c1ccccc1C2=O,0.0003,ok
Nc1ccc(O)c2c1C(=O)c1c(O)cc(Br)c(N)c1C2=O,0.0542,ok
Nc1ccc(O)c2c1C(=O)c1c(N)c(Br)cc(O)c1C2=O,0.0569,ok
O=C1c2[nH]c3ccccc3c(=O)c2C(=O)c2[nH]c3ccccc3c(=O)c21,0.0,ok
CCCCC(CC)CNc1ccc(NCC(CC)CCCC)c2c1C(=O)c1c(O)ccc(O)c1C2=O,0.0442,ok
Cc1ccc(Nc2cccc3c2C(=O)c2c(Nc4ccc(C)cc4)cccc2C3=O)cc1,0.0059,ok
CS(=O)(=O)Oc1ccc(Nc2ccc(O)c3c2C(=O)c2ccccc2C3=O)cc1,0.0117,ok
COCCOCCCn1c(=O)c2c(N)c3c(=O)c4ccccc4c(=O)c3c(N)c2c1=O,,no_quinone_ring_found
CC(=O)Nc1ccc(Nc2ccc(O)c3c2C(=O)c2ccccc2C3=O)cc1,0.0114,ok
COC1=C(C)C(=O)C2=C(C1=O)C(CNC(=O)C(C)N)N1C(O)C3Cc4cc(C)c(OC)c(O)c4C(C1C2)N3C,0.0257,ok
CCc1cccc(C)c1Nc1ccc(Nc2c(C)cccc2CC)c2c1C(=O)c1ccccc1C2=O,0.0188,ok
CCc1cc(C)cc(CC)c1Nc1ccc(Nc2c(CC)cc(C)cc2CC)c2c1C(=O)c1ccccc1C2=O,0.0212,ok
COC1=C(C)C(=O)c2c(c(COC(N)=O)c3n2CC(N)C3O)C1=O,0.0103,ok
CC(=O)OC(CC=C(C)C)c1cc(O)c2c(c1O)C(=O)C=CC2=O,0.0008,ok
COC1=C(C)C(=O)C2=C(C1=O)C(CNC(=O)C(C)N)N1CC3Cc4cc(C)c(OC)c(O)c4C(C1C2)N3C,0.0128,ok
O=C1c2ccccc2C(=O)c2c(S)cccc21,0.0,ok
CN1CCN(CCCNC2=CC(=O)c3ccccc3C2=O)CC1,0.0034,ok
CCOc1ccc(C2=CC(=O)C=CC2=O)cc1,0.004,ok
O=C1C(Cl)=C(SCc2ccccc2)C(=O)c2ccccc21,0.0188,ok
O=C1c2ccccc2C(=O)c2c(NC(=O)C(Cl)CCl)cccc21,0.0009,ok
CCN(CC)C1=CC(=O)c2ccccc2C1=O,0.0231,ok
CC(=O)Nc1cc2c(cc1Cl)C(=O)c1ccccc1C2=O,0.0007,ok
O=C1C(Cl)=C(N2CCOCC2)C(=O)C(Cl)=C1N1CCOCC1,0.1235,ok
COc1cccc2c1C(=O)c1c(O)c3c(c(O)c1C2=O)CC(O)(C(=O)CO)CC3OC1CC(O)C(O)C(C)O1,0.0082,ok
O=C1c2ccccc2C(=O)c2c(NCCCN3CCOCC3)ccc(NCCCN3CCOCC3)c21,0.0581,ok
C=C1C2=C(C(=O)C(C)=C(OC)C2=O)N2CC3C(N3C)C12OC,0.0063,ok
CC1=C(N)C(=O)C2=C(C1=O)N1CC3C(N3C)C1(O)C2COC(N)=O,0.0248,ok
CCCCN(CCCC)CCCNC1=CC(=O)c2ncccc2C1=O,0.0073,ok
O=C1c2cccc(S(=O)(=O)O)c2C(=O)c2c1cccc2S(=O)(=O)O,0.1049,ok
COC1=C(N)C(=O)c2nc(-c3nc(C(=O)O)c(C)c(-c4cccc(OC)c4O)c3N)ccc2C1=O,0.0278,ok
CC1OC(c2ccc3c(c2O)C(=O)C2=C(C3=O)C3(O)C(=O)CC(C)(O)CC3(O)C=C2)CC(O)C1O,0.0606,ok
CC(=O)OC1c2c(c3c(=O)c4cccc(O)c4c(=O)c=3c2=[N+]=[N-])C(O)C(OC(C)=O)C1(C)O,0.0039,ok
Nc1cc(Cl)cc2c1C(=O)c1ccccc1C2=O,0.0247,ok
O=C1C(Cl)=C(NC(=O)C(Cl)Cl)C(=O)c2ccccc21,0.0249,ok
COc1cc(C)cc(C(=O)O)c1C1=CC(=O)c2c(O)cccc2C1=O,0.0008,ok
COc1cc2oc3c(c(=O)c2cc1OC)C(=O)c1c(ccc2cc4c(c(O)c12)C(=O)N1CCOC1(C)C4)C3=O,0.0191,ok
CC1=C(CCl)C(=O)c2ccccc2C1=O,0.0193,ok
COC1c2cc3c(c(O)c2-c2c(cc4cc(C)[nH]c(=O)c4c2O)C1O)C(=O)c1ccc(C)c(O)c1C3=O,0.0038,ok
Cc1ccccc1Nc1ccc(Nc2ccccc2C)c2c1C(=O)c1ccccc1C2=O,0.0086,ok
CCN(CC)CCCNC1=C(Cl)C(=O)c2ccccc2C1=O,0.0109,ok
O=C(O)c1cccc(NC2=C(Cl)C(=O)c3ccccc3C2=O)c1,0.019,ok
Cc1cccc(NC2=C(Cl)C(=O)c3ccccc3C2=O)c1,0.0183,ok
O=C(CCl)Nc1ccc2c(c1)C(=O)c1ccccc1C2=O,0.0007,ok
COCCSC1=C(C)C(=O)c2ccccc2C1=O,0.0134,ok
CN(C)CCNc1ccc(NCCN(C)C)c2c1C(=O)c1c(O)ccc(O)c1C2=O,0.0464,ok
CCC(C)(C)C1=CC(=O)C(C(C)(C)CC)=CC1=O,0.0051,ok
O=C1c2ccccc2C(=O)c2c1c(Cl)cc1c(=O)c3cc(Cl)cc(Cl)c3[nH]c21,0.0,ok
Cc1c(C)c(O)c2c(c1O)C(=O)c1ccccc1C2=O,0.0013,ok
COC1=CC(=O)C=C(CO)C1=O,0.006,ok
Cc1ccccc1NC1=C(Cl)C(=O)c2ccccc2C1=O,0.0365,ok
O=C1c2ccccc2C(=O)c2c1c(O)c1ccccc1c2O,0.0,ok
CC(=O)NC1=C(Cl)C(=O)C(NC(C)=O)=C(Cl)C1=O,0.0558,ok
CC(C)c1cc2c(o1)C(=O)c1ccccc1C2=O,0.0,ok
O=C1C(Cl)=C(N2CCCC2)C(=O)c2ccccc21,0.0333,ok
CC(=O)C1CCc2c(O)c3c(c(O)c2C1)C(=O)c1ccccc1C3=O,0.0037,ok
CC1=CC(=O)C(Br)=CC1=O,0.0,ok
O=C1c2ccccc2C(=O)c2c(F)ccc(F)c21,0.0,ok
O=C1C(Cl)=C(N2CCCCC2)C(=O)c2ccccc21,0.0079,ok
Nc1cc([N+](=O)[O-])c(N)c2c1C(=O)c1ccccc1C2=O,0.0178,ok
CC(=O)NC1=CC(=O)c2ccccc2C1=O,0.0716,ok
O=C1c2cc3ccccc3cc2C(=O)c2cc3ccccc3cc21,0.0,ok
O=C1c2ccccc2C(=O)c2c(Cl)ccc(Cl)c21,0.0,ok
O=C1c2c(F)c(F)c(F)c(F)c2C(=O)c2c(F)c(F)c(F)c(F)c21,0.0,ok
O=C1C(Cl)=C(Cl)C(=O)c2c(O)ccc(O)c21,0.0,ok
Nc1ccc(O)c2c1C(=O)c1c(O)c(-c3ccc(O)cc3)cc(N)c1C2=O,0.0107,ok
CNc1ccc(O)c2c1C(=O)c1c(O)ccc(N)c1C2=O,0.0107,ok
COC1=C(OC)C(=O)C(CCCCCCCCCCBr)=C(C)C1=O,0.013,ok
Nc1c(Oc2ccc(O)cc2)cc(O)c2c1C(=O)c1ccccc1C2=O,0.0301,ok
CNc1ccc(NCCCN)c2c1C(=O)c1ccccc1C2=O,0.0204,ok
COC(=O)CCc1ccc(Oc2cc(O)c3c(c2N)C(=O)c2ccccc2C3=O)c(C)c1,0.0296,ok
CC(O)CCOc1cc(O)c2c(c1N)C(=O)c1ccccc1C2=O,0.0314,ok
COc1ccc(Oc2cc(O)c3c(c2N)C(=O)c2ccccc2C3=O)cc1,0.0299,ok
CCOC(=O)COc1ccc(Oc2cc(O)c3c(c2N)C(=O)c2ccccc2C3=O)cc1,0.0585,ok
Nc1c(OCCCCCCO)cc(O)c2c1C(=O)c1ccccc1C2=O,0.0316,ok
CSc1ccc(Oc2cc(O)c3c(c2N)C(=O)c2ccccc2C3=O)cc1,0.0302,ok
Nc1c(Cl)c(OCCOc2ccccc2)c(N)c2c1C(=O)c1ccccc1C2=O,0.0224,ok
Nc1ccc(O)c2c1C(=O)c1c(O)cc(Cl)c(N)c1C2=O,0.0543,ok
CCCCC(CC)CNc1ccc(NCC(CC)CCCC)c2c1C(=O)c1ccccc1C2=O,0.0496,ok
O=C1c2ccccc2C(=O)c2c(Nc3ccccc3)cccc21,0.0112,ok
Cc1cc(O)c2c(c1)C(=O)c1cc(OC3(O)COCC3(O)CO)cc(OC3OC(CO)C(O)C(O)C3O)c1C2=O,0.0247,ok
Cc1ccc(Nc2cccc3c2C(=O)c2cccc(Nc4ccc(C)cc4)c2C3=O)cc1,0.0277,ok
Cc1cc2c(c(O)c1C)C(=O)c1ccccc1C2=O,0.0314,ok
Cc1cc(Br)c(Nc2ccc(O)c3c2C(=O)c2ccccc2C3=O)c(Br)c1,0.0243,ok
CC(C)=CCC(OC(=O)C(C)C)C1=CC(=O)c2c(O)ccc(O)c2C1=O,0.004,ok
N#Cc1c(N)c2c(c(N)c1C#N)C(=O)c1ccccc1C2=O,0.0183,ok
CC(=O)Nc1ccc(NC(C)=O)c2c1C(=O)c1ccccc1C2=O,0.0002,ok
Nc1cccc2c1C(=O)c1cc(Cl)c(Cl)cc1C2=O,0.0255,ok
CCCCC=CCCCCCCCCCCCCCC1=C(O)C(=O)C(C)=C(O)C1=O,0.0064,ok
O=C1c2cccc(NC3CCCCC3)c2C(=O)c2cccc(NC3CCCCC3)c21,0.0473,ok
COc1cccc2c1C(=O)c1c(O)c3c(c(O)c1C2=O)CC(O)(C(O)CO)CC3,0.0059,ok
CCCCc1ccc(Nc2ccc(Nc3ccc(CCCC)cc3)c3c2C(=O)c2c(O)ccc(O)c2C3=O)cc1,0.0108,ok
COC(=O)c1c(OC)cc2cc3c(c(O)c2c1C)C(=O)c1c(O)cc(OC)cc1C3=O,0.0003,ok
CC(=CCC1=CC(=O)c2ccccc2C1=O)CCCC(C)CCCC(C)CCCC(C)C,0.0078,ok
CCC(=O)CC(=O)c1c(CC(=O)OC)cc2c(c1O)C(=O)c1c(O)cccc1C2=O,0.0016,ok
COC(=O)C1c2cc3c(c(O)c2C(=O)CC1(C)O)C(=O)c1c(O)cccc1C3=O,0.2029,ok
N#Cc1sc2c(=O)c3ccccc3c(=O)c=2sc1C(N)=O,0.0026,ok
N#CC(O)=C(C#N)SC1=CC(=O)c2ccccc2C1=O,0.0064,ok
O=c1[nH]c(=O)c2sc3c(=O)c4ccccc4c(=O)c3sc12,,no_quinone_ring_found
N#Cc1sc2c(c1C(N)=O)C(=O)c1ccccc1C2=O,0.004,ok
NC(=O)CC(SC1=CC(=O)c2ccccc2C1=O)C(N)=O,0.0055,ok
N#Cc1[nH]c2c(c1C#N)C(=O)c1ccccc1C2=O,0.0,ok
N#Cc1snc2sc3c(=O)c4ccccc4c(=O)c=3sc12,0.0074,ok
COc1cc2c(c(O)c1OC)C(=O)c1cc(O)c(C)c(O)c1C2=O,0.0021,ok
CC1=C(C)C(=O)C(CCC(C)(O)CCCC(C)CCCC(C)CCCC(C)C)=CC1=O,0.0128,ok
CC1=C(CCC(C)CCCC(C)CCCC(C)CCCC(C)C)C(=O)c2ccccc2C1=O,0.0109,ok
CC1=CC(=O)C(C)=C(CCC(C)(O)CCCC(C)CCCC(C)CCCC(C)C)C1=O,0.0023,ok
Cc1cc2c(cc1O)C(=O)c1c(O)ccc(O)c1C2=O,0.0,ok
CC(C)=CCCC(C)=CCCC(C)=CCC1=CC(=O)C(C)=C(C)C1=O,0.0089,ok
COc1cc(O)cc2c1C(=O)c1cc(O)c(C)cc1C2=O,0.0,ok
Cc1cc(O)c2c(c1)C(=O)c1ccc(O)c(O)c1C2=O,0.0015,ok
C=C(C)C1Cc2c(oc3c4c(cc(O)c3c2=O)OC(C)(C)C=C4)C2=C1C(=O)C1=C(C=CC(C)(C)O1)C2=O,0.0038,ok
Cc1cc2c(c(O)c1C(=O)O)-c1c(O)c3c(c(O)c1CC2O)C(=O)c1c(O)cc(O)cc1C3=O,0.0096,ok
CC(=CCCC(C)=CCCC(C)=CCCC(C)=CCC1=C(C)C(=O)c2ccccc2C1=O)CO,0.0168,ok
CCC1(O)CC(OC2CC(N)C(O)C(C)O2)c2c(O)c3c(c(O)c2C1C(=O)OC)C(=O)c1cccc(O)c1C3=O,0.0043,ok
CCC1(O)Cc2c(O)c3c(c(O)c2C(OC2CC(N)C(O)C(C)O2)C1)C(=O)c1c(O)cccc1C3=O,0.0024,ok
C=CC(C)(C)c1[nH]c2ccccc2c1C1=C(O)C(=O)C(c2c(C(C)(C)C=C)[nH]c3ccccc23)=C(O)C1=O,0.0092,ok
O=C1c2cccc(O)c2C(=O)c2c(O)cc(COC3OC(CO)C(O)C(O)C3O)cc21,0.0023,ok
COC1=CC(=O)c2cc(C)c(C(C)=O)c(O)c2C1=O,0.0077,ok
CC(=CCC1=C(C)C(=O)c2ccccc2C1=O)CCC(=O)O,0.0048,ok
COc1c(OC2OC(CO)C(O)C(O)C2O)c(C)cc2c1C(=O)c1c(O)cccc1C2=O,0.0168,ok
O=C1C(Cl)=C(Nc2ccc3cn[nH]c3c2)C(=O)c2ccccc21,0.0321,ok
CC(=O)C1=C(c2ccc(Br)cc2)C(=O)c2ccccc2C1=O,0.0273,ok
COc1ccccc1NC1=C(N2CCCCC2)C(=O)c2ccccc2C1=O,0.0569,ok
CCOC(=O)C1CCN(C(=O)c2c(C)oc3c2C(=O)c2ccccc2C3=O)CC1,0.0021,ok
O=C(O)c1ccc(NC2=C(n3nnc4ccccc43)C(=O)c3ccccc3C2=O)cc1,0.0898,ok
CC1=C(CC(=O)c2ccccc2)C(=O)c2ccccc2C1=O,0.0232,ok
CC1=C(CC(=O)c2ccc(Cl)cc2)C(=O)c2ccccc2C1=O,0.0209,ok
CC(=O)N(C1=C(N2CCOCC2)C(=O)c2ccccc2C1=O)c1ccc(C(=O)O)cc1,0.0106,ok
CCCNC1=C(N(C(C)=O)c2cccc(F)c2)C(=O)c2ccccc2C1=O,0.0538,ok
CN(N=O)C1=C(NC2CCCCC2)C(=O)c2ccccc2C1=O,0.0402,ok
CCC(=O)N(C1=C(NC)C(=O)c2ccccc2C1=O)C(C)C,0.0607,ok
COc1ccc2c(c1)C(=O)C1=C(C=CC(C)(C)O1)C2=O,0.0,ok
NC1CCCN(c2nc3c(n2Cc2ccccc2C(F)(F)F)C(=O)c2ccccc2C3=O)C1,0.0025,ok
CC1=C(SCC(NC(=O)CCC(N)C(=O)O)C(=O)NCC(=O)O)C(=O)c2ccccc2C1=O,0.0304,ok
CC1OC2CC(=O)OC2C2=C1C(=O)c1ccccc1C2=O,,no_quinone_ring_found
CCCC1OC2CC(=O)OC2C2=C1C(=O)c1ccccc1C2=O,,no_quinone_ring_found
O=C1CC2OCC3=C(C(=O)c4ccccc4C3=O)C2O1,,no_quinone_ring_found
CCCC1OC2CC(=O)OC2C2=C1C(=O)c1c(OC)cccc1C2=O,,no_quinone_ring_found
O=C1CC2OC(c3cccs3)C3=C(C(=O)c4ccccc4C3=O)C2O1,,no_quinone_ring_found
O=C1CC2OC(c3ccc(O)cc3)C3=C(C(=O)c4ccccc4C3=O)C2O1,,no_quinone_ring_found
O=C1CC2OC3(CCCC3)C3=C(C(=O)c4ccccc4C3=O)C2O1,,no_quinone_ring_found
O=C1CC2OC(c3cccc(O)c3)C3=C(C(=O)c4ccccc4C3=O)C2O1,,no_quinone_ring_found
CC1(C)OC2CC(=O)OC2C2=C1C(=O)c1ccccc1C2=O,,no_quinone_ring_found
Nc1ccc(C2OC3CC(=O)OC3C3=C2C(=O)c2ccccc2C3=O)cc1,,no_quinone_ring_found
O=C1c2ccc(Sc3ccccc3)cc2C(=O)c2cc(O)c(O)cc21,0.0021,ok
O=C1CC2OC(COCc3ccccc3)C3=C(C(=O)c4ccccc4C3=O)C2O1,,no_quinone_ring_found
CC(C)c1ccc(Sc2ccc3c(c2)C(=O)c2cc(O)c(O)cc2C3=O)cc1,0.002,ok
O=C(NCCN1CCCCC1)c1cc2c(o1)C(=O)c1ccccc1C2=O,0.001,ok
O=C1c2ccccc2C(=O)c2c1nnn2-c1cc(F)c(-c2ccccc2F)c(F)c1,0.0247,ok
O=C1c2ccccc2C(=O)c2c1nnn2-c1cc(F)c(-c2cc(CO)ccc2F)c(F)c1,0.0258,ok
COc1cccc(-c2c(F)cc(-n3nnc4c3C(=O)c3ccccc3C4=O)cc2F)c1,0.0256,ok
O=C1c2ccccc2C(=O)c2c1cc(S(=O)(=O)N1CCNCC1)c(O)c2O,0.0098,ok
CC1CC2=C(CO1)C(=O)c1c(O)cc(O)cc1C2=O,0.0072,ok
COc1cc(OC)c2c(c1)C(=O)C1=C(C2=O)C(C)OC(C)C1,0.0233,ok
Nc1ccc(O)c2c1C(=O)c1c(O)c(S(=O)(=O)O)cc(N)c1C2=O,0.0516,ok
O=C1C(Br)=C(Br)C(=O)c2ncccc21,0.0,ok
C=C1CCC2C(C)(C)CCCC2(C)C1CC1=C(O)C(=O)C=C(OC)C1=O,0.0125,ok
NCCNc1ccc(NCCN)c2c1C(=O)c1c(O)ccc(O)c1C2=O,0.0369,ok
O=C1C=C(SCCO)C(=O)c2ccccc21,0.0044,ok
COc1ccc(CC2=CC(=O)c3ccccc3C2=O)cc1,0.0015,ok
O=C1c2ccccc2C(=O)c2c(NC3CCCCC3)ccc(Nc3ccc(S(=O)(=O)O)cc3)c21,0.0165,ok
Nc1ccc(-c2ccc(Nc3cc(S(=O)(=O)O)c(N)c4c3C(=O)c3ccccc3C4=O)cc2)c(S(=O)(=O)O)c1,0.0512,ok
Cc1ccc(C(=O)OC2=CC(=O)c3ccccc3C2=O)cc1,0.0229,ok
O=C(O)CSC1=C(SCC(=O)O)C(=O)C(SCC(=O)O)=C(SCC(=O)O)C1=O,0.1144,ok
CN(C)CCC(=O)Nc1ccc2c(c1)C(=O)c1cc(NC(=O)CCN(C)C)ccc1C2=O,0.0002,ok
O=C(NCCc1c[nH]c2c1C(=O)C=CC2=O)OCc1ccccc1,0.0012,ok
CCN(CC)CCC(=O)Nc1ccc2c(c1)C(=O)c1cc(NC(=O)CCN(CC)CC)ccc1C2=O,0.0005,ok
CCNCCC(=O)Nc1ccc2c(c1)C(=O)c1cc(NC(=O)CCNCC)ccc1C2=O,0.0004,ok
O=C(CCN1CCNCC1)Nc1ccc2c(c1)C(=O)c1cc(NC(=O)CCN3CCNCC3)ccc1C2=O,0.0015,ok
CCc1nc2c3c(ccc2[nH]1)C(=O)c1ccccc1C3=O,0.0001,ok
CCCNCCC(=O)Nc1ccc2c(c1)C(=O)c1cc(NC(=O)CCNCCC)ccc1C2=O,0.0007,ok
CN(C)CC(=O)Nc1ccc2c(c1)C(=O)c1cc(NC(=O)CN(C)C)ccc1C2=O,0.0009,ok
CN1CCN(Cc2nc3c4c(ccc3[nH]2)C(=O)c2ccccc2C4=O)CC1,0.001,ok
CCCCCC1=CC(=O)C(CC=C(C)CCC=C(C)C)=C(O)C1=O,0.0082,ok
Nc1c(S(=O)(=O)O)cc(Nc2cccc(Nc3nc(Cl)nc(Cl)n3)c2)c2c1C(=O)c1ccccc1C2=O,0.0501,ok
O=C1c2ccc([N+](=O)[O-])cc2C(=O)c2cc([N+](=O)[O-])ccc21,0.0,ok
Cc1nc2c3c(ccc2[nH]1)C(=O)c1ccccc1C3=O,0.0,ok
CCCCCCCCCC(=CC1=C(C)C(=O)C(OC)=C(OC)C1=O)C(=O)NOC,0.0615,ok
COc1cc(OC)c2c(c1)C(=O)c1cccc(O)c1C2=O,0.0,ok
O=C(CCCl)Nc1ccc2c(c1)C(=O)c1cc(NC(=O)CCCl)ccc1C2=O,0.0014,ok
Cc1ccc2c(c1O)C(=O)c1ccc(O)c(O)c1C2=O,0.0,ok
COC1=C(OC)C(=O)C(C2COc3cc(O)ccc3C2)=CC1=O,0.0091,ok
O=C1c2cccc(O)c2C(=O)c2c(O)cc(O)cc21,0.0,ok
Cc1cccc2c3c(ccc12)C(=O)C1=C(OCC1C)C3=O,0.011,ok
COC1C2=C(OC(C)(C)C1O)C(=O)c1ccccc1C2=O,0.0507,ok
C=CCNC1C2=C(OC(C)(C)C1O)C(=O)c1ccccc1C2=O,0.0768,ok
CC1(C)OC2=C(C(=O)c3ccccc3C2=O)C(O)C1Br,0.0041,ok
Cc1cc(OC2OC(CO)C(O)C(O)C2O)c2c(c1)C(=O)c1cc(O)cc(O)c1C2=O,0.019,ok
COC1=C(N)C(=O)c2nc(-c3nc(C(=O)O)c(C)cc3N)ccc2C1=O,0.0253,ok
COC1=C(OC)C(=O)C(CC=C(C)CCC=C(C)CCC=C(C)CCC=C(C)CCC=C(C)C)=C(C)C1=O,0.0151,ok
CC(C)=CCC(OC(=O)CCCCC(C)C)C1=CC(=O)c2c(O)ccc(O)c2C1=O,0.0006,ok
COc1cc2nc(N3CCN(C4=CC(=O)c5ccccc5C4=O)CC3)nc(N)c2cc1OC,0.0155,ok
CCOc1ccc(N(C(C)=O)C2=C(N(C)C)C(=O)c3ccccc3C2=O)cc1,0.069,ok
CCc1ccc(N2C(=O)NC3(CSC4=C3C(=O)c3ncccc3C4=O)C2=O)cc1,,no_quinone_ring_found
CCCc1ccc(N2C(=O)NC3(CSC4=C3C(=O)c3ncccc3C4=O)C2=O)cc1,,no_quinone_ring_found
Cc1ccc(N2C(=O)NC3(CSC4=C3C(=O)c3ncccc3C4=O)C2=O)cc1,,no_quinone_ring_found
COc1ccc(N2C(=O)NC3(CSC4=C3C(=O)c3ncccc3C4=O)C2=O)cc1,,no_quinone_ring_found
O=C1C2=C(C(=O)c3ncccc31)C1(CS2)NC(=O)N(c2ccncc2)C1=O,0.0054,ok
O=C1C2=C(C(=O)c3ncccc31)C1(CS2)NC(=O)N(c2ccccc2)C1=O,0.006,ok
O=C1C2=C(C(=O)c3ncccc31)C1(CS2)NC(=O)N(c2ccc([N+](=O)[O-])cc2)C1=O,0.005,ok
COC12C(COC(N)=O)C3=C(C(=O)C(C)=C(OCCO)C3=O)N1CC1NC12,0.066,ok
COC12C(COC(N)=O)C3=C(C(=O)C(C)=C(OCc4ccccc4)C3=O)N1CC1NC12,0.022,ok
COC12C(COC(N)=O)C3=C(C(=O)C(C)=C(OCC4CCC4)C3=O)N1CC1NC12,0.014,ok
COC12C(COC(N)=O)C3=C(C(=O)C(C)=C(OCCSc4ccccc4)C3=O)N1CC1NC12,0.0174,ok
COC12C(COC(N)=O)C3=C(C(=O)C(C)=C(OCC4CC4)C3=O)N1CC1NC12,0.0161,ok
COC12C(COC(N)=O)C3=C(C(=O)C(C)=C(OC4CC4)C3=O)N1CC1NC12,0.0107,ok
COC12C(COC(N)=O)C3=C(C(=O)C(C)=C(Nc4ccc([N+](=O)[O-])cc4)C3=O)N1CC1NC12,0.0144,ok
COC12C(COC(N)=O)C3=C(C(=O)C(C)=C(OCCOc4ccccc4)C3=O)N1CC1NC12,0.0238,ok
COC12C(COC(N)=O)C3=C(C(=O)C(C)=C(Nc4nc(C)cs4)C3=O)N1CC1NC12,0.0338,ok
CC(N)Cc1c2ccoc2c(CO)c2ccoc12,,no_quinone_ring_found
COCc1c2ccoc2c(CC(C)N)c2ccoc12,,no_quinone_ring_found
CC(N)Cc1c2ccoc2c(C(F)(F)F)c2ccoc12,,no_quinone_ring_found
CC(N)Cc1c2ccoc2cc2ccoc12,,no_quinone_ring_found
CN(C)CCNc1nnc(NCCN(C)C)c2c1C(=O)c1ccccc1C2=O,0.0781,ok
Cc1cc2c(c3oc(C4(C)CO4)cc(=O)c13)C(=O)c1c(O)cccc1C2=O,0.0055,ok
O=C1c2ccccc2C(=O)c2c(O)c(CN(CCCl)CCCl)cc(O)c21,0.0022,ok
O=C1c2ccccc2C(=O)c2c(O)c(C(c3ccccc3F)N(CCCl)CCCl)cc(O)c21,0.0008,ok
O=C1c2ccccc2C(=O)c2c(O)c(C(c3cccc(F)c3)N(CCCl)CCCl)cc(O)c21,0.004,ok
O=C1c2ccccc2C(=O)c2c(O)c(C(c3ccc(F)cc3)N(CCCl)CCCl)cc(O)c21,0.0028,ok
CCC1=C(Cl)C(=O)c2cc(OC)c(OC)c(OC)c2C1=O,0.0595,ok
Cc1ccc(C(c2cc(O)c3c(c2O)C(=O)c2ccccc2C3=O)N(CCCl)CCCl)cc1C,0.0044,ok
COc1cc2nc(N3CCCC(NC4=CC(=O)c5ccccc5C4=O)C3)nc(N)c2cc1OC,0.0104,ok
CCOc1ccc(N(C(C)=O)C2=C(NC)C(=O)c3ccccc3C2=O)cc1,0.026,ok
CC1=C(N2CC2)C(=O)C(Cl)=C(N2CC2)C1=O,0.1049,ok
CN1CCC(Oc2ccc(Cl)c(-c3nc4c(o3)C(=O)c3ccccc3C4=O)c2F)C1,0.0013,ok
CC(C)CC(NC(=O)C(Cc1ccccc1)NC1=C(C#N)C(=O)c2ccccc2C1=O)C(=O)O,0.0079,ok
CC(C)OCCCNC1=C(Cl)C(=O)c2ccccc2C1=O,0.0158,ok
O=C1C(Br)=C(N2CC2)C(=O)C(Br)=C1N1CC1,0.1961,ok
CC(=O)Nc1ccc(NC2=CC(=O)c3ccccc3C2=O)cc1,0.0132,ok
COC1=C(Nc2ccccc2OC)C(=O)c2ccccc2C1=O,0.034,ok
COc1cccc(NC2=C(NCCO)C(=O)c3ccccc3C2=O)c1,0.0241,ok
O=C1C(Cl)=C(Oc2ccccc2)C(=O)c2ccccc21,0.028,ok
Nc1c(SCCC(=O)O)ccc2c1C(=O)c1ccccc1C2=O,0.0264,ok
CC(=O)C(C(C)=O)C1=C(Cl)C(=O)c2ccccc2C1=O,0.0406,ok
Cc1cc(O)c2c(c1Cl)C(=O)C=CC2=O,0.0,ok
COC1=CC(=O)c2nc(Cl)ccc2C1=O,0.0049,ok
C=C(C)C1CC2=C(O1)C(=O)c1cccc(O)c1C2=O,0.0018,ok
CC(=O)NC1=C(N2CCOCC2)C(=O)c2nonc2C1=O,0.0241,ok
CC(=O)NC1=CC(=O)c2nonc2C1=O,0.0485,ok
N#Cc1c(NC(=O)C(F)(F)F)sc2c3c(=O)c4ccccc4c(=O)c=3oc3ccccc3c12,0.0455,ok
CC(=O)N(C)C1=C(N2CCCCCC2)C(=O)c2ccccc2C1=O,0.0378,ok
CCOc1ccc2noc3c2c1C(=O)c1ccccc1-3,0.0,ok
CC(=O)Nc1ccc(NC2=C(Cl)C(=O)c3ccccc3C2=O)cc1,0.0437,ok
CC(=O)c1ccc2c3c(onc13)-c1ccccc1C2=O,0.0008,ok
O=C1c2ccccc2-c2onc3ccc(N4CCCC4)c1c23,0.0012,ok
COC1=C(Nc2cccc(C(F)(F)F)c2)C(=O)c2ccccc2C1=O,0.0208,ok
CCOc1ccc(NC2=C(OC)C(=O)c3ccccc3C2=O)cc1,0.038,ok
COC1=C(Nc2ccc(O)cc2)C(=O)c2ccccc2C1=O,0.0391,ok
COC1=C(Nc2ccc(OC)cc2)C(=O)c2ccccc2C1=O,0.0427,ok
O=C1C(Nc2ccccc2)=C(n2nnc3ccccc32)C(=O)c2ccccc21,0.1129,ok
CC(=O)N(C)C1=C(N2CCCC2)C(=O)c2ccccc2C1=O,0.0371,ok
COc1c(C2=CC(=O)N(C)C2=O)c2c(n1C)C(=O)c1ccccc1C2=O,,no_quinone_ring_found
CC(=O)N(C1=C(N2CCOCC2)C(=O)c2ccccc2C1=O)c1ccccc1,0.0103,ok
COC(=O)c1nc(-c2ccc3c(n2)C(=O)C(NC(C)=O)=CC3=O)c2[nH]c3ccccc3c2c1C,0.0002,ok
CC(=O)Nc1ccc(S(=O)(=O)NC2=C(N3CCN(C)CC3)C(=O)c3ccccc3C2=O)cc1,0.0312,ok
CC(C)Cn1[nH]c2c3c(ccc2c1=O)C(=O)c1ccccc1C3=O,,no_quinone_ring_found
O=C1C(Nc2cccc(C(F)(F)F)c2)=C(N2CCCCC2)C(=O)c2ccccc21,0.0154,ok
Cc1ccc(-n2[nH]c3c4c(ccc3c2=O)C(=O)c2ccccc2C4=O)cc1,,no_quinone_ring_found
CCOC(=O)N1CCN(C2=C(NS(=O)(=O)c3ccccc3)C(=O)c3ccccc3C2=O)CC1,0.0267,ok
O=C1C(Cl)=C(N2CCN(c3ccccc3[N+](=O)[O-])CC2)C(=O)c2ccccc21,0.0354,ok
O=C1C2=C(SC3OC(CO)C(O)C(O)C3O2)C(=O)c2ccccc21,0.0113,ok
COC1=CC(=O)c2c(c(COC(N)=O)c3n2CC2C3C2(C)C)C1=O,0.0018,ok
Cc1ccc2c(n1)C(=O)C(NC(=O)C(C)C)=CC2=O,0.0728,ok
COc1cc(C)cc2c1C(=O)C=C(c1c(C)cc3c(c1OC)C(=O)C=CC3=O)C2=O,0.041,ok
COC1=CC(=O)c2c(c(COc3ccc([N+](=O)[O-])cc3)cn2C)C1=O,0.0138,ok
Cn1c2c(c3ccccc31)C(=O)c1cnc3ccccc3c1C2=O,0.0,ok
COC1=CC(=O)c2c(c(COc3ccc([N+](=O)[O-])cc3OC)c(C)n2C)C1=O,0.0063,ok
O=C1c2ccccc2C(=O)c2c(-c3ccccc3)nsc21,0.003,ok
COC(=O)c1cccc(-c2ccc3c(n2)C(=O)C(N)=CC3=O)n1,0.0176,ok
CCOC(=O)c1c2c(n3ccccc13)C(=O)c1ncccc1C2=O,0.0261,ok
COC1=CC(=O)c2c(cc(OC)c(C(C)OC(C)=O)c2O)C1=O,0.0001,ok
CCOC(=O)c1c2c(n3ccccc13)C(=O)c1cccnc1C2=O,0.0247,ok
O=C(O)CSc1cc(O)c2c(c1O)C(=O)c1ccccc1C2=O,0.003,ok
O=C1c2ccccc2-c2onc3c(Br)cc(NC4CCCCC4)c1c23,0.0054,ok
CC(C)(O[N+](=O)[O-])C1CC2=C(O1)C(=O)c1ccccc1C2=O,0.005,ok
COC1=CC(=O)c2c(c(COC(C)=O)c3n2CCC3)C1=O,0.0017,ok
COc1cc(C)cc2c1C(=O)C(N)=C(c1c(C)cc3c(c1OC)C(=O)C(N)=CC3=O)C2=O,0.0776,ok
COc1cc(C)cc2c1C(=O)C=C(c1c(C)cc3c(c1OC)C(=O)C(N)=CC3=O)C2=O,0.0328,ok
COC1=CC(=O)c2c(c(COC(N)=O)c3n2CCC3)C1=O,0.002,ok
COc1ccc(OC2=C(Cl)C(=O)c3ccccc3C2=O)c([N+](=O)[O-])c1,0.0149,ok
CC(C)=CCOC1=C(CC=C(C)C)C(=O)c2c(O)cccc2C1=O,0.0642,ok
O=C(O)c1cc2c(o1)C(=O)C1=C(C2=O)S(=O)(=O)C=CN1,0.0,ok
COc1cccc2c1C(=O)C1=C(C2=O)c2c(O)cc(CO)cc2C(O)C1O,0.0309,ok
CCCCCCCCCCCC1=C(OC)C(=O)C=C(OC)C1=O,0.0184,ok
CCCC1OC(CC(=O)OC)C(O)C2=C1C(=O)c1c(O)cccc1C2=O,0.0308,ok
CCCCCCCCCCCC1=C(O)C(=O)C2=C(OC(C)(C)C3COc4ccc(Cl)cc4C23)C1=O,0.0691,ok
CC1OC(OC2CC(C)(O)Cc3cc4c(c(O)c32)C(=O)c2c(O)cccc2C4=O)C(O)C(O)C1O,0.0095,ok
Cc1cc(O)c2c(c1)C(O)(c1ccc3c(c1O)C(=O)c1c(O)cc(C)c(O)c1C3=O)c1cccc(O)c1C2=O,0.0004,ok
COC1=CC(=O)C(O)=C(CCCCCCCC=CCCCCCCCC2=C(O)C(=O)C=C(OC)C2=O)C1=O,0.0121,ok
COC(=O)c1cc2c(cn1)C(=O)C(N)=CC2=O,0.0165,ok
CC1=CCCC2(C)C1=C(O)C(=O)c1cc3c(cc12)C(=O)C=CC3=O,0.0446,ok
COC1=C(C)C(=O)C2=C(C1=O)C(CO)N1C(C#N)C3C(=O)c4c(O)c(C)c(OC)c(O)c4C(C1C2)N3C,0.0065,ok
COC1=CC(=O)c2cc(-c3ccc(OC)c(O)c3)c3cc(O)c(OC)cc3c2C1=O,0.0553,ok
COC1=C2CC(C)CC(OC)C(O)C(C)C=CC(OC(N)=O)C(OC)C3OC3C=C(C)C(=O)NC(=CC1=O)C2=O,,no_quinone_ring_found
CCCC=CCC=CCCCCCCCC1=C(O)C(=O)C=C(OC)C1=O,0.0152,ok
CC(C)=CCOc1cccc2c1C(=O)C=C(C)C2=O,0.0164,ok
C=C1CCCC23C4=C(CC2(C)C(C)CCC13C)C(=O)C(OC)=CC4=O,0.0135,ok
CC(=O)NC1=CC(=O)c2cc(OC3OC(C)C(O)C(O)C3O)c(C)cc2C1=O,0.0013,ok
COC1C(OC2CC(C)(O)C(=O)c3cc4c(c(O)c32)C(=O)c2c(O)cccc2C4=O)OC(C)C(O)C1O,0.2001,ok
COc1cc(O)cc2c1C(=O)c1cnc(C)cc1C2=O,0.0,ok
COc1c(O)cc(O)c2c1C(=O)c1cc(C)ncc1C2=O,0.0274,ok
COC1=C(c2ccc(OC)cc2)C(=O)C=C(c2ccccc2)C1=O,0.0098,ok
COC1=C(c2ccc(OC)cc2)C(=O)C=C(c2ccc(OC)cc2)C1=O,0.0138,ok
COc1nsc2c1C(=O)c1ccccc1C2=O,0.0,ok
COC1=CC(=O)C2=C(CC3C(C)(CCC4C(C)(C)CCCC43C)O2)C1=O,0.0094,ok
O=C1C(N2CC2)=C(N2CC2)C(=O)C(N2CC2)=C1N1CC1,0.2295,ok
NC1=C(Cl)C(=O)c2ncccc2C1=O,0.0281,ok
O=C1C(F)=C(N2CC2)C(=O)C(F)=C1N1CC1,0.0,ok
O=C(CCN1CCCCC1)Nc1ccc2c(c1)C(=O)c1ccc(NC(=O)CCN3CCCCC3)cc1C2=O,0.0006,ok
COc1cccc2c1C(=O)c1c(O)c3c(c(O)c1C2=O)CC(O)(C(C)=NO)CC3OC1CC(N)C(O)C(C)O1,0.0028,ok
O=C1C(N2CC2)=CC(=O)c2c(O)cccc21,0.0092,ok
O=C1c2cccc(O)c2C(=O)c2c(O)cc(CNCCO)cc21,0.0046,ok
O=C1c2cccc(O)c2C(=O)c2c(O)cc(CN(CCCl)CCCl)cc21,0.0024,ok
CN(C)C1C(O)C2Oc3c(cc(O)c4c3C(=O)c3cc5c(c(O)c3C4=O)CCC(C)(O)C5)C(C)(O2)C1O,0.0416,ok
CCc1ccc(S(=O)(=O)Oc2cccc3c2C(=O)C=C(N2CC2)C3=O)cc1,0.0219,ok
CC(C)(C)c1ccc(S(=O)(=O)Oc2cccc3c2C(=O)C=C(N2CC2)C3=O)cc1,0.0271,ok
CCCCCCCCCCCCCC1=C(OC)C(=O)C=C(OC)C1=O,0.0111,ok
COC(=O)c1c(C)ccc2c(O)c3c(cc12)C(=O)c1c2c(cc(O)c1C3=O)C1(C)OC(O2)C(O)C(N(C)C)C1O,0.0116,ok
Nc1c(Br)cc(Br)c2c1C(=O)c1c(cccc1S(=O)(=O)O)C2=O,0.1261,ok
CCN(CC)CCC(=O)Nc1ccc(NC(=O)CCN(CC)CC)c2c1C(=O)c1ccccc1C2=O,0.0019,ok
O=C1c2ccccc2C(=O)c2[nH]cnc21,0.0,ok
O=C(CCN1CCCCC1)Nc1ccc(NC(=O)CCN2CCCCC2)c2c1C(=O)c1ccccc1C2=O,0.0859,ok
O=C(O)c1ccc2c(c1Nc1ccccc1)C(=O)c1ccccc1C2=O,0.0664,ok
CCCCNC1=CC(=O)C(NCCCC)=CC1=O,0.0055,ok
O=C1C(Cl)=C(NCCCO)C(=O)c2ccccc21,0.0021,ok
CCCC(=O)NC1=C(N2CC2)C(=O)C(NC(=O)CCC)=C(N2CC2)C1=O,0.1518,ok
Cc1[nH]c2ccccc2c1C1=CC(=O)C=CC1=O,0.0041,ok
CN1CCN(C2=C(Cl)C(=O)c3ccccc3C2=O)CC1,0.0123,ok
NC1=C(Cl)C(=O)c2ccc(S(N)(=O)=O)cc2C1=O,0.0169,ok
CCSC1=CC(=O)c2ccccc2C1=O,0.0039,ok
Cc1cc2c(cc1C)C(=O)C(Br)=C(N)C2=O,0.027,ok
NC1=CC(=O)c2cccnc2C1=O,0.0181,ok
O=C1C=C(NS(=O)(=O)c2ccccc2)C(=O)c2ccccc21,0.0102,ok
CC(=O)NC1=CC(=O)c2cccnc2C1=O,0.0714,ok
C=CCOC1=CC(=O)c2ccccc2C1=O,0.0,ok
Cn1c2ccccc2c2ccc3c(c21)C(=O)C=CC3=O,0.0396,ok
O=C1c2ccccc2C(=O)c2c1c(C(=O)O)c1ccccn21,0.025,ok
NC1=C(Br)C(=O)c2ncccc2C1=O,0.0301,ok
CC(C)=CCC1=C(OCC(=O)O)C(=O)c2ccccc2C1=O,0.02,ok
CCCC(=O)NC1=C(Cl)C(=O)c2ccccc2C1=O,0.0282,ok
CCCCCCC1=C(O)C(=O)C(CCCCCC)=C(O)C1=O,0.006,ok
COC1=C(Br)C(=O)c2nc(C)ccc2C1=O,0.0055,ok
O=C(O)c1cccc(N=Nc2c(S(=O)(=O)O)ccc3c2C(=O)c2ccccc2C3=O)c1O,0.0621,ok
COC1=C(N)C(=O)c2nc(C)ccc2C1=O,0.0278,ok
O=C1c2ccsc2C(=O)c2ccsc21,0.0,ok
O=C1c2ccsc2C(=O)c2sccc21,0.0,ok
CCN(CCCNc1cc2c(c(N)c1S(=O)(=O)O)C(=O)c1ccccc1C2=O)c1ccccc1,0.0066,ok
O=C1c2ccccc2C(=O)c2c1cccc2N1CCOCC1,0.0524,ok
O=C1c2ccccc2C(=O)c2c(Nc3ccc(CCO)cc3)ccc(O)c21,0.026,ok
O=C(O)CCSC1=CC(=O)c2ccccc2C1=O,0.0035,ok
CCC(=O)NC1=C(Cl)C(=O)C(NC(=O)CC)=C(Cl)C1=O,0.124,ok
CN(C)C1C(O)C2Oc3c(cc(O)c4c3C(=O)c3cc5c(c(O)c3C4=O)C(N)CC(C)(O)C5)C(C)(O2)C1O,0.0033,ok
CNC1C(O)C2Oc3c(cc(O)c4c3C(=O)c3cc5c(c(O)c3C4=O)C(OC)CC(C)(O)C5)C(C)(O2)C1O,0.0129,ok
O=C1c2cccc(NCCCNCCO)c2C(=O)c2cccc(NCCCNCCO)c21,0.0103,ok
O=C1c2ccncc2C(=O)c2c1[nH]c1ccccc21,0.0,ok
COc1ccc2c(c1)c1ccc3c(c1n2C)C(=O)C=CC3=O,0.0393,ok
CCNCC(=O)Nc1ccc2c(c1)C(=O)c1ccc(NC(=O)CNCC)cc1C2=O,0.0014,ok
O=C(Cc1ccccc1F)NC1=C(Cl)C(=O)c2ccccc2C1=O,0.0246,ok
Cc1cccc2c1c1ccc3c(c1n2C)C(=O)C=CC3=O,0.0404,ok
CCN(CC)CC(O)CNc1ccc(NCC(O)CCl)c2c1C(=O)c1ccccc1C2=O,0.0131,ok
COc1ccc(OC)c2c1C(=O)C(Cl)=C(Cl)C2=O,0.1159,ok
CC(=O)OC1CCCn2c1nc1c2C(=O)C(C)=C(N2CC2)C1=O,0.0209,ok
O=C1c2ccsc2C(=O)c2sc(CO)cc21,0.0004,ok
CC(=O)OC(C)c1cc2c(s1)C(=O)c1c(C(C)OC(C)=O)csc1C2=O,0.0032,ok
O=C1C=C(N2CCN(c3ccccn3)CC2)C(=O)c2c(O)ccc(O)c21,0.0137,ok
O=C(NC1=C(Cl)C(=O)c2ccccc2C1=O)c1ccccc1,0.0303,ok
Cc1ccc2c(c1)c1ccc3c(c1n2C)C(=O)C=CC3=O,0.0395,ok
CCN(CC)CCC(=O)Nc1ccc2c(c1)C(=O)c1ccc(NC(=O)CCN(CC)CC)cc1C2=O,0.0056,ok
CC(=O)c1cc2c(s1)C(=O)c1ccsc1C2=O,0.0,ok
O=C1C(NCCN2CCOCC2)=C(Cl)C(=O)c2ncccc21,0.0092,ok
CC(O)c1cc2c(s1)C(=O)c1ccsc1C2=O,0.0014,ok
CC(=O)OC(C)c1cc2c(s1)C(=O)c1ccsc1C2=O,0.0004,ok
CC(O)c1cc2c(s1)C(=O)c1c(C(C)O)csc1C2=O,0.0019,ok
Cc1ccc(S(=O)(=O)Oc2ccc(OS(=O)(=O)c3ccc(C)cc3)c3c2C(=O)c2ccccc2C3=O)cc1,0.0098,ok
CC(=O)c1cc2c(s1)C(=O)c1scc(C(C)=O)c1C2=O,0.0106,ok
CC(=O)c1cc2c(s1)C(=O)c1sccc1C2=O,0.0,ok
CC(O)c1cc2c(s1)C(=O)c1sccc1C2=O,0.0004,ok
CC(=O)c1cc2c(s1)C(=O)c1ccccc1C2=O,0.0,ok
CC(=O)OC(C)c1cc2c(s1)C(=O)c1sccc1C2=O,0.0003,ok
CC(=O)c1csc2c1C(=O)c1ccccc1C2=O,0.0122,ok
CC(=O)c1ccc2c(c1)C(=O)c1sc(C(C)=O)cc1C2=O,0.0,ok
O=C1C(N2CCCCC2)=C(N2CCCCC2)C(=O)c2ccccc21,0.0193,ok
O=C1C(Cl)=C(N2CCCCC2)C(=O)C(Cl)=C1c1cnc(N2CCCCC2)s1,0.0957,ok
CC(=O)OC1=C(CC2(C)C(C)CCC3(C)C(C)=CCCC32)C(=O)C=CC1=O,0.044,ok
NCCNCCNc1ccc(NCCNCCN)c2c1C(=O)c1c(O)ccc(O)c1C2=O,0.0535,ok
COc1cccc2c1C(=O)c1c(O)c3c(c(O)c1C2=O)CC(O)(C(C)=O)CC3OC1CC(N(C)C)C(O)C(C)O1,0.011,ok
Cc1oc2c(c1C(=O)NC(C)(C)C)C(=O)c1ccccc1C2=O,0.0209,ok
CCOC(=O)C1=C(Cc2ccc(F)cc2)C(=O)c2ccccc2C1=O,0.0385,ok
CC(=O)C1=C(c2ccccc2)C(=O)c2ccccc2C1=O,0.0316,ok
COc1cc(C)cc2c1C(=O)C=C(c1c(C)cc3c(c1OC)C(=O)C(NC(C)=O)=CC3=O)C2=O,0.0423,ok
CCNc1ccc2noc3c2c1C(=O)c1ccccc1-3,0.0056,ok
COC1=C(c2ccccc2)C(=O)c2ccccc2C1=O,0.0094,ok
O=C1C=C(c2ccc(Cl)cc2)C(=O)c2ccccc21,0.0031,ok
CCOC(=O)C1=C(c2ccc(OC)cc2)C(=O)c2ccccc2C1=O,0.0189,ok
O=C1c2ccccc2C(=O)c2c1nnn2Cc1cccc(Cl)c1,0.0062,ok
Cc1cccc(Cn2nnc3c2C(=O)c2ccccc2C3=O)c1,0.008,ok
CCOC(=O)C1=C(Cc2ccc(OC)cc2)C(=O)c2ccccc2C1=O,0.0408,ok
Cc1oc2c(c1C(=O)N1CCOCC1)C(=O)c1ccccc1C2=O,0.0054,ok
O=C1C=C(NCc2cccc(Cl)c2)C(=O)c2ccccc21,0.012,ok
Cc1oc2c(c1C(=O)NCCCN1CCOCC1)C(=O)c1ccccc1C2=O,0.0218,ok
O=C1C(Cl)=C(NC(=O)c2ccccc2)C(=O)C(Cl)=C1NC(=O)c1ccccc1,0.0634,ok
O=C1C=C(NCc2ccc(Cl)c(Cl)c2)C(=O)c2ccccc21,0.0045,ok
O=C1C=C(NCc2cccnc2)C(=O)c2ccccc21,0.0039,ok
COc1ccc(CNC2=CC(=O)c3ccccc3C2=O)cc1,0.0097,ok
O=C1C=C(NCc2ccncc2)C(=O)c2ccccc21,0.0046,ok
O=C1C=C(NCc2ccccn2)C(=O)c2ccccc21,0.0064,ok
Nc1c(Cl)cc2c(c1Oc1ccccc1)C(=O)c1ccccc1C2=O,0.0281,ok
CCC(=O)Nc1ccc2c(c1)C(=O)c1ccccc1C2=O,0.0,ok
O=C1C=C(Cc2ccccc2)C(=O)c2ccccc21,0.0167,ok
CC(=O)Nc1ccc(NC2=C(N3CCCCC3)C(=O)c3ccccc3C2=O)cc1,0.0273,ok
Cc1cccc(NC2=C(NCCO)C(=O)c3ccccc3C2=O)c1,0.0381,ok
CN(C)S(=O)(=O)c1ccc(Nc2ccc(O)c3c2C(=O)c2c([N+](=O)[O-])ccc(O)c2C3=O)cc1,0.0563,ok
CCOC(=O)N1CCN(c2cc(NCCC(=O)O)c3c4c(onc24)-c2ccccc2C3=O)CC1,0.004,ok
O=C(NC(=S)NCCC1CCN(Cc2ccccc2)CC1)c1ccc2c(c1)C(=O)c1ccccc1C2=O,0.01,ok
Nc1cc(C(=O)O)c(N)c2c1C(=O)c1ccccc1C2=O,0.0621,ok
CN(C)C(=O)c1ccc2c(c1[N+](=O)[O-])C(=O)c1ccccc1C2=O,0.0426,ok
Nc1c(O)ccc2c1C(=O)c1ccccc1C2=O,0.0006,ok
CC(=O)NC1=C(c2ccc(Cl)cc2)C(=O)c2ccccc2C1=O,0.0916,ok
COC1=CC(=O)c2c(ccc3ncnc(N)c23)C1=O,0.0634,ok
Cc1oc2c(c1C(=O)NCCCn1ccnc1)C(=O)c1ccccc1C2=O,0.001,ok
CC1CC(C)CN(c2cc(Nc3ccccc3C(=O)O)c3c4c(onc24)-c2ccccc2C3=O)C1,0.0053,ok
CN1CCN(C2=C(NS(=O)(=O)c3ccccc3)C(=O)c3ccccc3C2=O)CC1,0.0328,ok
CCn1c(C)nc2c1C(=O)c1ccccc1C2=O,0.0015,ok
O=C(C1=C(c2ccccc2)C(=O)c2ccccc2C1=O)c1ccccc1,0.0399,ok
CC(=O)Nc1ccc(S(=O)(=O)NC2=C(N3CCN(Cc4ccccc4)CC3)C(=O)c3ccccc3C2=O)cc1,0.0246,ok
CN(C)S(=O)(=O)c1cccc2c1C(=O)c1ccccc1C2=O,0.0811,ok
CCOC(=O)c1ccc2nc3c(nc2c1)C(=O)c1ccccc1C3=O,0.0,ok
CC(=O)NC1=C(Nc2ccc(N(C)C)cc2)C(=O)c2ccccc2C1=O,0.0835,ok
O=C1C(Nc2ccccc2)=C(NS(=O)(=O)c2ccccc2)C(=O)c2ccccc21,0.0456,ok
O=C(O)CSC1=CC(=O)c2ccccc2C1=O,0.0051,ok
O=C1C(NS(=O)(=O)c2cccs2)=C(N2CCN(c3cccc(C(F)(F)F)c3)CC2)C(=O)c2ccccc21,0.0383,ok
CC(=O)NC1=CC(=O)c2ccc(-c3nc(C(=O)O)cc4c3[nH]c3ccccc34)nc2C1=O,0.0004,ok
CCN(CC)CC(O)CNc1ccc(NCC2CO2)c2c1C(=O)c1ccccc1C2=O,0.0422,ok
O=c1c2[nH]cc[nH]c2c(=O)c2c(=O)n(Cc3cccc(Br)c3)c(=O)c12,0.0014,ok
COc1ccccc1Cn1c(=O)c2c(=O)c3[nH]cc[nH]c3c(=O)c2c1=O,,no_quinone_ring_found
COc1cccc(Cn2c(=O)c3c(=O)c4[nH]cc[nH]c4c(=O)c3c2=O)c1OC,,no_quinone_ring_found
O=c1c2[nH]cc[nH]c2c(=O)c2c(=O)n(Cc3cccc(C(F)(F)F)c3)c(=O)c12,0.0014,ok
O=c1c2[nH]cc[nH]c2c(=O)c2c(=O)n(Cc3cccc(F)c3)c(=O)c12,0.0014,ok
O=c1c2[nH]cc[nH]c2c(=O)c2c(=O)n(Cc3ccc(F)cc3)c(=O)c12,0.0012,ok
O=c1c2[nH]cc[nH]c2c(=O)c2c(=O)n(Cc3ccc(Br)cc3F)c(=O)c12,0.0004,ok
O=c1c2[nH]cc[nH]c2c(=O)c2c(=O)n(Cc3cc(F)cc(F)c3)c(=O)c12,0.0014,ok
O=c1c2[nH]cc[nH]c2c(=O)c2c(=O)n(Cc3ccc(F)c(Cl)c3)c(=O)c12,0.0012,ok
O=c1c2[nH]cc[nH]c2c(=O)c2c(=O)n(Cc3cccc(Cl)c3)c(=O)c12,0.0014,ok
O=c1c2[nH]cc[nH]c2c(=O)c2c(=O)n(Cc3ccc(Cl)cc3)c(=O)c12,0.0012,ok
O=c1c2[nH]cc[nH]c2c(=O)c2c(=O)n(Cc3ccc(Cl)c(Cl)c3)c(=O)c12,0.0012,ok
O=c1c2[nH]cc[nH]c2c(=O)c2c(=O)n(Cc3cc(Cl)cc(Cl)c3)c(=O)c12,0.0014,ok
O=c1c2[nH]cc[nH]c2c(=O)c2c(=O)n(Cc3ccccc3Br)c(=O)c12,0.0009,ok
O=c1c2[nH]cc[nH]c2c(=O)c2c(=O)n(Cc3cccc(-c4ccccc4F)c3)c(=O)c12,0.0024,ok
O=c1c2[nH]cc[nH]c2c(=O)c2c(=O)n(Cc3ccc(-c4ccccc4F)cc3)c(=O)c12,0.0022,ok
O=C1c2ccccc2C(=O)c2c1cccc2N1CCN(Cc2ccccc2)CC1,0.008,ok
O=C(O)CCNc1ccc(NCCC(=O)O)c2c1C(=O)c1ccccc1C2=O,0.0502,ok
CC(=O)OC1CCc2c1[nH]c1c2C(=O)C(C)=C(N2CC2)C1=O,0.0002,ok
O=C1C(N2CC2)=CC(=O)c2c1[nH]c1c2CCC1O,0.0006,ok
CC1CC(C)CN(C(=O)c2ccc3c(c2NCCO)C(=O)c2ccccc2C3=O)C1,0.0351,ok
Cc1c(CO)c2c(n1C)C(=O)C=C(N1CC1C)C2=O,0.0161,ok
Cn1cc(C2=C(O)C(=O)C(c3ccccc3)=C(O)C2=O)c2ccccc21,0.004,ok
CC(C)=CCc1cccc2c(C3=C(O)C(=O)C=C(O)C3=O)c[nH]c12,0.0019,ok
CC(=O)Nc1ccnc2c1C(=O)c1c(-c3ccccc3NC(=O)C(F)(F)F)ccnc1C2=O,0.0471,ok
CC(=O)c1ccc2c(c1)C(=O)c1scc(C(C)=O)c1C2=O,0.0114,ok
CN(C)c1ccnc2c1C(=O)c1c(-c3ccccc3NC(=O)C(F)(F)F)ccnc1C2=O,0.1376,ok
CC(=O)OC1CCc2c3c(n(C(C)=O)c21)C(=O)C(N1CC1)=C(C)C3=O,0.0725,ok
CC(=O)NC1=C(C)C(=O)c2c(nc3n2CCC3)C1=O,0.0162,ok
CC(=O)NC1=CC(=O)c2ccc(-c3nc(C(=O)OCCC(C)C)cc4c3[nH]c3ccccc34)nc2C1=O,0.0007,ok
Cc1cc(O)c2c(c1)CCC1=C2C(=O)c2cccc(O)c2C1=O,0.0304,ok
O=C1C(O)=C(c2c[nH]c3ccccc23)C(=O)C(O)=C1c1ccccc1,0.0036,ok
CN(C)CCNc1ccc(NCCN(CCCl)CCCl)c2c1C(=O)c1c(O)ccc(O)c1C2=O,0.04,ok
CC1=C(N2CC2)C(=O)c2nc3n(c2C1=O)CCC3OC(N)=O,0.0227,ok
O=C1C=C(Nc2ccccc2)C(=O)c2cnccc21,0.0113,ok
COC1CCC=C(C)C(=O)NC2=CC(=O)C(N)=C(CC(C)CC(OC)C(O)C(C)C=C(C)C1OC(N)=O)C2=O,,no_quinone_ring_found
CC1=C(N2CC2)C(=O)c2c([nH]c3c2CCC3O)C1=O,0.02,ok
CCOC(=O)c1[nH]c2c(c1CO)C(=O)C(N1CC1)=C(C)C2=O,0.0022,ok
Cn1cc(CO)c2c1C(=O)C=C(N1CC1)C2=O,0.0089,ok
CC(C)NC(=O)OCc1cnc2c(c1)C(=O)c1cccnc1C2=O,0.0002,ok
CC1=C(N2CC2)C(=O)c2[nH]c3c(c2C1=O)CCC3O,0.018,ok
CN(C)CCNC1=CC(=O)c2oc(-c3ccccc3)nc2C1=O,0.0037,ok
Cc1c(CO)c2c(n1C)C(=O)C=C(N1CC1)C2=O,0.0065,ok
CN(C)CCNC1=CC(=O)c2nc(-c3ccccc3)oc2C1=O,0.0037,ok
CC1=C(N2CC2)C(=O)c2c([nH]c(CO)c2CO)C1=O,0.0249,ok
O=C1c2ccccc2C(=O)c2c1oc1cc(O)cc(O)c21,0.0,ok
CN(CCOCCNC(=S)NC(=O)c1ccc2c(c1)C(=O)c1ccccc1C2=O)Cc1ccccc1,0.008,ok
CC1=CC(=O)C(N2CC2)=CC1=O,0.0088,ok
O=C1C=C(N2CC2)C(=O)c2c1[nH]c1c2CCC1O,0.0008,ok
O=C1C(Nc2ccc(F)cc2)=CC(=O)c2ncccc21,0.012,ok
CC(=O)OCc1[nH]c2c(c1COC(C)=O)C(=O)C(C)=C(N1CC1)C2=O,0.0007,ok
O=C1C(Nc2cccc(F)c2)=CC(=O)c2ncccc21,0.0127,ok
CCN(CC)CCNc1nnc(NCCN(CC)CC)c2c1C(=O)c1ccccc1C2=O,0.0738,ok
Cc1cccc(NC2=CC(=O)c3ccccc3C2=O)c1,0.0118,ok
O=C(CCN1CCCC1)Nc1ccc(NC(=O)CCN2CCCC2)c2c1C(=O)c1ccccc1C2=O,0.0032,ok
COC1=CC(=O)c2c(c(COC(N)=O)c(C(C)C)n2C)C1=O,0.0047,ok
COC1=CC(=O)c2c(c(COC(=O)c3ccccc3)c(C3CC3)n2C)C1=O,0.0074,ok
Cc1c2c(n(C)c1C(C)C)C(=O)C=C(N1CC1)C2=O,0.0078,ok
CCN(CCNC1=CC(=O)C(NCCN(CC)Cc2ccccc2OC)=CC1=O)Cc1ccccc1OC,0.0137,ok
CC1CN1C1=CC(=O)c2c(c(CO)cn2C)C1=O,0.0167,ok
CN(C)CCC(=O)Nc1cccc2c1C(=O)c1cccc(NC(=O)CCN(C)C)c1C2=O,0.0015,ok
COC1=CC(=O)c2c(c(COc3ccc(F)cc3)c(C)n2C)C1=O,0.0132,ok
COC1=CC(=O)c2c(c(C)c(C(C)C)n2C)C1=O,0.0045,ok
CC1CN1C1=CC(=O)c2c(c(COC(N)=O)c(C3CC3)n2C)C1=O,0.04,ok
Cn1c2c(c(COC(N)=O)c1C1CC1)C(=O)C(N1CC1)=CC2=O,0.0082,ok
CN(C)CCNc1ccc(Cl)c2c1C(=O)c1c(O)ccc(O)c1C2=O,0.1061,ok
COC(=O)c1c2c(n(C)c1C1CC1)C(=O)C=C(N1CC1)C2=O,0.0276,ok
CC1=C(CCNC(=O)OC(C)(C)C)C(=O)c2c(O)cccc2C1=O,0.0101,ok
CC(C)c1c(CO)c2c(n1C)C(=O)C=C(N1CC1)C2=O,0.0108,ok
CN(C)CCC(=O)Nc1cccc2c1C(=O)c1c(NC(=O)CCN(C)C)cccc1C2=O,0.0183,ok
O=C(CCN1CCCC1)Nc1cccc2c1C(=O)c1cccc(NC(=O)CCN3CCCC3)c1C2=O,0.0003,ok
CC(C)c1c(COC(N)=O)c2c(n1C)C(=O)C=C(N1CC1C)C2=O,0.0136,ok
COC1=CC(=O)c2c(c(COC(=O)c3ccccc3)c(C)n2C)C1=O,0.0166,ok
CC(=O)c1cc2c(s1)C(=O)c1c(C(C)=O)csc1C2=O,0.028,ok
Cn1c2c(c(CO)c1C1CC1)C(=O)C(N1CC1)=CC2=O,0.0086,ok
COC1=CC(=O)c2c(c(COC(=O)c3ccc(F)cc3)c(C)n2C)C1=O,0.0024,ok
COC1=CC(=O)c2c(c(COC(N)=O)cn2C)C1=O,0.0053,ok
CCN(CC)CCC(=O)Nc1cccc2c1C(=O)c1c(NC(=O)CCN(CC)CC)cccc1C2=O,0.0098,ok
Cn1c2c(c(CO)c1C1CCCCC1)C(=O)C(N1CC1)=CC2=O,0.0077,ok
CC1=C(CCNC(=O)OC(C)(C)C)C(=O)c2ccccc2C1=O,0.0059,ok
Cc1ccc(C2=CC(=O)c3ccccc3C2=O)cc1,0.0035,ok
O=C(CCN1CCCCC1)Nc1cccc2c1C(=O)c1c(NC(=O)CCN3CCCCC3)cccc1C2=O,0.0205,ok
CC(=O)Oc1cccc2c1C(=O)C(Br)=CC2=O,0.0259,ok
COc1cccc2c1C(=O)C(C(C)=O)=CC2=O,0.0336,ok
O=C1C(N2CC2)=CC(=O)c2c1[nH]c(CO)c2CO,0.0117,ok
O=C1C(Nc2ccc(OC(F)(F)F)cc2)=CC(=O)c2ncncc21,0.0115,ok
CC(=O)OC1CCc2c1[nH]c1c2C(=O)C=C(N2CC2)C1=O,0.0086,ok
O=C1c2nccc(Cl)c2C(=O)c2c(-c3ccccc3NC(=O)C(F)(F)F)ccnc21,0.1038,ok
Cc1ccc2c(n1)C(=O)C(N)=CC2=O,0.018,ok
O=C1c2nccc(-c3ccccc3NC(=O)C(F)(F)F)c2C(=O)c2ccc(=O)[nH]c21,0.0282,ok
O=C1c2cccnc2C(=O)c2ncc(CO)cc21,0.0015,ok
CCOC(=O)c1[nH]c2c(c1COC(C)=O)C(=O)C(N1CC1)=CC2=O,0.0094,ok
Cc1ccnc2c1C(=O)c1nccc(Cl)c1C2=O,0.0608,ok
O=C1c2nccc(-c3ccccc3NC(=O)C(F)(F)F)c2C(=O)c2c([N+](=O)[O-])ccnc21,0.1184,ok
CC(=O)OC1CCc2c1[nH]c1c2C(=O)C(N2CC2)=CC1=O,0.0002,ok
O=C1c2cccnc2C(=O)c2ncc(CBr)cc21,0.005,ok
Cc1cnc2c(c1)C(=O)c1ncc(C)cc1C2=O,0.0005,ok
CCOC(=O)c1cnc2c(c1)C(=O)c1c(-c3ccccc3NC(=O)C(F)(F)F)ccnc1C2=O,0.0327,ok
O=C1c2c(O)ccc(O)c2C(=O)c2c(NCCN(CCO)CCO)ccc(NCCN(CCO)CCO)c21,0.0277,ok
O=C1c2ccccc2C(=O)c2c(NCCCN(CCO)CCO)ccc(NCCCN(CCO)CCO)c21,0.0574,ok
O=C1c2c(O)ccc(O)c2C(=O)c2c(NCCN3CCCC(CO)C3)ccc(NCCN3CCCC(CO)C3)c21,0.0351,ok
CN(C)CCNc1ccc(NCCN2CCCCC2CCl)c2c1C(=O)c1c(O)ccc(O)c1C2=O,0.0539,ok
COCCOc1cc2ncnc(NC3=CC(=O)C(N(C)C)=CC3=O)c2cc1OC,0.0136,ok
COCCOc1cc2ncnc(NC3=CC(=O)C(Cl)=C(OC)C3=O)c2cc1OC,0.0737,ok
CCCCCCCCOC(=O)c1ccc2c(n1)C(=O)C1=C(C2=O)S(=O)(=O)CCN1,0.0263,ok
COCCOc1cc2ncnc(NC3=CC(=O)C(N4CC4C)=CC3=O)c2cc1OC,0.0121,ok
O=C(O)CCC(=O)OCc1cc2c(s1)C(=O)c1sccc1C2=O,0.0037,ok
CC(OC(=O)CCCC(=O)O)c1cc2c(s1)C(=O)c1sccc1C2=O,0.0009,ok
C#CC(C)OC1=CC(=O)C(Nc2ncnc3cc(OCCCN4CCCC4)c(OC)cc23)=CC1=O,0.0128,ok
COCCOc1cc2ncnc(NC3=CC(=O)C(C)=CC3=O)c2cc1OC,0.0337,ok
COCCOc1cc2ncnc(NC3=CC(=O)C(OCCOc4ccccc4)=CC3=O)c2cc1OC,0.0119,ok
COCCOc1cc2ncnc(NC3=CC(=O)C(OCc4ccccc4)=CC3=O)c2cc1OC,0.0112,ok
COCCOc1cc2ncnc(NC3=CC(=O)C(N4CCCC4)=CC3=O)c2cc1OC,0.0361,ok
CCNc1cccc(OC2=CC(=O)C(Nc3ncnc4cc(OCCOC)c(OC)cc34)=CC2=O)c1,0.0056,ok
COc1cc2c(NC3=CC(=O)C(OCC(F)F)=CC3=O)ncnc2cc1OCCCN1CCCC1,0.0062,ok
COCCOc1cc2ncnc(NC3=CC(=O)C=C(OC)C3=O)c2cc1OC,0.0067,ok
COCCOc1cc2ncnc(NC3=CC(=O)C(OC(CF)CF)=C(OC)C3=O)c2cc1OC,0.0161,ok
COCCOc1cc2ncnc(NC3=CC(=O)C(N4CCCCC4)=CC3=O)c2cc1OC,0.0309,ok
O=C1C=C(O)C(=O)C(CCc2ccccc2)=C1O,0.0,ok
COCCOc1cc2ncnc(NC3=CC(=O)C(Cl)=C(OCC4CC4)C3=O)c2cc1OC,0.0536,ok
COCCOc1cc2ncnc(NC3=CC(=O)C(Oc4ccccc4)=CC3=O)c2cc1OC,0.0364,ok
COc1cc2c(NC3=CC(=O)C(OCc4ccccc4)=CC3=O)ncnc2cc1OCC1CCN(C)CC1,0.0043,ok
COc1cc2c(NC3=CC(=O)C(OCc4ccco4)=CC3=O)ncnc2cc1OCCCN1CCCC1,0.0088,ok
COCCOc1cc2ncnc(NC3=CC(=O)C(N4CCOCC4)=CC3=O)c2cc1OC,0.0282,ok
COCCOc1cc2ncnc(NC3=CC(=O)C(N4CCN(Cc5ccccc5)CC4)=CC3=O)c2cc1OC,0.0076,ok
COCCOc1cc2ncnc(NC3=CC(=O)C(OCc4c(F)c(F)c(F)c(F)c4F)=CC3=O)c2cc1OC,0.0129,ok
C=CCOC1=CC(=O)C(Nc2ncnc3cc(OCCCN4CCCC4)c(OC)cc23)=CC1=O,0.0395,ok
COc1cc2c(NC3=CC(=O)C(OCc4ccccc4)=CC3=O)ncnc2cc1OCCCN1CCCC1,0.0444,ok
COCCOc1cc2ncnc(NC3=CC(=O)C(OCc4ccccc4F)=CC3=O)c2cc1OC,0.0129,ok
Cc1ccc2c(n1)C(=O)C1=C(C2=O)S(=O)(=O)C=CN1,0.0,ok
COc1cc2c(NC3=CC(=O)C(OC(CF)CF)=CC3=O)ncnc2cc1OCCCN1CCCC1,0.0123,ok
COCCOc1cc2ncnc(NC3=CC(=O)C(OC(CF)CF)=CC3=O)c2cc1OC,0.0061,ok
COCCOc1cc2ncnc(NC3=CC(=O)C(Cl)=CC3=O)c2cc1OC,0.0362,ok
C#CC(OC1=CC(=O)C(Nc2ncnc3cc(OCCCN4CCCC4)c(OC)cc23)=CC1=O)c1ccccc1,0.0385,ok
COCCOc1cc2ncnc(NC3=CC(=O)C(SC)=CC3=O)c2cc1OC,0.0407,ok
COCCOc1cc2ncnc(NC3=CC(=O)C(Oc4ccc(-n5ccnc5)cc4)=CC3=O)c2cc1OC,0.0066,ok
COCCOc1cc2ncnc(NC3=CC(=O)C(N4CCC(Cc5ccccc5)CC4)=CC3=O)c2cc1OC,0.0308,ok
C#CCOC1=CC(=O)C(Nc2ncnc3cc(OCCCN4CCCC4)c(OC)cc23)=CC1=O,0.0101,ok
COc1cc2c(NC3=CC(=O)C(OCC#Cc4ccccc4)=CC3=O)ncnc2cc1OCCCN1CCCC1,0.0341,ok
COCCOc1cc2ncnc(NC3=CC(=O)C(OC(C)C)=CC3=O)c2cc1OC,0.0072,ok
COc1cc2c(NC3=CC(=O)C(OC(CF)CF)=CC3=O)ncnc2cc1OCC1CCN(C)CC1,0.0099,ok
CC(C)CCOC(=O)c1cc2c([nH]c3ccccc32)c(-c2ccc3c(n2)C(=O)C(NC(=O)CCl)=CC3=O)n1,0.0022,ok
COCCOc1cc2ncnc(NC3=CC(=O)C(OC)=CC3=O)c2cc1OC,0.0391,ok
CCN1CCN(C2=CC(=O)C(Nc3ncnc4cc(OCCOC)c(OC)cc34)=CC2=O)CC1,0.015,ok
COCCOc1cc2ncnc(NC3=CC(=O)C(N(C)c4ccccc4)=CC3=O)c2cc1OC,0.012,ok
COCCOc1cc2ncnc(NC3=CC(=O)C(OCC#Cc4ccccc4)=CC3=O)c2cc1OC,0.0043,ok
COCCOc1cc2ncnc(NC3=CC(=O)C(Cl)=C(Cl)C3=O)c2cc1OC,0.009,ok
COCCOc1cc2ncnc(NC3=CC(=O)C(OC(c4ccccc4)C(F)(F)F)=CC3=O)c2cc1OC,0.0368,ok
COC1=CC(=O)C(Nc2ncnc3cc(OCC4CCN(C)CC4)c(OC)cc23)=CC1=O,0.0113,ok
COC1=CC(=O)C(Nc2ncnc3cc(OCCCN4CCCC4)c(OC)cc23)=CC1=O,0.0097,ok
COC(=O)c1cc2c([nH]c3ccccc32)c(-c2ccc3c(n2)C(=O)C(NC(C)=O)=CC3=O)n1,0.0004,ok
COCCOc1cc2ncnc(NC3=CC(=O)C(OC)=C(OC)C3=O)c2cc1OC,0.0155,ok
COCCOc1cc2ncnc(NC3=CC(=O)C(OCc4cccnc4)=CC3=O)c2cc1OC,0.0365,ok
COCCOc1cc2ncnc(NC3=CC(=O)C(OCc4ccc(F)cc4)=CC3=O)c2cc1OC,0.0388,ok
COCCOc1cc2ncnc(NC3=CC(=O)C(OCC(F)F)=CC3=O)c2cc1OC,0.038,ok
COc1cc2c(NC3=CC(=O)C(OCc4ccccn4)=CC3=O)ncnc2cc1OCCCN1CCCC1,0.015,ok
COCCOc1cc2ncnc(NC3=CC(=O)C=CC3=O)c2cc1OC,0.0055,ok
COCCOc1cc2ncnc(NC3=CC(=O)C(Cl)=C(OC(C)C)C3=O)c2cc1OC,0.0129,ok
COCCOc1cc2ncnc(NC3=C(Cl)C(=O)C=C(OC)C3=O)c2cc1OC,0.0715,ok
COCCOC1=CC(=O)C(Nc2ncnc3cc(OCCOC)c(OC)cc23)=CC1=O,0.0144,ok
COCCOc1cc2ncnc(NC3=CC(=O)C(N4CC(C)OC4=O)=CC3=O)c2cc1OC,0.0049,ok
O=C1C2=C(C(=O)c3ccccc31)S(=O)(=O)CCN2,0.0251,ok
COC1=CC(=O)c2c(COc3ccc([N+](=O)[O-])cc3)c(C)n(C)c2C1=O,0.0042,ok
COCCOc1cc2ncnc(NC3=CC(=O)C=C(Br)C3=O)c2cc1OC,0.0066,ok
COCCOc1cc2ncnc(NC3=CC(=O)C(OCc4cccc(F)c4)=CC3=O)c2cc1OC,0.0109,ok
COCCOc1cc2ncnc(NC3=CC(=O)C(Br)=CC3=O)c2cc1OC,0.0373,ok
CC(OC(=O)CCC(=O)O)c1cc2c(s1)C(=O)c1sccc1C2=O,0.0007,ok
Cn1c(CO)c(CO)c2c1C(=O)C=C(N1CC1)C2=O,0.0051,ok
Cc1ccccc1Cc1cccc2c(C3=C(O)C(=O)C=C(O)C3=O)c[nH]c12,0.0025,ok
CN(C)CCNc1ccc(NCCN2CCCC(Cl)C2)c2c1C(=O)c1c(O)ccc(O)c1C2=O,0.0169,ok
CN(C)CCNc1ccc(NCCN2CCC(Cl)CC2)c2c1C(=O)c1c(O)ccc(O)c1C2=O,0.0518,ok
O=C1c2c(O)ccc(O)c2C(=O)c2c(NCCN3CCCCC3CCl)ccc(NCCN3CCCCC3CCl)c21,0.0462,ok
O=C1c2ccccc2C(=O)c2cc(NC(=O)C3CC3)ccc21,0.0004,ok
O=C1c2ccccc2C(=O)c2c1cnc1ccccc21,0.0,ok
CN(C)CCNc1ccc(NCCN2CCC(Cl)C2)c2c1C(=O)c1c(O)ccc(O)c1C2=O,0.0529,ok
CN(C)CCNc1ccc(NCCN2CCCC2CCl)c2c1C(=O)c1c(O)ccc(O)c1C2=O,0.0582,ok
Cc1ccc2c(c1O)C(=O)C=CC2=O,0.0,ok
O=C1c2ccccc2C(=O)c2c(O)c(CCl)cc(O)c21,0.0017,ok
O=C1c2ccccc2C(=O)c2ocnc21,0.0,ok
O=C1C=C(c2ccc(F)cc2)C(=O)c2ccccc21,0.0031,ok
Cc1cc(Cl)c2c(c1O)C(=O)C=CC2=O,0.0,ok
COc1ccc(NC2=C(C)C(=O)c3ccccc3C2=O)cc1,0.0184,ok
O=C1C2=C(OCC=C2)C(=O)c2ccccc21,0.0,ok
Cc1cc(OCc2ccccc2)c2c(c1)C(=O)C=CC2=O,0.0125,ok
O=c1c2ccccc2c(=O)c2c1[nH]c1c(=O)c3ccccc3c(=O)c12,0.0,ok
O=C1c2ccccc2C(=O)c2sc(-c3ccncc3)nc21,0.0,ok
COc1cc(O)c2c(c1)C(=O)c1cc(CN(CCCl)CCCl)cc(O)c1C2=O,0.0054,ok
O=C1C(Nc2ccc(Cl)cc2)=CC(=O)c2ncccc21,0.0119,ok
CC1=C(C)C(=O)C(C(C)c2cccnc2)=C(C)C1=O,0.017,ok
CCCCCC=C(C1=C(C)C(=O)C(C)=C(C)C1=O)c1cccnc1,0.0268,ok
CC1=C(C)C(=O)C(C(c2ccccc2)c2cccnc2)=C(C)C1=O,0.0298,ok
CCCCC(C1=C(C)C(=O)C(C)=C(C)C1=O)c1cccnc1,0.0212,ok
CC1=C(C)C(=O)C(C(CCCCCC(=O)O)c2cccnc2)=C(C)C1=O,0.0308,ok
CCCCCCC(C1=C(C)C(=O)C(C)=C(C)C1=O)c1cccnc1,0.0305,ok
COc1cc(O)c2c(c1)C(=O)c1cc(CBr)cc(OC)c1C2=O,0.0029,ok
O=C1c2cccc(O)c2C(=O)c2c(O)cc(C(Br)Br)cc21,0.0,ok
COc1cc(O)c2c(c1)C(=O)c1cc(C(Br)Br)cc(OC)c1C2=O,0.0,ok
COc1cc(O)c2c(c1)C(=O)c1cc(C(Br)Br)cc(O)c1C2=O,0.0001,ok
CCNCc1cc(O)c2c(c1)C(=O)c1cccc(O)c1C2=O,0.0038,ok
CCNCc1cc(O)c2c(c1)C(=O)c1cc(OC)cc(O)c1C2=O,0.0008,ok
COc1cc(O)c2c(c1)C(=O)c1cc(CNCCO)cc(O)c1C2=O,0.0012,ok
CC1=CC(=O)c2c([nH]c3ccccc23)C1=O,0.0,ok
COC1C(O)c2c(cc3c(c2O)C(=O)c2c(O)cccc2C3=O)C(=O)C1(C)O,0.0048,ok
CC1=C(C)C(=O)C(C(CCCCCCC(=O)O)c2cccnc2)=C(C)C1=O,0.022,ok
COc1ccc(-c2noc3c2C(=O)c2ccccc2C3=O)cc1,0.0033,ok
CC1=C(C(CCCCCC(=O)O)c2ccccc2)C(=O)c2ccccc2C1=O,0.0158,ok
CC1=C(C)C(=O)C(C(CCCCCC(=O)O)c2ccc(Cl)cc2)=C(C)C1=O,0.0117,ok
CC1=C(C)C(=O)C(C(CCCCCC(=O)O)c2ccc(F)cc2)=C(C)C1=O,0.0119,ok
CC1=C(N2CC2)C(=O)c2nc3n(c2C1=O)CCC3,0.0225,ok
O=C1C=C(Oc2ccccc2)C(=O)c2ccccc21,0.0064,ok
CC1=C(C)C(=O)C(C(CCCCCC(=O)O)c2ccc(C)cc2)=C(C)C1=O,0.0323,ok
Cc1ccnc2c1C(=O)c1nccc(C)c1C2=O,0.0016,ok
CC(=O)N(C1=C(N2CCOCC2)C(=O)c2ccccc2C1=O)c1ccc(F)cc1,0.0862,ok
CCOc1cc2ncnc(NC3=CC(=O)C(OC)=CC3=O)c2cc1NC(=O)C=CCN(C)C,0.003,ok
O=C1C=C(Oc2ccc(Cl)cc2Cl)C(=O)c2ccccc21,0.0119,ok
O=C1c2ccccc2C(=O)c2c(NCCCO)nnc(NCCCO)c21,0.0772,ok
COCc1ccc2c(c1)C(=O)c1ccccc1C2=O,0.0004,ok
CCn1nnc2c1C(=O)c1cnncc1C2=O,0.001,ok
Cn1nnc2c1C(=O)c1cnncc1C2=O,0.0,ok
CCCCn1nnc2c1C(=O)c1cnncc1C2=O,0.0022,ok
CCCn1nnc2c1C(=O)c1cnncc1C2=O,0.0006,ok
CCn1nc2c(n1)C(=O)c1cnncc1C2=O,0.0,ok
CCCCn1nc2c(n1)C(=O)c1cnncc1C2=O,0.0,ok
CCCn1nc2c(n1)C(=O)c1cnncc1C2=O,0.0,ok
CCc1cnc2c(c1)C(=O)c1ncc(CC)cc1C2=O,0.0005,ok
CCC(=O)Oc1cccc2c1C(=O)C=CC2=O,0.0147,ok
NCC1=CC(=O)c2ccccc2C1=O,0.0,ok
O=C1C(Nc2ccccc2)=C(Nc2ccccc2)C(=O)c2ccccc21,0.0381,ok
Cc1ccnc2c1C(=O)c1nccc(N(C)C)c1C2=O,0.1162,ok
CCCCCCCCC1=C(O)C(=O)C=C(O)C1=O,0.0055,ok
CCCCc1cccc(CCC2=C(O)C(=O)C=C(O)C2=O)c1,0.0013,ok
O=C1c2c(O)ccc(NCCNCCO)c2C(=O)c2c(NCCNCCO)ccc(NCCNCCO)c21,0.062,ok
O=C1C=C(O)C(=O)C(CCc2cccc(CCc3ccccc3)c2)=C1O,0.0043,ok
CCCN1C(=O)C(C2=CC(=O)c3[nH]cc(CCN)c3C2=O)N(C)C1=O,,no_quinone_ring_found
O=C1C=C(Nc2ccccc2Cl)C(=O)c2ccccc21,0.0121,ok
CCN(CCCCCCNC1=CC(=O)C(NCCCCCCN(CC)Cc2cccs2)=CC1=O)Cc1cccs1,0.0053,ok
O=C1c2ccccc2C(=O)c2c1nnn2Cc1ccccc1,0.0078,ok
CC(=CC1=C(Cl)C(=O)c2ccccc2C1=O)C(=O)NCCO,0.0216,ok
CC(=CC1=C(Cl)C(=O)c2ccccc2C1=O)C(=O)O,0.0336,ok
COC1=C(C=C(C)C(=O)O)C(=O)c2ccccc2C1=O,0.0371,ok
CSC1=C(C=C(C)C(=O)O)C(=O)c2ccccc2C1=O,0.0398,ok
COCCC(=CC1=C(Br)C(=O)c2ccccc2C1=O)C(=O)O,0.0347,ok
CC1=C(Cc2ccc(C(C)(C)C)cc2)C(=O)c2ccccc2C1=O,0.0266,ok
CC1=C(Cc2ccc(O)cc2)C(=O)c2ccccc2C1=O,0.0255,ok
CC1=C(Cc2ccc([N+](=O)[O-])cc2)C(=O)c2ccccc2C1=O,0.0213,ok
O=C1c2c(O)ccc(O)c2C(=O)c2c(NCCNCCO)ccc(NCCNCO)c21,0.0162,ok
COC1C=CC=C(C)C(=O)NC2=CC(=O)C(N)=C(CC(C)CC(OC)C(OC)C(C)C=C(C)C1OC(N)=O)C2=O,,no_quinone_ring_found
COC1OC(C(=O)NCCN2CCCC2)=CC2=C1C(=O)c1ccccc1C2=O,0.0205,ok
O=C1c2cc(O)c(O)cc2C(=O)c2cc(O)c(O)cc21,0.0,ok
COC1OC(C(=O)N(C)CCN(C)C)=CC2=C1C(=O)c1ccccc1C2=O,0.0153,ok
Cc1nc2c([nH]1)C(=O)C(Cl)=C(Nc1cccc(Cl)c1Cl)C2=O,0.0149,ok
CCCC1OC(C(=O)NCCCN(C)C)=CC2=C1C(=O)c1ccccc1C2=O,0.006,ok
Cc1nc2c([nH]1)C(=O)C(Cl)=C(Nc1ccc(F)cc1F)C2=O,0.0099,ok
Cc1nc2c([nH]1)C(=O)C(Cl)=C(Nc1ccc(F)c(F)c1F)C2=O,0.0147,ok
Cc1nc2c([nH]1)C(=O)C(Cl)=C(Nc1ccc(C(F)(F)F)cc1)C2=O,0.0126,ok
Cc1nc2c([nH]1)C(=O)C(Cl)=C(Nc1cccc(Cl)c1)C2=O,0.0133,ok
Cc1nc2c([nH]1)C(=O)C(Cl)=C(Nc1cccc(Br)c1)C2=O,0.0132,ok
Cc1ccc(NC2=C(Cl)C(=O)c3[nH]c(C)nc3C2=O)cc1,0.0246,ok
O=C1C=C(N2CC2)C(=O)C(Cl)=C1N1CC1,0.0,ok
CCc1nc2c(o1)C(=O)C=C(NCCN(C)C)C2=O,0.0044,ok
CCc1nc2c(o1)C(=O)C(NCCN(C)C)=CC2=O,0.0025,ok
CCOc1cc2ncnc(NC3=CC(=O)C(OC(CF)CF)=CC3=O)c2cc1NC(=O)C=CCN(C)C,0.0123,ok
CNC1=C2CC(C)CC(OC)C(O)C(C)C=C(C)C(OC(N)=O)C(OC)C=CC=C(C)C(=O)NC(=CC1=O)C2=O,,no_quinone_ring_found
O=C1c2c(O)ccc(O)c2C(=O)c2c(NCCN3CCCCC3CO)ccc(NCCN3CCCCC3CO)c21,0.0993,ok
CCOc1cc2ncnc(NC3=CC(=O)C(OCc4cccc(F)c4)=CC3=O)c2cc1NC(=O)C=CCN(C)C,0.0346,ok
CCOc1cc2ncnc(NC3=CC(=O)C(OCc4ccccc4)=CC3=O)c2cc1NC(=O)C=CCN(C)C,0.0394,ok
CCOc1cc2ncnc(NC3=CC(=O)C(OCc4ccccn4)=CC3=O)c2cc1NC(=O)C=CCN(C)C,0.0145,ok
COCCOc1cc2ncnc(NC3=CC(=O)C(OCc4cccc(OC)c4)=CC3=O)c2cc1OC,0.0094,ok
CCOc1cc2ncnc(NC3=CC(=O)C(OCc4cccc(Cl)c4)=CC3=O)c2cc1NC(=O)C=CCN(C)C,0.0363,ok
CCOc1cc2ncnc(NC3=CC(=O)C(OCc4cccs4)=CC3=O)c2cc1NC(=O)C=CCN(C)C,0.0119,ok
Cc1ccc(OC2=CC(=O)c3ccccc3C2=O)c(C)c1,0.0226,ok
O=C(O)CCCC(=O)OCc1cc2c(s1)C(=O)c1sccc1C2=O,0.0004,ok
Cc1ccc(SC2=C(Cl)C(=O)c3[nH]c(-c4ccccc4)nc3C2=O)cc1,0.0084,ok
CCCCCC(=O)OC1=C(C2CCC(c3ccc(Cl)cc3)CC2)C(=O)c2ccccc2C1=O,0.0404,ok
CCCCCCCCC(=O)OC1=C(C2CCC(c3ccc(Cl)cc3)CC2)C(=O)c2ccccc2C1=O,0.0175,ok
CCCCCCCCCC(=O)OC1=C(C2CCC(c3ccc(Cl)cc3)CC2)C(=O)c2ccccc2C1=O,0.0437,ok
NCCNCCNc1ccc(NCCNCCO)c2c1C(=O)c1c(O)ccc(O)c1C2=O,0.015,ok
COc1ccc(C2=C(NC(=O)c3cccc(OC)c3)C(=O)c3ccccc3C2=O)cc1,0.0328,ok
CCNC1=C(F)C(=O)c2c(F)c(F)c(F)c(F)c2C1=O,0.0277,ok
CCCCCCCCCCOC1=C(C2CCC(c3ccc(Cl)cc3)CC2)C(=O)c2ccccc2C1=O,0.0097,ok
COC1=C(OC)C(=O)c2c(F)c(F)c(F)c(F)c2C1=O,0.0094,ok
CCN(CCCCCCNC1=CC(=O)C(OC)=CC1=O)Cc1ccccc1OC,0.0124,ok
Cc1ccc(S(=O)(=O)c2cc3c(c4nsnc24)C(=O)c2ccccc2C3=O)cc1,0.0,ok
CCOc1cc2c(c3c1C(c1ccccc1)N(S(=O)(=O)c1ccc(C)cc1)C3)C(=O)C=CC2=O,0.0014,ok
O=C(CCl)Nc1ccc2c(c1NC(=O)c1ccccc1)C(=O)c1ccccc1C2=O,0.0077,ok
CC1=C(Cc2ccc(C(F)(F)F)cc2)C(=O)c2ccccc2C1=O,0.0241,ok
Cc1ccc(C(=O)Nc2c(NC(=O)CCl)ccc3c2C(=O)c2ccccc2C3=O)cc1,0.0078,ok
O=C(CCl)Nc1cc(O)c2c(c1)C(=O)c1cccc(O)c1C2=O,0.0,ok
O=C1C=C(NCCc2c[nH]c3ccccc23)C(=O)c2ncccc21,0.0059,ok
CCCCCCCCC=CCCCCCCCC(=O)Oc1cccc2c1C(=O)C=CC2=O,0.0143,ok
O=C1C=C(Nc2cccc(Cl)c2)C(=O)c2ccccc21,0.0111,ok
Cc1ccc(NC2=CC(=O)c3ccccc3C2=O)cc1C,0.0118,ok
CCOC(=O)c1cc2c(o1)C(=O)c1ccccc1C2=O,0.0,ok
O=C1c2ccccc2C(=O)c2c(-c3cccnc3)noc21,0.0034,ok
CC1=C(Cc2ccncc2)C(=O)c2ccccc2C1=O,0.0225,ok
CCC(=O)c1cc2c(o1)C(=O)c1ccccc1C2=O,0.0001,ok
Cc1ccc(C(=O)Nc2c(NC(=O)CN3CCN(C)CC3)ccc3c2C(=O)c2ccccc2C3=O)cc1,0.0066,ok
CCCCCCCCCCC1=C(OC(C)=O)C(=O)c2ccccc2C1=O,0.0236,ok
O=C1C(Nc2ccc(C(F)(F)F)cc2)=C(Cl)C(=O)c2c1cccc2[N+](=O)[O-],0.067,ok
COC(=O)c1cccc(Nc2cc(N3CCCCCC3)c3noc4c3c2C(=O)c2ccccc2-4)c1,0.0026,ok
COC(=O)c1ccc(CNC2=CC(=O)c3ccccc3C2=O)cc1,0.0117,ok
O=C1C=C(NCc2cccc(C(F)(F)F)c2)C(=O)c2ccccc21,0.0101,ok
CN(Cc1ccccc1)C1=CC(=O)c2ccccc2C1=O,0.0148,ok
NS(=O)(=O)c1cccc2c1C(=O)C=C(Nc1cccnc1)C2=O,0.1001,ok
CCCCCCCCCCSC1=CC(=O)c2ccccc2C1=O,0.0041,ok
C#CCNC1=CC(=O)c2ccccc2C1=O,0.011,ok
O=C1C=C(NC2CCCC2)C(=O)c2ccccc21,0.009,ok
CC(C)Sc1cc2c(c3nsnc13)C(=O)c1ccccc1C2=O,0.0069,ok
CCCCCCCCCC1=C(O)C(=O)C(CCC)=C(O)C1=O,0.0039,ok
C=CCC1=C(O)C(=O)C(CCCCCCCCC)=C(O)C1=O,0.0078,ok
CCCCCCCCCC1=C(O)C(=O)C(CCCC)=C(O)C1=O,0.006,ok
CCCCCCCCCC1=C(O)C(=O)C(CCCCC)=C(O)C1=O,0.0054,ok
CCCCCCCCCC1=C(O)C(=O)C(CCCCCCC)=C(O)C1=O,0.0055,ok
CCCCCCCCCC1=C(O)C(=O)C(Cc2ccccc2)=C(O)C1=O,0.0276,ok
CCCCCC1=C(O)C(=O)C(CCCCC)=C(O)C1=O,0.0074,ok
CCCCCCCC1=C(O)C(=O)C(CCCCCCC)=C(O)C1=O,0.0032,ok
COc1cc(CNc2nc3ccccc3s2)c(OC)c2c1C(=O)C=CC2=O,0.0444,ok
CCCCCCCCC1=C(O)C(=O)C(CCCCCCCC)=C(O)C1=O,0.0041,ok
CCOc1cccc2c1C(=O)c1c(OCC)cc(NC(=O)CCl)cc1C2=O,0.0811,ok
CCOc1cccc2c1C(=O)c1c(OCC)cc(NC(=O)CBr)cc1C2=O,0.0845,ok
[N-]=[N+]=NCCOc1cccc2c1C(=O)c1c(OCCN=[N+]=[N-])cc(NC(=O)CCl)cc1C2=O,0.0642,ok
COc1cccc2c1C(=O)c1c(OC)cc(NC(=O)CCl)cc1C2=O,0.0775,ok
CCCOc1cccc2c1C(=O)c1c(OCCC)cc(NC(=O)CCl)cc1C2=O,0.0781,ok
CCCOc1cccc2c1C(=O)c1c(OCCC)cc(NC(=O)CBr)cc1C2=O,0.0788,ok
CCCOc1cccc2c1C(=O)c1c(OCCC)cc(NC(=O)CN=[N+]=[N-])cc1C2=O,0.0818,ok
O=C(CCl)Nc1cc(OCc2ccccc2)c2c(c1)C(=O)c1cccc(OCc3ccccc3)c1C2=O,0.039,ok
[N-]=[N+]=NCCOc1cccc2c1C(=O)c1c(OCCN=[N+]=[N-])cc(NC(=O)CN=[N+]=[N-])cc1C2=O,0.0653,ok
C=CC(=O)Nc1cc(OCc2ccccc2)c2c(c1)C(=O)c1cccc(OCc3ccccc3)c1C2=O,0.0809,ok
CC(C)COc1cccc2c1C(=O)c1c(OCC(C)C)cc(NC(=O)CBr)cc1C2=O,0.0936,ok
CC(C)COc1cccc2c1C(=O)c1c(OCC(C)C)cc(NC(=O)CCl)cc1C2=O,0.0918,ok
CC(C)CCOc1cccc2c1C(=O)c1c(OCCC(C)C)cc(NC(=O)CBr)cc1C2=O,0.0727,ok
O=c1c2ccccc2c(=O)c2c1sc1c(=O)c3ncccc3c(=O)c12,0.0,ok
O=c1c2ccccc2c(=O)c2c1sc1c(=O)c3ccc(O)cc3c(=O)c12,0.0262,ok
COC1=CC(=O)c2oc(C)c(CO)c2C1=O,0.0134,ok
O=C1c2ccccc2C(=O)c2c1cc(Sc1cccc(Cl)c1)c1nsnc21,0.0009,ok
CC(C)CCOc1cccc2c1C(=O)c1c(OCCC(C)C)cc(NC(=O)CCl)cc1C2=O,0.0824,ok
O=C1c2ccccc2C(=O)c2oc(-c3cccnc3)nc21,0.0,ok
C#CCNC1=C(Cl)C(=O)c2ccccc2C1=O,0.0054,ok
O=C1C=C(c2ccc(C(F)(F)F)cc2)C(=O)c2ccccc21,0.0031,ok
O=C1c2ccccc2C(=O)c2c1cc(Sc1ccc(F)cc1F)c1nsnc21,0.0031,ok
O=C(c1cccs1)c1cc2c(s1)C(=O)c1c(O)cccc1C2=O,0.0004,ok
NC(CCl)=NCCNc1c2c(c(NCCN=C(N)CCl)c3sccc13)C(=O)c1ccccc1C2=O,0.038,ok
Cc1cc(C)cc(NC2=C(NS(=O)(=O)c3ccccc3)C(=O)c3c(N)cccc3C2=O)c1,0.0615,ok
O=C(c1cccnc1)c1cc2c(s1)C(=O)c1c(O)cccc1C2=O,0.0025,ok
CC12CCCCC1=C(O)C(=O)c1cc3c(cc12)C(=O)C1=C(C3=O)S(=O)(=O)CCN1,0.0309,ok
COC1=C(C(C)C)C(=O)C=C(COC(Cn2cncn2)c2ccc(F)cc2F)C1=O,0.0383,ok
COC1=C(C(C)C)C(=O)C=C(CC(O)(Cn2cncn2)c2ccc(F)cc2F)C1=O,0.0253,ok
COc1ccc2c(=O)c3sc4c(=O)c5ccccc5c(=O)c4c3c(=O)c2c1,0.0282,ok
CC(=O)c1cc2c(s1)C(=O)c1c(O)cccc1C2=O,0.0,ok
NS(=O)(=O)c1cccc2c1C(=O)C=C(Nc1ccccc1N1CCNCC1)C2=O,0.0705,ok
O=Cc1cc2c(s1)C(=O)c1c(O)cccc1C2=O,0.0,ok
CC(=O)c1cc2c(s1)C(=O)c1c(ccc(CO)c1O)C2=O,0.0015,ok
COc1cc(C(CC=C(C)C)OCCC(C)C)c(OC)c2c1C(=O)C=CC2=O,0.0236,ok
CCC(=O)c1cc2c(s1)C(=O)c1c(O)cccc1C2=O,0.0,ok
CC(C)C(=O)c1cc2c(s1)C(=O)c1c(O)cccc1C2=O,0.0001,ok
CCOC(=O)c1cc2c(s1)C(=O)c1c(O)cccc1C2=O,0.0,ok
CC(C)OC(=O)c1cc2c(s1)C(=O)c1c(O)cccc1C2=O,0.0,ok
COC1=C(C(C)C)C(=O)C=C(CNC(=O)C2CCCCC2)C1=O,0.0203,ok
COC1=C(C(C)C)C(=O)C=C(CC2(O)CCCCC2)C1=O,0.0366,ok
NC(CCl)=NCCCNc1c2c(c(NCCN=C(N)CCl)c3ccsc13)C(=O)c1ccccc1C2=O,0.0344,ok
NC(CCl)=NCCCNc1c2c(c(NCCN=C(N)CCl)c3sccc13)C(=O)c1ccccc1C2=O,0.0299,ok
O=C1C=C(Oc2ccc(F)cc2)C(=O)c2c(O)cccc21,0.0064,ok
O=C1C(Oc2ccccc2)=CC(=O)c2c(O)cccc21,0.0065,ok
O=C1C=C(Oc2ccccc2)C(=O)c2c(O)cccc21,0.0066,ok
O=C1c2cccnc2C(=O)c2c1c(C(=O)OCCc1ccccn1)c1ccccn21,0.0285,ok
O=C1c2cccnc2C(=O)c2c1c(C(=O)OCCN1CCCCC1)c1ccccn21,0.0269,ok
O=C1c2cccnc2C(=O)c2c1c(C(=O)OCCCN1CCOCC1)c1ccccn21,0.022,ok
O=C1c2ccccc2C(=O)c2[nH]c(-c3ccncc3)nc21,0.0,ok
O=C1c2cccnc2C(=O)c2sc(-c3ccncc3)nc21,0.0,ok
COc1cccc(NC2=CC(=O)c3ncncc3C2=O)c1,0.0116,ok
NCCNc1c2c(c(NCCN)c3occc13)C(=O)c1ccccc1C2=O,0.0751,ok
O=C1C(NCc2ccc(F)cc2)=CC(=O)c2ncncc21,0.0044,ok
O=C1C(Nc2ccc(C3CCCCC3)cc2)=CC(=O)c2ncncc21,0.0316,ok
COc1ccc(NC2=CC(=O)c3ncncc3C2=O)cc1OC,0.0113,ok
O=C1C(Nc2ccc(CO)cc2)=CC(=O)c2ncncc21,0.0113,ok
O=C1C(Nc2ccc(N3CCOCC3)cc2)=CC(=O)c2ncncc21,0.0117,ok
COc1ccc(NC2=CC(=O)c3ncncc3C2=O)cc1,0.0119,ok
COc1cc(NC2=CC(=O)c3ncncc3C2=O)cc(OC)c1OC,0.0222,ok
O=C1C(Nc2ccc(-c3ccccc3)cc2)=CC(=O)c2ncncc21,0.0116,ok
O=C1C(C2=C(N3CC3)C(=O)c3ccccc3C2=O)=C(N2CC2)C(=O)c2ccccc21,0.0162,ok
O=C1c2cccnc2C(=O)c2c1c(O)n(Cc1ccc(F)cc1)c2O,0.0023,ok
O=C1c2cccnc2C(=O)c2c1c(O)n(Cc1cccc(Br)c1)c2O,0.0023,ok
CC(=O)c1cc2c(s1)C(=O)c1c(O)ccc(O)c1C2=O,0.0,ok
CC1OC(Oc2c(O)c3c(c4cccnc24)C(=O)c2ccccc2C3=O)C(F)C(O)C1O,0.0205,ok
Cc1oc2c(c1C(=O)N1CCC(N)C1)C(=O)c1c(c(O)c3ccccc3c1O)C2=O,0.003,ok
C#Cc1cccc(OC2=C(Oc3cccc(C#C)c3)C(=O)c3ncccc3C2=O)c1,0.0148,ok
C#CCOC1=C(Cl)C(=O)c2cccnc2C1=O,0.0068,ok
O=C1C(Cl)=C(OCC#CCCl)C(=O)c2ncccc21,0.0083,ok
C#CC(C)OC1=C(OC(C)C#C)C(=O)c2ncccc2C1=O,0.0259,ok
O=C1C(Cl)=C(OCC#Cc2ccccc2)C(=O)c2ncccc21,0.0066,ok
O=C1C(OCC#CCCl)=C(OCC#CCCl)C(=O)c2ncccc21,0.0102,ok
O=C1C(Nc2ccc(-c3ccccn3)cc2)=CC(=O)c2ncncc21,0.0126,ok
O=C(OCC#CCOC1=C(OCC#CCOC(=O)c2ccccc2)C(=O)c2ncccc2C1=O)c1ccccc1,0.007,ok
Cc1ccc(Cn2cc(CNC3=C(Cl)C(=O)c4cccnc4C3=O)nn2)cc1,0.006,ok
CC(C)CCNC1=CC(=O)c2ccccc2C1=O,0.0064,ok
CC1=C(CCCC(=O)NCCc2ccc(O)cc2)C(=O)c2ccccc2C1=O,0.0069,ok
COc1cc(C(CC=C(C)C)SCCC(C)C)c(OC)c2c1C(=O)C=CC2=O,0.0497,ok
COc1cc(C(=O)SC(CC=C(C)C)c2cc(OC)c3c(c2OC)C(=O)C=CC3=O)cc(OC)c1OC,0.0235,ok
O=C(Nc1ccncc1)c1ccc(CNC2=C(Cl)C(=O)c3ccccc3C2=O)cc1,0.0071,ok
Cc1oc2c(c1C(=O)NCCCCn1ccnc1)C(=O)c1ccccc1C2=O,0.0013,ok
CCc1oc2c(c1C(=O)NCCCn1ccnc1)C(=O)c1ccccc1C2=O,0.0029,ok
Cc1oc2c(c1C(=O)NCCn1ccnc1)C(=O)c1ccccc1C2=O,0.0116,ok
O=C1c2ccccc2C(=O)c2c1oc(-c1ccccc1)c2C(=O)NCCCn1ccnc1,0.0005,ok
Cc1ccc2[nH]c3c(c2c1)C(=O)c1cnccc1C3=O,0.0001,ok
COC(=O)C=Cc1cccc(CNC2=CC(=O)c3ncccc3C2=O)c1,0.0147,ok
C=CCSC1=CC(=O)C(NCCO)=CC1=O,0.009,ok
C=CCSC1=CC(=O)C(NCCCl)=CC1=O,0.0101,ok
CN1CCN(c2ccc(NC3=CC(=O)c4cccnc4C3=O)cc2)CC1,0.0116,ok
O=C1c2ncccc2C(=O)c2sc(-c3ccncc3)nc21,0.0,ok
O=C1c2cccnc2C(=O)c2sc(-c3cscn3)nc21,0.0,ok
O=C1c2ccccc2C(=O)c2[nH]c(-c3ccnc(Cl)c3)nc21,0.0,ok
O=C1c2ncccc2C(=O)c2[nH]c(-c3ccccn3)nc21,0.0,ok
O=C1c2ccccc2C(=O)c2[nH]c(-c3ncc[nH]3)nc21,0.0,ok
O=C1C(CSC(=S)N2CCCCC2)=C(CSC(=S)N2CCCCC2)C(=O)c2ccccc21,0.0301,ok
O=C1c2ccccc2C(=O)c2[nH]c(-c3cccc(Cl)c3)nc21,0.0,ok
O=C1c2ncccc2C(=O)c2[nH]c(-c3cscn3)nc21,0.0,ok
O=C1c2ccccc2C(=O)c2[nH]c(-c3ccc([N+](=O)[O-])cc3)nc21,0.0,ok
COC1=C(OC)C(=O)C(Nc2cccc(Br)c2)=CC1=O,0.0192,ok
CC(C)c1oc2c(c1C(=O)NCCCn1ccnc1)C(=O)c1ccccc1C2=O,0.0189,ok
N#Cc1ccccc1Cn1cc(CNC2=C(Cl)C(=O)c3cccnc3C2=O)nn1,0.0018,ok
N#Cc1cccc(Cn2cc(CNC3=C(Cl)C(=O)c4cccnc4C3=O)nn2)c1,0.0074,ok
O=C1C=C(c2ccc(Cl)nc2)C(=O)c2ccccc21,0.0,ok
O=C(CCl)Nc1cc(OCCO)c2c(c1)C(=O)c1cccc(OCCO)c1C2=O,0.0857,ok
O=C1c2ccccc2C(=O)c2c1cc(NS(=O)(=O)c1ccc(Cl)s1)c(O)c2O,0.0177,ok
O=C1c2ccccc2C(=O)c2c1cc(NS(=O)(=O)c1ccc(N3CCCCC3)cc1)c(O)c2O,0.0004,ok
CC(C)(C)c1ccc(S(=O)(=O)Nc2cc3c(c(O)c2O)C(=O)c2ccccc2C3=O)cc1,0.0005,ok
COc1cccc(S(=O)(=O)Nc2cc3c(c(O)c2O)C(=O)c2ccccc2C3=O)c1,0.0186,ok
O=C1c2ccccc2C(=O)c2c1cc(NS(=O)(=O)c1ccc(F)c(C(F)(F)F)c1)c(O)c2O,0.0038,ok
O=C1c2ccccc2C(=O)c2c1cc(NS(=O)(=O)c1ccc(C3CCCCC3)cc1)c(O)c2O,0.0005,ok
O=C1c2ccccc2C(=O)c2c1cc(NS(=O)(=O)c1ccc(-c3ccc(F)cc3)cc1)c(O)c2O,0.0045,ok
O=C1C=C(c2cnc(Cl)nc2)C(=O)c2ccccc21,0.003,ok
O=C1c2ccccc2C(=O)c2c1cc(NS(=O)(=O)c1cccs1)c(O)c2O,0.0009,ok
Cc1[nH]c2ccccc2c1C1=C(Cl)C(=O)C(Cl)=C(N2CCOCC2)C1=O,0.1291,ok
O=C1c2ccccc2C(=O)c2c1cc(NS(=O)(=O)c1ccc3ccccc3c1)c(O)c2O,0.0008,ok
O=C1c2ccccc2C(=O)c2c1cc(NS(=O)(=O)c1ccc(Cl)c(C(F)(F)F)c1)c(O)c2O,0.0039,ok
COc1cccc2c1C(=O)c1ccc3ccccc3c1C2=O,0.0767,ok
COc1ccc(NC2=C(NC(C)=O)C(=O)c3ccccc3C2=O)cc1,0.0852,ok
Cc1[nH]c2ccccc2c1C1=C(Cl)C(=O)C(N2CCOCC2)=C(Cl)C1=O,0.1068,ok
COC1=C(N2CC2)C(=O)C(OC)=C(N2CC2)C1=O,0.0325,ok
O=C1c2ccc(Cl)cc2C(=O)c2cc(Cl)ccc21,0.0,ok
CCCCSC1=CC(=O)c2ccccc2C1=O,0.0039,ok
O=C1C=CC(=O)C(CC(=O)O)=C1,0.0047,ok
O=C1C(Cl)=C(NCc2cccnc2)C(=O)c2ccccc21,0.0183,ok
COC1=CC(=O)C(C)=C(CC(C)=O)C1=O,0.0126,ok
COc1ccc2c(c1OC)OCC(C1=CC(=O)C=C(O)C1=O)C2,0.0009,ok
COc1cc(C)cc2c1C(=O)c1c(cc(O)c(Cl)c1O)C2=O,0.0038,ok
COC1=CC(=O)C(O)=C(CC=C(C)CCC2(C)CCC=C(C)C2C)C1=O,0.0081,ok
C=C1C(C)CCCC1(C)CCC(C)=CCC1=C(O)C(=O)C=C(OC)C1=O,0.0262,ok
COc1cc(O)c2c(c1)C(=O)c1cc(C)ncc1C2=O,0.0,ok
Cc1cc2c(cn1)C(=O)c1c(O)cc(O)cc1C2=O,0.0,ok
C=CCC=CCC=CCCCCCCCC1=C(O)C(=O)C=C(OCC)C1=O,0.0104,ok
C=C1CCC2C(C)(C)CCCC2(C)C1CC1=CC(=O)C=CC1=O,0.0112,ok
C=C(C)C(O)CC1=C(OC)C(=O)c2c(OC)ccc(O)c2C1=O,0.0601,ok
CC1OC2=C(C(=O)c3ccc(O)cc3C2=O)C1(C)C,0.0058,ok
COc1cc(OC)c2c(c1)C(=O)C1=C(COC(C)=C1)C2=O,0.0,ok
CC1=CC(=O)C2=C(CC3C2(C)CCC2C3(C)CCC3C(C)(C)C(O)CCC32C)C1=O,0.0036,ok
COC1=CC(=O)C2=C(CCc3ccccc3O2)C1=O,0.0067,ok
CC(C)=CCCC(C)=CCCC(C)=CCC1=CC(=O)C(C)=CC1=O,0.0121,ok
COc1cc2c3c(oc2c(C)c1O)C(=O)C(C)=CC3=O,0.0,ok
COc1cc(OC)c2c(c1)C(=O)C1=C(COC(C)(O)C1)C2=O,0.0184,ok
CC12CCCC3(C)c4cc5c(cc4C(=O)C(O)(OC1)C23)C(=O)C=CC5=O,0.2411,ok
CC1=CCCC2C1(C)CCC(C)C2(C)CC1=CC(=O)C=C(NCCc2ccccc2)C1=O,0.001,ok
CC12CC3=C(CC1C1(C)CC1C2)C(=O)C=CC3=O,0.007,ok
C=C1CCC2C(C)(C)CCCC2(C)C1CC1=C(O)C(=O)C(CO)=CC1=O,0.0114,ok
COc1ccc(O)c2c1C(=O)C(CCC=C(C)C)=CC2=O,0.0352,ok
COC1=CC(=O)C(CCC(=O)c2ccc(OC)c(OC)c2)=C(OC)C1=O,0.0156,ok
CC(=CCCC(C)=CCC1=CC(=O)C(C)=CC1=O)CCC=C(C)CCC(O)C(C)(C)O,0.0115,ok
COc1cc(C)cc2c1C(=O)c1c(O)cc(O)c(Cl)c1C2=O,0.0699,ok
CC1OC(c2ccc3c(c2O)C(=O)c2ccc(CC(C)(O)CC(=O)O)c(O)c2C3=O)CC(O)C1O,0.0015,ok
COc1cc2c(c(OC)c1OC)C(=O)C=C(C)C2=O,0.023,ok
CCCC1(O)CC(O)c2c(O)c3c(c(O)c2C1C(=O)OC)C(=O)c1cccc(O)c1C3=O,0.0167,ok
CSC1=CC(=O)C(N)=C(Cl)C1=O,0.0255,ok
CCCCOCc1c(O)cc2c(c1O)C(=O)c1ccccc1C2=O,0.002,ok
O=C1c2cccc(O)c2C(=O)c2c1ccc(C1(O)c3cccc(O)c3C(=O)c3c(O)cccc31)c2O,0.0,ok
CCCCC(C)C1=CC(=O)C2=C(OC3(C)CCC4OC(C(C)(O)C(=O)O)CCC4(C)C3C2)C1=O,0.0045,ok
CC12CCCc3coc(c31)C(=O)c1cc3c(cc12)C(=O)C(CO)=CC3=O,0.1126,ok
CC12CCCc3coc(c31)C(=O)c1cc3c(cc12)C(=O)C=C(CO)C3=O,0.1124,ok
Cc1c(O)c2c(c(O)c1C(=O)CCC(C)C)C(=O)c1c(O)cccc1C2=O,0.0002,ok
Cc1cc2c(c(O)c1C(=O)CCC(C)C)C(=O)c1c(O)cccc1C2=O,0.0017,ok
COC1=C(c2ccccc2)C(=O)C=C(c2ccccc2)C1=O,0.0121,ok
COC1=CC(=O)C(CCC(=O)c2ccc3c(c2)OCO3)=C(OC)C1=O,0.006,ok
COC1=CC(=O)C(O)=C(CC2(C)C(C)CCC34CC3(C)CCCC24)C1=O,0.0247,ok
C=C1CCCC(C)(C)C1CCC1(C)c2c(O)cc3c(c2OC1CO)C(=O)C=C(OC)C3=O,0.0118,ok
COC1=CC(=O)c2c(O)c3c(c(O)c2C1=O)CC(C)OC3=O,0.0013,ok
C=C1CCCC(C)(C)C1CCC1(C)c2c(O)cc3c(c2OC1C)C(=O)C=C(OC)C3=O,0.0044,ok
COC1=CC(=O)c2c(O)c3c(c(O)c2C1=O)C(OC)C(C)OC3=O,0.0045,ok
O=C1C(O)=C(c2cc(O)c(O)c(O)c2)C(=O)C(O)=C1c1ccccc1,0.0078,ok
CCCCCCC=CCCCCCCCCCC1=C(O)C(=O)C=C(OC)C1=O,0.0026,ok
O=C1C(O)=C(c2ccc(O)c(O)c2)C(=O)C(O)=C1c1ccccc1,0.0121,ok
O=C1c2cc(O)ccc2C(=O)c2c1ccc(O)c2O,0.0,ok
O=C1c2ccc(O)cc2C(=O)c2c(O)ccc(O)c21,0.0,ok
CCC1(O)CC(=O)c2c(cc(O)c3c2C(=O)c2cccc(O)c2C3=O)C1,0.2321,ok
Nc1cc2c(=O)c3cc(Cl)cc(Cl)c3[nH]c2c2c1C(=O)c1ccccc1C2=O,0.0042,ok
O=C1c2ccccc2C(=O)c2sccc21,0.0,ok
NCCNc1ccc(NCCN)c2c1C(=O)c1ccccc1C2=O,0.0614,ok
CCNCCNc1ccc(NCCNCC)c2c1C(=O)c1ccccc1C2=O,0.0574,ok
COc1cccc2c1C(=O)C=CC2=O,0.0,ok
CNCCNc1ccc(NCCNC)c2c1C(=O)c1ccccc1C2=O,0.0604,ok
CC1=C(Cl)C(=O)c2ccccc2C1=O,0.0,ok
O=C1C(Cl)=C(Cl)C(=O)c2cnccc21,0.0,ok
CCN(CC)Cc1cc(O)c2c(c1)C(=O)c1cccc(O)c1C2=O,0.0032,ok
CCCCCCCCCCC1=CC(=O)c2ccccc2C1=O,0.0007,ok
O=C1C2=C(CCCC2)C(=O)c2ccccc21,0.0029,ok
O=C(CCN1CCCCC1)Nc1cccc2c1C(=O)c1ccccc1C2=O,0.0189,ok
O=C1C=C(Nc2ccccc2)C(=O)C=C1Nc1ccccc1,0.0206,ok
CC(=O)OCC1OC(OC2=CC(=O)c3ccccc3C2=O)C(OC(C)=O)C(OC(C)=O)C1OC(C)=O,0.0017,ok
CC(=O)Oc1ccc(OC(C)=O)c2c1C(=O)c1ccccc1C2=O,0.0488,ok
O=C1C(Cl)=C(NCc2ccccc2)C(=O)c2ccccc21,0.0146,ok
O=C1C(Cl)=C(NCc2ccco2)C(=O)c2ccccc21,0.0095,ok
O=C1C=CC(=O)C(c2ccc(Cl)cc2)=C1,0.0031,ok
O=C1C(Cl)=C(N2CCN(C3=C(Cl)C(=O)c4ccccc4C3=O)CC2)C(=O)c2ccccc21,0.0093,ok
COC1=CC(=O)c2ncccc2C1=O,0.0,ok
NC1=CC(=O)c2ncccc2C1=O,0.0185,ok
CC1=C(SCc2ccccc2)C(=O)c2ccccc2C1=O,0.008,ok
O=C1C=CC(=O)c2c(Cl)ccc(O)c21,0.0,ok
O=C1C=CC(=O)c2c1cc1ccccc1c2O,0.0,ok
Cc1ccc(NC2=C(Cl)C(=O)c3ccccc3C2=O)cc1,0.0176,ok
O=C1c2ccccc2C(=O)c2c1ccc1conc21,0.0,ok
Cn1c2c(c3ccccc31)C(=O)c1ccccc1C2=O,0.0,ok
O=C1c2ccc(O)c(O)c2C(=O)c2cccc(O)c21,0.0,ok
CC1=C(CC(=O)O)C(=O)c2ccccc2C1=O,0.0149,ok
O=C1C=C(NCCCO)C(=O)c2ccccc21,0.0123,ok
O=C1C(Cl)=C(Nc2ccc(S(=O)(=O)Nc3nccs3)cc2)C(=O)c2ccccc21,0.0169,ok
O=C1C=CC(=O)C(Cc2ccccc2)=C1,0.013,ok
CCOc1cccc2c1C(=O)C=CC2=O,0.0,ok
CCOC(=O)CC1=C(C)C(=O)c2ccccc2C1=O,0.0063,ok
Nc1ccc(NC2=C(Cl)C(=O)c3ccccc3C2=O)cc1,0.0199,ok
O=c1c(=O)c2c(oc3c(=O)c4ccccc4c(=O)c32)c2ccccc12,0.0,ok
Cc1oc2c(c1C(=O)O)C(=O)c1ccccc1C2=O,0.0186,ok
O=C1C=CC(=O)C(c2cccc(C(F)(F)F)c2)=C1,0.0032,ok
O=C1c2ccccc2-c2onc3ccc(Oc4c(F)c(F)c(F)c(F)c4F)c1c23,0.0019,ok
CNC1=C(C)C(=O)c2ccccc2C1=O,0.0162,ok
COc1ccc(C2=CC(=O)c3ccccc3C2=O)cc1,0.0044,ok
O=C1C=CC(=O)c2c1c(-c1ccccc1)nn2-c1ccccc1,0.0243,ok
O=C1C(Cl)=C(Nc2cccc(C(F)(F)F)c2)C(=O)c2ccccc21,0.0357,ok
O=C(O)CCCNC1=C(Cl)C(=O)c2ccccc2C1=O,0.0136,ok
CC(C)(C)NC(=O)c1ccc2c3c(onc13)-c1ccccc1C2=O,0.0,ok
NC1=C(N)C(=O)c2ccccc2C1=O,0.0095,ok
O=C1c2ccccc2C(=O)c2c1cccc2N1CCN(CCO)CC1,0.0062,ok
CC(=O)c1cccc(NC2=C(Cl)C(=O)c3ccccc3C2=O)c1,0.02,ok
CC=C(C)C(=O)OCC1C2=C(C=CN1C=O)C(=O)C(C)=C(OC)C2=O,0.0108,ok
O=C1C=C(c2ccccc2)C(=O)C(c2ccccc2)=C1,0.0044,ok
CC(=O)OCCNc1cc(N2CCN(C)CC2)c2noc3c2c1C(=O)c1ccccc1-3,0.0077,ok
CC(=O)NC1=CC(=O)c2ccc(C)nc2C1=O,0.0713,ok
COC1=CC(=O)c2ccc(C)nc2C1=O,0.0,ok
O=C1c2ccccc2C(=O)c2c1ccc1[nH]c(CCl)nc21,0.0018,ok
CC(C)=CCCC(C)=CCCC(C)=CCC1=C(C)C(=O)c2ccccc2C1=O,0.0138,ok
COc1ccc2[nH]c3c(c2c1)C(=O)c1ccccc1C3=O,0.0,ok
CN(C)CCC(=O)Nc1ccc2c(c1)C(=O)c1ccc(NC(=O)CCN(C)C)cc1C2=O,0.0005,ok
Cc1ccc2[nH]c3c(c2c1)C(=O)c1ccccc1C3=O,0.0001,ok
O=C1c2cccnc2C(=O)c2ncccc21,0.0,ok
O=C(CCN1CCCC1)Nc1ccc2c(c1)C(=O)c1ccc(NC(=O)CCN3CCCC3)cc1C2=O,0.0025,ok
CC(O)C1=CC(=O)c2ccccc2C1=O,0.0076,ok
CC(=O)NC1=CC(=O)c2ccc(C=O)nc2C1=O,0.0732,ok
NC1=C(c2ccccc2)C(=O)c2ccccc2C1=O,0.0298,ok
CC1=C(N)C(=O)c2ccccc2C1=O,0.0211,ok
[N-]=[N+]=NC1=CC(=O)c2ccccc2C1=O,0.0067,ok
Nc1ccc(O)c2c1C(=O)C=CC2=O,0.0202,ok
NC1=CC(=O)c2cccc(O)c2C1=O,0.0149,ok
CC1=C(CCC(=O)O)C(=O)c2ccccc2C1=O,0.0057,ok
COc1cccc2c1C(=O)c1c(OC)cc(CBr)cc1C2=O,0.0814,ok
CC(=O)OCc1ccc2c(c1)C(=O)c1ccccc1C2=O,0.0004,ok
CC(C)=CCCC(C)=CCCC(C)=CCC1=C(C)C(=O)C(C)=C(C)C1=O,0.0207,ok
CN1CCN(CC(=O)Nc2ccc3c(c2)C(=O)c2ccc(NC(=O)CN4CCN(C)CC4)cc2C3=O)CC1,0.0002,ok
O=Cc1cc(O)c2c(c1)C(=O)c1cccc(O)c1C2=O,0.0,ok
CC1=C(N)C(=O)C(C(C)C)=CC1=O,0.0221,ok
CCCCNc1cc(N2CCN(C3CCCCC3)CC2)c2noc3c2c1C(=O)c1ccccc1-3,0.007,ok
O=C(O)CSC1=C(SCC(=O)O)C(=O)c2ccccc2C1=O,0.0276,ok
O=C1c2ccccc2C(=O)c2c(O)c(Cl)cc(O)c21,0.0,ok
CC1=C(CCCCCCCCCCO)C(=O)c2ccccc2C1=O,0.0021,ok
Nc1ccc2c(c1)C(=O)c1cccc(N)c1C2=O,0.0225,ok
O=C1c2c(O)ccc([N+](=O)[O-])c2C(=O)c2c(O)ccc([N+](=O)[O-])c21,0.1093,ok
Cc1ccc(S(=O)(=O)Nc2cc(S(=O)(=O)O)c(N)c3c2C(=O)c2ccccc2C3=O)cc1,0.062,ok
COc1cc2c(c(O)c1O)C(=O)c1c(O)cc(C)cc1C2=O,0.0006,ok
COC1=CC(=O)c2c(O)c3c(c(O)c2C1=O)C=C(C)OC3O,0.0026,ok
CC1CC(=O)c2c(ccc3c2C(=O)c2cccc(O)c2C3=O)C1O,0.2275,ok
Cc1ccc2c(c1)C(=O)c1cc(O)ccc1C2=O,0.0006,ok
O=Cc1c(O)cc2c(c1O)C(=O)c1ccccc1C2=O,0.0,ok
CNC1=CC(=O)C(CC2(C)C(C)CCC3(C)C(C)=CCCC32)=CC1=O,0.0195,ok
C=CC(C)(C)n1cc(C2=C(O)C(=O)C(c3cn(C(C)(C)C=C)c4ccccc34)=C(O)C2=O)c2ccccc21,0.0025,ok
COC1=CC(=O)c2c(cc(OC)c(C)c2O)C1=O,0.0073,ok
COc1cc(O)c2c(c1)C(=O)C1=C(C2=O)C(O)CC(C)(O)C1,0.0068,ok
Cc1cc(O)c2c(c1)C(=O)c1ccc(-c3c(C)cc(O)c4c3C(=O)c3cccc(O)c3C4=O)c(O)c1C2=O,0.0067,ok
CCCCC=CCCCCCCCCCC1=C(O)C(=O)C=C(OC)C1=O,0.0095,ok
COC(=O)c1ccc2c(n1)C(=O)C=CC2=O,0.0,ok
Cc1cc(O)c2c(c1O)C(=O)c1c(O)cc(C)c(O)c1C2=O,0.0,ok
Cc1ccc2c(c1O)C(=O)c1c(O)cccc1C2=O,0.0,ok
Cc1cc(O)c2c(c1)C(=O)c1c(Cl)c(O)cc(O)c1C2=O,0.0064,ok
CC=C(C)C(=O)OCc1nccc2c1C(=O)C(NC)=C(C)C2=O,0.0945,ok
COc1cc(O)c2c(c1O)C(=O)c1cc(C)ccc1C2=O,0.0012,ok
COc1ccc(O)c2c1C(=O)c1ccc(CO)c(O)c1C2=O,0.0,ok
CCCC(=O)c1c(O)cc(O)c2c1C(=O)c1cc(O)cc(O)c1C2=O,0.0622,ok
COc1c(O)c(O)cc2c1C(=O)c1ccccc1C2=O,0.0308,ok
CCc1cc(O)c2c(O)c3c(cc2c1C(=O)OC)C(=O)c1cccc(O)c1C3=O,0.0031,ok
Cc1cc(O)c2c(c1)CC(O)c1c(O)c3c(c(O)c1-2)C(=O)C=CC3=O,0.0087,ok
COC1C(OC2c3c(cc4c(c3O)C(=O)c3c(O)cccc3C4=O)C(=O)C(C)(O)C2OC)OC(C)C(O)C1O,0.0051,ok
CC(O)Cc1cc(O)c2c(c1)C(=O)c1cc(O)cc(O)c1C2=O,0.0012,ok
CC1=CC(=O)C=C(CCC(C)(O)CCCC(C)CCCC(C)CCCC(C)C)C1=O,0.0127,ok
CC(=O)NC1=CC(=O)C(NC(C(=O)O)C(C)C)=CC1=O,0.0049,ok
Cc1cc(O)c2c(c1)C1OC(=O)C(C(C)O)N1C1=C2C(=O)c2cccc(OC3CC(O)C(O)C(C)O3)c2C1=O,,no_quinone_ring_found
Cc1cc(O)c2c(c1)C1OC(=O)C(CC(C)C)N1C1=C2C(=O)c2cccc(OC3CC(O)C(O)C(C)O3)c2C1=O,,no_quinone_ring_found
Cc1cc(O)cc2c1C(=O)c1cc(-c3c(C)cc4c(c3O)C(=O)c3c(O)cccc3C4=O)cc(O)c1C2=O,0.0154,ok
COc1cc(O)c2c(c1)C(=O)C1=C(CC(OC(C)=O)C(C)(O)C1)C2=O,0.0044,ok
CC12CCC(O)CC1=C(O)C(=O)c1cc3c(cc12)C(=O)C1=C(C3=O)S(=O)(=O)CCN1,0.0682,ok
C=C1CCC2C3=C(CC4(C)C(C)CCC1(C)C24)C(=O)C(OCC)=CC3=O,0.0311,ok
O=C1C(O)=C(O)C(=O)c2c(O)ccc(O)c21,0.0,ok
CCC1=CC(=O)C=C(OC)C1=O,0.0058,ok
O=C1C(O)=C(c2ccc(O)c(O)c2)C(=O)C(O)=C1c1ccc(O)cc1,0.0115,ok
C=CC(C1=CC(=O)C(OC)=CC1=O)c1ccc(OC)c(O)c1,0.0149,ok
COC1=C(OC)C(=O)C(C2COc3c(cc(OC)c(OC)c3OC)C2)=CC1=O,0.0091,ok
O=C1c2ccccc2C(=O)c2c(Br)cccc21,0.0,ok
CC(=O)OC1=CC(=O)c2ccccc2C1=O,0.0214,ok
CC=C(C)C(=O)C(C)C1=CC(=O)C2=C(OC3(C)CCC4OC(C(C)(C)O)CCC4(C)C3C2O)C1=O,0.0218,ok
CC(=O)Nc1cccc2c1C(=O)c1ccccc1C2=O,0.0002,ok
CC1=CC(=O)c2cc(C)ccc2C1=O,0.0005,ok
O=C1C=CC(=O)c2[nH]c(=O)ccc21,0.0,ok
CCCCNC1=CC(=O)c2ccccc2C1=O,0.0103,ok
O=C1C(Cl)=C(Nc2ccccc2)C(=O)C(Cl)=C1Nc1ccccc1,0.0146,ok
COc1ccc(O)c2c1C(=O)c1ccccc1C2=O,0.0,ok
CNC1=CC(=O)C(NC)=CC1=O,0.0059,ok
O=C1C=C(NCCO)C(=O)c2ccccc21,0.0055,ok
O=C1C=C(N2CCCC2)C(=O)c2ccccc21,0.0079,ok
CCC1=C(O)C(=O)C=C(O)C1=O,0.0021,ok
COC1=C(CC=C(C)C)C(=O)c2ccccc2C1=O,0.0218,ok
O=C1c2ccccc2C(=O)c2c(Cl)ccc(O)c21,0.0,ok
O=C(Nc1cccc2c1C(=O)c1ccccc1C2=O)c1ccc(-c2ccccc2)cc1,0.0046,ok
CCCCC=Cc1c(O)cc2c(c1O)C(=O)c1c(O)cc(O)cc1C2=O,0.0006,ok
O=C1C=CC(=O)C(N(CCO)CCO)=C1,0.008,ok
O=C1c2cccc([N+](=O)[O-])c2C(=O)c2c1cccc2[N+](=O)[O-],0.0691,ok
O=C1C=CC(=O)C2=C1CCCC2,0.0024,ok
CNc1ccc(O)c2c1C(=O)c1ccccc1C2=O,0.0265,ok
CNC1=CC(=O)c2ccncc2C1=O,0.0046,ok
Cc1cc(O)c2c(c1)C(=O)c1cc(O)c(O)c(O)c1C2=O,0.0006,ok
CC(C)(C)CC(C)(C)C1=CC(=O)C(C(C)(C)CC(C)(C)C)=CC1=O,0.0206,ok
Cc1ccc(Nc2ccc(Nc3ccc(C)cc3)c3c2C(=O)c2c(O)ccc(O)c2C3=O)cc1,0.0274,ok
O=C1c2ccccc2C(=O)c2c1ccc(CO)c2O,0.0026,ok
COC1=C(C)C(=O)c2ccnc(C)c2C1=O,0.0125,ok
O=C1c2cccc(O)c2C(=O)c2c(O)ccc(O)c21,0.0,ok
COC1=C(Cl)C(=O)C(OC)=C(Cl)C1=O,0.0225,ok
COC1=C(OC)C(=O)c2c(O)c3c(c(O)c2C1=O)OCO3,0.0124,ok
CC1=CC2C3=C(OC(C)(C)C2CC1)C(=O)c1c(cc(O)c(C)c1O)C3=O,0.0532,ok
CCCCCC(=O)c1c(O)cc2c(c1O)C(=O)c1c(O)cc(OC)cc1C2=O,0.0013,ok
COc1c(O)cc2c(c1O)C(=O)c1ccccc1C2=O,0.0,ok
CC1=C(C(=O)O)CCC2(C)C3=C(CCC12)C(=O)C(C(C)C)=CC3=O,0.0332,ok
Cc1cc2c(c(O)c1C(=O)O)C(=O)c1c(O)cc(O)cc1C2=O,0.0005,ok
CC(=O)c1c(O)cc(O)c2c1C(=O)c1cc(O)cc(O)c1C2=O,0.0555,ok
Cc1cc(O)c2c(c1)C(=O)C=C(C1=CC(=O)c3cc(C)cc(O)c3C1=O)C2=O,0.0201,ok
COC1=C(C(C)C)C(=O)c2c(O)cc3c(c2C1=O)C=CC(=O)C3(C)C,0.1068,ok
O=C(O)c1cc(O)c2c(c1)C(=O)c1ccccc1C2=O,0.0,ok
Cc1coc2c1C(=O)c1ccc3c(c1C2=O)CCCC3(C)CO,0.0192,ok
COC1=CC(=O)c2c(O)c3c(c(O)c2C1=O)CC(C)(O)C(O)C3,0.0058,ok
O=C1C=CC(=O)C(CO)=C1,0.0008,ok
CC1=C(C2=C(C)C(=O)c3cccc(O)c3C2=O)C(=O)c2c(O)cccc2C1=O,0.0265,ok
CC(C)=CCOC1=CC(=O)c2ccccc2C1=O,0.0062,ok
CCCC(=O)c1c(O)cc(O)c2c1C(=O)c1cc(OC)cc(O)c1C2=O,0.062,ok
CC1=C(Cl)C(=O)c2c(O)cccc2C1=O,0.0,ok
COc1cc(OC)c2c(c1)C(=O)c1cc(C)cc(O)c1C2=O,0.0012,ok
COc1ccc2c3c([nH]c2c1CC=C(C)C)C(=O)C=C(C)C3=O,0.0001,ok
O=C1C(OC(=O)c2ccccc2)=C(c2ccc(O)cc2)C(=O)C(OC(=O)c2ccccc2)=C1c1ccc(O)cc1,0.0693,ok
Cc1cc2c(c(O)c1O)C(=O)c1ccccc1C2=O,0.0,ok
COc1c(OC2OC(CO)C(O)C(O)C2O)cc2c(c1O)C(=O)c1c(cc(C)c(O)c1OC)C2=O,0.0277,ok
Cc1cc2c(c(O)c1-c1c(C)cc3c(c1O)C(=O)c1c(O)cccc1C3=O)C(=O)c1c(O)cccc1C2=O,0.0065,ok
COc1cc(O)c2c(c1)C(=O)c1c(cc3c(c1O)-c1c(cc(C)c(C(=O)NC(C)C(=O)O)c1O)C(O)C3O)C2=O,0.0074,ok
COC1=C(C(C)C)C(=O)C2=C(C1=O)C1(C)CCCC(C)(C)C1=CC2O,0.0135,ok
COC1=C(C(C)C)C(=O)C2=C(C1=O)C1(C)CCCC(C)(C)C1=CC2OC(C)=O,0.0809,ok
CCC(C)C(=O)OC(CC=C(C)C)C1=CC(=O)c2c(O)ccc(O)c2C1=O,0.0022,ok
CC(C)=CCc1ccc2c(C3=C(O)C(=O)C(c4c[nH]c5ccccc45)=C(O)C3=O)c[nH]c2c1,0.0213,ok
CC(C)=CCc1ccc2c(C3=C(O)C(=O)C(c4c[nH]c5cc(CC=C(C)C)ccc45)=C(O)C3=O)c[nH]c2c1,0.0042,ok
O=Cc1ccc2c(c1O)C(=O)c1ccccc1C2=O,0.0,ok
O=C1c2cc(CO)cc(O)c2C(=O)c2cccc(O)c21,0.0001,ok
O=C1c2ccccc2C(=O)c2c(O)c(CO)cc(O)c21,0.0042,ok
COc1cc(O)c2c(c1)C(=O)c1cc(C)cc(OC)c1C2=O,0.0028,ok
COc1cc(O)c2c(c1)C(=O)c1cc(O)cc(O)c1C2=O,0.0,ok
CC1=CC(=O)c2c(ccc(C3=C(C)C(=O)c4cccc(O)c4C3=O)c2O)C1=O,0.0036,ok
CCCCC1=CC(=O)C=C(OC)C1=O,0.0075,ok
COC1=C(C)C(=O)c2ccnc(CO)c2C1=O,0.0144,ok
COc1cc(O)c(-c2c(CO)cc(O)c3c2C(=O)c2cccc(O)c2C3=O)c(O)c1C(C)=O,0.0079,ok
CC(C)=CCCC(C)=CCC1=CC(=O)C=CC1=O,0.0114,ok
COC1=C(c2ccccc2)C(=O)C2=C(C1=O)c1ccccc1CO2,0.061,ok
CC12C(=O)c3cccc(O)c3C(=O)C1CC1=C2C(=O)c2c(O)cccc2C1=O,0.1448,ok
Cc1cc2c(c(O)c1C(=O)O)C(=O)c1c(O)cc(O)c(O)c1C2=O,0.0006,ok
Cc1cc(O)c2c(c1)C(=O)c1cc(OC3OC(CO)C(O)C(O)C3O)cc(O)c1C2=O,0.003,ok
COc1cc2c(c(O)c1C=CC(C)C)C(=O)c1c(O)cc(C)cc1C2=O,0.0009,ok
CCC1C=CC(O)C(C)OC(=O)C(C)=CCC(=O)NC2=CC(=O)c3c(cc(C)c(O)c3C(=O)CC1)C2=O,,no_quinone_ring_found
CCC1C=CC(O)C(C)OC(=O)C2(C)C=CC(=O)NC3=C2C(=O)c2c(cc(C)c(O)c2C(=O)CC1)C3=O,,no_quinone_ring_found
CC(C)=CCC1=CC(=O)C=C(C)C1=O,0.0065,ok
COc1cc(OC)c2c(c1)C(=O)c1cc(C)cc(OC)c1C2=O,0.0787,ok
Cc1cc(O)c2c(c1O)C(=O)c1c(-c3ccc(O)c4c3C(=O)c3c(O)c(C)cc(O)c3C4=O)ccc(O)c1C2=O,0.0624,ok
COC1=C(OC)C(=O)C(CC=C(C)CCC=C(C)CCC=C(C)C)=C(C)C1=O,0.012,ok
CC1=C(CCO)C(=O)c2ccccc2C1=O,0.0036,ok
CC(C)C1=CC(=O)C(C2(C)CCCC(C)(C)C2CC=O)=CC1=O,0.0034,ok
NC1=C(Cl)C(=O)c2c(C(O)CO)c[nH]c2C1=O,0.0113,ok
Cc1ccc(O)c2c1C(=O)c1cccc(O)c1C2=O,0.0,ok
CC1=C(N)C(=O)c2c(ccnc2C)C1=O,0.0332,ok
COc1c(C(C)=O)c(O)cc(O)c1-c1c(CO)cc(O)c2c1C(=O)c1cccc(O)c1C2=O,0.0518,ok
CCCc1c(C(=O)O)c(O)cc2c1C(=O)c1c(O)cccc1C2=O,0.005,ok
COC(C)c1c(O)cc2c(c1O)C(=O)c1c(O)cc(O)cc1C2=O,0.0009,ok
COC1=CC(=O)c2ccc3cc(OC)cc(O)c3c2C1=O,0.0773,ok
CC(C)(O)c1cc2c(o1)C(=O)c1ccccc1C2=O,0.0016,ok
COC1=CC(=O)c2cc3c4c(cc(OC)c(OC)c4c2C1=O)CCN3C,0.131,ok
COc1cc(OC)c2c(c1)C(=O)c1cc(C)ncc1C2=O,0.0,ok
CCOC1=CC(=O)C(O)=C(CC2(C)C(C)CCC3(C)C(C)=CCCC32)C1=O,0.0398,ok
COc1c(O)cc2c(c1OC)C(=O)c1c(cc(C)c(O)c1O)C2=O,0.0196,ok
COc1cc(OC)c(-c2c(C)cc(O)c3c2C(=O)c2cccc(O)c2C3=O)c(O)c1C(C)=O,0.0496,ok
CC=C(C)C(=O)OCc1nccc2c1C(=O)C(OC)=C(C)C2=O,0.0363,ok
CC1=CC2C3=C(C(=O)c4ccccc4C3=O)C3(O)c4ccccc4C(=O)C2(C=CC(C)(C)O)C3C1,0.018,ok
COc1cc2c(cc1O)C(=O)c1cc(C)ccc1C2=O,0.0006,ok
Cc1nc2c(o1)c1c3c(ccc1c1occ(C)c21)C(C)(C)CCC3,,no_quinone_ring_found
COC1=C(OC)C(=O)C2=C(CCCCC(O)CCc3ccc(O)c2c3)C1=O,0.0462,ok
COCc1ccc2c(c1O)C(=O)c1ccc(O)c(OC)c1C2=O,0.007,ok
COC1=CC(=O)C=C(Cc2ccccc2)C1=O,0.0264,ok
COc1cc(O)c(C(C)=O)c(O)c1-c1c(C)cc(O)c2c1C(=O)c1cccc(O)c1C2=O,0.0515,ok
COC1=CC(=O)C(O)=C(CC2(C)C(C)CCC3(C)C(C)=CCCC32)C1=O,0.0398,ok
Cc1cc(O)cc2c1C(=O)c1c(O)cc(O)cc1C2=O,0.0,ok
COC1=C(C)C(=O)c2cccc(O)c2C1=O,0.0074,ok
CC1=CC(=O)c2c(ccc(O)c2O)C1=O,0.0,ok
COC1=CC(=O)C(O)=C(C)C1=O,0.0075,ok
Cc1cc2c(c(O)c1-c1c(C)cc3c(c1O)C(=O)c1c(O)cc(O)cc1C3=O)C(=O)c1c(O)cccc1C2=O,0.0032,ok
O=C1c2ccc3c(c2C(=O)c2cccc(O)c21)OCO3,0.0,ok
COCc1ccc2c(c1OC)C(=O)c1ccc(O)c(OC)c1C2=O,0.0547,ok
COC1=C(C)C(=O)C2=C(CCc3cc(O)ccc3O2)C1=O,0.0126,ok
CC(C)(O)C1OC2=C(C(=O)c3ccccc3C2=O)C1O,0.0107,ok
COC1=CC(=O)c2ccc3cc(OC)c(OC)cc3c2C1=O,0.0399,ok
COC1=C(c2c[nH]c3ccccc23)C(=O)C(OC)=C(c2c[nH]c3ccccc23)C1=O,0.016,ok
CC(C)=CCC(OC(=O)C=Cc1ccccc1)C1=CC(=O)c2c(O)ccc(O)c2C1=O,0.0128,ok
COC1=C(OC)C(=O)C(C2COc3cc(OC)ccc3C2)=CC1=O,0.0108,ok
COC(=O)c1cc(O)c2c(c1)C(=O)c1cccc(O)c1C2=O,0.0,ok
CC1=C(C(C)C(C)OC=O)C(=O)C2=C(C1=O)C1OC(C)C(C)c3c(C)c(O)cc(c31)O2,0.0931,ok
CC1=CC(=O)c2cc(O)ccc2C1=O,0.0,ok
COc1cc(O)c2c(c1OC(C)=O)C(=O)c1cc(C)c(O)cc1C2=O,0.017,ok
COc1cc(OC(C)=O)c2c(c1O)C(=O)c1cc(C)c(O)cc1C2=O,0.039,ok
COc1cc(O)c2c(c1O)C(=O)c1cc(C)c(OC(C)=O)cc1C2=O,0.0184,ok
COc1cc(O)c2c(c1OC(C)=O)C(=O)c1cc(C)c(OC(C)=O)cc1C2=O,0.0216,ok
COc1cc(OC(C)=O)c2c(c1O)C(=O)c1cc(C)c(OC(C)=O)cc1C2=O,0.0144,ok
CCCCCC(OC)c1c(O)cc2c(c1O)C(=O)c1c(cc(O)c(Cl)c1O)C2=O,0.002,ok
CCCCC=Cc1c(O)cc2c(c1O)C(=O)c1c(cc(O)c(Cl)c1O)C2=O,0.0031,ok
CCCCCC(OC)c1c(O)cc2c(c1O)C(=O)c1c(cc(OC)c(Cl)c1O)C2=O,0.001,ok
CCCCC=Cc1c(O)cc2c(c1O)C(=O)c1c(cc(OC)c(Cl)c1O)C2=O,0.0006,ok
CCCCCC(O)c1c(O)cc2c(c1O)C(=O)c1c(cc(OC)c(Br)c1O)C2=O,0.0057,ok
CCCCCC(OC)c1c(O)cc2c(c1O)C(=O)c1c(cc(OC)c(Br)c1O)C2=O,0.001,ok
CCCCCC(OC)c1c(O)cc2c(c1O)C(=O)c1c(O)cc(OC)cc1C2=O,0.0004,ok
COc1cc(O)cc2c1C(=O)C1=C(C2=O)C(O)C(C)(O)C(O)C1O,0.0144,ok
COc1cc(O)c2c(c1)C(=O)C1=C(C2=O)C(C)C(O)C(C)(O)C1O,0.0344,ok
COC1=CC(=O)c2c(ccc3cc(O)c(O)cc23)C1=O,0.0,ok
O=C1c2ccccc2C(=O)c2c1cc(OC1OC(CO)C(O)C(O)C1O)c(CO)c2O,0.0045,ok
COC1=C(C)C(=O)c2ccc(O)c(O)c2C1=O,0.0067,ok
Cc1cc(O)c2c3c(ccc2c1)C(=O)c1c(ccc(C2CC(O)C(O)C(C)O2)c1O)C3=O,0.0602,ok
O=C(Nc1ccc(O)c2c1C(=O)c1ccccc1C2=O)c1ccccc1,0.0052,ok
Cc1ccc(S(=O)(=O)Nc2cc(Oc3ccccc3)c(N)c3c2C(=O)c2ccccc2C3=O)cc1,0.0516,ok
O=C1c2ccccc2C(=O)c2c(O)c(S(=O)(=O)O)c(Oc3ccc(S(=O)(=O)O)cc3)c(O)c21,0.076,ok
C=C(C)c1cc2c(o1)C(=O)c1occ(C)c1C2=O,0.0,ok
COc1cc(O)cc2c1C(=O)c1ccccc1C2=O,0.0,ok
O=C1c2c(O)ccc(O)c2C(=O)c2c(Nc3ccccc3)ccc(Nc3ccccc3)c21,0.0108,ok
Cc1coc2c1C(=O)c1ccc3c(C)cccc3c1C2=O,0.0,ok
Cc1coc2c1C(=O)c1ccc3c(c1C2=O)CCCC3(C)C,0.0172,ok
Cc1cc(O)c2c(c1)C(=O)c1c(O)cccc1C2=O,0.0006,ok
COC1=CC(=O)c2c(O)c3c(c(O)c2C1=O)OC1(Oc2c(cc4cc(C)oc(=O)c4c2O)C2OC21)C3O,0.0107,ok
COc1cccc2c1C(=O)c1ccc3c(c1C2=O)C(=O)C(O)C(C)C3O,0.1027,ok
Cc1coc2c1C(=O)C1=C(OCC(C(C)C)C1)C2=O,0.0041,ok
COC1=C(OC)C(=O)C(C2COc3c(ccc(O)c3OC)C2)=CC1=O,0.0119,ok
CC(C)=CCCC(C)=CCCC(C)=CCCC(C)=CCC1=CC(=O)C=C(C)C1=O,0.0009,ok
COc1cc(O)c2c(c1)C(=O)c1ccccc1C2=O,0.0,ok
COc1c(O)c(C=O)c2c(c1C(C)C)C(=O)C(C)=CC2=O,0.0872,ok
COc1cc(OC(C)=O)c2c(c1)C(=O)c1ccccc1C2=O,0.0211,ok
CC1=CC(=O)C=C(Br)C1=O,0.0,ok
COc1cc2c(c(OC)c1C=O)C(=O)c1ccccc1C2=O,0.0099,ok
O=C1c2c(O)ccc(Cl)c2C(=O)c2c(O)ccc(Cl)c21,0.0707,ok
CC(C)=CCCC(C)=CCCC(C)=CCC1=CC(=O)C=C(C)C1=O,0.0124,ok
CC(=O)Nc1cccc2c1C(=O)c1cccc(NC(C)=O)c1C2=O,0.0005,ok
C=C1CCCC2C1(C)CCC(C)C2(C)CC1=CC(=O)C=CC1=O,0.0395,ok
Cc1ccc(Nc2ccc(O)c3c2C(=O)c2c(O)ccc(Nc4ccc(C)cc4)c2C3=O)cc1,0.0296,ok
CC(=O)c1cccc2c1C(=O)c1cccc(O)c1C2=O,0.006,ok
COC12C(COC(=O)N3CC3)C3=C(C(=O)C(C)=C(N)C3=O)N1CC1C2N1C,0.006,ok
CNc1ccc(O)c2c1C(=O)c1c(NC)ccc(O)c1C2=O,0.0115,ok
CCNc1cc(C#N)c(N)c2c1C(=O)c1ccccc1C2=O,0.0613,ok
CCOC(=O)OCCOc1cc(O)c2c(c1N)C(=O)c1ccccc1C2=O,0.0319,ok
Nc1c(OCCOC(=O)Oc2ccccc2)cc(O)c2c1C(=O)c1ccccc1C2=O,0.0316,ok
CN(C)CCCNC1=C(Cl)C(=O)c2ccccc2C1=O,0.0035,ok
O=C1C=C(N(CCCl)CCCl)C(=O)c2ccccc21,0.031,ok
CC1=CC(=O)C(N(CCCl)CCCl)=CC1=O,0.0227,ok
NCCCOc1cccc2c1C(=O)c1ccccc1C2=O,0.0253,ok
O=C1c2ccccc2C(=O)c2c(NCCCOCCOCCO)ccc(NCCCOCCOCCO)c21,0.011,ok
O=C1c2ccccc2C(=O)c2c1ccc1c2[nH]c2ccccc21,0.0,ok
COc1ccc2c(c1N)C(=O)c1ccccc1C2=O,0.0304,ok
COC12C(COC(N)=O)C3=C(C(=O)C(C)=C(Nc4ccccc4)C3=O)N1CC1NC12,0.016,ok
CCCOC1=C(Cl)C(=O)c2ccccc2C1=O,0.0056,ok
O=C1c2ccccc2C(=O)c2cc(Sc3ccccc3)ccc21,0.0021,ok
N#CC1=C(C#N)C(=O)C(Br)=C(Br)C1=O,0.0001,ok
O=C1C=C(Sc2ccccc2)C(=O)C=C1Sc1ccccc1,0.004,ok
C=C1C2=C(C(=O)C(C)=C(OC)C2=O)N2CC3C(N3C)C12O,0.0314,ok
C=C1C2=C(C(=O)C(C)=C(N)C2=O)N2CC3C(N3C)C12O,0.0166,ok
Nc1c(O)cc(O)c2c1C(=O)c1ccccc1C2=O,0.0008,ok
NCCCCCCNc1cccc2c1C(=O)c1ccccc1C2=O,0.0147,ok
NCCCCNc1cccc2c1C(=O)c1ccccc1C2=O,0.0208,ok
Nc1c(Sc2ccccc2)cc(O)c2c1C(=O)c1ccccc1C2=O,0.03,ok
COC1=CC(=O)c2c(O)c3c(c(O)c2C1=O)CC(C)(O)C(O)C3O,0.0093,ok
O=C1c2ccccc2C(=O)c2c1c1c3nc4ccccc4nc3c3cccc4c3c1n2S4(=O)=O,0.0,ok
COc1cccc2c1C(=O)c1c(O)cc3c(c1C2=O)C(=O)CC(C)(O)C3,0.1391,ok
Cc1cc(O)c2c(c1)C(=O)c1c(O)ccc(OC3OCCC4OCC=C43)c1C2=O,0.0309,ok
Nc1ccc(Nc2cc(S(=O)(=O)O)c(N)c3c2C(=O)c2ccccc2C3=O)cc1S(=O)(=O)O,0.0266,ok
COC(=O)c1cc2cc3c(c(O)c2c(=O)o1)OC1(Cc2c(O)c4c(c(O)c2O1)C(=O)C(OC)=CC4=O)CC3O,0.0011,ok
CC1=CC(=O)CC2(O)C3=C(C=CC12O)C(=O)c1c(O)cccc1C3=O,0.1647,ok
CC(C)=CCc1ccc2[nH]cc(C3=C(O)C(=O)C(c4c[nH]c5ccc(CC=C(C)C)cc45)=C(O)C3=O)c2c1,0.0163,ok
COc1cc2c(c(O)c1CSCC(NC(C)=O)C(=O)O)C(=O)C(CO)=CC2=O,0.0043,ok
COC1=C(CO)C(=O)c2c(cc(OC)c(CSCC(NC(C)=O)C(=O)O)c2O)C1=O,0.0184,ok
COC1=CC(=O)c2c(cc(OC)c(CSCC(NC(C)=O)C(=O)O)c2O)C1=O,0.007,ok
COC1=C(C)C(=O)c2c(cc(OC)c(CSCC(NC(C)=O)C(=O)O)c2O)C1=O,0.0077,ok
Cc1cc2c(c3oc(C4(C5CO5)CO4)cc(=O)c13)C(=O)c1c(O)cccc1C2=O,0.0089,ok
COc1cc(C)cc2c(=O)oc3c(c12)C(=O)c1cccc(O)c1C3=O,0.0754,ok
COc1c2c(c(O)c3c1C(O)Cc1cc(CC(C)O)c(C(=O)O)c(O)c1-3)C(=O)c1cccc(O)c1C2=O,0.0847,ok
CCCCc1cc(O)cc2c1C(=O)c1c(O)cc(O)cc1C2=O,0.0047,ok
COC1=C(C)C(=O)C2=C(C1=O)C(CNC(=O)C(C)=O)N1CC3C(O)c4c(O)c(C)c(OC)c(O)c4C(C1C2)N3C,0.0484,ok
COc1cc(O)c2c(c1)C(=O)C1=C(C2=O)C(OC(C)=O)C(O)C(C)O1,0.0185,ok
COC1=C(C)C(=O)C2=C(C1=O)C(CNC(=O)C(C)=O)N1CC3C(=O)c4c(O)c(C)c(OC)c(O)c4C(C1C2)N3C,0.0386,ok
CCCCCc1cc2c(c(O)c1C(=O)O)-c1cc3c(c(O)c1C(O)C2)C(=O)c1c(O)cc(O)cc1C3=O,0.0054,ok
CCCCCc1cc(O)c2c(c1)CC(O)c1c-2cc2c(c1O)C(=O)c1c(O)cc(O)cc1C2=O,0.0035,ok
CC1OC2CC(=O)OC2C2=C1C(=O)c1cc(C3CC(N(C)C)C(O)C(C)O3)ccc1C2=O,,no_quinone_ring_found
COC1Cc2c(cc3c(c2O)C(=O)c2c(O)cccc2C3=O)C(=O)C1(C)O,0.0008,ok
CCC(=O)OC(CC=C(C)C)C1=CC(=O)c2c(O)ccc(O)c2C1=O,0.0034,ok
COC1=C(C)C(=O)C2=C(C1=O)C1C3CC4=C(C(=O)C(OC)=C(C)C4=O)C(CNC(=O)C(C)=O)N3C(O)C(C2)N1C,0.0204,ok
COC1=C(OC)C(=O)C2=C(C1=O)C1C3C4C(CC(C(O)N3C2CO)N4C)C2OCCN21,0.0785,ok
COc1cc2oc3c(c(=O)c2cc1O)C(=O)c1c(ccc2cc4c(c(O)c12)C(=O)N1CCOC1(C)C4)C3=O,0.0173,ok
CC=CC1OC1(C)c1cc(=O)c2c(CC(=O)O)cc3c(c2o1)C(=O)c1c(O)ccc(O)c1C3=O,0.0152,ok
COC1=C(C)C(=O)c2c(cc(O)c(CSCC(NC(C)=O)C(=O)O)c2O)C1=O,0.01,ok
COC1C=CC=CC=CCC(O)C(C)C(O)C(C)=CCCC2=CC(=O)C=C(NC(=O)C1)C2=O,0.0283,ok
CC1OC(CC(=O)O)Cc2c(O)c3c(c(O)c21)C(=O)C1=C(C3=O)C2CC(O)C1(O)C(C)O2,0.0196,ok
CC(=O)OC1(C)C(O)c2c(c3c(=O)c4cccc(O)c4c(=O)c=3c2=[N+]=[N-])C(O)C1O,0.019,ok
CC(C)C(=O)OC1c2c(c3c(=O)c4cccc(O)c4c(=O)c=3c2=[N+]=[N-])C(O)C2OC12C,0.0087,ok
CC(=O)OC1c2c(c3c(=O)c4cccc(O)c4c(=O)c=3c2=[N+]=[N-])C(O)C(OC(C)=O)C1(C)OC(C)=O,0.0512,ok
CCCCCCCCCCC1=CC(=O)C(C)=C(C)C1=O,0.0081,ok
CCN(CC)CCNC1=C(Cl)C(=O)c2ccccc2C1=O,0.0106,ok
COc1ccccc1NC1=C(Cl)C(=O)c2ccccc2C1=O,0.0327,ok
C=C(C)C(=O)OCCNc1ccc(NCCOC(=O)C(=C)C)c2c1C(=O)c1ccccc1C2=O,0.0136,ok
O=C1C(Cl)=C(Nc2ccc(Oc3ccccc3)cc2)C(=O)c2ccccc21,0.016,ok
CCOC(=O)c1c(C)oc2cc3c(C(=O)OCC)c(C)oc3cc12,,no_quinone_ring_found
CCCC(=O)Nc1cccc2c1C(=O)c1ccccc1C2=O,0.0,ok
COc1cccc2c1C(=O)c1c(O)c3c(c(O)c1C2=O)CC(O)(C(C)O)CC3,0.0087,ok
Cc1cc(C)c(Nc2cc(S(=O)(=O)O)c(N)c3c2C(=O)c2ccccc2C3=O)c(C)c1,0.0365,ok
Nc1cc2c(cc1N)C(=O)c1ccccc1C2=O,0.0011,ok
O=C(CCl)Nc1cccc2c1C(=O)c1ccccc1C2=O,0.0072,ok
CC1=C(C)C(=O)C(Cl)=C(Cl)C1=O,0.0028,ok
CCN(CC)CCNc1ccc(NCCN(CC)CC)c2c1C(=O)c1ccccc1C2=O,0.0108,ok
CC1=C(C)C(=O)C(C(C)(C)CC(=O)O)=C(C)C1=O,0.1229,ok
O=C1c2c([N+](=O)[O-])cc([N+](=O)[O-])c(O)c2C(=O)c2c(O)c([N+](=O)[O-])cc([N+](=O)[O-])c21,0.0795,ok
O=C1c2ccccc2C(=O)c2c1ccc(Cl)c2Cl,0.0,ok
O=C1C=C(NC(Cc2c[nH]c3ccccc23)C(=O)O)C(=O)c2ccccc21,0.0087,ok
COC(=O)COc1ccc(Oc2cc(O)c3c(c2N)C(=O)c2ccccc2C3=O)cc1,0.0582,ok
O=c1c2ccccc2c(=O)c2cc3c(=O)c4ccccc4c(=O)c3cc12,0.0,ok
Nc1cc(Oc2ccccc2)c(O)c2c1C(=O)c1ccccc1C2=O,0.0266,ok
N#CC1=C(C#N)C(=O)c2c(N)cccc2C1=O,0.0428,ok
O=C1C(Cl)=C(Nc2ccc(F)cc2)C(=O)c2ccccc21,0.0168,ok
O=C1C(Cl)=C(NC2CCCCC2)C(=O)c2ccccc21,0.0042,ok
O=C1C(Cl)=C(Cl)C(=O)c2c1cccc2[N+](=O)[O-],0.0568,ok
NC1=C(N)C(=O)C(N)=C(N)C1=O,0.0129,ok
CC(C)(C)c1ccc2c(c1)C(=O)c1ccc(C(C)(C)C)cc1C2=O,0.0,ok
O=C1c2ccc(O)cc2C(=O)c2cc(O)ccc21,0.0,ok
CCCCNc1cccc2c1C(=O)c1ccccc1C2=O,0.0249,ok
N#CC1=C(C#N)C(=O)C=CC1=O,0.0,ok
O=c1c2ccccc2c(=O)c2c1ccc1c3ccc4c(O)c5ccccc5c5ccc(nc12)c3c45,0.0037,ok
Nc1c(S(=O)(=O)O)cc(NC2CCCCC2)c2c1C(=O)c1ccccc1C2=O,0.0655,ok
O=C(c1ccc(Nc2cccc3c2C(=O)c2ccccc2C3=O)cc1)c1ccc(-c2ccccc2)cc1,0.0089,ok
Cc1[nH]n2c(=O)c3cc(Cl)cc(Cl)c3nc2c1N=Nc1cccc2c1C(=O)c1ccccc1C2=O,0.0101,ok
CCC(=O)Nc1cccc(Nc2cc(S(=O)(=O)O)c(N)c3c2C(=O)c2ccccc2C3=O)c1,0.0494,ok
O=C1c2c(O)ccc([N+](=O)[O-])c2C(=O)c2c(O)ccc(Nc3ccccc3)c21,0.0744,ok
O=C1C(Cl)=C(C2CCC(c3ccc(Cl)cc3)CC2)C(=O)c2ccccc21,0.0027,ok
O=C1C2=C(CC=CC2)C(=O)c2ccccc21,0.0,ok
CC(C)Nc1ccc(Nc2ccc(C(C)(C)C)cc2)c2c1C(=O)c1cccc(O)c1C2=O,0.0204,ok
CCCCn1c(O)c(C#N)c(C)c(N=Nc2cccc3c2C(=O)c2ccccc2C3=O)c1=O,0.0456,ok
CC1=C(Br)C(=O)C(C)=C(Br)C1=O,0.0,ok
O=C(O)c1ccccc1C(=O)Nc1ccc2c(c1)C(=O)c1ccccc1C2=O,0.0012,ok
COc1cccc2c1C(=O)c1c(cc3c(c1O)C(OC1CC(N)C(O)C(C)O1)CC(O)(C(=O)CO)C3)C2=O,0.0187,ok
CC(=O)N(C)c1ccc(Br)c2c1C(=O)c1ccccc1C2=O,0.1118,ok
CC(C)(C)c1cc(C2=C(Cl)C(=O)c3ccccc3C2=O)cc(C(C)(C)C)c1O,0.0016,ok
Nc1c(OCCO)cc(O)c2c1C(=O)c1ccccc1C2=O,0.0536,ok
COc1ccc(Nc2ccc(O)c3c2C(=O)c2ccccc2C3=O)cc1,0.0121,ok
CC(=O)c1cc(N)c2c(c1N)C(=O)c1ccccc1C2=O,0.0184,ok
O=C1c2[nH]c3ccc(Cl)cc3c(=O)c2C(=O)c2[nH]c3ccc(Cl)cc3c(=O)c21,0.0,ok
Nc1c(Oc2ccc(CN3CCCCCC3=O)cc2)cc(O)c2c1C(=O)c1ccccc1C2=O,,no_quinone_ring_found
Nc1ccc(O)c2c1C(=O)c1c(Nc3ccccc3)ccc(O)c1C2=O,0.0238,ok
CNc1ccc(O)c2c1C(=O)c1c(N)ccc(O)c1C2=O,0.0135,ok
COc1ccc(Nc2ccc(N)c3c2C(=O)c2ccccc2C3=O)cc1,0.0247,ok
CCCCNc1ccc(NC)c2c1C(=O)c1ccccc1C2=O,0.0584,ok
N#Cc1cc(Nc2ccccc2)c2c(c1N)C(=O)c1ccccc1C2=O,0.0262,ok
O=C1c2ccccc2C(=O)c2c(NCC(O)CCl)ccc(NCC(O)CCl)c21,0.0529,ok
CCC(C)Nc1ccc(N)c2c1C(=O)c1c(O)ccc([N+](=O)[O-])c1C2=O,0.0605,ok
CCC(C)C1C(=O)OC2c3cc(C)cc(O)c3C3=C(C(=O)c4c(O)cccc4C3=O)N21,,no_quinone_ring_found
CC(=O)CCC(CO)c1c(O)cc2c(c1O)C(=O)c1c(O)cc(O)cc1C2=O,0.0028,ok
CC1OC(OC2CC(O)(C(C)O)Cc3c(O)c4c(c(O)c32)C(=O)c2ccccc2C4=O)CC(N)C1O,0.0096,ok
COc1ccc2c(c1O)C(=O)c1ccc(C)c(O)c1C2=O,0.0,ok
COc1cc(O)c2c(c1O)C(=O)c1cc(O)c(C)c(O)c1C2=O,0.0,ok
CCCCCCCCCCCC1=CC(=O)C(O)=C(O)C1=O,0.0051,ok
O=C1C(c2ccc(O)c(O)c2)=C(O)C(=O)c2c1oc1cc(O)c(O)cc21,0.0006,ok
CC1=C(C2=C(C)C(=O)c3c([nH]c4ccccc34)C2=O)C(=O)c2[nH]c3ccccc3c2C1=O,0.0086,ok
CC(=O)C1(O)Cc2c(O)c3c(c(O)c2C(O)C1)C(=O)c1ccccc1C3=O,0.0018,ok
C=C(C)CCCc1c(C)ccc2c1C(=O)C(OC(C)=O)=C(C(C)C)C2=O,0.0877,ok
COC1=CC(=O)c2c(O)c3c(c(O)c2C1=O)OC(CC(C)=O)CC3O,0.0113,ok
Cc1c(C(=O)O)c(O)cc2cc3c(c(O)c12)C(=O)c1c(O)cc(O)cc1C3=O,0.0018,ok
CC(=O)CC(=O)c1c(CC(=O)O)cc2c(c1O)C(=O)c1c(O)cccc1C2=O,0.0072,ok
Cc1cc(=O)c2c(O)c3c(cc2o1)C(=O)c1cc(O)cc(O)c1C3=O,0.0,ok
O=C1c2cc(O)cc(O)c2C(=O)c2c1c(O)c1cc(O)cc(O)c1c2O,0.0,ok
Cc1cc(=O)c2c(O)cc3c(c2o1)C(=O)c1c(cc(O)c(Cl)c1O)C3=O,0.0,ok
CC1OC(OC2CC(O)(C(C)O)Cc3c(O)c4c(c(O)c32)C(=O)c2c(O)cccc2C4=O)CC(N)C1O,0.0081,ok
Cc1cc(=O)c2c(O)c3c(cc2o1)C(=O)c1cc(O)c(Cl)c(O)c1C3=O,0.0,ok
COC1=CC(=O)c2c(O)c3c(c(O)c2C1=O)OC(CC(C)O)CC3O,0.0122,ok
COC1=CC(=O)C(C)=C(CC=C(C)CCC=C(C)C)C1=O,0.0296,ok
COC1=CC(=O)C=C(CC=C(C)CCC=C(C)C)C1=O,0.0144,ok
Cc1cc(O)cc2c1C(=O)C1=C(C2=O)C(C)(C)c2cc(O)cc(O)c2C1=O,0.1147,ok
CC(=O)OCCC(CO)c1c(O)cc2c(c1O)C(=O)c1c(O)cc(O)cc1C2=O,0.0037,ok
COc1cc2c(c(C)c1C(=O)O)C(=O)c1c(O)cc(O)cc1C2=O,0.0013,ok
COC1=CC(=O)c2c(O)c3c(c(O)c2C1=O)OC(CC(C)=O)CC3,0.0324,ok
Cc1cc2c(c(O)c1-c1c(C)cc(O)c3c1C(=O)c1ccc(O)c(O)c1C3=O)C(=O)c1c(ccc(O)c1O)C2=O,0.0635,ok
O=C1C=CC(=O)c2c(O)c(N3CCOCC3)c(Cl)c(O)c21,0.0018,ok
COc1cc(OC)c2c(c1)C(=O)c1cc3c(c(O)c1C2=O)C1CCCC(C)(O3)O1,0.0075,ok
O=C1C2=C(C(=O)c3ccccc31)C(O)(S(=O)(=O)O)C(O)(S(=O)(=O)O)C1N=CC=CC21,0.0523,ok
CC1OC2CC(=O)OC2C2=C1C(=O)c1c(O)c3c(c(O)c1C2=O)C1CC(OC2CCC(O)C(C)O2)C3(O)C(C)O1,,no_quinone_ring_found
O=C1c2ccccc2C(=O)c2c(O)c(NCCCN(CCO)CCO)cc(O)c21,0.0009,ok
CC1CC2=C(C(=O)c3ccccc3C2=O)C(O)O1,0.0434,ok
CC1CC2=C(C(=O)c3ccccc3C2=O)C(C)O1,0.0305,ok
COc1cccc2c1C(=O)C1=C(C=CC(C)(C)O1)C2=O,0.0322,ok
CC1(C)C=CC2=C(O1)C(=O)c1ccc(O)cc1C2=O,0.0,ok
CC1(C)C=CC2=C(O1)C(=O)c1cc(O)ccc1C2=O,0.0,ok
COc1cccc2c1C(=O)C1=C(OC(C)(C)C=C1)C2=O,0.0,ok
COc1ccc2c(c1)C(=O)C1=C(OC(C)(C)C=C1)C2=O,0.0,ok
CC1(C)OC2=C(C(=O)c3ccccc3C2=O)C2OC21,0.0076,ok
O=c1c2ccccc2c(=O)c2c1c(O)cc1[nH]c3ccccc3[nH]c12,0.0117,ok
O=C(O)CCNS(=O)(=O)c1cc2c(c(O)c1O)C(=O)c1ccccc1C2=O,0.0062,ok
O=C1c2ccccc2C(=O)c2c1cc(S(=O)(=O)N1CCC(C(=O)O)CC1)c(O)c2O,0.0067,ok
COc1ccc(C2=C(O)C(=O)C(c3ccc(OC)cc3)=C(O)C2=O)cc1,0.0064,ok
CC1=C(N)C(=O)c2c(COC(N)=O)c3n(c2C1=O)CC(N)C3,0.0092,ok
NC(=O)OCc1c(O)c2c(c(O)c1COC(N)=O)C(=O)C=CC2=O,0.0009,ok
O=C1c2c(O)ccc(O)c2C(=O)c2c(NCCOCCO)ccc(NCCOCCO)c21,0.0257,ok
CCCCCCCCCCCC1=C(C)C(=O)c2ccccc2C1=O,0.0147,ok
O=C1c2ccccc2C(=O)c2cc(S(=O)(=O)O)c(O)cc21,0.0025,ok
Nc1c(S(=O)(=O)O)cc(Nc2ccc(S(N)(=O)=O)cc2)c2c1C(=O)c1ccccc1C2=O,0.0173,ok
Cc1cc(=O)n(C)c2c1C(=O)C=CC2=O,0.0,ok
O=C1c2ccccc2C(=O)c2c1ccc1[nH]c(-c3ccccc3)nc21,0.0,ok
O=C(O)c1cc(Cl)c2c(c1)C(=O)c1ccccc1C2=O,0.0,ok
NCCc1ccc(O)c(-c2c(O)c(O)c3c(c2O)C(=O)c2c(cc(O)c(C(=O)O)c2C(=O)O)C3=O)c1,0.0405,ok
O=C(Cc1ccccc1)Nc1ccc2c(c1)C(=O)c1cc(NC(=O)Cc3ccccc3)ccc1C2=O,0.0027,ok
O=C(CCCCl)Nc1ccc2c(c1)C(=O)c1cc(NC(=O)CCCCl)ccc1C2=O,0.0014,ok
O=C(CCl)Nc1ccc2c(c1)C(=O)c1cc(NC(=O)CCl)ccc1C2=O,0.0014,ok
O=C1c2ccc(NC(=O)C3CC3)cc2C(=O)c2cc(NC(=O)C3CC3)ccc21,0.0003,ok
CCN(CC)CC(=O)Nc1ccc2c(c1)C(=O)c1cc(NC(=O)CN(CC)CC)ccc1C2=O,0.0002,ok
O=C1c2ccc(NC(=O)C3CCCCC3)cc2C(=O)c2cc(NC(=O)C3CCCCC3)ccc21,0.0012,ok
CCCC(=O)Nc1ccc2c(c1)C(=O)c1cc(NC(=O)CCC)ccc1C2=O,0.0001,ok
O=C(Nc1ccc2c(c1)C(=O)c1cc(NC(=O)c3ccccc3)ccc1C2=O)c1ccccc1,0.0018,ok
O=C(CCc1ccccc1)Nc1ccc2c(c1)C(=O)c1cc(NC(=O)CCc3ccccc3)ccc1C2=O,0.0016,ok
CCCCc1nc2c3c(ccc2[nH]1)C(=O)c1ccccc1C3=O,0.0001,ok
CCCCCCCc1nc2c3c(ccc2[nH]1)C(=O)c1ccccc1C3=O,0.0002,ok
N#Cc1ccc(-c2nc3c4c(ccc3[nH]2)C(=O)c2ccccc2C4=O)cc1,0.0,ok
CN(C)c1ccc(-c2nc3c4c(ccc3[nH]2)C(=O)c2ccccc2C4=O)cc1,0.0001,ok
O=C1c2ccccc2C(=O)c2c1ccc1[nH]c(-c3ccc(Br)cc3)nc21,0.0,ok
Cc1nc2ccc3c(c2nc1C)C(=O)c1ccccc1C3=O,0.0,ok
O=C1c2ccccc2C(=O)c2c1ccc1[nH]c(-c3ccc4c(c3)OCO4)nc21,0.0,ok
CC(=O)Nc1ccc2c(c1)C(=O)c1cc(NC(C)=O)ccc1C2=O,0.0,ok
CCC(=O)Nc1ccc2c(c1)C(=O)c1cc(NC(=O)CC)ccc1C2=O,0.0,ok
CCCCNCCC(=O)Nc1ccc2c(c1)C(=O)c1cc(NC(=O)CCNCCCC)ccc1C2=O,0.0012,ok
O=C1c2ccc(NC(=O)C3CCCC3)cc2C(=O)c2cc(NC(=O)C3CCCC3)ccc21,0.0011,ok
CCCCNCC(=O)Nc1ccc2c(c1)C(=O)c1cc(NC(=O)CNCCCC)ccc1C2=O,0.0005,ok
O=C(CN1CCCC1)Nc1ccc2c(c1)C(=O)c1cc(NC(=O)CN3CCCC3)ccc1C2=O,0.0004,ok
O=C(CN1CCCCC1)Nc1ccc2c(c1)C(=O)c1cc(NC(=O)CN3CCCCC3)ccc1C2=O,0.0005,ok
CCCNCC(=O)Nc1ccc2c(c1)C(=O)c1cc(NC(=O)CNCCC)ccc1C2=O,0.0005,ok
CCNCC(=O)Nc1ccc2c(c1)C(=O)c1cc(NC(=O)CNCC)ccc1C2=O,0.0016,ok
CC(C)NCC(=O)Nc1ccc2c(c1)C(=O)c1cc(NC(=O)CNC(C)C)ccc1C2=O,0.0021,ok
O=C(CN1CCNCC1)Nc1ccc2c(c1)C(=O)c1cc(NC(=O)CN3CCNCC3)ccc1C2=O,0.0009,ok
O=c1nc2ccc3c(=O)c4ccccc4c(=O)c3c2nc1=O,0.0,ok
CC(C)CNCC(=O)Nc1ccc2c(c1)C(=O)c1cc(NC(=O)CNCC(C)C)ccc1C2=O,0.0006,ok
Nc1c(S(=O)(=O)O)cc(Nc2ccc(F)cc2C(=O)O)c2c1C(=O)c1ccccc1C2=O,0.0377,ok
Cc1ccc(-c2nc3c4c(ccc3[nH]2)C(=O)c2ccccc2C4=O)cc1,0.0002,ok
COc1cc(-c2nc3c4c(ccc3[nH]2)C(=O)c2ccccc2C4=O)ccc1O,0.0,ok
CN(C)c1ccc(S(=O)(=O)Nc2cc3c(c(O)c2O)C(=O)c2ccccc2C3=O)cc1,0.0146,ok
O=C1c2ccccc2C(=O)c2c1cc(NS(=O)(=O)c1ccc(Cl)cc1)c(O)c2O,0.0007,ok
Cn1c(CCCO)c(CO)c2c1C(=O)C=C(N1CC1)C2=O,0.0026,ok
O=C(O)Cc1ccc2c(c1O)C(=O)c1c(O)cccc1C2=O,0.0025,ok
O=C1c2ccccc2C(=O)c2c1cccc2-c1cnn(C2CCNCC2)c1,0.0093,ok
CC1CN1C1=CC(=O)c2c(c(CO)c(-c3ccccc3)n2C)C1=O,0.0097,ok
COC(=O)C1=C(C)CC(=O)c2c1cc1c(c2O)C(=O)c2c(O)cccc2C1=O,0.1004,ok
CCC1(O)CC(=O)c2c(O)c3c(c(O)c2C1C(=O)OC)C(=O)c1cccc(O)c1C3=O,0.1857,ok
CC1(O)C(O)c2c(c3c(=O)c4cccc(O)c4c(=O)c=3c2=[N+]=[N-])C(O)C1O,0.003,ok
COc1cc(=O)c2c(=O)c3c(c(=O)c=2c1=O)=C(O)C1(O)c2c(cc4cc(C)oc(=O)c4c2O)CCC1(O)C=3O,0.0931,ok
COc1cccc2c1C(=O)c1c(cc3c(c1O)C(OC1CC(N)C(O)C(C)O1)CC(O)(C(C)=O)C3)C2=O,0.0087,ok
CC1(C)OC2=C(C(=O)c3ccccc3C2=O)C(N2CCOCC2)C1O,0.0654,ok
CC1OC2OC(=O)OC2C2=C1C(=O)c1c(O)cccc1C2=O,,no_quinone_ring_found
CCCCCCCCCCCCC1=C(O)C(=O)C=C(O)C1=O,0.0065,ok
CN(C)CCCNc1ncnc2c1C(=O)C(N1CC1)=C(N1CC1)C2=O,0.1381,ok
CNC1CC(OC2CC(O)(C(C)=O)Cc3c(O)c4c(c(O)c32)C(=O)c2c(OC)cccc2C4=O)OC(C)C1O,0.0159,ok
CCN(CC)CCC(=O)Nc1cccc2c1C(=O)c1ccccc1C2=O,0.0013,ok
COC1=C(Br)C(=O)c2ncccc2C1=O,0.0055,ok
O=C1c2ccccc2C(=O)c2c(NCCN(CCO)CCO)ccc(NCCN(CCO)CCO)c21,0.0554,ok
COC1=C(Nc2ccccc2)C(=O)C(OC)=C(Nc2ccccc2)C1=O,0.0174,ok
CC1COCC(C)N1C1=C(Cl)C(=O)c2ccccc2C1=O,0.0014,ok
Cc1ccc(C2=C(Cl)C(=O)C(c3ccc(C)cc3)=C(Cl)C2=O)cc1,0.0007,ok
CCc1ccc(C2=C(O)C(=O)C(c3ccc(CC)cc3)=C(O)C2=O)cc1,0.0068,ok
CC1=CC(=O)C(Sc2ccc(C)cc2)=CC1=O,0.0049,ok
O=C1C=CC(=O)c2c(O)c(CO)c(CO)c(O)c21,0.0001,ok
COC1=C(OC)C(=O)C(Sc2ccc3ccccc3c2)=CC1=O,0.0104,ok
COc1ccccc1N(C(C)=O)C1=C(Cl)C(=O)c2ccccc2C1=O,0.0059,ok
COC1=C(N)C(=O)c2nc(-c3ccccn3)ccc2C1=O,0.0287,ok
O=C1C=CC(=O)c2c(O)c3c(c(O)c21)CC(O)C(O)C3O,0.0024,ok
COc1ccc2[nH]c3c4c(ccc3c2c1)C(=O)C=CC4=O,0.0,ok
O=C1c2cccc(NCCNCCO)c2C(=O)c2cccc(NCCNCCO)c21,0.0104,ok
COc1c(Cl)c(Cl)c(OC)c2c1C(=O)C=CC2=O,0.0028,ok
CSC1CC(C)(O)Cc2cc3c(c(O)c21)C(=O)c1c(O)cc2c(c1C3=O)OC1OC2(C)C(O)C(N(C)C)C1O,0.04,ok
CCNC1=C(NC(=O)c2cc(OC)cc(OC)c2)C(=O)c2ccccc2C1=O,0.0837,ok
O=C1C=CC(=O)c2c(O)c(N3CCN(CCOCCO)CC3)c(Br)c(O)c21,0.0007,ok
O=C1C(Cl)=C(N2CCN(CCOCCO)CC2)C(=O)c2ncccc21,0.0277,ok
CC(=O)OC1CCn2c1nc1c2C(=O)C=C(N2CC2)C1=O,0.0101,ok
CCCCCCOc1ccc(NC2=C(Cl)C(=O)c3cccnc3C2=O)cc1,0.0182,ok
COC1=C(N2CC2)C(=O)c2nc3n(c2C1=O)CCC3,0.0052,ok
COc1cc(CCNC2=CC(=O)c3cccnc3C2=O)ccc1O,0.0091,ok
CC(NC1=CC(=O)c2ncccc2C1=O)C(O)c1ccccc1,0.009,ok
CC(NC1=CC(=O)c2cccnc2C1=O)C(O)c1ccccc1,0.0076,ok
CC1(C)CC(O)C2=C(O1)C(=O)c1ncccc1C2=O,0.0052,ok
CC(O)c1cc2c(s1)C(=O)c1scc(C(C)O)c1C2=O,0.0025,ok
Cc1csc(-c2cn(C)c3c2C(=O)C(N)=CC3=O)n1,0.0174,ok
COC1=CC(=O)c2c(c(COC(C)=O)cn2C)C1=O,0.0091,ok
CC(=O)OC(C)c1cc2c(s1)C(=O)c1scc(C(C)OC(C)=O)c1C2=O,0.0107,ok
O=C1C=CC(=O)c2c1ncc1c2nc2sccn21,0.0,ok
O=C(O)c1ccc(NC2=C(Cl)C(=O)c3ccccc3C2=O)cc1,0.0166,ok
O=C1c2ccccc2C(=O)c2c(NCc3cccnc3)cccc21,0.0249,ok
COC(=O)c1c2c(n3ccccc13)C(=O)c1ccccc1C2=O,0.0244,ok
CC(=O)OC1=C(CC(Br)C(C)(C)O)C(=O)c2ccccc2C1=O,0.0543,ok
O=C1c2ccccc2-c2onc3ccc(NCc4ccco4)c1c23,0.0055,ok
Cc1oc2cc3c(C(=O)N4CCCCC4)c(C)oc3cc2c1C(=O)N1CCCCC1,,no_quinone_ring_found
CCOC(=O)C(C(=O)OCC)c1cc(Br)c2noc3c2c1C(=O)c1ccccc1-3,0.0062,ok
O=C1c2ccccc2-c2onc3ccc(NCCCn4ccnc4)c1c23,0.0068,ok
COc1ccc2noc3c2c1C(=O)c1ccccc1-3,0.0,ok
CC(C)OC(=O)c1c2c(n3ccccc13)C(=O)c1ccccc1C2=O,0.0244,ok
CCCN(CCC)C1=CC(=O)C(C(C)(C)C)=CC1=O,0.0204,ok
Cc1ccccc1Cn1nnc2c1C(=O)c1ccccc1C2=O,0.009,ok
O=C(c1ccccc1)c1coc2c1C(=O)c1ccccc1C2=O,0.021,ok
Cc1oc2c(c1C(=O)N1CCN(C)CC1)C(=O)c1ccccc1C2=O,0.0085,ok
CCN(CC)c1ccc(NC2=C(Cl)C(=O)c3ccccc3C2=O)cc1,0.0194,ok
O=C1C(N2CCOCC2)=C(n2nnc3ccccc32)C(=O)c2ccccc21,0.077,ok
CC1=C(CC(=O)c2cccs2)C(=O)c2ccccc2C1=O,0.0128,ok
CC1=C(CC(=O)c2sccc2Br)C(=O)c2ccccc2C1=O,0.0182,ok
NC(=O)C1CCN(C2=C(Cl)C(=O)c3ccccc3C2=O)CC1,0.0129,ok
CC1=C(CC(=O)c2cccc([N+](=O)[O-])c2)C(=O)c2ccccc2C1=O,0.0198,ok
CCN(CC)CCNC(=O)c1c(C)oc2c1C(=O)c1ccccc1C2=O,0.0198,ok
O=C(Oc1ccc(NC2=C(Cl)C(=O)c3ccccc3C2=O)cc1)c1ccc([N+](=O)[O-])cc1,0.0163,ok
CC1=C(C)C(=O)C(N2CCOCC2)=CC1=O,0.021,ok
COc1ccc(CNC(=O)c2c(C)oc3c2C(=O)c2ccccc2C3=O)cc1,0.0189,ok
CC(C)(C)C1=CC(=O)C(N2CCOCC2)=CC1=O,0.0128,ok
O=C1C(Cl)=C(OC(CO)CO)C(=O)c2ccccc21,0.0199,ok
O=C1C(Cl)=C(NS(=O)(=O)c2ccc([N+](=O)[O-])cc2)C(=O)c2ccccc21,0.0257,ok
CN(C)c1cc2c(c(N(C)C)c1)C(=O)c1ccccc1C2=O,0.0129,ok
CC(=O)N(C1=C(N(C)C)C(=O)c2ccccc2C1=O)c1ccc(Cl)cc1,0.0154,ok
CCOC(=O)c1ccc(NC2=C(N3CCCCC3)C(=O)c3ccccc3C2=O)cc1,0.0439,ok
Cc1ccc(C)c(-n2[nH]c3c4c(ccc3c2=O)C(=O)c2ccccc2C4=O)c1,,no_quinone_ring_found
CCNc1c(C(=O)O)ccc2c1C(=O)c1ccccc1C2=O,0.0027,ok
CC(=NO)c1ccc(NC2=C(N3CCCCC3)C(=O)c3ccccc3C2=O)cc1,0.0314,ok
CC(=O)N(C1=C(N2CCOCC2)C(=O)c2ccccc2C1=O)c1ccc(Br)cc1,0.0858,ok
CC(=O)N(C1=C(NCCO)C(=O)c2ccccc2C1=O)c1cccc(Br)c1,0.1038,ok
NC1=C(Nc2cccc(C(F)(F)F)c2)C(=O)c2ccccc2C1=O,0.0107,ok
CC(=O)c1ccc(NC2=C(N3CCOCC3)C(=O)c3ccccc3C2=O)cc1,0.0317,ok
CCN(C(C)=O)C1=C(N2CCOCC2)C(=O)c2ccccc2C1=O,0.0157,ok
O=C(CSc1ccccn1)Nc1ccc2c(c1)C(=O)c1ccccc1C2=O,0.0009,ok
Cc1ccc(NC2=C(N3CCOCC3)C(=O)c3ccccc3C2=O)cc1,0.0656,ok
COc1cc(C(=O)Nc2ccc3c(c2)C(=O)c2ccccc2C3=O)cc(OC)c1OC,0.0034,ok
CC(=O)N(C1=C(N2CCCC2)C(=O)c2ccccc2C1=O)c1ccc(F)c(F)c1,0.0446,ok
CC(=O)N(C1=C(N(C)C)C(=O)c2ccccc2C1=O)c1cccc(Cl)c1,0.0389,ok
CC(=O)N(C1=C(N2CCOCC2)C(=O)c2ccccc2C1=O)c1ccc(F)c(F)c1,0.028,ok
CC(=O)N(C1=C(N2CCOCC2)C(=O)c2ccccc2C1=O)c1cccc(Cl)c1,0.0814,ok
COc1cccc(N(C(C)=O)C2=C(N(C)C)C(=O)c3ccccc3C2=O)c1,0.0181,ok
CC(=O)N(C1=C(N(C)C)C(=O)c2ccccc2C1=O)c1ccc(F)c(F)c1,0.0204,ok
CC(=O)N(C1=C(N2CCCCC2)C(=O)c2ccccc2C1=O)c1ccc(F)c(F)c1,0.0383,ok
CC(=O)N(C1=C(N2CCCCC2)C(=O)c2ccccc2C1=O)c1ccccc1C,0.0221,ok
CC(=O)N(C1=C(N2CCCCC2)C(=O)c2ccccc2C1=O)c1cccc(Cl)c1,0.0779,ok
COc1ccc(NC2=C(NCCO)C(=O)c3ccccc3C2=O)cc1,0.0041,ok
CC(=O)N(C1=C(N2CCCC2)C(=O)c2ccccc2C1=O)c1ccccc1C,0.0096,ok
CC(=O)N(C1=C(N2CCCCC2)C(=O)c2ccccc2C1=O)c1cccc(F)c1,0.0878,ok
CC(=O)N(C1=C(N(C)C)C(=O)c2ccccc2C1=O)c1cccc(F)c1,0.0384,ok
CC(=O)N(C1=C(N2CCCC2)C(=O)c2ccccc2C1=O)c1cccc(F)c1,0.0693,ok
CC(=O)N(C1=C(N(C)C)C(=O)c2ccccc2C1=O)c1ccc(Cl)c(Cl)c1,0.0209,ok
CC(=O)N(C1=C(N2CCOCC2)C(=O)c2ccccc2C1=O)c1ccc(Cl)c(Cl)c1,0.0297,ok
Cc1ccc(NC2=C(NCCO)C(=O)c3ccccc3C2=O)cc1,0.012,ok
CC(C)COC(=O)c1ccc2c(c1O)C(=O)c1ccccc1C2=O,0.0012,ok
Cc1cccc(-n2[nH]c3c4c(ccc3c2=O)C(=O)c2ccccc2C4=O)c1,,no_quinone_ring_found
COc1cc2c(c3c1C(=O)c1c(NCCNCCO)ccc(NCCNCCO)c1C3=O)CCCC2,0.1326,ok
CC(=O)N(C1=C(N2CCOCC2)C(=O)c2ccccc2C1=O)c1ccc(C(C)C)c(C)c1,0.0647,ok
CC1CCCN(c2cc(Nc3cccc(C(=O)O)c3)c3c4c(onc24)-c2ccccc2C3=O)C1,0.0028,ok
CC1CCCCN1c1cc(Nc2cccc(C(=O)O)c2)c2c3c(onc13)-c1ccccc1C2=O,0.0035,ok
O=C(COC(=O)Cn1cnc2ccccc21)Nc1cc2c(cc1Cl)C(=O)c1ccccc1C2=O,0.0014,ok
CN(C1=C(NC(=O)c2ccccc2)C(=O)c2ccccc2C1=O)C1CCS(=O)(=O)C1,0.0873,ok
O=C1C(NS(=O)(=O)c2ccc(Cl)cc2)=C(N2CCCCC2)C(=O)c2ccccc21,0.0425,ok
CC(=O)N(C1=C(N2CCCCCC2)C(=O)c2ccccc2C1=O)C1CCCCC1,0.0983,ok
CC1CCCCC1NC(=O)COC(=O)c1ccc2c(c1Cl)C(=O)c1ccccc1C2=O,0.0367,ok
NC(=O)C1CCN(C2=C(NS(=O)(=O)c3ccccc3)C(=O)c3ccccc3C2=O)CC1,0.0653,ok
O=C1C(NS(=O)(=O)c2ccccc2)=C(N2CCN(c3ccc(F)cc3)CC2)C(=O)c2ccccc21,0.0228,ok
CCOC(=O)C1CCCN(C2=C(NS(=O)(=O)c3ccc(Br)cc3)C(=O)c3ccccc3C2=O)C1,0.0209,ok
Cc1ccc(C)c(NC(=O)COC(=O)c2cccc3c2C(=O)c2ccccc2C3=O)c1,0.0413,ok
O=C(O)c1ccc(NC2=C(N3CCOCC3)C(=O)c3ccccc3C2=O)cc1,0.0193,ok
CC1CCCN(C(=O)c2ccc3c(c2NCCO)C(=O)c2ccccc2C3=O)C1,0.038,ok
CC(=O)NC1=C(NC2CCS(=O)(=O)C2)C(=O)c2ccccc2C1=O,0.0811,ok
O=C1C(NC2CCCCC2)=C(N2CCOCC2)C(=O)c2ccccc21,0.0101,ok
O=C(COC(=O)c1cccc(Br)c1)Nc1cccc2c1C(=O)c1ccccc1C2=O,0.0058,ok
COCCCNC(=O)c1ccc2c3c(onc13)-c1ccccc1C2=O,0.0008,ok
O=C1C(NS(=O)(=O)c2cccs2)=C(N2CCN(c3cccc(Cl)c3)CC2)C(=O)c2ccccc21,0.0395,ok
CCN(CC)CCNC(=O)c1ccc2c(c1NCCO)C(=O)c1ccccc1C2=O,0.0107,ok
CC1(C)CCCN(C(=O)c2ccc3c(c2NCCO)C(=O)c2ccccc2C3=O)C1,0.006,ok
CCC(=O)N(C1=C(NC(C)C)C(=O)c2ccccc2C1=O)C(C)C,0.0465,ok
CC(=O)N(C1=C(N(C)C)C(=O)c2ccccc2C1=O)c1cccc(Br)c1,0.0406,ok
CN1C(=O)N(C)C2(c3ccccc3)NN3C(=NC12c1ccccc1)SC1=C3C(=O)c2ccccc2C1=O,,no_quinone_ring_found
CC1CCCN(C2=C(NS(=O)(=O)c3ccc(Cl)cc3)C(=O)c3ccccc3C2=O)C1,0.063,ok
NC(=O)C1CCN(C2=C(NS(=O)(=O)c3ccc(Br)cc3)C(=O)c3ccccc3C2=O)CC1,0.0176,ok
O=C(COC(=O)Cn1cnc2ccccc21)Nc1cccc2c1C(=O)c1ccccc1C2=O,0.0072,ok
Nc1cccc(C(=O)OCC(=O)Nc2cccc3c2C(=O)c2ccccc2C3=O)c1,0.0053,ok
Cc1nc2c(n1C1CCCCC1)C(=O)c1ccccc1C2=O,0.0059,ok
Cc1oc2c(c1C(=O)NCC1CCCO1)C(=O)c1ccccc1C2=O,0.0168,ok
O=C(COC(=O)Cn1cnc2ccccc21)Nc1ccc2c(c1)C(=O)c1ccccc1C2=O,0.0016,ok
CC(=O)NC1=C(N(C)C2CCS(=O)(=O)C2)C(=O)c2ccccc2C1=O,0.0951,ok
CCOC(=O)C1CCCN(C(=O)c2c(C)oc3c2C(=O)c2ccccc2C3=O)C1,0.0034,ok
Cc1ccc(NC(=O)COC(=O)c2cccc3c2C(=O)c2ccccc2C3=O)c(C)c1,0.0263,ok
O=C(NC1=C(Nc2ccc(Cl)cc2)C(=O)c2ccccc2C1=O)c1ccccc1,0.0907,ok
CC(=O)N(C1=C(N(C)C)C(=O)c2ccccc2C1=O)c1ccc(F)cc1,0.0151,ok
Cc1cccc(C)c1NC(=O)COC(=O)c1cccc2c1C(=O)c1ccccc1C2=O,0.0251,ok
Cc1cccc(NC2=C(NC(=O)c3ccccc3)C(=O)c3ccccc3C2=O)c1,0.0867,ok
CC(=O)N(C1=C(N2CCCC2)C(=O)c2ccccc2C1=O)c1ccc(F)cc1,0.0123,ok
CCOC(=O)CN(N=O)C1=C(N2CC2)C(=O)c2ccccc2C1=O,0.0372,ok
CCC(=O)NC1=C(NC(C)c2ccccc2)C(=O)c2ccccc2C1=O,0.0859,ok
O=C(COC(=O)CC1CCCC1)Nc1cc2c(cc1Cl)C(=O)c1ccccc1C2=O,0.0,ok
CNC1=C(N(Cc2ccc(Cl)c(Cl)c2)C(C)=O)C(=O)c2ccccc2C1=O,0.0081,ok
CC(=O)N(C1=C(N2CCCCC2)C(=O)c2ccccc2C1=O)c1ccc(F)cc1,0.0817,ok
O=C(CSc1nnc(NC2CCCCC2)s1)Nc1ccc2c(c1)C(=O)c1ccccc1C2=O,0.0013,ok
CC(Sc1nnc(NCc2ccccc2)s1)C(=O)Nc1ccc2c(c1)C(=O)c1ccccc1C2=O,0.0129,ok
Cc1cc(C)c(NC(=O)COC(=O)c2cccc3c2C(=O)c2ccccc2C3=O)c(C)c1,0.0354,ok
O=C1C(NS(=O)(=O)c2cccs2)=C(N2CCN(c3ccc(F)cc3)CC2)C(=O)c2ccccc21,0.035,ok
CC1CCCN(C2=C(NS(=O)(=O)c3ccc(Br)cc3)C(=O)c3ccccc3C2=O)C1,0.0637,ok
CC1CCN(C2=C(NS(=O)(=O)c3ccccc3)C(=O)c3ccccc3C2=O)CC1,0.0287,ok
O=C(NC1=C(NC2CCS(=O)(=O)C2)C(=O)c2ccccc2C1=O)c1ccccc1,0.0712,ok
O=C(NC1=C(Nc2ccc(F)cc2)C(=O)c2ccccc2C1=O)c1ccc(Cl)cc1,0.0308,ok
O=C1C(Cl)=C(NCCN2CCCCC2)C(=O)c2ccccc21,0.0147,ok
CN(C1=C(NC(=O)c2ccc(Cl)cc2)C(=O)c2ccccc2C1=O)c1ccccc1,0.1134,ok
O=C(COC(=O)c1ccc2c(c1[N+](=O)[O-])C(=O)c1ccccc1C2=O)NC1CC1,0.0365,ok
O=C1CCN(c2cc(Nc3ccc(C(=O)O)cc3)c3c4c(onc24)-c2ccccc2C3=O)CC1,0.2874,ok
Cc1ccc(NC2=C(NC(=O)c3ccccc3)C(=O)c3ccccc3C2=O)cc1Cl,0.0286,ok
CN(C)C1C(O)C2Oc3c(cc(O)c4c3C(=O)c3cc5c(c(O)c3C4=O)C(N=[N+]=[N-])CC(C)(O)C5)C(C)(O2)C1O,0.0314,ok
O=C1C(NC2CCCCC2)=C(N2CCCCC2)C(=O)c2ccccc21,0.0189,ok
O=C(CSc1cccc[n+]1[O-])Nc1cc2c(cc1Cl)C(=O)c1ccccc1C2=O,0.0057,ok
COc1ccc(C(=O)Nc2ccc3c(c2)C(=O)c2ccccc2C3=O)cc1OC,0.0017,ok
O=C1C(Cl)=C(NC2CCc3ccccc32)C(=O)c2ncccc21,0.0062,ok
CC1CCN(C2=C(NS(=O)(=O)c3ccc(Br)cc3)C(=O)c3ccccc3C2=O)CC1,0.0297,ok
O=C1C(Cl)=C(NCCN2CCOCC2)C(=O)c2cnncc21,0.0123,ok
NC(=O)c1cc2c([nH]c3ccccc32)c(-c2ccc3c(n2)C(=O)C(N)=CC3=O)n1,0.0156,ok
CC(=O)NC1=CC(=O)c2ccc(-c3nc(C(N)=O)cc4c3[nH]c3ccccc34)nc2C1=O,0.0659,ok
CCCCOC(=O)c1cc2c([nH]c3ccccc32)c(-c2ccc3c(n2)C(=O)C(NC(=O)CCC)=CC3=O)n1,0.0,ok
O=C(O)CCCCCNS(=O)(=O)c1cccc2c1C(=O)c1ccccc1C2=O,0.0776,ok
CC(C)=CCCC(C)=CCc1cccc2c(C3=C(O)C(=O)C=C(O)C3=O)c[nH]c12,0.0102,ok
NC(=O)OCc1c2c(n3c1C1CC1C3)C(=O)C=C(N1CC1)C2=O,0.0037,ok
Cn1cc(-c2nc(C(N)=O)cs2)c2c1C(=O)C=CC2=O,0.0017,ok
Cc1ccc(C2=C(N3CC3)C(=O)C=C(N3CC3)C2=O)cc1,0.0167,ok
CN(CCCl)CCNc1ccc(NCCN(C)CCCl)c2c1C(=O)c1c(O)ccc(O)c1C2=O,0.0127,ok
CCC1=CC(=O)C(N2CC2)=CC1=O,0.0088,ok
COC12C(COC(N)=O)C3=C(C(=O)C(CSc4ncccc4O)=C(N)C3=O)N1CC1NC12,0.0148,ok
O=C1C=C(N2CC2)C(=O)C(c2ccccc2)=C1N1CC1,0.0161,ok
COC12C(COC(N)=O)C3=C(C(=O)C(CSc4nccn4C)=C(N)C3=O)N1CC1NC12,0.0127,ok
O=C1C(NCCCl)=CC(=O)c2nc(-c3ccccc3)ccc21,0.0083,ok
CCCCN(CCCC)CCCNC(=O)CCCCC1=C(C)C(=O)c2cccc(O)c2C1=O,0.0478,ok
CCCCCCCCCCCC1=C(OC)C(=O)C2=C(C1=O)N1CC3NC3C1(OC)C2COC(N)=O,0.0599,ok
COC1=C(Cc2ccccc2)C(=O)C2=C(C1=O)C(COC(N)=O)C1(OC)C3NC3CN21,0.0169,ok
CC1=C(N2CC2)C(=O)c2nc3n(c2C1=O)CCC3OC(=O)c1ccccc1,0.0268,ok
COC12C(COC(N)=O)C3=C(C(=O)C(CSC4=NCCS4)=C(N)C3=O)N1CC1NC12,0.0129,ok
CC(C)=CCc1c(Cl)cc(Cl)c2c(C3=C(O)C(=O)C=C(O)C3=O)c[nH]c12,0.0065,ok
Cc1cc2c(n1C)C(=O)C=C(N1CC1)C2=O,0.0099,ok
COc1cc(OC)cc(OC2=C(Cl)C(=O)c3c(OC)ccc(OC)c3C2=O)c1,0.1025,ok
Cn1c(C=CCO)cc2c1C(=O)C=C(N1CC1)C2=O,0.0083,ok
CCCCCC1=C(OC)C(=O)C2=C(C1=O)N1CC3NC3C1(OC)C2COC(N)=O,0.0129,ok
CCC1=C(OC)C(=O)C2=C(C1=O)N1CC3C(N3C)C1(O)C2COC(N)=O,0.0209,ok
CN(C)CCOc1cc2oc3c(c2c2ccccc12)C(=O)c1ccccc1C3=O,0.0038,ok
CCOC(=O)c1c2c(n(C)c1N)C(=O)c1ccccc1C2=O,0.0276,ok
COC(=O)CCSCC1=C(N)C(=O)C2=C(C1=O)N1CC3NC3C1(OC)C2COC(N)=O,0.013,ok
COC1=CC(=O)c2c(c(COC(=O)c3ccccc3)cn2C)C1=O,0.0047,ok
CC1CN1C1=CC(=O)c2c(c(COC(N)=O)c3n2CC2CC32)C1=O,0.0113,ok
O=C1C=CC(=O)c2c(O)c(Oc3cccc(O)c3)c(Cl)c(O)c21,0.0014,ok
COc1ccc(NC2=C(Cl)C(=O)c3ccncc3C2=O)cc1,0.0172,ok
CCC1=C(OC)C(=O)C2=C(C1=O)N1CC3NC3C1(OC)C2COC(N)=O,0.0453,ok
COC1=CC(=O)c2c(c(COc3c(Cl)cc(Cl)cc3Cl)cn2C)C1=O,0.0158,ok
O=C(Oc1cccc2c1C(=O)C=C(N1CC1)C2=O)c1ccco1,0.0222,ok
Cc1nc2c([nH]1)C(=O)C(Cl)=C(Nc1ccccc1)C2=O,0.0125,ok
CCCCC(=O)OC1CCn2c1nc1c2C(=O)C(C)=C(N2CC2)C1=O,0.0229,ok
COc1ccc(NC2=C(Cl)C(=O)c3ncncc3C2=O)c(OC)c1,0.0265,ok
CNC1=C2CC(C)CC(OC)C(=O)C(C)C=C(C)C(OC(N)=O)C(OC)C=CC=C(C)C(=O)NC(=CC1=O)C2=O,,no_quinone_ring_found
O=C1c2ccc(CN3CCCCC3)cc2C(=O)c2nccnc21,0.0004,ok
COC12C(COC(N)=O)C3=C(C(=O)C4=C(Nc5ccccc5SC4)C3=O)N1CC1NC12,0.0272,ok
COC12C(COC(N)=O)C3=C(C(=O)C(CSc4ncccn4)=C(N)C3=O)N1CC1NC12,0.0143,ok
CN(CCO)CCNc1ccc(NCCN(C)CCO)c2c1C(=O)c1c(O)ccc(O)c1C2=O,0.0515,ok
COC12C(COC(N)=O)C3=C(C(=O)C(CSc4ccc([N+](=O)[O-])cc4)=C(N)C3=O)N1CC1NC12,0.0077,ok
Cc1c(COC(N)=O)c2c(n1C)C(=O)C=C(N1CC1C)C2=O,0.014,ok
CC1=C(SCCO)C(=O)c2c(F)c(F)c(F)c(F)c2C1=O,0.0306,ok
COC1=CC(=O)c2c(c(COC(=O)c3ccc(F)cc3)cn2C)C1=O,0.0035,ok
Cc1ccc(NC2=C(Cl)C(=O)c3ncncc3C2=O)c(Br)c1,0.0203,ok
CC1CN1C1=CC(=O)c2c(c(CO)c3n2CCC3)C1=O,0.0098,ok
COC1C=CC=C(C)C(=O)NC2=CC(=O)C(N)=C(CC(C)CC(OC)C(F)C(C)C=C(C)C1OC(N)=O)C2=O,,no_quinone_ring_found
COC1=CC(=O)c2c(c(COC(N)=O)c(C)n2C)C1=O,0.0008,ok
CC1=CC(=O)C(N2CC2)=C(C)C1=O,0.0193,ok
CC1=C(NCCCNCCCN)C(=O)c2c(O)cccc2C1=O,0.0202,ok
COc1cc(OC)cc(Oc2c(O)c3c(c(O)c2Cl)C(=O)C=CC3=O)c1,0.0014,ok
CC1CN1C1=CC(=O)c2c(cc(C(=O)NCCN3CCCCC3)n2C)C1=O,0.008,ok
CCCC1=C(N2CC2)C(=O)C(C)=C(N2CC2)C1=O,0.1335,ok
O=C1C=C(N2CC2)C(=O)C(Br)=C1N1CC1,0.0107,ok
CC1=C(CCCNC(=O)OC(C)(C)C)C(=O)c2c(O)cccc2C1=O,0.0054,ok
CCc1cnc2c(c1)C(=O)c1cc(CC)cnc1C2=O,0.0005,ok
COC1=CC(=O)c2c(c(COC(N)=O)c(C3CC3)n2C)C1=O,0.0071,ok
CN(C)CCOc1ccc2c(c1)c1c(n2C)C(=O)c2ccccc2C1=O,0.0006,ok
CC1=C(NCCCNCCCCNCCCN)C(=O)c2ccccc2C1=O,0.0203,ok
CC1=C(NCCCNCCCCNCCCNC2=C(C)C(=O)c3ccccc3C2=O)C(=O)c2ccccc2C1=O,0.0092,ok
COc1ccc(OC)c2c1C(=O)C(Cl)=C(Oc1cccc(O)c1)C2=O,0.1064,ok
O=C1C(O)=C(c2csc3ccccc23)C(=O)C(O)=C1c1ccccc1,0.0022,ok
COc1cccc(OC2=C(Cl)C(=O)c3c(OC(C)=O)ccc(OC(C)=O)c3C2=O)c1,0.0697,ok
O=C1C=CC(=O)c2c(O)c(Oc3ccccc3)c(Oc3ccccc3)c(O)c21,0.0011,ok
COC1=CC(=O)c2c(c(COc3cccc(NC(C)=O)c3)c(C)n2C)C1=O,0.0121,ok
CC1=C(CCCCC(=O)O)C(=O)c2c(O)cccc2C1=O,0.0027,ok
Cc1cnc2c(c1)C(=O)c1cc(C)cnc1C2=O,0.0008,ok
O=C1C=CC(=O)c2c(O)c(Oc3cc(O)cc(O)c3)c(Cl)c(O)c21,0.0018,ok
CC1=C(NCCCNCCCCNCCCN)C(=O)c2c(O)cccc2C1=O,0.0096,ok
CC(=O)Oc1ccc2c(c1)c1c(n2CCN(C)C)C(=O)c2ccccc2C1=O,0.005,ok
CCCC1=CC(=O)C(N2CC2)=CC1=O,0.0112,ok
O=C1C(N2CC2)=CC(=O)c2c1nc1n2CCC1,0.011,ok
COc1cc(OC)cc(OC2=C(Cl)C(=O)c3c(OC(C)=O)ccc(OC(C)=O)c3C2=O)c1,0.0552,ok
O=C1C=CC(=O)c2c(O)c(Oc3ccccc3)c(Cl)c(O)c21,0.0137,ok
COc1ccc2c3c(oc2c1)C(=O)c1c(OC)ccc(OC)c1C3=O,0.0,ok
CC1=C(CCCCCC(=O)O)C(=O)c2c(O)cccc2C1=O,0.0639,ok
COc1cccc(OC2=C(Oc3cccc(OC)c3)C(=O)c3c(OC)ccc(OC)c3C2=O)c1,0.08,ok
O=C1CC(O)C(C2=CC(=O)c3ccccc3C2=O)O1,,no_quinone_ring_found
Cc1ccc(S(=O)C2=CC(=O)C=CC2=O)cc1,0.0077,ok
O=C1c2nccc(-c3ccccc3[N+](=O)[O-])c2C(=O)c2c1[nH]ccc2=O,0.0485,ok
CCC1=C(Br)C(=O)c2ccccc2C1=O,0.0008,ok
CC(=O)OC1CCc2c3c(n(C(C)=O)c21)C(=O)C=C(N1CC1)C3=O,0.028,ok
CN1C(=O)NC2(CSC3=C2C(=O)c2ccccc2C3=O)C1=O,,no_quinone_ring_found
CC(C)=CCCC(C)=CCCC(C)=CCc1cccc2c(C3=C(O)C(=O)C=C(O)C3=O)c[nH]c12,0.005,ok
CC(C)(C)N1C(=O)NC2(CSC3=C2C(=O)c2ccccc2C3=O)C1=O,,no_quinone_ring_found
NCCN1C(=O)NC2(CSC3=C2C(=O)c2ccccc2C3=O)C1=O,,no_quinone_ring_found
CCN(CC)CCCN1C(=O)NC2(CSC3=C2C(=O)c2ccccc2C3=O)C1=O,,no_quinone_ring_found
CN(CCO)CCNc1ccc(NCCN(C)CCO)c2c1C(=O)c1ccccc1C2=O,0.023,ok
NCCCN1C(=O)NC2(CSC3=C2C(=O)c2ccccc2C3=O)C1=O,,no_quinone_ring_found
CC1=C(CCCc2nnnn2CCC#N)C(=O)c2ccccc2C1=O,0.0027,ok
CCOC(=O)C1(N)CSC2=C1C(=O)c1cccnc1C2=O,0.0062,ok
CC(=O)NC1=CC(=O)c2ccc(-c3nc(C(=O)OCCN(C)C)cc4c3[nH]c3ccccc34)nc2C1=O,0.0662,ok
CN(C)CCCN1C(=O)NC2(CSC3=C2C(=O)c2ccccc2C3=O)C1=O,,no_quinone_ring_found
NCCCCN1C(=O)NC2(CSC3=C2C(=O)c2ccccc2C3=O)C1=O,,no_quinone_ring_found
CC1=C(CCCCCC(=O)NCCC#N)C(=O)c2ccccc2C1=O,0.0024,ok
O=C1c2ccccc2C(=O)c2c(NCCN(CCCl)CCCl)ccc(NCCN(CCCl)CCCl)c21,0.03,ok
CCCCN1C(=O)NC2(CSC3=C2C(=O)c2ccccc2C3=O)C1=O,,no_quinone_ring_found
O=C1C2=C(C(=O)c3ccccc31)C1(CS2)NC(=O)N(CCO)C1=O,0.0057,ok
CN(C)CCNc1ccc(NCCN(CCO)CCO)c2c1C(=O)c1c(O)ccc(O)c1C2=O,0.0165,ok
CN(C)CCNc1ccc(NCCN(C)CCO)c2c1C(=O)c1c(O)ccc(O)c1C2=O,0.052,ok
CN(CCCl)CCCNc1cccc2c1C(=O)c1ccccc1C2=O,0.0241,ok
O=C1C2=C(C(=O)c3ccccc31)C1(CS2)NC(=O)N(CCCO)C1=O,0.0068,ok
CCC(C)N1C(=O)NC2(CSC3=C2C(=O)c2ccccc2C3=O)C1=O,,no_quinone_ring_found
NC1=CC(=O)c2ccc(-c3nc(CO)cc4c3[nH]c3ccccc34)nc2C1=O,0.0155,ok
CN(CCO)CCNc1cccc2c1C(=O)c1ccccc1C2=O,0.0258,ok
O=C1c2ccccc2C(=O)c2c(NCCCN(CCCl)CCCl)cccc21,0.0105,ok
CN(CCCl)CCNc1ccc(NCCN(C)CCCl)c2c1C(=O)c1ccccc1C2=O,0.0153,ok
CCN1C(=O)NC2(CSC3=C2C(=O)c2ccccc2C3=O)C1=O,,no_quinone_ring_found
CN(C)CCN1C(=O)NC2(CSC3=C2C(=O)c2ccccc2C3=O)C1=O,,no_quinone_ring_found
CN1C2Cn3c4c(c(COC(N)=O)c3C21)C(=O)C=CC4=O,0.0022,ok
O=C1c2c(O)ccc(O)c2C(=O)c2c(NCCCN(CCO)CCO)ccc(NCCCN(CCO)CCO)c21,0.0408,ok
CCCCCCCCOC(=O)c1cc2c([nH]c3ccccc32)c(-c2ccc3c(n2)C(=O)C(NC(C)=O)=CC3=O)n1,0.0004,ok
CC(=O)NC1=CC(=O)c2ccc(-c3nccc4c3[nH]c3ccccc34)nc2C1=O,0.0658,ok
CC(=O)NC1=CC(=O)c2ccc(-c3nc(CO)cc4c3[nH]c3ccccc34)nc2C1=O,0.0006,ok
NC1=CC(=O)c2ccc(-c3nccc4c3[nH]c3ccccc34)nc2C1=O,0.0155,ok
CC1CN1C1=CC(=O)c2c(c(COC(N)=O)c3n2CCC3)C1=O,0.0023,ok
COCCOc1cc2ncnc(NC3=C(SC)C(=O)C(OC)=C(Cl)C3=O)c2cc1OC,0.0473,ok
CN(CCO)CCCNc1cccc2c1C(=O)c1ccccc1C2=O,0.0195,ok
Cc1c(COC(N)=O)c2c(n1C)C(=O)C=C(N1CC1)C2=O,0.0013,ok
Nc1ccnc2c1C(=O)c1c(-c3ccccc3NC(=O)C(F)(F)F)ccnc1C2=O,0.063,ok
O=C1C(Nc2ccc(F)c(F)c2F)=CC(=O)c2ncccc21,0.0161,ok
COC12C(COC(N)=O)C3=C(C(=O)C(CSc4nnnn4-c4ccccc4)=C(N)C3=O)N1CC1NC12,0.0274,ok
O=C1C(Cl)=C(NCCN2CCOCC2)C(=O)c2cnccc21,0.0163,ok
COc1cccc(Oc2c(O)c3c(c(O)c2Cl)C(=O)C=CC3=O)c1,0.005,ok
COc1cc(C)cc2c1C(=O)C=C(c1c(C)cc3c(OC)ccc(OC)c3c1OC)C2=O,0.0247,ok
Cc1ccccc1OCC(=O)Nc1ccc2c(c1)C(=O)c1ccccc1C2=O,0.0001,ok
COc1cccc(C(=O)Nc2ccc3c(c2)C(=O)c2ccccc2C3=O)c1,0.002,ok
CN(C)CCNc1ccc(NCCN2C(CCl)CCCC2CCl)c2c1C(=O)c1c(O)ccc(O)c1C2=O,0.05,ok
O=C1C=C(c2ccco2)C(=O)c2ccccc21,0.0,ok
CCCC(=O)NC1=CC(=O)c2ccc(-c3nc(C(=O)OCCC(C)C)cc4c3[nH]c3ccccc34)nc2C1=O,0.0003,ok
CC(C)C1=C(N2CC2)C(=O)C(C(C)C)=C(N2CC2)C1=O,0.1306,ok
CC(=O)NC1=CC(=O)c2ccc(-c3nc(C(=O)OCCN(C)C)c(C)c4c3[nH]c3ccccc34)nc2C1=O,0.0006,ok
COC12C(COC(N)=O)C3=C(C(=O)C(C)=C(N=CN(C)C)C3=O)N1CC1NC12,0.0306,ok
CCCCCCCCCCCCCCCC1=C(OC)C(=O)C=C(OC)C1=O,0.0051,ok
CN(C)CCNc1ccc(Cl)c2c1C(=O)c1c(O)ccc(Cl)c1C2=O,0.1279,ok
CN(C)CCNc1ccc(Cl)c2c1C(=O)c1c(Cl)ccc(NCCN(C)C)c1C2=O,0.1412,ok
O=C1c2c(O)ccc(O)c2C(=O)c2c(NCCNCCO)ccc(Cl)c21,0.1076,ok
O=C1c2c(O)ccc(NCCNCCO)c2C(=O)c2c(Cl)ccc(Cl)c21,0.1165,ok
CN(C)CCCNc1ccc(Cl)c2c1C(=O)c1c(O)ccc(O)c1C2=O,0.0565,ok
CC1=C(C)C(=O)C(C(CCCCO)c2cccnc2)=C(C)C1=O,0.0097,ok
CC1=C(C)C(=O)C(C(=CCCCCC(=O)O)c2cccnc2)=C(C)C1=O,0.0272,ok
CN(C)CCNc1ccc(NCCN(C)C)c2c1C(=O)c1c(Cl)ccc(Cl)c1C2=O,0.1474,ok
CC(=O)OCCCCC(C1=C(C)C(=O)C(C)=C(C)C1=O)c1cccnc1,0.0404,ok
CC1=C(C)C(=O)C(C(CCCCC(=O)O)c2cccnc2)=C(C)C1=O,0.0373,ok
CC1=C(C)C(=O)C(C(CCCCCO)c2cccnc2)=C(C)C1=O,0.0258,ok
CCC(C1=C(C)C(=O)C(C)=C(C)C1=O)c1cccnc1,0.031,ok
CC(=O)OCCCCCC(C1=C(C)C(=O)C(C)=C(C)C1=O)c1cccnc1,0.0167,ok
COc1cc(CN(CCCl)CCCl)cc2c1C(=O)c1c(O)cccc1C2=O,0.0242,ok
O=C1c2cccc(O)c2C(=O)c2c(O)cc(CNCCCO)cc21,0.0048,ok
COc1cc(O)c2c(c1)C(=O)c1cc(CN(CCCl)CCCl)cc(OC)c1C2=O,0.0156,ok
Cc1ccc(S(=O)(=O)Oc2cccc3c2C(=O)C=C(N2CC2)C3=O)cc1,0.0298,ok
CC1=CC(=O)c2[nH]c3ccc(Cl)cc3c2C1=O,0.0,ok
CCN(CC)CCNc1ncnc2c1C(=O)C(OC)=CC2=O,0.0497,ok
CC1=C(N=CN(C)C)C(=O)c2c(COC(N)=O)c3n(c2C1=O)CC(N)C3O,0.0061,ok
O=C1C(N2CC2)=CC(=O)c2c(OS(=O)(=O)c3ccccc3)cccc21,0.0171,ok
COc1ccc(S(=O)(=O)Oc2cccc3c2C(=O)C=C(N2CC2)C3=O)cc1,0.0243,ok
O=C1C(N2CC2)=CC(=O)c2c(OS(=O)(=O)c3ccc(F)cc3)cccc21,0.0266,ok
O=C1C(N2CC2)=CC(=O)c2c(OS(=O)(=O)C=Cc3ccccc3)cccc21,0.0295,ok
O=C1C(N2CC2)=CC(=O)c2c(OS(=O)(=O)c3cccc4ccccc34)cccc21,0.0284,ok
CC(C)c1cc(C(C)C)c(S(=O)(=O)Oc2cccc3c2C(=O)C=C(N2CC2)C3=O)c(C(C)C)c1,0.0351,ok
CN(C)c1cccc2c(S(=O)(=O)Oc3cccc4c3C(=O)C=C(N3CC3)C4=O)cccc12,0.0236,ok
O=C1C(N2CC2)=CC(=O)c2c(OS(=O)(=O)c3cccs3)cccc21,0.0225,ok
O=C(Oc1cccc2c1C(=O)C=C(N1CC1)C2=O)c1ccccc1,0.0296,ok
Cc1ccc(C(=O)Oc2cccc3c2C(=O)C=C(N2CC2)C3=O)cc1,0.0249,ok
O=C(Oc1cccc2c1C(=O)C=C(N1CC1)C2=O)c1ccc(F)cc1,0.0277,ok
O=C(Oc1cccc2c1C(=O)C=C(N1CC1)C2=O)c1ccc(Cl)cc1,0.0275,ok
COc1ccc(C(=O)Oc2cccc3c2C(=O)C=C(N2CC2)C3=O)cc1,0.0252,ok
O=C(Oc1cccc2c1C(=O)C=C(N1CC1)C2=O)c1cccs1,0.0183,ok
COc1cc(C(=O)Oc2cccc3c2C(=O)C=C(N2CC2)C3=O)cc(OC)c1OC,0.0284,ok
CC1=C(CCC(=O)O)C(=O)C(C)=C(Cc2cccnc2)C1=O,0.0292,ok
CC(=O)c1c2c(n3ccccc13)C(=O)c1ncccc1C2=O,0.0077,ok
CC1=C(C=CC(=O)O)C(=O)C(C)=C(Cc2cccnc2)C1=O,0.0294,ok
O=C1c2ccccc2C(=O)c2c1nnn2-c1ccc([N+](=O)[O-])cc1,0.0245,ok
CCOC(=O)c1noc2c1C(=O)c1ccccc1C2=O,0.0066,ok
O=C1C(Nc2ccc(F)c(F)c2)=CC(=O)c2ncccc21,0.0114,ok
O=C1C(Nc2cc(F)cc(F)c2)=CC(=O)c2ncccc21,0.0121,ok
COC(=O)c1nc(-c2ccc3c(n2)C(=O)C(NC(=O)CCl)=CC3=O)c2[nH]c3ccccc3c2c1C,0.0638,ok
CCCC(=O)NC1=CC(=O)c2ccc(-c3nc(C(=O)OC)c(C)c4c3[nH]c3ccccc34)nc2C1=O,0.0668,ok
O=C1C(Nc2ccc(F)cc2F)=CC(=O)c2ncccc21,0.0295,ok
O=C1C(Nc2ccc(Br)cc2)=CC(=O)c2ncccc21,0.012,ok
O=C1C(Nc2ccc(C(F)(F)F)cc2)=CC(=O)c2ncccc21,0.0281,ok
O=C1C(Nc2ccc(OC(F)(F)F)cc2)=CC(=O)c2ncccc21,0.012,ok
O=C1C=C(Nc2cccc(F)c2)C(=O)c2cnccc21,0.0118,ok
O=C1C=C(Nc2ccc(F)c(F)c2)C(=O)c2cnccc21,0.0116,ok
O=C1C=C(Nc2ccc(F)cc2F)C(=O)c2cnccc21,0.0141,ok
O=C1C=C(Nc2ccc(Cl)cc2)C(=O)c2cnccc21,0.0111,ok
COC1=C(N)C(=O)c2c(ccnc2-c2ccccc2)C1=O,0.0743,ok
CC1=C(C)C(=O)C(C(CCCCCC(=O)O)c2cccs2)=C(C)C1=O,0.0312,ok
O=C1C(c2ccccc2)=C(N2CC2)C(=O)C(c2ccccc2)=C1N1CC1,0.1159,ok
COC1=C(N)C(=O)c2c(ccnc2-c2ccccn2)C1=O,0.0687,ok
COC1=C(N)C(=O)c2c(ccnc2-c2cccc([N+](=O)[O-])c2)C1=O,0.0638,ok
COC1=C(N)C(=O)c2c(ccnc2-c2ccccc2[N+](=O)[O-])C1=O,0.0478,ok
COC1=C(N)C(=O)c2c(ccnc2Cc2ccccc2)C1=O,0.0099,ok
COC1=C(N)C(=O)c2c(ccnc2-c2ccc(N)cc2)C1=O,0.0752,ok
COC1=C(N)C(=O)c2c(ccnc2-c2cccc(N)c2)C1=O,0.0741,ok
COC1=C(N)C(=O)c2c(ccnc2-c2ccccc2N)C1=O,0.0627,ok
CNC1=C(Br)C(=O)c2c(ccnc2-c2ccccc2[N+](=O)[O-])C1=O,0.0509,ok
CNC1=C(Br)C(=O)c2c(ccnc2Cc2ccccc2)C1=O,0.1095,ok
CNC1=C(N(C(C)=O)c2ccc(Br)cc2)C(=O)c2ccccc2C1=O,0.0843,ok
CC(C)Nc1nnc(SCC(=O)Nc2ccc3c(c2)C(=O)c2ccccc2C3=O)s1,0.0034,ok
CCCCOC(=O)Oc1cc(C)cc2c1C(=O)c1c(OC(=O)OCCCC)cc(OCCC)cc1C2=O,0.0081,ok
CCCCOc1ccc(N(C(C)=O)C2=C(N3CCOCC3)C(=O)c3ccccc3C2=O)cc1,0.0581,ok
CCCCOc1ccc(NC2=C(N3CCCCC3)C(=O)c3ccccc3C2=O)cc1,0.0605,ok
CC1CC(C)CN(c2cc(NCCCC(=O)O)c3c4c(onc24)-c2ccccc2C3=O)C1,0.0046,ok
CC(=O)N(C)c1ccc(N2CCOCC2)c2c1C(=O)c1ccccc1C2=O,0.1186,ok
CNCCNc1c2c(c(NCCNC)c3[nH]ccc13)C(=O)c1ccccc1C2=O,0.0515,ok
COc1ccc2nc3c(nc2c1)C(=O)c1ccncc1C3=O,0.0,ok
O=C1c2cnncc2C(=O)c2nc3cc(OC(F)(F)F)ccc3nc21,0.0,ok
COCCNc1cc(N2CCN(C3CCCCC3)CC2)c2noc3c2c1C(=O)c1ccccc1-3,0.0057,ok
Cc1cccc2nc3c(nc12)C(=O)c1cnncc1C3=O,0.0,ok
CN(C)CCCNc1cc(N2CCN(C3CCCCC3)CC2)c2noc3c2c1C(=O)c1ccccc1-3,0.0063,ok
CCOc1cccc2nc3c(nc12)C(=O)c1cnncc1C3=O,0.0001,ok
COc1cc(OC)c2nc3c(nc2c1)C(=O)c1cnncc1C3=O,0.0,ok
O=C1c2cnncc2C(=O)c2nc3cc(C(F)(F)F)ccc3nc21,0.0,ok
CN(C)c1ccc2nc3c(nc2c1)C(=O)c1cnncc1C3=O,0.001,ok
COc1cccc2nc3c(nc12)C(=O)c1cnncc1C3=O,0.0,ok
CCc1cccc2nc3c(nc12)C(=O)c1cnncc1C3=O,0.0001,ok
Cc1ccc2nc3c(nc2c1C)C(=O)c1cnncc1C3=O,0.0001,ok
O=C1c2ccccc2C(=O)c2c(NCCCN(CCO)CCO)cccc21,0.0224,ok
CCN(CCN(C)C)C(=O)c1ccc2c(c1NCCO)C(=O)c1ccccc1C2=O,0.0086,ok
CCOc1cc(C)cc2c1C(=O)C=C(c1c(C)cc3c(c1OCC)C(=O)C=CC3=O)C2=O,0.0298,ok
NCCCCC1NC(=O)C2(CSC3=C2C(=O)c2ccccc2C3=O)NC1=O,0.2179,ok
O=C1CNC(=O)C2(CSC3=C2C(=O)c2ccccc2C3=O)N1,0.2014,ok
NC(=O)CC1NC(=O)C2(CSC3=C2C(=O)c2ccccc2C3=O)NC1=O,0.2138,ok
O=C1C2=C(C(=O)c3ccccc31)C1(CS2)NC(=O)C2CCCN2C1=O,0.0195,ok
CC(C)CC1NC(=O)C2(CSC3=C2C(=O)c2ccccc2C3=O)NC1=O,0.2019,ok
O=C1C2=C(C(=O)c3ccccc31)C1(CS2)NC(=O)C(Cc2ccccc2)NC1=O,0.0135,ok
O=C1C2=C(C(=O)c3ccccc31)C1(CS2)NC(=O)C(CS)NC1=O,0.025,ok
O=C1C2=C(C(=O)c3ccccc31)C1(CS2)NC(=O)C(Cc2ccc(O)cc2)NC1=O,0.0166,ok
CSCCC1NC(=O)C2(CSC3=C2C(=O)c2ccccc2C3=O)NC1=O,0.1813,ok
O=C(O)CC1NC(=O)C2(CSC3=C2C(=O)c2ccccc2C3=O)NC1=O,0.2076,ok
CC1NC(=O)C2(CSC3=C2C(=O)c2ccccc2C3=O)NC1=O,0.2117,ok
O=C1C2=C(C(=O)c3ccccc31)C1(CS2)NC(=O)C(CO)NC1=O,0.0167,ok
Cc1oc2c(c1C(=O)NC1CCS(=O)(=O)C1)C(=O)c1ccccc1C2=O,0.0021,ok
CN(C)CCNC(=O)c1cc2c(s1)C(=O)c1sccc1C2=O,0.0006,ok
CCCNC1=C(C)C(=O)C2=C(C1=O)C(COC(N)=O)C1(OC)C3NC3CN21,0.011,ok
O=c1ccc(=O)c2c1c1[nH]c3ccccc3c1c1c(=O)[nH]c(=O)c21,0.0525,ok
Cc1ccc2[nH]c3c4c(=O)ccc(=O)c4c4c(=O)[nH]c(=O)c4c3c2c1,0.0526,ok
O=c1ccc(=O)c2c1c1[nH]c3ccc(O)cc3c1c1c(=O)[nH]c(=O)c21,0.0522,ok
COC1=CC(=O)c2c(c(COc3cccc([N+](=O)[O-])c3)c(C)n2C)C1=O,0.0095,ok
COC1=CC(=O)c2c(c(COc3ccccc3[N+](=O)[O-])c(C)n2C)C1=O,0.0172,ok
COC1=CC(=O)c2c(COc3ccccc3)c(C)n(C)c2C1=O,0.0053,ok
COC1=CC(=O)c2c(COc3ccc(N)cc3)c(C)n(C)c2C1=O,0.0069,ok
CCC(=O)C1(O)Cc2c(O)c3c(c(O)c2C(OC2CC(N)C(O)C(C)O2)C1)C(=O)c1c(OC)cccc1C3=O,0.0019,ok
COC1=CC(=O)c2c(COc3cccc([N+](=O)[O-])c3)c(C)n(C)c2C1=O,0.0061,ok
COC1=CC(=O)c2c(COc3ccccc3[N+](=O)[O-])c(C)n(C)c2C1=O,0.0043,ok
COC1=CC(=O)c2c(COc3ccc([N+](=O)[O-])cc3F)c(C)n(C)c2C1=O,0.0131,ok
COC1=CC(=O)c2c(COc3ccc(C#N)cc3)c(C)n(C)c2C1=O,0.0106,ok
COC1=CC(=O)c2c(COc3ccc(C(F)(F)F)cc3)c(C)n(C)c2C1=O,0.0047,ok
COC1=CC(=O)c2c(COc3ccc(F)cc3)c(C)n(C)c2C1=O,0.0064,ok
COC1=CC(=O)c2c(COc3ccc(F)cc3F)c(C)n(C)c2C1=O,0.0059,ok
COC1=CC(=O)c2c(COc3c(F)cc(F)cc3F)c(C)n(C)c2C1=O,0.0042,ok
COC1=CC(=O)c2c(c(COc3c(F)cc(F)cc3F)c(C)n2C)C1=O,0.0044,ok
COC1=CC(=O)c2c(c(COc3cccnc3)c(C)n2C)C1=O,0.0052,ok
CC(=O)N(C1=C(Cl)C(=O)c2ccccc2C1=O)c1ccc(C(=O)O)cc1,0.0041,ok
COc1ccc(-c2cn(Cc3ccc4c(c3)C(=O)c3ccccc3C4=O)nn2)cc1,0.0013,ok
CC(=O)Oc1c(C)cc(Cl)c2c1C(=O)C=CC2=O,0.0297,ok
CC(=O)Oc1cc(C)cc2c1C(=O)C=CC2=O,0.0145,ok
O=C1C(Cl)=C(Nc2ccc(CCO)cc2)C(=O)c2cnccc21,0.0345,ok
CC1=C(CCCCCC(=O)NCCNc2ccnc3cc(Cl)ccc23)C(=O)c2ccccc2C1=O,0.0073,ok
CC1=C(CCCCCC(=O)N(CCNc2ccnc3cc(Cl)ccc23)C(C)C)C(=O)c2ccccc2C1=O,0.0031,ok
Cc1ccc2c(n1)C(=O)C=C(N1CC1)C2=O,0.0091,ok
COc1cc2c(nc1-c1ccccc1)C(=O)C(N1CC1)=CC2=O,0.0094,ok
O=C1C(N2CC2)=CC(=O)c2nc(-c3ccccc3)ccc21,0.0093,ok
COc1cc2c(nc1C)C(=O)C(N1CC1)=CC2=O,0.0,ok
O=C1C=C(N2CC2)C(=O)c2nc(-c3ccccc3)ccc21,0.0051,ok
COc1cc(-c2ccc3c(n2)C(=O)C=C(N2CC2)C3=O)cc(OC)c1OC,0.005,ok
CCN1CC(=O)NC2(CSC3=C2C(=O)c2ccccc2C3=O)C1=O,0.1713,ok
O=C1CN(CCN2CCCC2)C(=O)C2(CSC3=C2C(=O)c2ccccc2C3=O)N1,0.17,ok
O=C1CN(CCCO)C(=O)C2(CSC3=C2C(=O)c2ccccc2C3=O)N1,0.201,ok
O=C1CN(CCCS)C(=O)C2(CSC3=C2C(=O)c2ccccc2C3=O)N1,0.2033,ok
CN(C)CCN1CC(=O)NC2(CSC3=C2C(=O)c2ccccc2C3=O)C1=O,0.2151,ok
CCN(CC)CCN1CC(=O)NC2(CSC3=C2C(=O)c2ccccc2C3=O)C1=O,0.2054,ok
CN1CC(=O)NC2(CSC3=C2C(=O)c2ccccc2C3=O)C1=O,0.1775,ok
O=C1CN(CCN2CCCCC2)C(=O)C2(CSC3=C2C(=O)c2ccccc2C3=O)N1,0.2085,ok
O=C1CN(CCO)C(=O)C2(CSC3=C2C(=O)c2ccccc2C3=O)N1,0.2094,ok
O=C1CN(CCS)C(=O)C2(CSC3=C2C(=O)c2ccccc2C3=O)N1,0.2078,ok
NCCN1CC(=O)NC2(CSC3=C2C(=O)c2ccccc2C3=O)C1=O,0.2107,ok
NCCCN1CC(=O)NC2(CSC3=C2C(=O)c2ccccc2C3=O)C1=O,0.21,ok
CN(C)CCCN1CC(=O)NC2(CSC3=C2C(=O)c2ccccc2C3=O)C1=O,0.1959,ok
CC(C)Cn1nc2c(n1)C(=O)c1cnncc1C2=O,0.0,ok
O=C1CN(CCN2CCOCC2)C(=O)C2(CSC3=C2C(=O)c2ccccc2C3=O)N1,0.1759,ok
NC1=CC(=O)c2ccc(-c3nc(C(=O)OCCO)cc4c3[nH]c3ccccc34)nc2C1=O,0.0158,ok
CCn1cc(C(=O)O)c(=O)c2c1C(=O)C=C(Nc1ccc(F)c(Cl)c1)C2=O,0.0454,ok
CCOC(=O)CNC1=CC(=O)c2cc(C)c(C3=CC(=O)c4c(OC)cc(C)cc4C3=O)c(OC)c2C1=O,0.0196,ok
COc1cc(C)cc2c1C(=O)C=C(c1c(C)cc3c(c1OC)C(=O)C(NCc1ccccc1)=CC3=O)C2=O,0.0259,ok
O=C1C=CC(=O)c2c1ncn2CC1CN1C(c1ccccc1)(c1ccccc1)c1ccccc1,0.0006,ok
CC1CCC2C(C1)C1=C(OC2(C)C)C(=O)C2=C(OC(C)(C)C3CCC(C)CC23)C1=O,0.0829,ok
O=C1C2=C(C(=O)c3ncccc31)C1(CS2)NC(=O)N(c2ccc(N3CCOCC3)cc2)C1=O,0.0062,ok
CC(C)(C)c1ccc(N2C(=O)NC3(CSC4=C3C(=O)c3ncccc3C4=O)C2=O)cc1,,no_quinone_ring_found
Cc1ccc(N2NC(=O)NC3(CSC4=C3C(=O)c3ncccc3C4=O)C2=O)cc1,0.1554,ok
COc1ccc(N2NC(=O)NC3(CSC4=C3C(=O)c3ncccc3C4=O)C2=O)cc1,0.1878,ok
CCCCCc1ccc(N2C(=O)NC3(CSC4=C3C(=O)c3ncccc3C4=O)C2=O)cc1,,no_quinone_ring_found
O=C1C2=C(C(=O)c3ncccc31)C1(CS2)NC(=O)N(c2ccc(Cl)cc2)C1=O,0.0054,ok
CCCCc1ccc(N2C(=O)NC3(CSC4=C3C(=O)c3ncccc3C4=O)C2=O)cc1,,no_quinone_ring_found
O=C1NN(c2ccccc2)C(=O)C2(CSC3=C2C(=O)c2ncccc2C3=O)N1,0.1854,ok
O=C1NN(c2ccc(Cl)cc2)C(=O)C2(CSC3=C2C(=O)c2ncccc2C3=O)N1,0.1547,ok
O=C1NN(c2ccc([N+](=O)[O-])cc2)C(=O)C2(CSC3=C2C(=O)c2ncccc2C3=O)N1,0.1859,ok
CC(NS(=O)(=O)c1ccc(Cl)cc1)C1=CC(=O)c2c(O)ccc(O)c2C1=O,0.0106,ok
O=C1C2=C(C(=O)c3ccccc31)C1OCc3cc4c(cc3C1CO2)OCO4,0.0284,ok
COc1cc2c(cc1O)COC1C3=C(OCC21)C(=O)c1ccccc1C3=O,0.0304,ok
COc1cc2c(cc1O)C1COC3=C(C(=O)c4ccccc4C3=O)C1OC2,0.0492,ok
CN(C)CCNC(=O)c1c2c(n3ccccc13)C(=O)c1ncccc1C2=O,0.0333,ok
CN(C)CCNC(=O)c1c2c(n3ccccc13)C(=O)c1cccnc1C2=O,0.0241,ok
CCCNC1=C(N(C(C)=O)c2ccc(C)cc2)C(=O)c2ccccc2C1=O,0.0097,ok
NC(N)=NCCNc1c2c(c(NCCN=C(N)N)c3sccc13)C(=O)c1ccccc1C2=O,0.0424,ok
CNCCNc1c2c(c(NCCNC)c3sccc13)C(=O)c1ccccc1C2=O,0.0209,ok
O=C1C(Nc2ccccc2)=CC(=O)c2c1cnc1c2C(=O)CCC1,0.0877,ok
CCN(CCCNC1=CC(=O)C(NCCCNC(=O)CCCCC2CCSS2)=CC1=O)Cc1ccccc1OC,0.0112,ok
O=C1c2ccc(CBr)cc2C(=O)c2nccnc21,0.0048,ok
O=C1c2ccc(CN(CCO)CCO)cc2C(=O)c2nccnc21,0.0064,ok
O=C1c2ccc(CN3CCCC3)cc2C(=O)c2nccnc21,0.0012,ok
CN(C)Cc1ccc2c(c1)C(=O)c1nccnc1C2=O,0.0013,ok
CNC(=O)OCc1ccc2c(c1)C(=O)c1ccccc1C2=O,0.0005,ok
CN(C)CCCNC(=O)C1=CC2=C(CO1)C(=O)c1ccccc1C2=O,0.0003,ok
COC1OC(C(=O)NCCCCN(C)C)=CC2=C1C(=O)c1ccccc1C2=O,0.0209,ok
COC12C(COC(N)=O)C3=C(C(=O)C(C)=C(NCCc4ccccn4)C3=O)N1CC1NC12,0.0103,ok
COC1OC(C(=O)NCCCO)=CC2=C1C(=O)c1ccccc1C2=O,0.0124,ok
COC12C(COC(N)=O)C3=C(C(=O)C(C)=C(Nc4ccc(O)cc4)C3=O)N1CC1NC12,0.0093,ok
CCCCCCc1ccc2c(c1OC(=O)OCCCC)C(=O)c1c(OC(=O)OCCCC)cccc1C2=O,0.035,ok
CCC1(O)CC(O)c2c(O)c3c(c(O)c2C1OC1CC(N)C(O)C(C)O1)C(=O)c1cccc(O)c1C3=O,0.0038,ok
COCCOCCOC1=C(C)C(=O)C2=C(C1=O)C(COC(N)=O)C1(OC)C3NC3CN21,0.0238,ok
COC12C(COC(N)=O)C3=C(C(=O)C(C)=C(OCCOCCO)C3=O)N1CC1NC12,0.0154,ok
COC12C(COC(N)=O)C3=C(C(=O)C(C)=C(OCCSSCCO)C3=O)N1CC1NC12,0.0177,ok
COC12C(COC(N)=O)C3=C(C(=O)C(C)=C(NCCc4ccco4)C3=O)N1CC1NC12,0.0441,ok
CC1=C(N2CC2)C(=O)C(C(C)C)=C(N2CC2)C1=O,0.1427,ok
COCC1=C(OC)C(=O)C2=C(C1=O)N1CC3NC3C1(OC)C2COC(N)=O,0.038,ok
CCCC1=C(N2CC2)C(=O)C(CCC)=C(N2CC2)C1=O,0.1774,ok
CCC1=C(N2CC2)C(=O)C(CC)=C(N2CC2)C1=O,0.1695,ok
C#CCNC1=C(C)C(=O)C2=C(C1=O)C(COC(N)=O)C1(OC)C3NC3CN21,0.0106,ok
COC12C(COC(N)=O)C3=C(C(=O)C(C)=C(NCCCO)C3=O)N1CC1NC12,0.0064,ok
COC12C(COC(N)=O)C3=C(C(=O)C(C)=C(Nc4ccc(N)cc4)C3=O)N1CC1NC12,0.0263,ok
COC12C(COC(N)=O)C3=C(C(=O)C(C)=C(Nc4ccc(F)cc4)C3=O)N1CC1NC12,0.0314,ok
COC12C(COC(N)=O)C3=C(C(=O)C(C)=C(NC4CCCO4)C3=O)N1CC1NC12,0.0171,ok
COC12C(COC(N)=O)C3=C(C(=O)C(C)=C(Nc4ccc(Br)cc4)C3=O)N1CC1NC12,0.0195,ok
O=C1C(N2CC2)=CC(=O)c2c1c(CO)c1n2CC2CC12,0.0106,ok
COC12C(COC(N)=O)C3=C(C(=O)C(C)=C(Nc4ccc(O)c([N+](=O)[O-])c4)C3=O)N1CC1NC12,0.0254,ok
CCOC(=O)C=CC1=C(C)C(=O)C(Cc2cccnc2)=C(C)C1=O,0.0155,ok
O=C1C(N2CC2)=CC(=O)c2nc(-c3ccccn3)ccc21,0.0089,ok
CC(C)=CCCC(C)=CCCC(C)=CCc1c(Cl)cc(Cl)c2c(C3=C(O)C(=O)C=C(O)C3=O)c[nH]c12,0.0063,ok
CC(=Cc1cccc(C(C2=C(C)C(=O)C(C)=C(C)C2=O)c2cccnc2)c1)C(=O)O,0.0195,ok
O=C1C(Nc2ccccc2)=C(Cl)C(=O)c2ncncc21,0.0185,ok
Cc1ccccc1NC1=C(Cl)C(=O)c2ncncc2C1=O,0.0307,ok
O=C1C(Nc2ccc3c(c2)OCO3)=C(Cl)C(=O)c2ncncc21,0.035,ok
O=C1C(Nc2ccccc2Br)=C(Cl)C(=O)c2ncncc21,0.0203,ok
Cc1ccc(NC2=C(Cl)C(=O)c3ncncc3C2=O)cc1C,0.0184,ok
Cc1cccc(NC2=C(Cl)C(=O)c3ncncc3C2=O)c1,0.0182,ok
O=C1C(Nc2cccc(Cl)c2)=C(Cl)C(=O)c2ncncc21,0.0162,ok
CCCN(CCC)CCC(=O)Nc1ccc2c(c1)C(=O)c1ccc(NC(=O)CCN(CCC)CCC)cc1C2=O,0.0012,ok
CCOc1ccccc1NC1=C(Cl)C(=O)c2ncncc2C1=O,0.0258,ok
O=C1C(Nc2ccc(Br)cc2)=C(Cl)C(=O)c2ncncc21,0.0172,ok
CCc1ccc(NC2=C(Cl)C(=O)c3ncncc3C2=O)cc1,0.0187,ok
Cc1ccc(NC2=C(Cl)C(=O)c3ncncc3C2=O)cc1,0.019,ok
Cc1nc2c([nH]1)C(=O)C(Cl)=C(Nc1ccc(Cl)cc1Cl)C2=O,0.007,ok
Cc1nc2c([nH]1)C(=O)C(Cl)=C(Nc1ccc(F)cc1)C2=O,0.0125,ok
Cc1nc2c([nH]1)C(=O)C(Cl)=C(Nc1ccc(Cl)cc1)C2=O,0.0124,ok
CC1=C(C)C(=O)C(N2CC2)=CC1=O,0.0102,ok
Cc1ccc(NC2=C(Br)C(=O)c3[nH]cnc3C2=O)cc1,0.013,ok
O=C1C(Nc2ccc(F)cc2)=C(Br)C(=O)c2[nH]cnc21,0.0126,ok
O=C1C(F)=C(N2CC2)C(=O)C(N2CC2)=C1F,0.0092,ok
COc1cccc(OC2=C(Cl)C(=O)c3c(OC)ccc(OC)c3C2=O)c1,0.1273,ok
NCCNCCOCCOc1cccc2c1C(=O)c1ccccc1C2=O,0.0296,ok
CC1CCN(C(=O)C(Cc2cccc(C(=N)N)c2)NS(=O)(=O)c2ccc3c(c2)C(=O)c2ccccc2C3=O)CC1,0.0097,ok
COc1cccc2c1C(=O)c1c(O)c3c(c(O)c1C2=O)C=C(C(C)=O)CC3OC1CC(N)CC(C)O1,0.0004,ok
COc1cccc2c1C(=O)c1c(O)c3c(c(O)c1C2=O)CC(C(C)=O)CC3OC1CC(N)CC(C)O1,0.0149,ok
CC(=O)Oc1nc2c(n1C)C(=O)C(C)=C(N1CC1)C2=O,0.0042,ok
Cc1c(CO)c2c(n1C)C(=O)C=C(CN1CC1)C2=O,0.0071,ok
CC1=C(N2CC2)C(=O)c2ncn(C)c2C1=O,0.0224,ok
CSC1=NC(=O)N(Cc2ccc(Cl)cc2)CCN1Cc1ccc(Cl)cc1,,no_quinone_ring_found
CN(O)C(=O)C=Cc1ccc2c(c1)C(=O)c1ccccc1C2=O,0.0028,ok
COn1c2c(c3ccccc31)C(=O)c1cnccc1C2=O,0.0079,ok
COn1c2c(c3ccccc31)C(=O)c1cnc3ccccc3c1C2=O,0.022,ok
O=C1C2=C(C(=O)c3ccccc31)C1(CS2)NC(=O)C(Cn2ccnc2)NC1=O,0.018,ok
CCCCOC(=O)c1cc2c([nH]c3ccccc32)c(-c2ccc3c(n2)C(=O)C(NC(=O)CCl)=CC3=O)n1,0.0642,ok
O=C1c2ccccc2C(=O)c2c(NCCN3CCCC3CCl)ccc(NCCN3CCCC3CCl)c21,0.0152,ok
CCCC(=O)NC1=CC(=O)c2ccc(-c3nc(C(=O)OC)cc4c3[nH]c3ccccc34)nc2C1=O,0.067,ok
CC(C)C(=O)NC1=CC(=O)c2ccc(C=O)nc2C1=O,0.0737,ok
CC(=O)NC1=CC(=O)c2cc(C)cnc2C1=O,0.0718,ok
COC(=O)c1cc2c([nH]c3ccccc32)c(-c2ccc3c(n2)C(=O)C(NC(=O)C(C)C)=CC3=O)n1,0.0004,ok
CCCCOC(=O)c1cc2c([nH]c3ccccc32)c(-c2ccc3c(n2)C(=O)C(NC(=O)C(C)C)=CC3=O)n1,0.0666,ok
CCOC(=O)c1cc2c([nH]c3ccccc32)c(-c2ccc3c(n2)C(=O)C(NC(C)=O)=CC3=O)n1,0.0662,ok
CC(=O)NC1=CC(=O)c2ccc(-c3nc(C(=O)OC4CCCCC4)cc4c3[nH]c3ccccc34)nc2C1=O,0.0004,ok
CC(C)c1ccc(NC2=C(Cl)C(=O)c3ccncc3C2=O)cc1,0.0171,ok
CCCCOC(=O)c1cc2c([nH]c3ccc(F)cc32)c(-c2ccc3c(n2)C(=O)C(NC(C)=O)=CC3=O)n1,0.0004,ok
CCOC(=O)c1ccc(NC2=C(Cl)C(=O)c3ccncc3C2=O)cc1,0.0314,ok
O=C1C(Cl)=C(Nc2ccc(OC(F)(F)F)cc2)C(=O)c2cnccc21,0.0162,ok
CC(=O)c1cccc(NC2=C(Cl)C(=O)c3ccncc3C2=O)c1,0.0377,ok
O=C1C(Cl)=C(Nc2cccc(O)c2)C(=O)c2cnccc21,0.0139,ok
CC(C)c1ccc2nc3c(nc2c1)C(=O)c1ccncc1C3=O,0.0,ok
O=C1c2cnccc2C(=O)c2nc3cc(CCO)ccc3nc21,0.0028,ok
O=C1c2cnccc2C(=O)c2nc3cc(OC(F)(F)F)ccc3nc21,0.0,ok
CCOC(=O)c1ccc2nc3c(nc2c1)C(=O)c1ccncc1C3=O,0.0,ok
NCCCNCCCCNCCCNC(=O)c1ccc2c(c1)C(=O)c1ccccc1C2=O,0.0061,ok
COc1cc(C)cc2c1C(=O)C=C(c1c(C)cc3c(c1OC)C(=O)C(SCCO)=CC3=O)C2=O,0.0107,ok
CCOc1cc(C)cc2c1C(=O)C=C(c1c(C)cc3c(c1OCC)C(=O)C(NCCO)=CC3=O)C2=O,0.0423,ok
CC(CN(C)C)Oc1ccc2c3c(oc2c1)C(=O)c1ccccc1C3=O,0.0005,ok
CC(CN(C)C)Oc1cc2oc3c(c2cc1Cl)C(=O)c1ccccc1C3=O,0.0007,ok
CC(COc1cc2oc3c(c2cc1Cl)C(=O)c1ccccc1C3=O)N(C)C,0.0005,ok
CCOc1cc2ncnc(NC3=CC(=O)C(OCc4cccc(C)c4)=CC3=O)c2cc1NC(=O)C=CCN(C)C,0.0393,ok
CCN(CC)CCOc1ccc2c3c(oc2c1)C(=O)c1ncccc1C3=O,0.0,ok
CC(COc1ccc2c3c(oc2c1)C(=O)c1ncccc1C3=O)N(C)C,0.0002,ok
CCN(CC)CCOc1cc2oc3c(c2cc1Cl)C(=O)c1cccnc1C3=O,0.0003,ok
CC(C)N(CCOc1cc2oc3c(c2cc1Cl)C(=O)c1cccnc1C3=O)C(C)C,0.0004,ok
Cc1cc(O)c2c(c1F)C(=O)C=CC2=O,0.0011,ok
CC(CN(C)C)Oc1cc2oc3c(c2cc1Cl)C(=O)c1cccnc1C3=O,0.0012,ok
Cc1cc(O)c2c(c1Br)C(=O)C=CC2=O,0.0,ok
CC(COc1cc2oc3c(c2cc1Cl)C(=O)c1cccnc1C3=O)N(C)C,0.0008,ok
CC(=O)Oc1cc(C)c(Cl)c2c1C(=O)C=CC2=O,0.0345,ok
COc1cc(C)c(Cl)c2c1C(=O)C=CC2=O,0.05,ok
COc1c(C)cc(Cl)c2c1C(=O)C=CC2=O,0.0307,ok
CCOc1cc(C)cc2c1C(=O)C=CC2=O,0.0148,ok
CCOc1cc(C)c(Cl)c2c1C(=O)C=CC2=O,0.0497,ok
CCOc1c(C)cc(Cl)c2c1C(=O)C=CC2=O,0.026,ok
CN(C)CCN(C)C(=O)c1cc2c(s1)C(=O)c1sccc1C2=O,0.0016,ok
CN1CCN(C(=O)c2cc3c(s2)C(=O)c2sccc2C3=O)CC1,0.0023,ok
O=C1C=C(Oc2ccc(Cl)cc2Cl)C(=O)c2cc3ccccc3cc21,0.0082,ok
Cc1ccc(OC2=CC(=O)c3cc4ccccc4cc3C2=O)c(C)c1,0.006,ok
O=C1C=C(Oc2ccc(F)cc2Br)C(=O)c2cc3ccccc3cc21,0.0082,ok
Cc1ccc(OC2=CC(=O)c3cc4ccccc4cc3C2=O)cc1Br,0.0211,ok
O=C1C=C(Oc2ccccc2)C(=O)c2cc3ccccc3cc21,0.0064,ok
O=C1C=C(Oc2ccc(Cl)cc2F)C(=O)c2ccccc21,0.0123,ok
O=C1C=C(Oc2ccc(Br)cc2Br)C(=O)c2cc3ccccc3cc21,0.0081,ok
O=C1C=C(Oc2ccc(F)cc2F)C(=O)c2cc3ccccc3cc21,0.0234,ok
O=C1C=C(Oc2ccc(F)cc2Br)C(=O)c2ccccc21,0.0136,ok
Cc1ccc(OC2=CC(=O)c3ccccc3C2=O)cc1Br,0.0069,ok
O=C1C=C(Oc2ccc(Br)cc2Br)C(=O)c2ccccc21,0.0139,ok
O=C1C=C(Oc2ccc(F)cc2F)C(=O)c2ccccc21,0.0124,ok
CC(C)n1nnc2c1C(=O)c1cnncc1C2=O,0.0,ok
CC(C)Cn1nnc2c1C(=O)c1cnncc1C2=O,0.0004,ok
CC(C)n1nc2c(n1)C(=O)c1cnncc1C2=O,0.0,ok
O=C1C(Nc2ccc(C(F)(F)F)cc2)=C(Cl)C(=O)c2[nH]c(-c3ccccn3)nc21,0.0236,ok
O=C1C=C(Nc2ccc(F)c(F)c2F)C(=O)c2ccccc21,0.0158,ok
C=C1CCC2C(C)(C(=O)OC)CCCC2(C)C1CCc1ccc2c(c1)C(=O)C=C(C)C2=O,0.0003,ok
CCCCCCCC(=O)OC1=C(C2CCC(c3ccc(Cl)cc3)CC2)C(=O)c2ccccc2C1=O,0.029,ok
O=C(Cc1ccc(F)cc1)OC1=C(C2CCC(c3ccc(Cl)cc3)CC2)C(=O)c2ccccc2C1=O,0.0251,ok
O=C1C(OCc2ccccc2)=C(C2CCC(c3ccc(Cl)cc3)CC2)C(=O)c2ccccc21,0.0101,ok
O=C(OC1=C(C2CCC(c3ccc(Cl)cc3)CC2)C(=O)c2ccccc2C1=O)c1ccc(F)cc1,0.0273,ok
CCCCCCCCCOC1=C(C2CCC(c3ccc(Cl)cc3)CC2)C(=O)c2ccccc2C1=O,0.0078,ok
O=C(Cc1ccc(Cl)cc1)OC1=C(C2CCC(c3ccc(Cl)cc3)CC2)C(=O)c2ccccc2C1=O,0.025,ok
CCCCCCOC1=C(C2CCC(c3ccc(Cl)cc3)CC2)C(=O)c2ccccc2C1=O,0.0098,ok
NCCNCCNCCNc1ccc(NCCNCCO)c2c1C(=O)c1c(O)ccc(O)c1C2=O,0.0186,ok
CCOC(=O)c1c2c(n3cccc(F)c13)C(=O)c1ncccc1C2=O,0.0148,ok
Cc1ccc2c(O)c3c(cc2c1)C(=O)c1c2c(cc(O)c1C3=O)C1(C)OC(O2)C(O)C(N(C)C)C1O,0.0377,ok
NCCNCCNCCNc1ccc(NCCNCCNCCN)c2c1C(=O)c1c(O)ccc(O)c1C2=O,0.0169,ok
CCOC(=O)c1c2c(n3cccc(Br)c13)C(=O)c1ncccc1C2=O,0.0042,ok
CCOC(=O)c1c2c(n3cccc(C)c13)C(=O)c1ncccc1C2=O,0.0134,ok
CC(=O)c1c2c(n3cccc(Cl)c13)C(=O)c1ncccc1C2=O,0.0078,ok
CC(=O)c1c2c(n3cccc(Br)c13)C(=O)c1ncccc1C2=O,0.0088,ok
CC(=O)c1c2c(n3cccc(F)c13)C(=O)c1ncccc1C2=O,0.0038,ok
CC(=O)c1c2c(n3cccc(Br)c13)C(=O)c1cccnc1C2=O,0.0053,ok
Cc1ccccc1S(=O)(=O)NC(C1=CC(=O)c2c(O)ccc(O)c2C1=O)C(C)C,0.029,ok
CC(C)C(NS(=O)(=O)c1cccc(Br)c1)C1=CC(=O)c2c(O)ccc(O)c2C1=O,0.0135,ok
COc1ccc(S(=O)(=O)NC(C2=CC(=O)c3c(O)ccc(O)c3C2=O)C(C)C)c(OC)c1,0.0683,ok
CC(C)C(NS(=O)(=O)c1ccccc1Br)C1=CC(=O)c2c(O)ccc(O)c2C1=O,0.0124,ok
Cc1ccc(S(=O)(=O)NC(C)C2=CC(=O)c3c(O)ccc(O)c3C2=O)cc1,0.0327,ok
CC(=O)c1ccc(S(=O)(=O)NC(C2=CC(=O)c3c(O)ccc(O)c3C2=O)C(C)C)cc1,0.0517,ok
Cc1ccccc1S(=O)(=O)NC(C)C1=CC(=O)c2c(O)ccc(O)c2C1=O,0.0061,ok
COc1ccc(S(=O)(=O)NC(C)C2=CC(=O)c3c(O)ccc(O)c3C2=O)cc1,0.0335,ok
CC(NS(=O)(=O)c1ccc(F)cc1)C1=CC(=O)c2c(O)ccc(O)c2C1=O,0.0444,ok
COc1ccc(S(=O)(=O)NC(C)C2=CC(=O)c3c(O)ccc(O)c3C2=O)c(OC)c1,0.0592,ok
CC(NS(=O)(=O)c1ccc(Br)cc1)C1=CC(=O)c2c(O)ccc(O)c2C1=O,0.025,ok
CC(NS(=O)(=O)c1cccc(Br)c1)C1=CC(=O)c2c(O)ccc(O)c2C1=O,0.0283,ok
CC(NS(=O)(=O)c1ccccc1Br)C1=CC(=O)c2c(O)ccc(O)c2C1=O,0.0149,ok
CC(=O)c1ccc(S(=O)(=O)NC(C)C2=CC(=O)c3c(O)ccc(O)c3C2=O)cc1,0.0082,ok
O=C1CN(CCc2ncc[nH]2)C(=O)C2(CSC3=C2C(=O)c2ccccc2C3=O)N1,0.2043,ok
CCOC(=O)c1ccc(S(=O)(=O)NC(C)C2=CC(=O)c3c(O)ccc(O)c3C2=O)cc1,0.0036,ok
O=C1CN(CCCc2ncc[nH]2)C(=O)C2(CSC3=C2C(=O)c2ccccc2C3=O)N1,0.2063,ok
Cc1cnc2c(c1)C(=O)c1c(cnc3c1C(=O)CCC3)C2=O,0.0858,ok
O=C1C(Nc2cccc(Cl)c2)=C(Cl)C(=O)c2[nH]c(-c3ccncc3)nc21,0.0133,ok
O=C1C(Cl)=C(Nc2ccc(F)cc2)C(=O)c2nc(-c3ccccn3)c(-c3ccccn3)nc21,0.0554,ok
O=C1C(Cl)=C(Nc2ccc(OC(F)(F)F)cc2)C(=O)c2nc(-c3ccccn3)c(-c3ccccn3)nc21,0.0561,ok
O=C1C(Cl)=C(Nc2ccc(Cl)c(Cl)c2)C(=O)c2nc(-c3ccccn3)c(-c3ccccn3)nc21,0.0203,ok
O=C1NC(=O)C2(CSC3=C2C(=O)c2ncccc2C3=O)N1,,no_quinone_ring_found
O=C1NNC(=O)C2(CSC3=C2C(=O)c2ncccc2C3=O)N1,0.1597,ok
CC1OC(CC(=O)O)CC2=C1C(=O)c1ccccc1C2=O,0.006,ok
COc1ccc2c(c1)COC1C2C2=C(OC1(C)C)C(=O)C1=C(OC(C)(C)C3COc4cc(OC)ccc4C13)C2=O,0.0896,ok
CN(C)CCCOc1cc(O)c2c3c(oc2c1)C(=O)c1ccccc1C3=O,0.0001,ok
CN(C)CCOc1cc2oc3c(c2cc1Cl)C(=O)c1ccccc1C3=O,0.0004,ok
CC(C)N(CCOc1cc(O)c2c3c(oc2c1)C(=O)c1ccccc1C3=O)C(C)C,0.0003,ok
CCCN(CCC)CCC(=O)Nc1ccc(NC(=O)CCN(CCC)CCC)c2c1C(=O)c1ccccc1C2=O,0.0018,ok
CN(C)CCCOc1ccc2c3c(oc2c1)C(=O)c1ccccc1C3=O,0.0006,ok
CCN(CC)CCOc1cc(O)c2c3c(oc2c1)C(=O)c1ccccc1C3=O,0.0003,ok
CN(C)CCCOc1cc2oc3c(c2cc1Cl)C(=O)c1ccccc1C3=O,0.0005,ok
CN(C)CCOc1ccc2c3c(oc2c1)C(=O)c1ccccc1C3=O,0.0002,ok
CN(C)CCOc1cc(O)c2c3c(oc2c1)C(=O)c1ccccc1C3=O,0.0002,ok
O=C1c2ccccc2C(=O)c2c(NCCNCCO)nnc(NCCNCCO)c21,0.0293,ok
CN(C)CCNc1nnc(N)c2c1C(=O)c1ccccc1C2=O,0.0526,ok
CSCCNC1=C(F)C(=O)c2c(F)c(F)c(F)c(F)c2C1=O,0.0271,ok
CCC1=C(OC)C(=O)C(CCCCCCCCCCC(C)=O)=C(C)C1=O,0.005,ok
Cc1nc2c(c3c1C(=O)C(Nc1ccccc1)=CC3=O)c(=O)n(C)c(=O)n2C,0.0935,ok
Cc1nc2c(c3c1C(=O)C(Nc1ccc(F)cc1)=CC3=O)c(=O)n(C)c(=O)n2C,0.134,ok
COC1=C(C)C(=O)C2=C(C1=O)C1C3CC4=C(C(=O)C(OC)=C(C)C4=O)C(COC=O)N3C(C#N)C(C2)N1C,0.0119,ok
CC(=O)N(C1=C(N2CCOCC2)C(=O)c2ccccc2C1=O)c1cc(C)cc(C)c1,0.0096,ok
CC(=O)N(C1=C(N(C)C)C(=O)c2ccccc2C1=O)c1cccc(O)c1,0.0218,ok
O=C1C(NC2CCCC2)=C(N2CCOCC2)C(=O)c2ccccc21,0.029,ok
CC1CCN(C2=C(NC3CCCC3)C(=O)c3ccccc3C2=O)CC1,0.0035,ok
CC(=O)N(C1=C(N2CCC(C)CC2)C(=O)c2ccccc2C1=O)c1cccc(F)c1,0.0206,ok
CCOc1ccc(N(C(C)=O)C2=C(N3CCN(C)CC3)C(=O)c3ccccc3C2=O)cc1,0.0063,ok
CC(=O)N(C1=C(N(C)C)C(=O)c2ccccc2C1=O)c1cc(C)cc(C)c1,0.0032,ok
CCCCOc1ccc(N(C(C)=O)C2=C(N3CCCCC3)C(=O)c3ccccc3C2=O)cc1,0.0168,ok
COc1cc2c(c(OC)c1CN1CCN(c3ccccc3)CC1)C(=O)c1ccccc1C2=O,0.0151,ok
O=C1C(Nc2ccc(Br)cc2)=C(NS(=O)(=O)c2ccccc2)C(=O)c2ccccc21,0.0291,ok
CCCCCCCCCCC1=C(OC)C(=O)C=C(OC)C1=O,0.0084,ok
CCCCCCCCCCC1=C(O)C(=O)C=C(OC)C1=O,0.0044,ok
CCCCCCCCCCCCCCC1=C(OC)C(=O)C=C(OC)C1=O,0.006,ok
CCn1cnc2c1C(=O)C=CC2=O,0.0006,ok
CCCCCCCCCCCCCCC1=C(O)C(=O)C=C(OC)C1=O,0.01,ok
COC(=O)c1noc2c1C(=O)c1ccccc1C2=O,0.0052,ok
CCOC(=O)C1=C(Br)C(=O)c2ccccc2C1=O,0.0047,ok
COC(=O)NCCc1[nH]nc2c1C(=O)C=C(Cl)C2=O,0.0039,ok
O=C1C2=C(C(=O)c3ccccc31)C1Oc3ccc([N+](=O)[O-])cc3C1CO2,0.033,ok
O=C1C2=C(C(=O)c3ccccc31)C1Oc3ccc(Cl)cc3C1CO2,0.0299,ok
O=C1C2=C(C(=O)c3ccccc31)C1Oc3ccc(Br)cc3C1CO2,0.0302,ok
CC1=C(Nc2ccccc2)C(=O)c2c(F)c(F)c(F)c(F)c2C1=O,0.0878,ok
CC(=O)OC1C(C)OC(OC(CC=C(C)C)C2=CC(=O)c3c(O)ccc(O)c3C2=O)C(OC(C)=O)C1OC(C)=O,0.0729,ok
CC(=O)OCC1OC(OC(CC=C(C)C)C2=CC(=O)c3c(O)ccc(O)c3C2=O)C(OC(C)=O)C1OC(C)=O,0.0053,ok
CC(=O)OC1COC(OC(CC=C(C)C)C2=CC(=O)c3c(O)ccc(O)c3C2=O)C(OC(C)=O)C1OC(C)=O,0.0767,ok
CSC1=C(SC)C(=O)c2ncccc2C1=O,0.0123,ok
CCN(CC)C1=C(F)C(=O)c2c(F)c(F)c(F)c(F)c2C1=O,0.0954,ok
O=C1C(F)=C(Nc2ccccc2)C(=O)c2c(F)c(F)c(F)c(F)c21,0.0195,ok
CC1Cn2c(nc3c2C(=O)C=CC3=O)-c2cccnc21,0.0027,ok
CCn1c(-c2ccccc2)nc2c1C(=O)C=CC2=O,0.0021,ok
COC(=O)C(C)NC1=C(Cl)C(=O)C(NC(Cc2ccccc2)C(=O)OC)=C(Cl)C1=O,0.0117,ok
CCCCCCCCCCCCS(=O)(=O)C1=CC(=O)c2c(OC)ccc(OC)c2C1=O,0.1083,ok
CC1Cn2c(nc3c2C(=O)C=CC3=O)-c2ccc3ccccc3c21,0.0024,ok
O=C1C=C(N2CCC(c3ccccc3)CC2)C(=O)c2c(O)cccc21,0.0144,ok
Cc1nc2c(c3c1C(=O)C(Nc1ccc([N+](=O)[O-])cc1)=CC3=O)c(=O)n(C)c(=O)n2C,0.0967,ok
COc1ccc(OC)c(NC2=CC(=O)c3ccccc3C2=O)c1,0.0155,ok
O=C1C=C(NCCCNc2ccnc3cc(Cl)ccc23)C(=O)C=C1NCCCNc1ccnc2cc(Cl)ccc12,0.0098,ok
CNCCNc1c2c(c(NCCNC)c3oc(C)cc13)C(=O)c1ccccc1C2=O,0.0601,ok
Cc1cc2c(NCCN(C)C)c3c(c(NCCN(C)C)c2o1)C(=O)c1ccccc1C3=O,0.0372,ok
NC1=C(Br)C(=O)c2cccnc2C1=O,0.0287,ok
Cc1cc2c(NCCNCCO)c3c(c(NCCNCCO)c2o1)C(=O)c1ccccc1C3=O,0.0644,ok
CNCCNc1c2c(c(NCCNC)c3oc(C(C)(C)C)cc13)C(=O)c1ccccc1C2=O,0.0675,ok
CC1=CC(=O)c2[nH]c3ccc([N+](=O)[O-])cc3c2C1=O,0.0,ok
CCOC1=CC2=C(C(=O)C(Cl)=CC2=O)C2CN(S(=O)(=O)c3ccc(C)cc3)C(c3ccccc3)C12,0.0107,ok
CCN(CC)CCC(=O)Nc1csc2c1C(=O)c1ccccc1C2=O,0.0007,ok
CC1=C(SCC(NC(=O)CCC(N)C(=O)O)C(=O)NCC(=O)O)C(=O)c2c(O)cccc2C1=O,0.0324,ok
NCCC(=O)Nc1csc2c1C(=O)c1ccccc1C2=O,0.0,ok
O=C1c2ccccc2C(=O)c2c(NC(=O)C3CCCN3)csc21,0.0553,ok
CN(C)CCNCCC(=O)Nc1csc2c1C(=O)c1ccccc1C2=O,0.0005,ok
CC1=C(OCCS)C(=O)c2c(F)c(F)c(F)c(F)c2C1=O,0.016,ok
COc1cc(C(CC=C(C)C)OC(=O)C=C(C)C)c(OC)c2c1C(=O)C=CC2=O,0.0436,ok
O=C1CCCc2nc(-c3ccsc3)c3c(c21)C(=O)C=C(Nc1ccccc1)C3=O,0.1967,ok
O=C1CCCc2nc(-c3ccccc3)c3c(c21)C(=O)C=C(Nc1ccccc1)C3=O,0.1965,ok
COc1ccc(OC)c(NC2=CC(=O)c3c(cnc4c3C(=O)CCC4)C2=O)c1,0.0724,ok
COc1ccccc1NC1=CC(=O)c2c(c(C)nc3c2C(=O)CCC3)C1=O,0.1119,ok
Cc1nc2c(c3c1C(=O)C(Nc1ccc(F)cc1)=CC3=O)C(=O)CCC2,0.1047,ok
O=C1CCCc2nc(-c3ccco3)c3c(c21)C(=O)C=C(Nc1ccccc1)C3=O,0.1965,ok
COc1cc(C(CC=C(C)C)OC(=O)c2ccoc2)c(OC)c2c1C(=O)C=CC2=O,0.0271,ok
COc1cc(C(CC=C(C)C)OC(=O)C2CCOC2)c(OC)c2c1C(=O)C=CC2=O,0.0046,ok
CC1=C(NCCN(C)C)C(=O)c2nc(C)sc2C1=O,0.0072,ok
COc1ccc(NC2=CC(=O)c3c(cnc4c3C(=O)CCC4)C2=O)cc1,0.0757,ok
Cc1ccc(S(=O)(=O)N2c3ccccc3C3COC4=C(C(=O)c5ccccc5C4=O)C32)cc1,0.0705,ok
Cc1nc2c(c3c1C(=O)C(Nc1ccccc1)=CC3=O)C(=O)CCC2,0.1368,ok
O=C1C(Cl)=C(NCCCn2cnc([N+](=O)[O-])n2)C(=O)c2ccccc21,0.0072,ok
COc1cc(CNCCCNC2=CC(=O)C(NCCCNCc3ccc(O)c(OC)c3)=CC2=O)ccc1O,0.0279,ok
O=C1c2ccccc2C(=O)c2c1cnc1ccc(Cl)cc21,0.0,ok
O=C1c2ccccc2C(=O)c2c1cnc1ccc(F)cc21,0.0,ok
Cc1ccc2c3c(cnc2c1)C(=O)c1ccccc1C3=O,0.0008,ok
Cc1ccc2ncc3c(c2c1)C(=O)c1ccccc1C3=O,0.0002,ok
CCN(CCCCCCNC1=CC(=O)c2ncccc2C1=O)Cc1ccccc1OC,0.008,ok
O=C1c2nc3n(c2C(=O)c2nc4n(c21)CCCC4)CCC3,0.0025,ok
COc1ccc2ncc3c(c2c1)C(=O)c1ccccc1C3=O,0.0,ok
COC(=O)c1ccc2c(c1)C1COC3=C(C(=O)c4ccccc4C3=O)C1O2,0.0341,ok
COc1cc(OC)c(-c2noc3c2C(=O)c2ccccc2C3=O)cc1Cl,0.0104,ok
O=C1c2ccccc2C(=O)c2c(-c3ccc4[nH]ccc4c3)noc21,0.0018,ok
O=C1c2ccccc2C(=O)c2c(-c3ccc(OCCN4CCOCC4)cc3)noc21,0.0033,ok
O=C1c2ccccc2C(=O)c2c(-c3ccncc3)noc21,0.0021,ok
O=C1c2ccccc2C(=O)c2c(-c3ccccn3)noc21,0.0221,ok
O=C1c2cccc(O)c2C(=O)c2c(-c3ccc(F)cc3)noc21,0.0027,ok
CC(=O)Oc1cccc2c1C(=O)c1c(-c3ccc(F)cc3)noc1C2=O,0.021,ok
COc1cccc2c1C(=O)c1c(-c3ccncc3)noc1C2=O,0.0093,ok
O=C1c2cccc(O)c2C(=O)c2c(-c3ccncc3)noc21,0.0073,ok
CC(=O)Oc1cccc2c1C(=O)c1c(-c3ccncc3)noc1C2=O,0.0144,ok
O=C1c2ccncc2C(=O)c2c(-c3ccc(F)cc3)noc21,0.0023,ok
COc1ccc(-c2noc3c2C(=O)c2cnccc2C3=O)cc1,0.0028,ok
O=C1c2ccncc2C(=O)c2c(-c3ccncc3)noc21,0.0019,ok
O=C1c2ccccc2C(=O)c2c(-c3ccc(F)cc3)noc21,0.0025,ok
O=C1c2ccncc2C(=O)c2c(-c3ccc(OCCN4CCOCC4)cc3)noc21,0.0028,ok
COc1ccccc1-c1noc2c1C(=O)c1ccccc1C2=O,0.0128,ok
N#Cc1cc2c(o1)C(=O)c1ccccc1C2=O,0.0,ok
CCN(CC)C(=O)c1cc2c(o1)C(=O)c1ccccc1C2=O,0.002,ok
CC(C)C(=O)c1cc2c(o1)C(=O)c1ccccc1C2=O,0.0,ok
O=C(c1ccco1)c1cc2c(o1)C(=O)c1ccccc1C2=O,0.0,ok
O=C(c1cc2c(o1)C(=O)c1ccccc1C2=O)c1cccs1,0.0,ok
COC(=O)c1cc2c(o1)C(=O)c1ccccc1C2=O,0.0,ok
CC(C)OC(=O)c1cc2c(o1)C(=O)c1ccccc1C2=O,0.0,ok
Cn1c2c(c3ccccc31)C(=O)c1c[n+]([O-])c3ccccc3c1C2=O,0.0,ok
CC(C)n1c2c(c3ccccc31)C(=O)c1c[n+]([O-])c3ccccc3c1C2=O,0.0417,ok
CCCCn1cnc2c1C(=O)c1ncn(CCCC)c1C2=O,0.0018,ok
O=C1c2c[n+]([O-])c3ccccc3c2C(=O)c2c1c1ccccc1n2CCO,0.0197,ok
O=C1c2cnc3ccccc3c2C(=O)c2c1c1ccccc1n2CCO,0.0163,ok
NCCCNCCCNCCCNCc1ccc(OC2=CC(=O)c3ccccc3C2=O)cc1,0.0081,ok
NCCCNCCCNCCCNCc1ccc(OC2=CC(=O)c3cc4ccccc4cc3C2=O)cc1,0.0075,ok
NCCCCNCc1ccc(OC2=CC(=O)c3ccccc3C2=O)cc1,0.0077,ok
NCCCCCNCc1ccc(OC2=CC(=O)c3cc4ccccc4cc3C2=O)cc1,0.0226,ok
NCCCCNCc1ccc(OC2=CC(=O)c3cc4ccccc4cc3C2=O)cc1,0.0062,ok
O=C1c2ccc(Sc3ccc(Br)cc3)cc2C(=O)c2cc(O)c(O)cc21,0.0006,ok
NCCCNCCCCNCCCNCc1ccc(OC2=CC(=O)c3cc4ccccc4cc3C2=O)cc1,0.0226,ok
CC1CCCN(c2cc(Cc3ccc(C(=O)O)cc3)c3c4c(onc24)-c2ccccc2C3=O)C1,0.0033,ok
NCCCCCNCc1ccc(OC2=CC(=O)c3ccccc3C2=O)cc1,0.0202,ok
O=C1c2ccccc2C(=O)c2oc(-c3cccc(Cl)c3)nc21,0.0,ok
NCCCNCCCCNCc1ccc(OC2=CC(=O)c3ccccc3C2=O)cc1,0.0213,ok
COC(=O)c1ccc(-c2cc(N3CCCC(C)C3)c3noc4c3c2C(=O)c2ccccc2-4)cc1,0.0002,ok
CC(C)=CCC(OC(=O)Cc1ccc(Oc2ccccc2)cc1)C1=CC(=O)c2c(O)ccc(O)c2C1=O,0.0117,ok
CC(C)=CCC(OC(=O)COc1cccc(C)c1)C1=CC(=O)c2c(O)ccc(O)c2C1=O,0.0014,ok
CCC(Oc1ccccc1)C(=O)OC(CC=C(C)C)C1=CC(=O)c2c(O)ccc(O)c2C1=O,0.0234,ok
CC(C)=CCC(OC(=O)C=Cc1ccc(F)c(F)c1)C1=CC(=O)c2c(O)ccc(O)c2C1=O,0.0067,ok
CC(C)=CCC(OC(=O)C=Cc1cccc(C(F)(F)F)c1)C1=CC(=O)c2c(O)ccc(O)c2C1=O,0.0026,ok
CC(C)=CCC(OC(=O)CCc1c[nH]c2ccccc12)C1=CC(=O)c2c(O)ccc(O)c2C1=O,0.0213,ok
CC(C)=CCC(OC(=O)Cc1ccsc1)C1=CC(=O)c2c(O)ccc(O)c2C1=O,0.0036,ok
O=C1C(Nc2ccccc2C(F)(F)F)=C(Nc2ccccc2C(F)(F)F)C(=O)c2ccccc21,0.0302,ok
O=C1C(Cl)=C(Nc2ccccc2C(F)(F)F)C(=O)c2ccccc21,0.008,ok
O=C1C(Cl)=C(Nc2ccccc2C(F)(F)F)C(=O)c2c1cccc2[N+](=O)[O-],0.0215,ok
O=C1C(Nc2ccccc2C(F)(F)F)=C(Cl)C(=O)c2c1cccc2[N+](=O)[O-],0.0891,ok
O=C1C(Nc2ccccc2C(F)(F)F)=C(Nc2ccccc2C(F)(F)F)C(=O)c2c1cccc2[N+](=O)[O-],0.1026,ok
CC1=CC(=O)c2c(COC(N)=O)c3n(c2C1=O)CC1C3N1C,0.0012,ok
O=C1C(Cl)=C(Nc2ccc(C(F)(F)F)cc2)C(=O)c2ccccc21,0.0362,ok
NC(N)=NCCCNc1c2c(c(NCCN=C(N)N)c3ccsc13)C(=O)c1ccccc1C2=O,0.0682,ok
NC(N)=NCCCNc1c2c(c(NCCN=C(N)N)c3sccc13)C(=O)c1ccccc1C2=O,0.075,ok
NC(N)=NCCCNc1c2c(c(NCCCN=C(N)N)c3sccc13)C(=O)c1ccccc1C2=O,0.03,ok
CC(=O)NC1=CC(=O)c2ccc(-c3cccc4cccnc34)nc2C1=O,0.006,ok
CC(=O)NC1=CC(=O)c2ccc(-c3ccccn3)nc2C1=O,0.0712,ok
NC1=CC(=O)c2ccc(-c3cccc4cccnc34)nc2C1=O,0.0228,ok
CC1(C)OC2=C(C(=O)c3ccccc3C2=O)C1n1cc(-c2ccccc2)nn1,0.0233,ok
NC(N)=NCCCCNc1c2c(c(NCCCCN=C(N)N)c3sccc13)C(=O)c1ccccc1C2=O,0.0329,ok
CN(C)C=Cc1nc(-c2ccccc2)cc2c1C(=O)c1ccccc1C2=O,0.0224,ok
CC1(C)OC2=C(C(=O)C(=O)c3ccccc32)C1n1cc(CNC2=CC(=O)c3ccccc3C2=O)nn1,0.0131,ok
CC1(C)OC2=C(C(=O)C(=O)c3ccccc32)C1n1cc(CNC2=C(Br)C(=O)c3ccccc3C2=O)nn1,0.0131,ok
CN(C)C=Cc1nc(-c2ccc(F)cc2)cc2c1C(=O)c1ccccc1C2=O,0.022,ok
COc1ccc(-c2cc3c(c(C=CN(C)C)n2)C(=O)c2ccccc2C3=O)cc1,0.0212,ok
CN(C)C=Cc1nc(-c2ccc(Cl)cc2)cc2c1C(=O)c1ccccc1C2=O,0.022,ok
O=C1C=C(O)C(=O)C(CC2CCC3CCCCC3C2)=C1O,0.0066,ok
Cc1ccc(-c2cc3c(c(C=CN(C)C)n2)C(=O)c2ccccc2C3=O)cc1,0.0107,ok
COc1cccc2c1C(=O)C1=C(CC(CC#N)OC1C)C2=O,0.0635,ok
O=C1c2ccccc2C(=O)c2c(O)cc(-c3ccccc3)cc21,0.0016,ok
Cc1ccc(S(=O)(=O)Oc2ccc(NCc3ccc(N)cc3)c3c2C(=O)c2ccccc2C3=O)cc1,0.0577,ok
COc1ccc(CNc2ccc(OS(=O)(=O)c3ccc(C)cc3)c3c2C(=O)c2ccccc2C3=O)cc1,0.0098,ok
O=C1c2ccccc2C(=O)c2c(O)cc(-c3ccc(F)cc3)cc21,0.0016,ok
COc1ccc(-c2cc(O)c3c(c2)C(=O)c2ccccc2C3=O)cc1,0.0023,ok
O=C1c2ccccc2C(=O)c2c(O)cc(-c3ccc(Cl)cc3)cc21,0.0016,ok
CC(=O)c1cccc(NC2=CC(=O)c3ncncc3C2=O)c1,0.0231,ok
O=C(O)c1cccc(NC2=CC(=O)c3ccccc3C2=O)c1,0.0147,ok
Cn1cc(CCN)c2c1C(=O)C1=C(C2=O)S(=O)(=O)C=CN1,0.0022,ok
CC(=O)N1CCN(c2cc3c(c4nsnc24)C(=O)c2ccccc2C3=O)CC1,0.0013,ok
CNCCc1cn(C)c2c1C(=O)C1=C(NC=CS1(=O)=O)C2=O,0.0014,ok
COC1=C(OC)C(=O)C(CNC(=O)c2ccc(Oc3ccc(C(C)(C)C)cc3)cc2)=C(C)C1=O,0.0931,ok
COC1=C(OC)C(=O)C(CN(C)C(=O)c2ccc(Oc3ccc(C(C)(C)C)cc3)cc2)=C(C)C1=O,0.0275,ok
CCN(CC1=C(C)C(=O)C(OC)=C(OC)C1=O)C(=O)c1ccc(Oc2ccc(C(C)(C)C)cc2)cc1,0.0294,ok
O=C1C=C(NCc2cn(C3=CC(=O)c4ccccc4C3=O)nn2)C(=O)c2ccccc21,0.0055,ok
CC1(C)OC2=C(C(=O)c3ccccc3C2=O)C1Sc1ccccc1,0.0231,ok
CC1(C)CC(Nc2ccc(Cl)cc2)C2=C(O1)C(=O)c1ccccc1C2=O,0.0232,ok
CCCCc1ccc(Oc2ccc(C(=O)N(C)CC3=C(C)C(=O)C(OC)=C(OC)C3=O)cc2)cc1,0.0246,ok
CCCCCCC(C)(C)C1=CC(=O)C2=C(OC(C)(C)c3cn(C)nc32)C1=O,0.0612,ok
COC1=CC(=O)C(Oc2ccc3ccccc3c2)=CC1=O,0.0165,ok
COC1=CC(=O)c2c(oc(C)c2CO)C1=O,0.0049,ok
COc1ccc(NC2CC(C)(C)OC3=C2C(=O)c2ccccc2C3=O)cc1,0.0027,ok
C#CCn1c2c(c3ccccc3c1=O)C(=O)c1ccccc1C2=O,0.0092,ok
Nc1cccc2c1C(=O)C(NS(=O)(=O)c1ccccc1)=C(Nc1ccccc1)C2=O,0.0384,ok
COC1=C(OC)C(=O)C(CCCCCCN(C)C(=O)c2ccc(Oc3ccc(C(C)(C)C)cc3)cc2)=C(C)C1=O,0.0152,ok
CC(C)(C)C1CCc2ncc3c(c2C1)C(=O)C1=C(C3=O)C2CCC1C2,0.0092,ok
CCOC(=O)C1CCc2ncc3c(c2C1)C(=O)C1=C(C3=O)C2CCC1C2,0.012,ok
COc1cccc2c1C(=O)c1c(O)c3c(c(O)c1C2=O)CC(O)(C(=O)C(C)C)CC3OC1CC(N)C(O)C(C)O1,0.0022,ok
CCOC(=O)C1CCc2ncc3c(c2C1)C(=O)C1=C(C3=O)C2CCC1CC2,0.0112,ok
COc1cccc2c1C(=O)c1c(O)c3c(c(O)c1C2=O)CC(O)(C(C)=O)CC3OCCN,0.0103,ok
C=C1CCC2C(C)(C(=O)OC)CCCC2(C)C1Cc1c(C)ccc2c1C(=O)C=CC2=O,0.0317,ok
C=CCOc1cccc2c1C(=O)C=C(C)C2=O,0.0169,ok
COc1cc2ncc3c(c2cc1OC)C(=O)c1[nH]c2ccccc2c1C3=O,0.0,ok
COC(=O)C1(O)Cc2c(O)c3c(c(O)c2C(OC2CC(N)C(O)C(C)O2)C1)C(=O)c1c(OC)cccc1C3=O,0.0074,ok
CCc1noc(-c2cc3c(s2)C(=O)c2c(O)cccc2C3=O)n1,0.0,ok
O=C1C(NCCNc2c3c(nc4ccccc24)CCCC3)=CC(=O)c2c(O)cccc21,0.0087,ok
O=C1C=C(NCCNc2c3c(nc4ccccc24)CCCC3)C(=O)c2ccccc21,0.0131,ok
O=C1C=C(NCCNc2c3c(nc4cc(Cl)ccc24)CCCC3)C(=O)c2ccccc21,0.0062,ok
COc1ccc2nc3c(c(NCCNC4=CC(=O)c5ccccc5C4=O)c2c1)CCCC3,0.0092,ok
O=C1C=C(NCCCNc2c3c(nc4cc(Cl)ccc24)CCCC3)C(=O)c2ccccc21,0.0143,ok
O=C1C(NCCCNc2c3c(nc4cc(Cl)ccc24)CCCC3)=CC(=O)c2c(O)cccc21,0.0083,ok
O=C1c2[nH]c3ccccc3c2C(=O)c2cnc3cc(Cl)ccc3c21,0.0,ok
O=C1c2[nH]c3ccccc3c2C(=O)c2cnc3cc(F)ccc3c21,0.0,ok
COC1=C(C)C(=O)C2=C(C1=O)C(COC(C)=O)N1C(C#N)CN(C)CC1C2,0.0147,ok
CC1=CC(=O)c2[nH]c3cc(F)ccc3c2C1=O,0.0,ok
Cc1ccc(S(=O)(=O)Oc2ccc(N3CCOCC3)c3c2C(=O)c2ccccc2C3=O)cc1,0.0835,ok
Cc1ccc(S(=O)(=O)Oc2ccc(NCc3ccccc3)c3c2C(=O)c2ccccc2C3=O)cc1,0.0595,ok
Cc1ccc(S(=O)(=O)Oc2ccc(NCCc3ccccc3)c3c2C(=O)c2ccccc2C3=O)cc1,0.05,ok
CCN(CC)C(=O)c1cc2c(s1)C(=O)c1c(O)cccc1C2=O,0.0036,ok
CCOC(=O)c1cc2c(n1CC)C(=O)C(Br)=CC2=O,0.0047,ok
O=C1c2cc(-c3nc(CCc4ccccc4)no3)sc2C(=O)c2c(O)cccc21,0.0002,ok
CCOC(=O)c1cc2c(n1CC)C(=O)C(Oc1ccccc1)=CC2=O,0.0068,ok
CCOC(=O)c1cc2c(n1CC)C(=O)C(Oc1ccc(C)cc1)=CC2=O,0.0068,ok
CCOC(=O)c1cc2c(n1CC)C(=O)C(Oc1ccccc1C)=CC2=O,0.0055,ok
CCOC(=O)c1cc2c(n1CC)C(=O)C(Oc1ccc(OC)cc1)=CC2=O,0.0074,ok
CCOC(=O)c1cc2c(n1CC)C(=O)C(Oc1ccc(Cl)cc1)=CC2=O,0.0175,ok
NC(N)=NCCNc1c2c(c(N)c3sccc13)C(=O)c1ccccc1C2=O,0.077,ok
NC(N)=NCCNc1c2c(c(N)c3ccsc13)C(=O)c1ccccc1C2=O,0.074,ok
CNCCNc1c2c(c(NCCN=C(N)N)c3ccsc13)C(=O)c1ccccc1C2=O,0.0483,ok
CNCCNc1c2c(c(NCCN=C(N)N)c3sccc13)C(=O)c1ccccc1C2=O,0.0457,ok
NCCNc1c2c(c(NCCN=C(N)N)c3ccsc13)C(=O)c1ccccc1C2=O,0.0538,ok
COc1ccc(OC)c(NC2=CC(=O)c3ncccc3C2=O)c1,0.0162,ok
CCCCCNCc1ccc2c(c1)C(=O)c1nccnc1C2=O,0.0014,ok
NCCCNc1c2c(c(NCCN=C(N)N)c3ccsc13)C(=O)c1ccccc1C2=O,0.0576,ok
O=C1C(NCCCNc2c3c(nc4ccccc24)CCCC3)=CC(=O)c2c(O)cccc21,0.0063,ok
COc1ccc2nc3c(c(NCCCNC4=CC(=O)c5ccccc5C4=O)c2c1)CCCC3,0.0064,ok
COc1ccc2nc3c(c(NCCNC4=CC(=O)c5c(O)cccc5C4=O)c2c1)CCCC3,0.0086,ok
COc1ccc2nc3c(c(NCCCNC4=CC(=O)c5c(O)cccc5C4=O)c2c1)CCCC3,0.0133,ok
COc1ccc2nc3c(c(NCCNC4=C(Cl)C(=O)c5ccccc5C4=O)c2c1)CCCC3,0.0152,ok
COc1ccc2nc3c(c(NCCCNC4=C(Cl)C(=O)c5ccccc5C4=O)c2c1)CCCC3,0.0056,ok
O=C1C(Cl)=C(NCCNc2c3c(nc4cc(Cl)ccc24)CCCC3)C(=O)c2ccccc21,0.0112,ok
O=C1C(Cl)=C(NCCNc2c3c(nc4ccccc24)CCCC3)C(=O)c2ccccc21,0.0151,ok
O=C1C(Cl)=C(NCCCNc2c3c(nc4cc(Cl)ccc24)CCCC3)C(=O)c2ccccc21,0.0191,ok
CCCCCCCCCCC1=C(O)C(=O)C=C(O)C1=O,0.0089,ok
O=C1C(Cl)=C(NCCCNc2c3c(nc4ccccc24)CCCC3)C(=O)c2ccccc21,0.0073,ok
CC(N)=NCCNc1c2c(c(NCCN=C(C)N)c3sccc13)C(=O)c1ccccc1C2=O,0.0677,ok
CCCCCCCCCCCCCCC1=C(O)C(=O)C=C(O)C1=O,0.0071,ok
CCCCCCC1=C(OC)C(=O)C=C(OC)C1=O,0.0058,ok
CCCCCCCCCCCCC1=C(O)C(=O)C=C(OC)C1=O,0.0121,ok
CCCCCCCCC1=C(OC)C(=O)C=C(OC)C1=O,0.0212,ok
COC1=CC(=O)C(OC)=C(CC=C(C)CCC=C(C)C)C1=O,0.0202,ok
CCCCCCCCCCCCC1=C(OC)C(=O)C=C(OC)C1=O,0.0095,ok
COC1=CC(=O)C(OC)=C(CC=C(C)CCC=C(C)CCC=C(C)C)C1=O,0.0111,ok
CCCCCCC=CCCCCC1=CC(=O)C=C(OC)C1=O,0.0092,ok
CC1=C(C)C(=O)C(CONC(=O)CCCCCCC(=O)Nc2ccccc2)=C(C)C1=O,0.0187,ok
Cc1cc2c(c3oc(CCC(F)(F)F)cc(=O)c13)C(=O)c1c(O)cccc1C2=O,0.0211,ok
NC(CCl)=NCCCNc1c2c(c(NCCCN=C(N)CCl)c3sccc13)C(=O)c1ccccc1C2=O,0.0284,ok
Cc1cc2c(c3oc(CCCC#N)cc13)C(=O)c1c(O)cccc1C2=O,0.0056,ok
NC(CCl)=NCCCCNc1c2c(c(NCCCCN=C(N)CCl)c3sccc13)C(=O)c1ccccc1C2=O,0.0522,ok
Cc1cc2c(c3oc(CCCCl)cc13)C(=O)c1c(O)cccc1C2=O,0.0081,ok
CCCc1cc2c(C)cc3c(c2o1)C(=O)c1c(O)cccc1C3=O,0.0001,ok
COc1cccc2c1C(=O)C=C(Oc1ccc(F)cc1)C2=O,0.0333,ok
CCCCCC(=O)c1cc2c(C)cc3c(c2o1)C(=O)c1c(OC(C)C)cccc1C3=O,0.0281,ok
COc1cccc2c1C(=O)C(Oc1ccc(F)cc1)=CC2=O,0.0063,ok
CC(=O)Nc1ccc(OC2=CC(=O)c3cc4ccccc4cc3C2=O)cc1,0.0093,ok
COc1cccc2c1C(=O)C=C(Oc1ccc(NC(C)=O)cc1)C2=O,0.0095,ok
COc1cccc2c1C(=O)C(Oc1ccc(NC(C)=O)cc1)=CC2=O,0.0101,ok
CC(=O)Nc1ccc(OC2=CC(=O)c3c(O)cccc3C2=O)cc1,0.0059,ok
CC(=O)Nc1ccc(OC2=CC(=O)c3cccc(O)c3C2=O)cc1,0.0172,ok
Cc1ccc(OC2=CC(=O)c3cc4ccccc4cc3C2=O)cc1,0.0216,ok
COc1cccc2c1C(=O)C=C(Oc1ccc(C)cc1)C2=O,0.0079,ok
COc1cccc2c1C(=O)C(Oc1ccc(C)cc1)=CC2=O,0.0129,ok
COc1ccc(OC2=CC(=O)c3cc4ccccc4cc3C2=O)cc1,0.0225,ok
COc1cccc2c1C(=O)C(Oc1ccccc1)=CC2=O,0.0123,ok
COc1ccc(OC2=CC(=O)c3c(OC)cccc3C2=O)cc1,0.0064,ok
O=C1c2cccnc2C(=O)c2c1c(C(=O)NCCN1CCOCC1)c1ccccn21,0.0302,ok
O=C1c2cccnc2C(=O)c2c1c(C(=O)NCCN1CCCC1)c1ccccn21,0.0249,ok
CN1CCN(CCNC(=O)c2c3c(n4ccccc24)C(=O)c2ncccc2C3=O)CC1,0.0264,ok
CN(C)CCCNC(=O)c1c2c(n3ccccc13)C(=O)c1ncccc1C2=O,0.0005,ok
O=C1c2cccnc2C(=O)c2c1c(C(=O)OCCCN1CCCC1)c1ccccn21,0.0251,ok
CCN(CC)CCCNC(=O)c1c2c(n3ccccc13)C(=O)c1ncccc1C2=O,0.0264,ok
CC(c1cc(O)c2c(c1O)C(=O)c1ccccc1C2=O)N(CCCl)CCCl,0.0006,ok
CCC(c1cc(O)c2c(c1O)C(=O)c1ccccc1C2=O)N(CCCl)CCCl,0.0003,ok
CCCC(c1cc(O)c2c(c1O)C(=O)c1ccccc1C2=O)N(CCCl)CCCl,0.0016,ok
CC(C)C(c1cc(O)c2c(c1O)C(=O)c1ccccc1C2=O)N(CCCl)CCCl,0.0014,ok
CC(C)CC(c1cc(O)c2c(c1O)C(=O)c1ccccc1C2=O)N(CCCl)CCCl,0.0012,ok
O=C1c2ccccc2C(=O)c2c(O)c(C(Cc3ccccc3)N(CCCl)CCCl)cc(O)c21,0.0019,ok
O=C1c2ccccc2C(=O)c2c(O)c(C(c3ccccc3)N(CCCl)CCCl)cc(O)c21,0.0003,ok
O=C1c2ccccc2C(=O)c2c(O)c(C(c3ccc(Cl)cc3)N(CCCl)CCCl)cc(O)c21,0.0025,ok
O=C1c2ccccc2C(=O)c2c(O)c(C(c3ccc(Br)cc3)N(CCCl)CCCl)cc(O)c21,0.0025,ok
COc1ccccc1C(c1cc(O)c2c(c1O)C(=O)c1ccccc1C2=O)N(CCCl)CCCl,0.0164,ok
COc1cccc(C(c2cc(O)c3c(c2O)C(=O)c2ccccc2C3=O)N(CCCl)CCCl)c1,0.002,ok
COc1ccc(C(c2cc(O)c3c(c2O)C(=O)c2ccccc2C3=O)N(CCCl)CCCl)cc1,0.0003,ok
Cc1ccc(C(c2cc(O)c3c(c2O)C(=O)c2ccccc2C3=O)N(CCCl)CCCl)cc1,0.0005,ok
O=C1c2cccc(O)c2C(=O)c2c1ccc(C(c1ccccc1)N(CCCl)CCCl)c2O,0.0018,ok
O=C1c2ccccc2C(=O)c2c1cc(Sc1ccccc1Br)c1nsnc21,0.0016,ok
COc1cc(C(c2ccccc2)N(CCCl)CCCl)c(O)c2c1C(=O)c1ccccc1C2=O,0.0048,ok
O=C(CN1CCCCC1)NC1(CO)CSC2=C1C(=O)c1ccccc1C2=O,0.0037,ok
CN(C)CCn1c2c(c3c4ccccc4c(O)cc31)C(=O)c1ccccc1C2=O,0.0281,ok
CN(C)CCCn1c2c(c3c4ccccc4c(O)cc31)C(=O)c1ccccc1C2=O,0.0319,ok
O=C1c2ccccc2C(=O)c2c1nnn2Cc1cccc(Br)c1,0.0066,ok
O=C(O)c1cccc(Cn2nnc3c2C(=O)c2ccccc2C3=O)c1,0.0059,ok
O=C(O)c1ccc(Cn2nnc3c2C(=O)c2ccccc2C3=O)cc1,0.0064,ok
CCN(CC)C(=O)c1cccc(Cn2nnc3c2C(=O)c2ccccc2C3=O)c1,0.01,ok
CCN(CC)C(=O)c1ccc(Cn2nnc3c2C(=O)c2ccccc2C3=O)cc1,0.0095,ok
CC(=O)N1CCN(C(=O)c2cccc(Cn3nnc4c3C(=O)c3ccccc3C4=O)c2)CC1,0.0129,ok
O=C1c2ccccc2C(=O)c2c1nnn2Cc1cccc(C(=O)N2CCOCC2)c1,0.013,ok
CN1CCN(C(=O)c2cccc(Cn3nnc4c3C(=O)c3ccccc3C4=O)c2)CC1,0.0112,ok
CC(=O)N1CCN(C(=O)c2ccc(Cn3nnc4c3C(=O)c3ccccc3C4=O)cc2)CC1,0.0085,ok
O=C1c2ccccc2C(=O)c2c1nnn2Cc1ccc(C(=O)N2CCOCC2)cc1,0.0085,ok
CN1CCN(C(=O)c2ccc(Cn3nnc4c3C(=O)c3ccccc3C4=O)cc2)CC1,0.004,ok
CCN(CC)C(=O)Cc1ccc(Cn2nnc3c2C(=O)c2ccccc2C3=O)cc1,0.0087,ok
COC1CCN(C(=O)c2ccc(Cn3nnc4c3C(=O)c3ccccc3C4=O)cc2)CC1,0.0046,ok
O=C1c2ccccc2C(=O)c2c1nnn2-c1ccc(Cl)cc1,0.0249,ok
COc1cc2c(cc1OC)CN(S(=O)(=O)c1ccc(NC3=C(Cl)C(=O)c4ccccc4C3=O)cc1)CC2,0.0144,ok
CC(C)=CCC(OC(=O)C1CC1)C1=CC(=O)c2c(O)ccc(O)c2C1=O,0.0211,ok
O=C1c2ccccc2C(=O)c2c1nnn2-c1ccc(F)cc1,0.025,ok
O=C(c1cccnc1)c1cc2c(s1)C(=O)c1c(Cl)cccc1C2=O,0.0079,ok
CCN(CC)C(=O)c1cc2c(s1)C(=O)c1c(Cl)cccc1C2=O,0.0113,ok
CCc1noc(-c2cc3c(s2)C(=O)c2c(Cl)cccc2C3=O)n1,0.0,ok
COC(=O)c1cc2c(s1)C(=O)c1c(Cl)cccc1C2=O,0.0,ok
CNCCNc1c2c(c(NCCNC)c3occc13)C(=O)c1ccccc1C2=O,0.0708,ok
CN(C)CCNc1c2c(c(NCCN(C)C)c3occc13)C(=O)c1ccccc1C2=O,0.0611,ok
O=C1c2ccccc2C(=O)c2c1c(NCCNCCO)c1ccoc1c2NCCNCCO,0.0803,ok
NCCCNc1c2c(c(NCCCN)c3occc13)C(=O)c1ccccc1C2=O,0.0696,ok
CCN(CC)C(=O)c1ccc(-c2cc(C3=C(N4CC4)C(=O)C=C(N4CC4)C3=O)no2)s1,0.0858,ok
CN(Cc1ccc(F)cc1)C(=O)c1ccc(-c2cc(C3=C(N4CC4)C(=O)C=C(N4CC4)C3=O)no2)s1,0.0876,ok
CCCN(C)C(=O)c1ccc(-c2cc(C3=C(N4CC4)C(=O)C=C(N4CC4)C3=O)no2)s1,0.0676,ok
O=C1C=C(NC(=O)c2ccccc2)C(=O)C=C1NCCN1CCCC1,0.0727,ok
O=C1C=C(NC(=O)c2ccccc2)C(=O)C=C1NCCN1CCCCC1,0.0597,ok
O=C1c2ccccc2C(=O)c2c1nnn2-c1ccc(F)c(Cl)c1,0.0241,ok
O=C1c2ccccc2C(=O)c2c1nnn2-c1ccc(Cl)c([N+](=O)[O-])c1,0.0232,ok
[N-]=[N+]=NCC1CC2=C(O1)C(=O)c1ccccc1C2=O,0.0021,ok
CC(C)=CCc1cc2c(cc1O)C1=C(C(=O)C3=C(C1=O)S(=O)(=O)CCN3)C(C=C(C)C)O2,0.0699,ok
O=C1C=C(c2cc(F)cc(F)c2)C(=O)c2ccccc21,0.0021,ok
O=C1c2[nH]cc(CNC3CCNC3)c2C(=O)c2c1c(O)c1ccccc1c2O,0.0094,ok
COc1ccc(OC)c(NC2=CC(=O)c3cnc4cccc(O)c4c3C2=O)c1,0.0613,ok
O=C1c2oc3cc(O)cc(O)c3c2C(=O)c2c(O)ccc(O)c21,0.0,ok
O=C1c2ccccc2C(=O)c2c(-c3ccccc3O)noc21,0.0035,ok
CN(C)CCc1ccc(O)c(O)c1C1=C(C2C(=O)N(C)C(=O)N2C)C(=O)c2c(CCN)c[nH]c2C1=O,,no_quinone_ring_found
O=C1c2ccccc2C(=O)c2c(-c3ccc(O)cc3)noc21,0.0017,ok
COc1cc(O)c(-c2noc3c2C(=O)c2ccccc2C3=O)cc1Cl,0.0058,ok
O=C1c2ccccc2C(=O)c2c(-c3cc(Cl)c(O)cc3O)noc21,0.0038,ok
CC(C)=CCC(OC(=O)C(C)C)c1cc(O)c2c(c1O)C(=O)C=CC2=O,0.0007,ok
NC1CCN(Cc2c[nH]c3c2C(=O)c2c(c(O)c4ccccc4c2O)C3=O)CC1,0.0026,ok
O=C1c2[nH]cc(CN3CC4CC3CN4)c2C(=O)c2c1c(O)c1ccccc1c2O,0.0126,ok
Cc1oc2c(c1C(=O)NC1CCCNC1)C(=O)c1c(c(O)c3ccccc3c1O)C2=O,0.0192,ok
Cc1oc2c(c1C(=O)N1CCCC(N)C1)C(=O)c1c(c(O)c3ccccc3c1O)C2=O,0.0029,ok
Cc1oc2c(c1C(=O)NC1CCNCC1)C(=O)c1c(c(O)c3ccccc3c1O)C2=O,0.0182,ok
Cc1oc2c(c1C(=O)NC1CCNC1)C(=O)c1c(c(O)c3ccccc3c1O)C2=O,0.0196,ok
Cc1oc2c(c1C(=O)N1CCC(N)CC1)C(=O)c1c(c(O)c3ccccc3c1O)C2=O,0.0369,ok
Cc1oc2c(c1C(=O)N1CCNCC1C)C(=O)c1c(c(O)c3ccccc3c1O)C2=O,0.0159,ok
CCc1nc(-c2cc3c(s2)C(=O)c2ccccc2C3=O)no1,0.0,ok
Cc1oc2c(c1C(=O)N1CCNC(C)C1)C(=O)c1c(c(O)c3ccccc3c1O)C2=O,0.0155,ok
Cc1oc2c(c1C(=O)NC1CN3CCC1CC3)C(=O)c1c(c(O)c3ccccc3c1O)C2=O,0.0176,ok
CCN(CC)c1ccc2c(c1)oc(=O)c1c3c(ccc12)C(=O)C=CC3=O,0.096,ok
Cc1nnc(-c2cc3c(s2)C(=O)c2ccccc2C3=O)o1,0.0,ok
COc1ccc2c(c1)oc(=O)c1c3c(ccc12)C(=O)C=CC3=O,0.0986,ok
COC1=CC(=O)C(OC)=C(C(O)CCCCCCCCCO)C1=O,0.0242,ok
N#Cc1cc2c(s1)C(=O)c1ccccc1C2=O,0.0,ok
O=C1C=CC(=O)c2c1ccc1c2c(=O)oc2cc(F)ccc21,0.082,ok
O=C1C=CC(=O)c2c1ccc1c2c(=O)[nH]c2ccc(Cl)cc21,0.0927,ok
COC(=O)c1cc2c(s1)C(=O)c1ccccc1C2=O,0.0,ok
O=C1C=CC(=O)c2c1ccc1c2c(=O)oc2cc(O)ccc21,0.0826,ok
O=Cc1ccccc1OCc1cn(Cc2ccc3c(c2)C(=O)c2ccccc2C3=O)nn1,0.0051,ok
O=C1c2ccccc2C(=O)c2sc(-c3nnco3)cc21,0.0,ok
CCc1noc(-c2cc3c(s2)C(=O)c2ccccc2C3=O)n1,0.0,ok
O=C1C=CC(=O)c2c1ccc1c2c(=O)[nH]c2cc(Cl)ccc21,0.0928,ok
COC1=CC(=O)C(OC)=C(CCCCCCCCCCCO)C1=O,0.0094,ok
O=C(C=Cc1ccccc1)OCC#CCOC1=C(Cl)C(=O)c2cccnc2C1=O,0.0058,ok
C#CCCOC1=C(OCCC#C)C(=O)c2ncccc2C1=O,0.0182,ok
O=C1C=CC(=O)c2c1ccc1c2c(=O)oc2ccc(F)cc21,0.082,ok
C#CCOC1=C(OCC#C)C(=O)c2ncccc2C1=O,0.0009,ok
CCc1nnc(-c2cc3c(s2)C(=O)c2ccccc2C3=O)o1,0.0,ok
COC1=CC(=O)C(OC)=C(CCCCCCCCCCO)C1=O,0.0067,ok
COC1=CC(=O)C(OC)=C(CCCCCCCCO)C1=O,0.0114,ok
CC(=O)NC1=CC(=O)C(NCCN2CCCC2)=CC1=O,0.0083,ok
C#CC(C)OC1=C(Cl)C(=O)c2cccnc2C1=O,0.0223,ok
O=C1C=CC(=O)c2c1ccc1c2c(=O)oc2c3ccccc3ccc12,0.0822,ok
O=Cc1cc(F)ccc1OCc1cn(Cc2ccc3c(c2)C(=O)c2ccccc2C3=O)nn1,0.0028,ok
Cc1ccc2c(c1)oc(=O)c1c3c(ccc12)C(=O)C=CC3=O,0.098,ok
O=C1C=CC(=O)c2c1ccc1c2c(=O)[nH]c2ccccc21,0.0933,ok
O=C1C(OCC#Cc2ccccc2)=C(OCC#Cc2ccccc2)C(=O)c2ncccc21,0.0076,ok
O=C1C=CC(=O)c2c1ccc1c2c(=O)oc2cc(Cl)ccc21,0.082,ok
O=C(NC1CCCNC1)c1cc2c(o1)C(=O)c1c(c(O)c3ccccc3c1O)C2=O,0.0003,ok
NC1CCCN(C(=O)c2cc3c(o2)C(=O)c2c(c(O)c4ccccc4c2O)C3=O)C1,0.0175,ok
O=C(NC1CCNCC1)c1cc2c(s1)C(=O)c1c(c(O)c3ccccc3c1O)C2=O,0.0004,ok
O=C1c2ccc(NC3=NCCN3)cc2C(=O)c2ccc(NC3=NCCN3)cc21,0.0101,ok
CCOC(=O)c1c2c(n3ccc(NC(=O)CCN(C)C)cc13)C(=O)c1ncccc1C2=O,0.0225,ok
O=C1c2cccnc2C(=O)c2c1c(C(=O)OCCCN1CCCC1)c1c(F)cccn21,0.0145,ok
O=C1c2cccnc2C(=O)c2c1c(C(=O)OCCN1CCOCC1)c1c(F)cccn21,0.0161,ok
CC1=C(CCCOC2OC3OC4(C)CCC5C(C)CCC(C2C)C35OO4)C(=O)C(C(C)C)=CC1=O,0.002,ok
CC1=C(CCCOC(=O)CC2OC3OC4(C)CCC5C(C)CCC(C2C)C35OO4)C(=O)C(C(C)C)=CC1=O,0.0045,ok
O=C1C=CC(=O)c2c(C=Cc3ccccc3)cccc21,0.0082,ok
O=C1c2cccnc2C(=O)c2c1c(C(=O)OCCCN1CCCCC1)c1c(F)cccn21,0.0145,ok
CN1CCN(CCOC(=O)c2c3c(n4cccc(F)c24)C(=O)c2ncccc2C3=O)CC1,0.0189,ok
CN(C)CCOC(=O)c1c2c(n3cccc(F)c13)C(=O)c1ncccc1C2=O,0.014,ok
O=C1c2cccnc2C(=O)c2c1c(C(=O)OCCN1CCCCC1)c1c(F)cccn21,0.0206,ok
O=C1c2cccnc2C(=O)c2c1c(C(=O)OCCCN1CCCCC1)c1c(Cl)cccn21,0.0065,ok
CCOC(=O)c1c2c(n3ccc(NC(=O)CCN4CCCC4)cc13)C(=O)c1ncccc1C2=O,0.0261,ok
CCOC(=O)c1c2c(n3ccc(NC(=O)CCN4CCOCC4)cc13)C(=O)c1ncccc1C2=O,0.0223,ok
CN1CCN(CCCOC(=O)c2c3c(n4cccc(F)c24)C(=O)c2ncccc2C3=O)CC1,0.0219,ok
O=C1c2ccncc2C(=O)c2c1[nH]c1ccc([N+](=O)[O-])cc21,0.0,ok
CCN(CC)C(=S)SCC1=CC(=O)c2ccccc2C1=O,0.0152,ok
O=C1c2cccnc2C(=O)c2c1c(C(=O)OCCN1CCCC1)c1c(F)cccn21,0.0212,ok
O=C1C=Cc2ccccc2C1=O,0.0,ok
O=C1c2cccnc2C(=O)c2c1c(C(=O)OCCN1CCCCC1)c1c(Cl)cccn21,0.0081,ok
O=C1C(=O)c2ccccc2-c2ccccc21,0.0,ok
Cc1coc2c1C(=O)C(=O)c1c-2ccc2c1CCCC2(C)C,0.0382,ok
O=C1C=C(O)c2ccccc2C1=O,0.0445,ok
O=C(O)c1cc(C(=O)O)c2c(n1)C(=O)C(=O)c1cc(C(=O)O)[nH]c1-2,0.0223,ok
CC1(C)CCC2=C(O1)c1ccccc1C(=O)C2=O,0.0044,ok
Cc1cccc2c3c(ccc12)C1=C(C(=O)C3=O)C(C)CO1,0.082,ok
Cc1coc2c1C(=O)C(=O)c1c-2ccc2c(C)cccc12,0.0452,ok
O=C1C(=O)c2ncccc2-c2cccnc21,0.0,ok
CC(C)C1=Cc2ccc3c(c2C(=O)C1=O)CCCC3(C)C,0.0941,ok
O=C1C(=O)c2ccccc2C(O)=C1Cl,0.0,ok
CC(C)=CCC1=C(O)c2ccccc2C(=O)C1=O,0.0588,ok
O=C1C(=O)c2ccccc2C(O)=C1C1CCC(c2ccc(Cl)cc2)CC1,0.0927,ok
CC(C)(C)C1=CC(=O)C(=O)C(C(C)(C)C)=C1,0.0004,ok
CN1CC(O)C2=CC(=O)C(=O)C=C21,0.0136,ok
O=C1C=Cc2cc(Br)ccc2C1=O,0.0,ok
CC1=C(O)c2ccccc2C(=O)C1=O,0.0,ok
CCCCCCCCCCCCC1=C(O)c2ccccc2C(=O)C1=O,0.0058,ok
O=C1C(=O)c2cc([N+](=O)[O-])ccc2-c2ccccc21,0.0,ok
O=C1C(=O)c2cccc([N+](=O)[O-])c2-c2ccccc21,0.1254,ok
CC(C)(C)C1CCC(CC2=C(O)c3ccccc3C(=O)C2=O)CC1,0.0817,ok
O=C1C(=O)c2cccnc2-c2ncccc21,0.0,ok
NC1=CC(=O)C(=O)c2ccccc21,0.0429,ok
O=C1C=C(Nc2ccccc2)c2ccccc2C1=O,0.049,ok
CC(C)(C)C(=O)Nc1ccc2c(c1)C(=O)C(=O)c1ccccc1-2,0.0648,ok
O=C1C=C(O)c2c(O)cc(O)cc2C1=O,0.0,ok
CC1=COC2=C(C)C(=O)C(=O)c3c(C)ccc1c32,0.0667,ok
Cc1coc2c1C(=O)C(=O)c1c-2ccc2c1CCCC2(C)CO,0.0389,ok
NC(CC1=CC(=O)C(=O)C=C1)C(=O)O,0.0072,ok
CC1(C)CCCc2c1ccc1c2C(=O)C(=O)c2c(CO)coc2-1,0.0353,ok
O=C1C(=O)c2ccccc2C(O)=C1CC=C(Cl)Cl,0.0685,ok
CC1(C)C(=O)NC2=C1C(=O)C(=O)c1ccccc12,,no_quinone_ring_found
CC(C)=CCCC1=COC2=C(C)C(=O)C(=O)c3c(C)ccc1c32,0.0662,ok
O=C1C(=O)c2ccccc2C(O)=C1Cc1ccccc1,0.0851,ok
CC(C)=CC1=C(O)c2ccccc2C(=O)C1=O,0.1138,ok
C=C(C)C1CC2=C(O1)c1ccccc1C(=O)C2=O,0.003,ok
O=C1C=C(S(=O)(=O)O)c2ccccc2C1=O,0.006,ok
O=C(O)CC1=C(O)c2ccccc2C(=O)C1=O,0.0122,ok
COC(=O)C1(C)CCCc2c1ccc1c2C(=O)C(=O)c2c(C)coc2-1,0.0409,ok
Cc1coc2c1C(=O)C(=O)c1c-2ccc2c1C(O)CCC2(C)C,0.0445,ok
O=C(O)CC1OCC=C2CN3CCC45C6=CC(=O)C(=O)C([N+](=O)[O-])=C6NC4C1C2CC35,0.0614,ok
O=C1C=C(O)c2cccc(O)c2C1=O,0.0405,ok
O=C1C(=O)c2cccnc2-c2ccccc21,0.0,ok
Cc1ccc2c(c1CCC(=O)C(C)(C)O)C(=O)C(=O)C(C(C)C)=C2,0.0957,ok
CCOC1=CC(=O)C(=O)c2ccccc21,0.0,ok
O=C1C(=O)c2sccc2-c2ccsc21,0.0,ok
Cc1ccc2c(c1CCCC(C)(C)O)C(=O)C(=O)C(C(C)C)=C2,0.0796,ok
CC1=Cc2c(c(C)cc(O)c2C(C)C)C(=O)C1=O,0.1094,ok
O=C1C=C(O)c2c(O)cccc2C1=O,0.0,ok
O=C1C=C(O)c2c(O)cc(O)c(O)c2C1=O,0.0,ok
O=C1C=Cc2ccc3ccccc3c2C1=O,0.0,ok
CC1=C2OCC(C)c3ccc(C)c(c32)C(=O)C1=O,0.074,ok
C=C(C)C1CC2=C(O1)c1cccc(O)c1C(=O)C2=O,0.0019,ok
Cc1coc2c1C(=O)C(=O)c1c-2ccc2c1CCC(O)C2(C)O,0.0371,ok
Cc1cccc2c3c(ccc12)C(O)=C(C(C)CO)C(=O)C3=O,0.1433,ok
COc1cc(C)cc(C(=O)O)c1C1=C(O)c2cccc(O)c2C(=O)C1=O,0.0566,ok
Cc1ccc2c(c1CCC(=O)C(C)C)C(=O)C(=O)C(C(C)C)=C2,0.0968,ok
CC1=Cc2c(C(C)C)ccc(C)c2C(=O)C1=O,0.0988,ok
CC1(C)CCCC2(C)C1CCC1(C)C3=CC(=O)C(=O)c4[nH]cc(c43)CC12O,0.0046,ok
CC(C)=CCCc1c(C)ccc2c1C(=O)C(=O)C(C(C)C)=C2,0.1032,ok
O=C1C(=O)c2ccc(Br)cc2-c2cc(Br)ccc21,0.0,ok
Cc1ccc2c(c1CCC(O)C(C)(C)O)C(=O)C(=O)C(C(C)C)=C2,0.1057,ok
O=C1C=c2cc[nH]c2=CC1=O,0.0,ok
NC(CC1=CC(=O)C(=O)C=C1O)C(=O)O,0.0316,ok
O=C1C=C2CC(C(=O)O)NC2=CC1=O,0.0056,ok
[NH3+]C(CC1=CC(=O)C(=O)C=C1)C(=O)[O-],0.02,ok
C=C(C)C1CCC(C)=CC1C1=C(O)C(NCc2ccccc2)=C(CCCCC)C(=O)C1=O,0.1171,ok
CCCCNC1=CC(=O)C(=O)c2ccccc21,0.0597,ok
CC1=C(c2cc(C(C)C)c(O)cc2C)C=C(C(C)C)C(=O)C1=O,0.0104,ok
O=C1C=C(N2CCCCC2)c2ccccc2C1=O,0.0669,ok
NS(=O)(=O)c1ccc(NC2=CC(=O)C(=O)c3ccccc32)cc1,0.049,ok
CC1=CCCC2C1(C)CCC(C)C2(C)CC1=C(O)C(NCCCCN=C(N)N)=CC(=O)C1=O,0.0618,ok
CC1OC2=C(C(=O)C(=O)c3ccccc32)C1(C)C,0.0125,ok
Nc1ccc2c(c1)C(=O)C(=O)c1ccccc1-2,0.0513,ok
CC1=CCCC2C1(C)CCC(C)C2(C)CC1=C(O)C(NCCCS(C)=O)=CC(=O)C1=O,0.0877,ok
Nc1cccc2c1-c1ccccc1C(=O)C2=O,0.1379,ok
Cc1ccc(NC2=CC(=O)C(=O)c3ccccc32)c(C)c1,0.0528,ok
O=C1C=C(NCc2ccccc2)c2ccccc2C1=O,0.0595,ok
O=C1C(=O)c2ccc([N+](=O)[O-])cc2-c2ccccc21,0.0,ok
CCCC(=O)Nc1ccc2c(c1)C(=O)C(=O)c1ccccc1-2,0.0215,ok
Nc1ccc2c(c1)-c1ccccc1C(=O)C2=O,0.0452,ok
COC(=O)CCCC(=O)Nc1ccc2c(c1)-c1ccccc1C(=O)C2=O,0.0366,ok
O=C(COCc1ccccc1)Nc1ccc2c(c1)C(=O)C(=O)c1ccccc1-2,0.0243,ok
O=C1C(=O)c2cc(-c3ccccc3F)ccc2-c2ccccc21,0.0443,ok
CCOc1ccccc1-c1ccc2c(c1)C(=O)C(=O)c1ccccc1-2,0.05,ok
COC(=O)CCCCCCC(=O)Nc1ccc2c(c1)C(=O)C(=O)c1ccccc1-2,0.0184,ok
O=C1C(=O)c2cc(-c3ccsc3)ccc2-c2ccccc21,0.0478,ok
COC(=O)CCCCCCC(=O)Nc1ccc2c(c1)-c1ccccc1C(=O)C2=O,0.0505,ok
COC(=O)CCC(=O)Nc1ccc2c(c1)-c1ccccc1C(=O)C2=O,0.048,ok
CC(C)CCC1=C(O)c2ccccc2C(=O)C1=O,0.0051,ok
CC1OC2=C(C(=O)C(=O)c3c(O)cccc32)C1(C)C,0.0095,ok
CC1(C)OC2=C(CC1Br)C(=O)C(=O)c1ccccc12,0.0098,ok
COC(=O)CCC(=O)Nc1ccc2c(c1)C(=O)C(=O)c1cc(NC(=O)CCC(=O)OC)ccc1-2,0.0021,ok
O=C1C=C(N2CCOCC2)c2ccccc2C1=O,0.0362,ok
O=C1C(=O)c2ccccc2C2=C1CCO2,0.0031,ok
Cc1ccc(NC2=CC(=O)C(=O)c3ccccc32)cc1,0.0492,ok
CC1(C)CC2=C(O1)c1ccccc1C(=O)C2=O,0.0023,ok
CCOC(=O)c1c2c(n(C)c1C)C(=O)C(=O)c1ccc(Br)cc1-2,0.0635,ok
CCc1cc2c(o1)-c1cccc(O)c1C(=O)C2=O,0.0001,ok
CC(C)=CCC1=C(O)c2c(O)cccc2C(=O)C1=O,0.0522,ok
CC(C)C1=C(O)C2=C(C(=O)C1=O)C1(C)CCCC(C)(C)C1=C(O)C2=O,0.1161,ok
COc1cc(C(=O)OCC(C)(C)CC2=C(O)c3ccccc3C(=O)C2=O)c(OC)c2ccccc12,0.0868,ok
COc1cc(C(=O)OCC(C)(C)CC2=C(O)c3ccccc3C(=O)C2=O)c(O)c2ccccc12,0.0533,ok
CN1CCc2c[nH]c3c2C1=CC(=O)C3=O,0.0075,ok
CC1=CCCc2c1ccc1c2C(=O)C(=O)c2c(C)coc2-1,0.045,ok
C=C1CCCC2C1(C)CCC(C)C2(C)CC1=C(O)C(NCCc2ccccc2)=CC(=O)C1=O,0.1177,ok
CC1=CCCC2C1(C)CCC(C)C2(C)CC1=C(O)C(NCCC(C)C)=CC(=O)C1=O,0.1005,ok
Cc1coc2c1C(=O)C(=O)c1c-2ccc2c1C=CCC2(C)C,0.0483,ok
CSc1c2c3c(n1C)C(=O)C(=O)C(Cl)=C3NCC2,0.004,ok
CC1=Cc2cccc(C)c2C(=O)C1=O,0.0426,ok
CC(CO)C1=C(O)c2ccc3c(c2C(=O)C1=O)CCCC3(C)C,0.1043,ok
CC(C)=CC1CC(C)c2c(O)cc(C)c3c2C1=C(C)C(=O)C3=O,0.0687,ok
COc1cc2c3c(ccc2c(C)c1C)C=C(C(C)C)C(=O)C3=O,0.1127,ok
Cc1c(O)cc2c3c(ccc2c1C)C=C(C(C)C)C(=O)C3=O,0.1098,ok
Cc1cccc2c3c(ccc12)-c1occ(CO)c1C(=O)C3=O,0.0385,ok
C=C(C)C1CC2=C(O1)c1ccc(O)cc1C(=O)C2=O,0.0022,ok
C=C1CCCC2C1(C)CCC(C)C2(C)CC1=C(O)C(N)=CC(=O)C1=O,0.0355,ok
CC1COC2=C1C(=O)C(=O)c1c2ccc2c1C(O)CCC2(C)C,0.0543,ok
Nc1ccc2c(c1)C(=O)C(=O)c1cc(N)ccc1-2,0.0569,ok
C=C(C)C1CC2=C(O1)c1cccc(OC)c1C(=O)C2=O,0.044,ok
CCCCCCCC1=C(C)C(=O)C(=O)c2c1[nH]c1ccccc21,0.0039,ok
O=C1C(=O)C(Br)=C(Br)C(Br)=C1Br,0.0,ok
CN(C)CCCn1c2cc(=O)c(=O)cc-2sc2ccc(Cl)cc21,0.0506,ok
CC(C)CC1=C(O)c2ccccc2C(=O)C1=O,0.0111,ok
O=C1C(=O)c2ccccc2C(O)=C1CCCC1CCC2CCCCC2C1,0.0045,ok
O=C1C=C2CCNC2=CC1=O,0.0042,ok
NCCC1=CC(=O)C(=O)C=C1,0.0001,ok
NC(=O)n1c2cc(=O)c(=O)cc-2ccc2ccccc21,0.008,ok
O=C(O)CCCCCC1=C(O)c2ccccc2C(=O)C1=O,0.0714,ok
O=C(O)CCCC1=C(O)c2ccccc2C(=O)C1=O,0.0721,ok
CC(C)=CCC1=C(c2c[nH]c3ccccc23)C(=O)C(=O)C(c2c[nH]c3ccccc23)=C1O,0.1137,ok
CC1=CC(=O)C(=O)C=C1O,0.0,ok
N#CC=C(C#N)SC1=C(O)c2ccccc2C(=O)C1=O,0.0308,ok
CCCCC(=O)C1=C(O)c2c(O)cc(O)c(O)c2C(=O)C1=O,0.0254,ok
CC1=C(C2=C(C)C(=O)C(=O)C(C(C)C)=C2)C=C(C(C)C)C(=O)C1=O,0.0066,ok
O=C1C=C(Nc2cccc(C(=O)O)c2)c2ccccc2C1=O,0.0539,ok
O=C1C(=O)c2ccccc2C(O)=C1C(CCc1ccccc1)C1=C(O)c2ccccc2C(=O)C1=O,0.1124,ok
CC(C)C1=Cc2ccccc2C(=O)C1=O,0.0039,ok
COc1ccc(CC2=C(O)c3ccccc3C(=O)C2=O)cc1,0.0641,ok
CC1=CCCC2C1(C)CCC(C)C2(C)CC1=C(O)C(NCCc2cnc[nH]2)=CC(=O)C1=O,0.0675,ok
Cc1c(S(=O)(=O)O)oc2c1C(=O)C(=O)c1c-2ccc2c1CCCC2(C)C,0.0428,ok
CCc1ccc(NC2=CC(=O)C(=O)c3ccccc32)cc1,0.049,ok
C=C(C)C1CCC(C)=CC1C1=C(O)C(NCCCCC)=C(CCCCC)C(=O)C1=O,0.1225,ok
CC(C)C1=C(O)C2=C(C(=O)C1=O)C1(C)CCCC(C)(C)C1CC2,0.1189,ok
CC(C)C1=Cc2ccc3c(c2C(=O)C1=O)CCCC3,0.0885,ok
CC1=Cc2ccc3c(c2C(=O)C1=O)CCCC3,0.0761,ok
CCCCCOc1ccc(NC2=CC(=O)C(=O)c3ccccc32)cc1,0.052,ok
CC1=CC(=O)C(=O)c2c1ccc1c2CCCC1,0.0826,ok
Cc1ccc(OC2=CC(=O)C(=O)c3ccccc32)cc1,0.011,ok
COc1cc2c3c(c(OC)c(O)c2cc1C)=C(C)C(=O)C(=O)C=3,0.1007,ok
O=C1C(=O)c2cc([N+](=O)[O-])ccc2-c2ccc([N+](=O)[O-])cc21,0.0,ok
Cc1ccc(-c2cc(NC3C4=C(OC3(C)C)c3ccccc3C(=O)C4=O)n(-c3ccccc3)n2)cc1,0.0296,ok
O=C1C(=O)c2c(nc3ccccn23)-c2ccccc21,0.0,ok
O=C1C(=O)c2ccccc2C(O)=C1c1ccccc1,0.0951,ok
CCCCCCCCCCC1=C(O)c2ccccc2C(=O)C1=O,0.0863,ok
CN(C1=CC(=O)C(=O)c2ccccc21)c1ccccc1,0.0288,ok
O=C1C(=O)c2ccccc2C(O)=C1Br,0.0,ok
Cc1ccc2c(c1C)-c1c(ccc(C)c1C)C(=O)C2=O,0.1742,ok
Cc1coc2c1C(=O)C(=O)c1ccccc1-2,0.0,ok
Cc1coc2c1C(=O)C(=O)c1c-2ccc2c1CCCC2,0.0311,ok
CCOC(=O)c1ccc(NC2=CC(=O)C(=O)c3ccccc32)cc1,0.0493,ok
COc1ccc(C(=O)c2coc3c2C(=O)C(=O)c2ccccc2-3)cc1,0.0239,ok
COC(=O)c1cc2c(n1S(=O)(=O)c1ccc(C)cc1)C(=O)C(=O)c1[nH]cc(C(=O)OCc3ccccc3)c1-2,0.0417,ok
COC(=O)c1c[nH]c2c1-c1cc(C(=O)OCc3ccccc3)n(S(=O)(=O)c3ccc(C)cc3)c1C(=O)C2=O,0.0438,ok
O=C1C=C(Nc2ccccc2O)c2ccccc2C1=O,0.0367,ok
O=C1C(=O)c2c(C(=O)c3ccccc3)coc2-c2ccccc21,0.0242,ok
Cc1ccc(C(=O)c2c(C)oc3c2C(=O)C(=O)c2ccccc2-3)cc1,0.0155,ok
Cc1oc2c(c1C(=O)c1ccccc1)C(=O)C(=O)c1ccccc1-2,0.0153,ok
Cc1oc2c(c1C(=O)c1ccc(Cl)cc1)C(=O)C(=O)c1ccccc1-2,0.0131,ok
O=C1C(=O)c2ccsc2-c2ccccc21,0.0,ok
COc1cc2c(c(O)c1C(C)C)C(=O)C(=O)C1=C2C=CCC1(C)C,0.1054,ok
O=C(Nc1ccc2c(c1)C(=O)C(=O)c1ccccc1-2)c1ccccc1F,0.0,ok
O=C1C=C(c2cc(Cl)cc(Cl)c2)c2ccccc2C1=O,0.0,ok
O=C1C=C(c2ccc(Br)cc2)c2ccccc2C1=O,0.0,ok
O=C1C=C(N2CC2)C(N2CC2)=CC1=O,0.021,ok
CC(C)(C)OC(=O)CNC(=O)c1ccc2c(c1)C(=O)C(=O)c1ccccc1-2,0.0462,ok
CC1(C)CCC2=C(O1)c1cc(Cl)ccc1C(=O)C2=O,0.0045,ok
CCC1(C)CCC2=C(O1)c1ccccc1C(=O)C2=O,0.0048,ok
COC(=O)CCC(=O)Nc1cccc2c1C(=O)C(=O)c1ccccc1-2,0.079,ok
O=C1C=C(c2ccccc2)c2ccccc2C1=O,0.0,ok
CCCC(=O)Nc1ccc2c(c1)-c1ccccc1C(=O)C2=O,0.0015,ok
CC(C)(C)OC(=O)CNC(=O)c1ccc2c(c1)-c1ccccc1C(=O)C2=O,0.0387,ok
O=C(O)CNC(=O)c1ccc2c(c1)-c1ccccc1C(=O)C2=O,0.0399,ok
Cc1ccc(S(=O)(=O)Nc2ccc3c(c2)C(=O)C(=O)c2ccccc2-3)cc1,0.0643,ok
O=C1C=C(c2ccccc2Cl)c2ccccc2C1=O,0.0053,ok
COc1ccccc1-c1ccc2c(c1)C(=O)C(=O)c1ccccc1-2,0.052,ok
O=C(O)CNC(=O)c1ccc2c(c1)C(=O)C(=O)c1ccccc1-2,0.0464,ok
O=C1C(=O)c2cc(-c3cc4ccccc4o3)ccc2-c2ccccc21,0.0,ok
O=C1C(=O)c2cc(-c3ccc4c(c3)OCO4)ccc2-c2ccccc21,0.0351,ok
CC1(C)c2ccc3c(c2CCC1O)C(=O)C(=O)c1c(CO)coc1-3,0.0351,ok
CC1(c2ccccc2)CCC2=C(O1)c1ccccc1C(=O)C2=O,0.011,ok
CC1=CC(=O)C(=O)C=C1C,0.0,ok
O=C1C(=O)c2cc(Br)ccc2-c2ccccc21,0.0,ok
O=C(O)c1ccc2c(c1)C(=O)C(=O)c1ccccc1-2,0.0458,ok
O=C1C(=O)c2ccccc2C2=C1CCCO2,0.0043,ok
Cc1ccc(S(=O)(=O)N(c2ccc3c(c2)C(=O)C(=O)c2ccccc2-3)S(=O)(=O)c2ccc(C)cc2)cc1,0.0588,ok
Cc1coc2c1C(=O)C(=O)c1c-2ccc2c1CCCC2C,0.032,ok
O=C1C=Cc2ccc3c(c2C1=O)CCCC3,0.0601,ok
O=C1C=C(c2ccc(O)cc2)c2ccccc2C1=O,0.0009,ok
Cc1cccn2c3c(nc12)-c1ncccc1C(=O)C3=O,0.0,ok
O=C1C(=O)c2c(nc3ncccn23)-c2ncccc21,0.0,ok
CN1CCc2cn(C)c3c2C1=CC(=O)C3=O,0.0084,ok
O=C(O)c1ccc2c(c1)-c1ccccc1C(=O)C2=O,0.0371,ok
COc1ccc2c(c1)C(=O)C(=O)C1=C2OC(C)C1(C)C,0.0111,ok
CC1(C)OC2=C(C(=O)C(=O)c3ccccc32)C1N=[N+]=[N-],0.0094,ok
COc1ccc2c(c1)C(=O)C(=O)C1=C2OC(C)(C)CC1,0.0044,ok
CCCCCOc1ccc2c(c1)C(=O)C(=O)C=C2c1ccccc1,0.0001,ok
CCOC(=O)CCC1=C(c2ccccc2)c2ccccc2C(=O)C1=O,0.0332,ok
O=C1C=C(c2cc(F)ccc2F)c2ccccc2C1=O,0.0025,ok
COC(=O)CCC1=C(c2ccccc2)c2cc(CCC(=O)OC)ccc2C(=O)C1=O,0.0285,ok
COC(=O)CCc1ccc2c(c1)C(c1ccccc1)=CC(=O)C2=O,0.0017,ok
CC(=O)OC1CC2=C(OC1(C)C)c1ccccc1C(=O)C2=O,0.0094,ok
O=C1C(=O)c2c(nc3ccc(Cl)cn23)-c2ncccc21,0.0,ok
Cc1cc(O)c2c(c1)C(=O)C(=O)C=C2O,0.0007,ok
CC1(C)OC2=C(C(=O)C(=O)c3ccccc32)C1Nc1ccc(Cl)cc1,0.0459,ok
CC1(C)OC2=C(C(=O)C(=O)c3ccccc32)C1Nc1ccc([N+](=O)[O-])cc1,0.0198,ok
CC1(C)OC2=C(C(=O)C(=O)c3ccccc32)C1Nc1ccc(F)c([N+](=O)[O-])c1,0.0342,ok
Cc1coc2c1C(=O)C(=O)c1c-2ccc2c1CCC(C)(C)C2,0.0293,ok
Cc1coc2c1C(=O)C(=O)c1c-2ccc2c1CC(C)CC2,0.0356,ok
Cc1coc2c1C(=O)C(=O)c1c-2ccc2c1CCC(C)C2,0.0311,ok
CC1(C)CCC2=C(O1)c1cccc(O)c1C(=O)C2=O,0.004,ok
CCCCCCC(C)CC1=C(O)c2ccccc2C(=O)C1=O,0.0142,ok
CCCCCCC(C)(C)C1=CC2=C(C(=O)C1=O)c1[nH]ncc1C(C)(C)O2,0.0265,ok
[N-]=[N+]=NCC1CC2=C(O1)c1ccccc1C(=O)C2=O,0.0047,ok
C#Cc1cccc(NC2C3=C(OC2(C)C)c2ccccc2C(=O)C3=O)c1,0.0463,ok
CCCCCCC(C)(C)C1=CC2=C(C(=O)C1=O)c1nn(C)cc1C(C)(C)O2,0.1239,ok
CS(=O)(=O)n1cc(-c2ccccc2)c2c1C=CC(=O)C2=O,0.0012,ok
O=C1C=Cc2c(c(-c3ccccc3)cn2S(=O)(=O)c2ccccc2)C1=O,0.0016,ok
CC(C)=CCOc1cc(C)c2c(c1C(C)C)C=C(C)C(=O)C2=O,0.1128,ok
C=CCOc1cc(C)c2c(c1C(C)C)C=C(C)C(=O)C2=O,0.113,ok
CC(=O)Nc1ccc(S(=O)(=O)n2cc(-c3ccccc3)c3c2C=CC(=O)C3=O)cc1,0.0031,ok
COc1ccc(C2=CC(=O)C(=O)c3c(-c4ccccc4)cn(S(=O)(=O)c4ccccc4)c32)cc1,0.0506,ok
Cc1cc2c(C(C)C)c(O)c(O)c3c(O)oc(c1=c1c(C)cc4c(C(C)C)c(=O)c(=O)c5c(O)oc1c45)c23,0.0098,ok
COc1ccc2c(c1)-c1occ(C)c1C(=O)C2=O,0.0,ok
Nc1cccc2c1C(=O)C(=O)c1ccccc1-2,0.0976,ok
O=C1C=Cc2c(c(-c3ccccc3)cn2S(=O)(=O)c2ccc(F)cc2)C1=O,0.0027,ok
COc1ccc2c(c1)C(=O)C(=O)c1cc(O)c(OC)c(OC)c1-2,0.118,ok
CCc1c(O)c(O)c2c(c1O)C(=O)C(=O)C(N)=C2O,0.0128,ok
CCc1c(O)c(O)c2c(c1O)C(O)=C(N)C(=O)C2=O,0.0164,ok
CCC1=C(O)c2ccccc2C(=O)C1=O,0.0666,ok
Cc1cc(O)cc2c1C1=C(C(=O)C2=O)C(C)(C)C(C)O1,0.0138,ok
CC(C)(C)C1=CC=C(C(C)(C)C)C(=O)C1=O,0.096,ok
CC1(C)OC2=C(CC1O)C(=O)C(=O)c1ccccc12,0.0036,ok
O=C1C=Cc2ccc(O)cc2C1=O,0.0,ok
C=CCOC1=CC(=O)C(=O)c2ccccc21,0.0017,ok
O=C1C(=O)c2ccccc2C(O)=C1CCCCCCCCC1CCCCC1,0.0032,ok
O=C1C(=O)c2ccccc2C=C1Br,0.0,ok
Cc1cc2c(o1)-c1ccccc1C(=O)C2=O,0.0,ok
O=C1C(=O)c2ccccc2C([O-])=C1[n+]1ccccc1,0.0947,ok
Cc1ccc(C(=O)c2coc3c2C(=O)C(=O)C(Br)=C3)cc1,0.0311,ok
CC=CC1=C(O)c2ccccc2C(=O)C1=O,0.0489,ok
CC(C)C=CC1=C(O)c2ccccc2C(=O)C1=O,0.076,ok
CCN(CC)C1=CC(=O)C(=O)c2ccccc21,0.0169,ok
CN1CCc2cccc3c4c(cc1c23)C=CC(=O)C4=O,0.0809,ok
CC1(C)OC2=C(C(=O)C(=O)c3ccccc32)C1O,0.0016,ok
CC(=O)c1cc2c(c(O)c1C)C(=O)C(=O)c1c(O)cccc1-2,0.0471,ok
CC1(C)COC2=C(C1)C(=O)C(=O)c1ccccc12,0.0048,ok
CC(C)C1=C(O)C2=C(C(=O)C1=O)C1(C)CCCC(C)(C)C1CC2O,0.1255,ok
CCCC(=O)c1cc2c(c(O)c1C)C(=O)C(=O)c1c(O)cccc1-2,0.0442,ok
CC(C)C1=C(O)C2=C(C(=O)C1=O)C1(C)CCCC(C)(C)C1C=C2,0.1424,ok
Cc1coc2c1C(=O)C(=O)c1c-2ccc2c1CCC(O)C2(C)C,0.038,ok
CC(=O)OC1CC2C(C)(C)CCCC2(C)C2=C1C(O)=C(C(C)C)C(=O)C2=O,0.1331,ok
CC(C)C1=C(O)C2=C(C(=O)C1=O)C1(C)CCCC(C)(C)C1=C2C=O,0.02,ok
CC1=CCCC2C(C)C(C)(CC3=C(O)C(NCCS(=O)(=O)O)=CC(=O)C3=O)CCC12C,0.0368,ok
C=CC(C)(C)c1[nH]c2ccccc2c1C1=C(O)C(CC=C(C)C)=C(c2c[nH]c3ccccc23)C(=O)C1=O,0.1043,ok
CC(C)C1=C(O)C2=C(C(=O)C1=O)C1(C)CCCC(C)(C)C1C2C=O,0.0146,ok
CCCCCCCCCCCCCC1=C(O)C(NCCCC(=O)O)=CC(=O)C1=O,0.0079,ok
CC1=CC(=O)C(=O)C2=C1OC1(C2)C(C)CCC2C3(C)CCC(O)C(C)(C)C3CCC21C,0.0001,ok
COC1C=CC=C(C)C(=O)NC2=CC(=O)C(=O)C(=C2O)CC(C)CC(OC)C(O)C(C)C=C(C)C1OC(N)=O,,no_quinone_ring_found
CC1=CCCC2C1(C)CCC(C)C2(C)CC1=C(O)C(NCCc2ccccc2)=CC(=O)C1=O,0.0952,ok
O=S1Oc2ccccc2O1,,no_quinone_ring_found
CC1=C(O)c2c(O)ccc(O)c2C(=O)C1=O,0.0,ok
C=C1CCCC2C1(C)CCC(C)C2(C)CC1=C(O)C(NCC(=O)O)=CC(=O)C1=O,0.0853,ok
CC1=C(O)c2cccc(O)c2C(=O)C1=O,0.0,ok
CC1=C2OCC(C)c3c(O)cc(C)c(c32)C(=O)C1=O,0.0859,ok
Cc1ccc2c(c1CCCC(C)(C)O)C(=O)C(=O)C(C(C)C)=C2O,0.1519,ok
CC1=C2OC(C)(C)c3c(O)cc(C)c(c32)C(=O)C1=O,0.0,ok
CC1=Cc2c(c(C)cc3c2C(C)CO3)C(=O)C1=O,0.0652,ok
CC1COC2=C1C(=O)C(=O)c1c2ccc2c1C(=O)CCC2(C)C,0.0936,ok
CC(C)C1=Cc2ccc3c(c2C(=O)C1=O)C(=O)CCC3(C)C,0.1127,ok
COC(=O)c1ccc2c3c1C(=O)C(=O)C(C)=C3OC=C2C,0.0897,ok
CC(C)=CCC1=C(O)c2c(O)ccc(O)c2C(=O)C1=O,0.0114,ok
CC1=Cc2c(c(C)cc3c2C(C)COC3(C)C)C(=O)C1=O,0.0823,ok
C=C(C)CCCc1c(C)ccc2c1C(=O)C(=O)C(C(C)C)=C2,0.1145,ok
O=C1C(=O)c2nn(-c3ccccc3)nc2-c2ccccc21,0.0,ok
CC12CCC3C4=C(CCC3C1CCC2O)C(=O)C(=O)C=C4,0.0123,ok
COC12C(COC(N)=O)C3=C(C(O)=C(C)C(=O)C3=O)N1CC1NC12,0.0447,ok
O=C1C(=O)c2cc(Br)ccc2-c2ccc(Br)cc21,0.0,ok
C=CCC1(C)c2c(C)c3c(c(O)c2OC1O)C(O)=C(C(C)C)C(=O)C3=O,0.1227,ok
Cc1cc2c(C(C)C)c(O)c(O)c3coc(c1=c1c(C)cc4c(C(C)C)c(=O)c(=O)c5coc1c45)c32,0.0114,ok
O=C1C(=O)c2ccccc2C(O)=C1CN1CCCCC1,0.0208,ok
CC(C)(C)C1=CC(=O)C(=O)C=C1,0.0,ok
O=C1C(=O)c2ccccc2C(O)=C1C1=C(O)c2ccccc2C(=O)C1=O,0.0716,ok
O=C1NC(=O)C(C2=CC(=O)C(=O)C=C2)(c2ccccc2)N1,,no_quinone_ring_found
CC12CCC3C4=CC(=O)C(=O)C=C4CCC3C1CCC2=O,0.0186,ok
O=C(C=CC1=CC(=O)C(=O)C=C1)OC1CC(O)(C(=O)O)CC(O)C1O,0.0119,ok
O=C1C(=O)c2cc(O)cc(O)c2C(O)=C1C1=C(O)c2c(O)cc(O)cc2C(=O)C1=O,0.0283,ok
NC(CCCCNC1=CC(=O)C(=O)C=C1CC(N)C(=O)O)C(=O)O,0.0217,ok
CC(C)C1=C(Sc2ccccc2)c2ccccc2C(=O)C1=O,0.0959,ok
CC(C)C1=C(c2ccccc2)c2ccccc2C(=O)C1=O,0.083,ok
O=C1C(=O)c2ccccc2C(O)=C1C(C1=C(O)c2ccccc2C(=O)C1=O)c1ccc(Cl)cc1,0.0856,ok
CC(C)C1=C(Nc2ccccc2)c2ccccc2C(=O)C1=O,0.1005,ok
Cc1ccc(NC2=C(C(C)C)C(=O)C(=O)c3ccccc32)cc1,0.1004,ok
O=C1C=C(Nc2nc(C(=O)O)cc(=O)[nH]2)c2ccccc2C1=O,0.0459,ok
O=C1C(=O)c2ccccc2C(O)=C1C(C1=C(O)c2ccccc2C(=O)C1=O)c1ccccc1,0.0575,ok
O=C1C(=O)c2ccccc2C(O)=C1C(C1=C(O)c2ccccc2C(=O)C1=O)c1ccc(Cl)cc1Cl,0.0844,ok
CCCCCCCCCCCC1=C(O)c2ncsc2C(=O)C1=O,0.0051,ok
CC(C)(C)OC(=O)COc1ccc(CC2=C(c3c[nH]c4ccccc34)c3ccccc3C(=O)C2=O)cc1,0.0991,ok
O=C(O)C=CC1=CC(=O)C(=O)C=C1,0.0117,ok
CCCCCCCC1=C(O)c2ncsc2C(=O)C1=O,0.0003,ok
O=C1C=C(Nc2ccc(O)cc2)c2ccccc2C1=O,0.05,ok
O=C1C(=O)c2ccccc2C(O)=C1Nc1ccc(Cl)cc1,0.1192,ok
CC(C)C1=C(O)C2=C(C(=O)C1=O)C13CCCC(C)(C)C1CC2OC3=O,0.0716,ok
CCOC(=O)c1c2c(n(Cc3ccccc3)c1C)C(=O)C(=O)c1ccccc1-2,0.0805,ok
CCOC(=O)c1c2c(n(-c3ccc(OC)cc3)c1C)C(=O)C(=O)c1ccccc1-2,0.0689,ok
COc1cc(OC)c(NC2=CC(=O)C(=O)c3ccccc32)cc1Cl,0.0411,ok
O=C1C(=O)c2ccccc2C(O)=C1c1ccccc1F,0.0321,ok
Cc1ccc(C2=C(O)c3ccccc3C(=O)C2=O)cc1,0.0063,ok
CC(=O)N(C1=C(O)c2ccccc2C(=O)C1=O)C1CCCCC1,0.1189,ok
CCC(=O)N(CC)C1=C(O)c2ccccc2C(=O)C1=O,0.1046,ok
COc1cc(NC2=CC(=O)C(=O)c3ccccc32)c(OC)cc1Cl,0.0472,ok
O=C1C=C(Nc2cccc3cccnc23)c2ccccc2C1=O,0.0332,ok
COC(=O)c1cc(C)nc2c1C(=O)C(=O)C=C2N1CCOCC1,0.0886,ok
O=C1C=C(N(CCO)Cc2ccccc2)c2ccccc2C1=O,0.0068,ok
CCOC(=O)C(Cc1ccc(O)cc1)NC1=CC(=O)C(=O)c2ccccc21,0.0652,ok
O=C1C(=O)c2ccccc2C(O)=C1CCCCl,0.0676,ok
COc1cc(Cl)c(NC2=CC(=O)C(=O)c3ccccc32)c(OC)c1,0.0374,ok
CC(C)(Br)C1CC2=C(O1)c1ccccc1C(=O)C2=O,0.0043,ok
COc1ccc(N(C)C2=CC(=O)C(=O)c3ccccc32)cc1,0.0277,ok
CCCCC=CC1=C(O)c2ccccc2C(=O)C1=O,0.076,ok
CC1COC2=C(C1)C(=O)C(=O)c1ccccc12,0.0044,ok
CC(COC(=O)c1ccc2ccccc2c1O)CC1=C(O)c2ccccc2C(=O)C1=O,0.0181,ok
COc1cc(C(=O)OCC(C)CC2=C(O)c3ccccc3C(=O)C2=O)c(O)c2ccccc12,0.0707,ok
COc1c(C(=O)OCC(C)CC2=C(O)c3ccccc3C(=O)C2=O)ccc2ccccc12,0.0724,ok
CC(C)(COC(=O)c1ccc2ccccc2c1O)CC1=C(O)c2ccccc2C(=O)C1=O,0.0503,ok
COc1c(C(=O)OCC(C)(C)CC2=C(O)c3ccccc3C(=O)C2=O)ccc2ccccc12,0.0772,ok
COc1ccc(NC2=CC(=O)C(=O)c3ccccc32)cc1,0.0491,ok
CCCCCCCCCCCC(=O)OC1CC2=C(OC1(C)C)c1ccccc1C(=O)C2=O,0.01,ok
Cc1cc2c(o1)-c1ccc3c(c1C(=O)C2=O)CCCC3(C)C,0.0368,ok
O=C1C=C(CCc2ccccc2)c2ccccc2C1=O,0.0105,ok
CC(C)C1=Cc2ccc3c(c2C(=O)C1=O)CCCC3=O,0.0935,ok
CC(C)C1=Cc2ccc3c(c2C(=O)C1=O)CCCCCC3,0.1269,ok
CC(C)C1=Cc2cc3c4c(c2C(=O)C1=O)CCCC4CC3,0.0836,ok
O=C1C=C(Oc2ccccc2)c2ccccc2C1=O,0.011,ok
O=C1C=C(Oc2ccc(Cl)cc2)c2ccccc2C1=O,0.011,ok
O=C1C(=O)c2c(nc3ncccn23)-c2ccccc21,0.0,ok
CC1(C)OC2=C(CC1OC(=O)c1ccc(Br)cc1)C(=O)C(=O)c1ccccc12,0.0098,ok
CC1(C)OC2=C(CC1OC(=O)c1ccc(C#N)cc1)C(=O)C(=O)c1ccccc12,0.0096,ok
COC(C(=O)OC1CC2=C(OC1(C)C)c1ccccc1C(=O)C2=O)c1ccccc1,0.0038,ok
O=C1C(=O)c2c(nc3c(C(=O)O)cccn23)-c2ncccc21,0.0,ok
Cc1cnc2nc3c(n2c1)C(=O)C(=O)c1cccnc1-3,0.0,ok
CC(C)C(=O)OC1CC2=C(OC1(C)C)c1ccccc1C(=O)C2=O,0.0098,ok
COc1ccc(NC2C3=C(OC2(C)C)c2ccccc2C(=O)C3=O)cc1,0.0065,ok
CC1(C)OC2=C(C(=O)C(=O)c3ccccc32)C1n1cc(-c2ccccc2)nn1,0.0137,ok
CC1(C)OC2=C(C(=O)C(=O)c3ccccc32)C1n1cc(C2(O)CCCCC2)nn1,0.0122,ok
O=C1C=CC2=C(OCC3c4cc5c(cc4OC23)OCO5)C1=O,0.0028,ok
CCOC(=O)Nc1cccc2c1C(=O)C(=O)C=C2c1ccccc1,0.0001,ok
CC1(C)OC2=C(C(=O)C(=O)c3ccccc32)C1n1cc(C2=CCCCC2)nn1,0.0143,ok
COc1ccc2c(c1)OCC1C2C2=C(OC1(C)C)C1=C(C(=O)C2=O)C2c3ccc(OC)cc3OCC2C(C)(C)O1,0.1437,ok
COC(=O)CCC1=C(n2ccc3ccccc32)c2ccc(CCC(=O)OC)cc2C(=O)C1=O,0.109,ok
COC(=O)CCc1ccc2c(c1)C(n1ccc3ccccc31)=CC(=O)C2=O,0.0899,ok
CC(C)(C)OC(=O)COc1ccc(CC2=C(n3ccc4ccccc43)c3ccccc3C(=O)C2=O)cc1,0.1106,ok
CCOC(=O)CCC1=C(n2ccc3ccccc32)c2ccccc2C(=O)C1=O,0.1026,ok
CCN(CC)C(=O)CCC1=C(c2ccccc2)c2ccccc2C(=O)C1=O,0.037,ok
CC1(C)CC(O)C2=C(O1)c1ccccc1C(=O)C2=O,0.0146,ok
CC(O)C(NC1=C(CC2CCCC3CCCCC32)C(=O)C(=O)C=C1O)C(=O)O,0.0724,ok
CC(C)NCC(O)COC1=CC(=O)C(=O)c2ccccc21,0.0048,ok
CC1(C)OC2=C(C(=O)C(=O)c3ccccc32)C(O)C1Br,0.0178,ok
CC1(C)OC2=C(C(=O)C(=O)c3ccccc32)C1Nc1ccc(Br)cc1,0.0075,ok
COC1=CC(C2c3cc4c(cc3C(Oc3ccc(F)cc3)C3COC(=O)C23)OCO4)=CC(=O)C1=O,,no_quinone_ring_found
CC(C)=CCCC(C)=CCCC(C)=CCC1=C(O)c2cc(C)c(C)cc2C(=O)C1=O,0.092,ok
CC(=O)OC=CC1=C(O)c2ccccc2C(=O)C1=O,0.0482,ok
CC1(C)OC2=C(C(=O)C(=O)c3ccccc32)C1Nc1ccccc1[N+](=O)[O-],0.0415,ok
Cc1cc([N+](=O)[O-])ccc1NC1C2=C(OC1(C)C)c1ccccc1C(=O)C2=O,0.0325,ok
COc1ccc(OC)c(NC2C3=C(OC2(C)C)c2ccccc2C(=O)C3=O)c1,0.0317,ok
CC(C)OC1C2=C(OC1(C)C)c1ccccc1C(=O)C2=O,0.0216,ok
CC(C)COC1C2=C(OC1(C)C)c1ccccc1C(=O)C2=O,0.0282,ok
CC1(C)OC2=C(C(=O)C(=O)c3ccccc32)C1OC1CCCCC1,0.0217,ok
CC(C)C(=O)OCC(C)(C)CC1=C(O)c2ccccc2C(=O)C1=O,0.0885,ok
CCCC(=O)OCC(C)(C)CC1=C(O)c2ccccc2C(=O)C1=O,0.0882,ok
CCCCCCC(C)C(=O)OCC(C)(C)CC1=C(O)c2ccccc2C(=O)C1=O,0.0858,ok
CCC(C)C(=O)OCC(C)(C)CC1=C(O)c2ccccc2C(=O)C1=O,0.0111,ok
CC(C)CC(=O)OCC(C)(C)CC1=C(O)c2ccccc2C(=O)C1=O,0.0875,ok
CCCCCCCCC(=O)OCC(C)(C)CC1=C(O)c2ccccc2C(=O)C1=O,0.0873,ok
CCCCCCCCCC(=O)OCC(C)(C)CC1=C(O)c2ccccc2C(=O)C1=O,0.1049,ok
CCCCCCCCCCC(=O)OCC(C)(C)CC1=C(O)c2ccccc2C(=O)C1=O,0.0471,ok
CCCCCCCCCCCCCCCCCC(=O)OCC(C)(C)CC1=C(O)c2ccccc2C(=O)C1=O,0.0531,ok
CCCCC(=O)OCC(C)(C)CC1=C(O)c2ccccc2C(=O)C1=O,0.0684,ok
CCCC(C)C(=O)OCC(C)(C)CC1=C(O)c2ccccc2C(=O)C1=O,0.1021,ok
CCC(C)CC(=O)OCC(C)(C)CC1=C(O)c2ccccc2C(=O)C1=O,0.0543,ok
CCCCCCCCCCCC(=O)OCC(C)(C)CC1=C(O)c2ccccc2C(=O)C1=O,0.0475,ok
CCCCCCC(=O)OCC(C)(C)CC1=C(O)c2ccccc2C(=O)C1=O,0.0875,ok
CCCCCCCC(=O)OCC(C)(C)CC1=C(O)c2ccccc2C(=O)C1=O,0.0639,ok
Cc1coc2c1C(=O)C(=O)c1c-2ccc2c1CCC2(C)C,0.0107,ok
Cc1coc2c1C(=O)C(=O)c1c-2ccc2c1COCC2,0.0274,ok
CCCCCCCCCCCCCC(=O)OCC(C)(C)CC1=C(O)c2ccccc2C(=O)C1=O,0.0547,ok
CCCCCCCCCCCCCCCC(=O)OCC(C)(C)CC1=C(O)c2ccccc2C(=O)C1=O,0.0128,ok
CC1(C)OC2=C(C(=O)C(=O)c3ccccc32)C1n1cc(-c2ccc([N+](=O)[O-])cc2)nn1,0.0125,ok
CC1(C)CCC2=C(O1)c1cccc(OC(=O)C(C)(C)C)c1C(=O)C2=O,0.0597,ok
COc1cccc2c1C1=C(CCC(C)(C)O1)C(=O)C2=O,0.0415,ok
Cc1coc2c1C(=O)C(=O)c1c-2ccc2c1C(Br)CCC2(C)C,0.0668,ok
O=C1C(=O)c2ccccc2C(O)=C1N1CCN(c2ccccc2)CC1,0.119,ok
CC(CCCCCC(F)(F)F)CC1=C(O)c2ccccc2C(=O)C1=O,0.0691,ok
CC1(C)CCC2=C(O1)c1c(O)cccc1C(=O)C2=O,0.004,ok
CCCCCCC(C)CC1=C(O)c2cccc(C)c2C(=O)C1=O,0.0972,ok
COc1ccc(OC2=CC(=O)C(=O)c3ccccc32)cc1,0.011,ok
O=C1C(=O)c2c(nc3ccccn23)-c2ccncc21,0.0,ok
O=C1C(=O)c2c(nc3ccc(Cl)cn23)-c2ccncc21,0.0,ok
COC1OC(COC2C3=C(OC2(C)C)c2ccccc2C(=O)C3=O)C2OC(C)(C)OC12,0.0171,ok
O=C1C(=O)c2c(nc3ccccn23)-c2ncncc21,0.0,ok
CC1(C)OC2OC(COC3C4=C(OC3(C)C)c3ccccc3C(=O)C4=O)C3OC(C)(C)OC3C2O1,0.0105,ok
CC(C)C1=C(Br)c2nc3ccccn3c2C(=O)C1=O,0.0,ok
CC1=C(Br)c2nc3ccccn3c2C(=O)C1=O,0.0,ok
CCCCCc1ccc(-c2cn(C3COC4=C(Br)C(=O)C(=O)c5cccc3c54)nn2)cc1,0.0096,ok
CCCCC1=C(Br)c2nc3ccccn3c2C(=O)C1=O,0.0199,ok
O=C1C(=O)c2c(nc3ccccn23)C(Br)=C1Br,0.0,ok
CCCC1=C(Br)c2nc3ccccn3c2C(=O)C1=O,0.0,ok
CCCC(CCC)C1=C(Br)c2nc3ccccn3c2C(=O)C1=O,0.0211,ok
CCC1=C(Br)c2nc3ccccn3c2C(=O)C1=O,0.0011,ok
CCCCCCC1=C(Br)c2nc3ccccn3c2C(=O)C1=O,0.0007,ok
CCC(CC)C1=C(Br)c2nc3ccccn3c2C(=O)C1=O,0.0057,ok
CCCCCC1=C(Br)c2nc3ccccn3c2C(=O)C1=O,0.0009,ok
CCC(C)(C)C1=C(Br)c2nc3ccccn3c2C(=O)C1=O,0.1026,ok
CC(C)(C)C1=C(Br)c2nc3ccccn3c2C(=O)C1=O,0.0947,ok
CC1C2=C(OC1(C)C)c1c(O)cccc1C(=O)C2=O,0.0186,ok
O=C1C(=O)c2c(nc3ccccn23)C(Br)=C1C1CCCCC1,0.0,ok
CC1C2=C(OC1(C)C)c1cccc(O)c1C(=O)C2=O,0.0142,ok
O=C1C(=O)c2ccccc2C(O)=C1Nc1cccc(Cl)c1,0.0659,ok
O=C1C(=O)c2c(O)cccc2C2=C1CCC(c1ccccc1)O2,0.0048,ok
CCCCCCCNC(C1=C(O)c2ccccc2C(=O)C1=O)c1ccccn1,0.0736,ok
O=C1C(=O)c2c(O)cccc2C2=C1CCC(c1ccc(Br)cc1)O2,0.0048,ok
O=C1C(=O)c2c(O)cccc2C2=C1CCC(c1ccc(Cl)cc1)O2,0.0048,ok
O=C1C(=O)c2c(O)cccc2C2=C1CCC(c1ccc(F)cc1)O2,0.0048,ok
CC(=O)OCc1cn(C2C3=C(OC2(C)C)c2ccccc2C(=O)C3=O)nn1,0.013,ok
CC1(C)OC2=C(C(=O)C(=O)c3ccccc32)C1n1cc(CCl)nn1,0.0212,ok
COc1ccc2c(c1)C1=C(C(=O)C2=O)C(C)(C)C(C)O1,0.0119,ok
CC1(C)OC2=C(C(=O)C(=O)c3ccccc32)C1n1cc(CCCCl)nn1,0.0231,ok
COc1cccc2c1C1=C(C(=O)C2=O)C(C)(C)C(C)O1,0.0108,ok
CCCCCCC1=C(OC)C(OC)=CC(=O)C1=O,0.0436,ok
CCCCCCCCC1=C(OC)C(OC)=CC(=O)C1=O,0.0438,ok
CCCCCCCCCCC1=C(OC)C(OC)=CC(=O)C1=O,0.0232,ok
CCCCCCCCCCCC1=C(OC)C(OC)=CC(=O)C1=O,0.0335,ok
CCCCCCCCCCCCC1=C(OC)C(OC)=CC(=O)C1=O,0.0198,ok
CCCCCCCCCCCCCC1=C(OC)C(OC)=CC(=O)C1=O,0.0208,ok
CCCCCCCCCCCCCCC1=C(OC)C(OC)=CC(=O)C1=O,0.0738,ok
COC1=CC(=O)C(=O)C(CC=C(C)CCC=C(C)C)=C1OC,0.0516,ok
CCCCCCCCCCCCCCCC1=C(OC)C(OC)=CC(=O)C1=O,0.0333,ok
CC1(C)CCC2=C(O1)c1ccc([N+](=O)[O-])cc1C(=O)C2=O,0.0045,ok
CC1(C)OC2=C(C(=O)C(=O)c3ccccc32)C1Sc1ccccc1,0.0235,ok
O=C1C(=O)c2c(nc3ccc(C(F)(F)F)cn23)-c2ccccc21,0.0,ok
O=C1C=CC=C(C(O)=C2C=CC=C(c3cccc(O)c3F)N2O)C1=O,0.0251,ok
COC1=CC(=O)C(=O)C(CCCCCCCCO)=C1OC,0.0308,ok
O=C1C=C(Oc2ccc(F)cc2)c2ccccc2C1=O,0.0111,ok
Cc1cc2c(o1)-c1c(c3ccccc3c(=O)n1CCCN1CCC(CCO)CC1)C(=O)C2=O,0.0287,ok
COc1ccc(SC2=CC(=O)C(=O)c3c(-c4ccccc4)cn(S(=O)(=O)c4ccccc4)c32)cc1,0.0645,ok
Cc1cccc2c3c(ccc12)-c1occ(CN2CCC(CO)C2)c1C(=O)C3=O,0.0573,ok
Cc1cccc2c3c(ccc12)-c1occ(CN(C)C)c1C(=O)C3=O,0.0472,ok
CN(C1=CC(=O)C(=O)c2ccccc21)c1ccc(Cl)cc1,0.0281,ok
Cc1ccc(N(C)C2=CC(=O)C(=O)c3ccccc32)cc1,0.0289,ok
CCCCCCCCCCCCNC(C1=C(O)c2ccccc2C(=O)C1=O)c1ccccn1,0.0955,ok
CCN(CC)CCCn1c2c(c3ccccc3c1=O)C(=O)C(=O)c1cc(C)oc1-2,0.0294,ok
CN(C1=CC(=O)C(=O)c2ccccc21)c1ccc(Br)cc1,0.0283,ok
COC1=CC(=O)C(=O)C(CCCCCCCCCCO)=C1OC,0.0304,ok
CCCCCCCCCCCCCCCCNC(C1=C(O)c2ccccc2C(=O)C1=O)c1ccccn1,0.0741,ok
COC1=CC(=O)C(=O)C(CCCCCCCCCCCO)=C1OC,0.0203,ok
Cc1cc2c(o1)-c1c(c3ccccc3c(=O)n1CCCN(C)C)C(=O)C2=O,0.0287,ok
Cc1cc2c(o1)-c1c(c3ccccc3c(=O)n1CCCN1CCC(N3CCOCC3)CC1)C(=O)C2=O,0.0272,ok
CN(C1=CC(=O)C(=O)c2ccccc21)c1ccc(F)cc1,0.0281,ok
O=C1C=C(Oc2ccc(Br)cc2)c2ccccc2C1=O,0.011,ok
CCCCCCCCCCCCCCNC(C1=C(O)c2ccccc2C(=O)C1=O)c1ccccn1,0.0655,ok
CC(=O)c1cc2c(o1)-c1ccccc1C(=O)C2=O,0.0,ok
COc1cccc(C2=CC(=O)C(=O)c3c(-c4ccccc4)cn(S(=O)(=O)c4ccccc4)c32)c1,0.049,ok
O=C1C(=O)c2c(ccc3c2CCCC3)C=C1F,0.0675,ok
CC(C)C1=Cc2ccc3c(c2C(=O)C1=O)CC(C)(C)CC3,0.0955,ok
O=C1C=C(F)c2ccc3c(c2C1=O)CCCC3,0.0628,ok
CC1(C)CCc2ccc3c(c2C1)C(=O)C(=O)C(F)=C3F,0.0766,ok
CC1=Cc2ccc3c(c2C(=O)C1=O)CC(C)(C)CC3,0.0803,ok
CC1(C)CCc2ccc3c(c2C1)C(=O)C(=O)C=C3,0.0653,ok
O=C1C(=O)c2c(ccc3ccccc23)C=C1F,0.0,ok
COC1=Cc2ccc3c(c2C(=O)C1=O)CC(C)(C)CC3,0.1065,ok
CC(=O)Oc1c(OC(C)=O)c2c3cc(O)c(O)cc3oc2c2oc3cc(O)c(O)cc3c12,,no_quinone_ring_found
CC(C)C1=Cc2ccc3c(c2C(=O)C1=O)CCC(C)(C)C3,0.0922,ok
CC1(C)CCc2ccc3c(c2C1)C(=O)C(=O)C=C3F,0.0678,ok
CC1(C)CCc2ccc3c(c2C1)C(=O)C(=O)C(F)=C3,0.0722,ok
CC1=Cc2ccc3c(c2C(=O)C1=O)CCC(C)(C)C3,0.0757,ok
COc1ccc(N(C)C2=CC(=O)C(=O)c3ccccc32)cc1F,0.0243,ok
COc1ccc(N(C)C2=CC(=O)C(=O)c3ccccc32)cc1Cl,0.0249,ok
Cc1coc2c1C(=O)C(=O)c1c-2ccc2c1C=CC(=O)C2(C)C,0.0568,ok
O=C1C(=O)c2ccccc2C(O)=C1Nc1ccccc1Cl,0.1224,ok
CC(C)C1=CC2=C(C(=O)C1=O)C13CCCC(C)(C)C1CC2OC3=O,0.0456,ok
COC(=O)C12CCCC(C)(C)C1CC(OC)C1=C2C(=O)C(=O)C(C(C)C)=C1,0.0881,ok
CC(=O)OCC1C2=C(OC1(C)C)c1ccccc1C(=O)C2=O,0.0203,ok
O=C1C(=O)c2ccccc2C(O)=C1Nc1cccc(C(F)(F)F)c1,0.0719,ok
COC(=O)C12CCCC(C)(C)C1CC(=O)C1=C2C(=O)C(=O)C(C(C)C)=C1,0.1912,ok
O=C1C(=O)c2ccccc2C(O)=C1N1CCN(c2ccc(Cl)cc2)CC1,0.0996,ok
CC(=O)c1nnc(C23CCCC(C)(C)C2CC(=O)C2=C3C(=O)C(=O)C(C(C)C)=C2)o1,0.1945,ok
CC(C)C1=CC2=C(C(=O)C1=O)C1(c3nnc(C(C)NC(=O)OC(C)(C)C)o3)CCCC(C)(C)C1CC2=O,0.0768,ok
O=C1C(=O)c2ccccc2C(O)=C1Nc1cccc(Cl)c1Cl,0.0288,ok
CC1(C)OC2=C(C(=O)C(=O)c3ccccc32)C1CO,0.0017,ok
CC(C)C1=CC2=C(C(=O)C1=O)C13CCCC(C)(C)C1C(OC3=O)C2=O,0.1021,ok
Cc1nnc(C23CCCC(C)(C)C2CC(=O)C2=C3C(=O)C(=O)C(C(C)C)=C2)o1,0.1937,ok
CC1(C)OC2=C(C(=O)C(=O)c3ccccc32)C1n1cc(-c2ccc(Nc3ccccn3)c3nsnc23)nn1,0.0215,ok
O=C1C(=O)c2ccccc2C(O)=C1N1CCN(c2cccc(Cl)c2Cl)CC1,0.0386,ok
CC1(C)C(=O)C=Cc2c1ccc1c2C(=O)C(=O)c2c(CO)coc2-1,0.027,ok
Cc1cc(O)cc(C2NC(=S)NC3=C2C(=O)C(=O)c2ccccc23)c1,0.0677,ok
O=C1C(=O)c2ccccc2C2=C1C(c1cccc(O)c1)NC(=S)N2,0.0748,ok
CC1(C)OC2OC(COC3C4=C(OC3(C)C)c3ccccc3C(=O)C4=O)C(OCc3ccccc3)C2O1,0.0147,ok
O=C1C(=O)c2ccccc2C2=C1C(c1cc(O)cc(Cl)c1)NC(=S)N2,0.0655,ok
O=C1C(=O)c2ccccc2C2=C1C(c1ccc(Cl)c(O)c1)NC(=S)N2,0.0661,ok
COc1ccc2c(c1)C1=C(C(=O)C2=O)C(c2cc(C)cc(O)c2)NC(=S)N1,0.0718,ok
COc1ccc2c(c1)C(=O)C(=O)C1=C2NC(=S)NC1c1cccc(O)c1,0.0688,ok
O=C1C(=O)c2ccccc2C2=C1C(c1cc(O)ccc1Br)NC(=S)N2,0.0656,ok
O=C1C(=O)c2ccc(Cl)cc2C2=C1C(c1cccc(O)c1)NC(=S)N2,0.0707,ok
COc1ccc2c(c1)C1=C(C(=O)C2=O)C(c2cccc(O)c2)NC(=S)N1,0.068,ok
COc1ccc2c(c1)C(=O)C(=O)c1c(C)coc1-2,0.0,ok
COc1ccc2c(c1)C(=O)C(=O)c1cc(C)oc1-2,0.0,ok
CC(=O)OCc1coc2c1C(=O)C(=O)c1c-2ccc2c1C=CC(=O)C2(C)C,0.0604,ok
COc1cccc2c1-c1occ(C)c1C(=O)C2=O,0.0,ok
CC1(C)C(=O)CCc2c1ccc1c2C(=O)C(=O)c2c(CO)coc2-1,0.2011,ok
CC1(C)C(=O)C=Cc2c1ccc1c2C(=O)C(=O)c2c(CF)coc2-1,0.0283,ok
CC1(C)C(=O)C=Cc2c1ccc1c2C(=O)C(=O)c2c(CCl)coc2-1,0.0263,ok
O=C1C(=O)c2ccccc2C(O)=C1C(Nc1cccc([N+](=O)[O-])c1)c1ccc([N+](=O)[O-])cc1,0.1213,ok
CC(=O)OC1CCc2c(ccc3c2C(=O)C(=O)c2c(C)coc2-3)C1(C)C,0.0357,ok
Cc1coc2c1C(=O)C(=O)c1c-2ccc2c1C(=O)C(O)CC2(C)C,0.088,ok
COc1cc(OC)cc(C2C3=C(Nc4nnnn42)c2ccccc2C(=O)C3=O)c1,0.0787,ok
CC1(C)OC2=C(CC1CN=[N+]=[N-])C(=O)C(=O)c1ccccc12,0.0087,ok
Cc1coc2c1C(=O)C(=O)c1c-2ccc2c1CCC(=O)C2(C)C,0.046,ok
CC(=O)OCc1coc2c1C(=O)C(=O)c1c-2ccc2c1CCC(O)C2(C)C,0.0318,ok
CC(=O)OC1CCc2c(ccc3c2C(=O)C(=O)c2c(CO)coc2-3)C1(C)C,0.0328,ok
Cc1c(CNCCCCCNC(=O)C=Cc2cccnc2)oc2c1C(=O)C(=O)c1c-2ccc2c1CCCC2(C)C,0.038,ok
CC1(C)OC2=C(C(=O)C(=O)c3ccccc32)C1CN=[N+]=[N-],0.0297,ok
Cc1coc2c1C(=O)C(=O)c1c-2ccc2c1CCC(OS(C)(=O)=O)C2(C)C,0.0385,ok
CC(=O)OCc1coc2c1C(=O)C(=O)c1c-2ccc2c1CCC(=O)C2(C)C,0.0408,ok
Cc1ccc2c(c1CCC(N)=O)C(=O)C(=O)C(C(C)C)=C2,0.0904,ok
O=C1C=Cc2c(c(-c3ccccc3)cn2S(=O)(=O)c2cccc([N+](=O)[O-])c2)C1=O,0.0037,ok
O=C1C=Cc2c(c(-c3ccccc3)cn2S(=O)(=O)c2cccc(F)c2)C1=O,0.002,ok
COc1ccc(-c2cn(S(=O)(=O)c3ccccc3)c3c2C(=O)C(=O)C=C3)cc1,0.0031,ok
COc1cccc(-c2cn(S(=O)(=O)c3ccccc3)c3c2C(=O)C(=O)C=C3)c1,0.0026,ok
Cc1ccc2c(c1CCC(=O)NCCCCCC(=O)CNc1ccccc1N)C(=O)C(=O)C(C(C)C)=C2,0.0971,ok
CN(C)c1ccc(-c2cn(S(=O)(=O)c3ccccc3)c3c2C(=O)C(=O)C=C3)cc1,0.003,ok
CC1=CC(=O)C(=O)c2c(-c3ccccc3)cn(S(=O)(=O)c3ccccc3)c21,0.0427,ok
O=C1C(=O)c2c(-c3ccccc3)cn(S(=O)(=O)c3ccccc3)c2C2=C1C1C=CC2CC1,0.0405,ok
O=C1C=C(Nc2ccc(F)cc2)c2ccccc2C1=O,0.0498,ok
O=C1C(=O)c2ccccc2C(O)=C1c1cccc([N+](=O)[O-])c1,0.0143,ok
O=c1c(=O)c2cc3ccccc3c3ccc4cccc1c4c23,0.0,ok
O=C1C=C(c2ccccc2)c2c(c(-c3ccccc3)cn2S(=O)(=O)c2ccccc2)C1=O,0.0502,ok
O=C1C=C(NCCCCC2CCCCC2)c2ccccc2C1=O,0.0663,ok
COc1ccc(NC2=CC(=O)C(=O)c3ccccc32)nn1,0.0538,ok
O=C1C=C(Nc2ccc([N+](=O)[O-])cc2)c2ccccc2C1=O,0.05,ok
CC(C)(O)C1CC2=C(O1)c1ccccc1C(=O)C2=O,0.0031,ok
CCCCCCCCCCCCCCCC1=C(O)c2ncccc2C(=O)C1=O,0.0063,ok
CN(C)CCCN(C1=CC(=O)C(=O)c2ccccc21)c1ccccc1,0.0385,ok
O=C1C=C(Sc2ccccc2)c2ccccc2C1=O,0.0233,ok
Cc1ccc(SC2=CC(=O)C(=O)c3ccccc32)cc1,0.0235,ok
CC(=O)NC1=CC(=O)C(=O)c2ccccc21,0.0966,ok
CCCCCCCCCCCCCCCCCCSC1=C(O)c2ncccc2C(=O)C1=O,0.0179,ok
CCC(C)C=C(C)C1=Cc2cc3c(c(O)c2CO1)C(=O)C(=O)C(OC)=C3,0.0016,ok
CC1(C)OC2=C(C(=O)C(=O)c3ccccc32)C1Nc1ccc(Br)cc1Br,0.0401,ok
CC1=CCCc2c1ccc1c2C(=O)C(=O)C(C(C)C)=C1,0.0947,ok
CC(=O)OC1C2=C(C(=O)C(=O)C(C(C)C)=C2O)C2(C)CCCC(C)(C)C2C1OC(C)=O,0.1378,ok
C=C1CCCC2C1(C)CCC(C)C2(C)CC1=C(O)C(NCC(C)C)=CC(=O)C1=O,0.0364,ok
CC1=CCCC2C(C)C(C)(CC3=C(O)C(N)=CC(=O)C3=O)CCC12C,0.028,ok
CC(C)C1=C(O)C2=C(C(=O)C1=O)C1(C)CCCC(C)(C)C1(O)C=C2,0.1475,ok
CC1(C)C=Cc2c(c3ccoc3c3oc4c(O)cccc4c23)O1,,no_quinone_ring_found
CSCCCNC1=CC(=O)C(=O)C(CC2(C)C(C)CCC3(C)C(C)=CCCC32)=C1O,0.0553,ok
CC1=CCCC2C1(C)CCC(C)C2(C)CC1=C(O)C(NCCc2c[nH]c3ccccc23)=CC(=O)C1=O,0.083,ok
CC1=CCCC2C1(C)CCC(C)C2(C)CC1=C(O)C(NCCc2ccc(O)cc2)=CC(=O)C1=O,0.1133,ok
CC(=O)c1cc(C)c(O)c(CC2=C(C)C(=O)C(=O)C(C)=C2O)c1O,0.1048,ok
COc1cc(O)c2c(c1)-c1oc(C)cc1C(=O)C2=O,0.0,ok
CC(C)C1=CC2=C(C(=O)C1=O)C13COC2CC1C(C)(C)CC(O)C3,0.0499,ok
O=C1C(=O)c2c(oc3cc(O)c(O)cc23)-c2oc3cc(O)c(O)cc3c21,0.0004,ok
C=C1CCCC2C1(C)CCC(C)C2(C)CC1=C(O)C(NC)=CC(=O)C1=O,0.0226,ok
COc1cccc2c1C(=O)C(=O)C=C2c1ccc(O)c2c(OC)cccc12,0.0913,ok
O=c1c(=O)c2c([N+](=O)[O-])ccc3ccc4cccc1c4c32,0.0602,ok
C=C1CCCC2C1(C)CCC(C)C2(C)CC1=C(O)C(NCCCSC)=CC(=O)C1=O,0.0741,ok
COC1=CC(=O)c2c(cc(OC)c(C(C)C3=C(O)c4c(O)cc(OC)cc4C(=O)C3=O)c2O)C1=O,0.0039,ok
C=CC(C)(C)C1=C(O)c2ccccc2C(=O)C1=O,0.133,ok
O=C1C(=O)c2ccccc2C(O)=C1CCCCC1CCCCC1,0.0104,ok
CC(C)(C)CC1=C(O)c2ccccc2C(=O)C1=O,0.0533,ok
O=C1C=C(c2c(O)ccc3ccccc23)c2ccccc2C1=O,0.0041,ok
COc1cc2c(cc1OC)C(O)=CC(=O)C2=O,0.0,ok
CCCCCC(O)(CCCCC)CCCCCCCCC1=C(O)c2ccccc2C(=O)C1=O,0.0194,ok
O=C1C=Cc2ncccc2C1=O,0.0,ok
O=C1C(=O)c2ccccc2C(O)=C1CCCc1ccc(C2CCCCC2)cc1,0.0709,ok
O=C1C(=O)c2ccccc2C(O)=C1CCCC1CCCCC1,0.0034,ok
O=C1C(=O)c2ccccc2C(O)=C1Cc1ccc(Cl)cc1,0.0846,ok
O=C1C(=O)c2c(C(=O)c3ccccc3)coc2C=C1Br,0.0312,ok
O=C1C(=O)c2c(C(=O)c3ccccc3)coc2C(Cl)=C1Cl,0.0202,ok
CCCc1ccc(CC2=C(O)c3ccccc3C(=O)C2=O)cc1,0.0213,ok
O=C1C=Cc2c(ccc3ccccc23)C1=O,0.0,ok
CN1CCC2(C)C3=CC(=O)C(=O)C=C3N(C)C12,0.0063,ok
O=C1C=C(Nc2ccccc2C(=O)O)c2ccccc2C1=O,0.0447,ok
CC(=O)OC1C2=C(C(=O)C(=O)C(C(C)C)=C2O)C2(C)CCCC(C)(C)C2C1O,0.1428,ok
CC(=O)C(C(C)=O)C1=C(Cl)C(=O)C(=O)c2c(C(=O)c3ccc(C)cc3)coc21,0.0318,ok
CCOC(=O)c1c2c(n(C)c1CO)C(=O)C(=O)c1ccc(Br)cc1-2,0.0748,ok
COC(=O)c1cccc2c1C=CC(=O)C2=O,0.016,ok
CC(C)=CCCC(C)=CCC1=C(O)c2ccccc2C(=O)C1=O,0.0087,ok
COC(=O)c1ccc2c(c1)C=CC(=O)C2=O,0.0,ok
CC1OC2=C(C(=O)C(=O)c3ccccc32)C1C,0.005,ok
O=C1C=C(O)c2c(O)c(O)c(O)c(O)c2C1=O,0.0,ok
O=C1C(=O)c2ccc(NC(=O)c3ccccc3C(F)(F)F)cc2-c2ccccc21,0.0497,ok
O=C(Nc1ccc2c(c1)-c1ccccc1C(=O)C2=O)c1ccccc1F,0.0339,ok
O=C1C(=O)c2cc(NC(=O)c3c(Cl)cc(Cl)cc3Cl)ccc2-c2ccccc21,0.0638,ok
O=C1C=C(Br)c2ccccc2C1=O,0.0,ok
CC1CC2=C(O1)c1ccccc1C(=O)C2=O,0.0039,ok
Cc1ccc2c(c1CCC1OC1(C)C)C(=O)C(=O)C(C(C)C)=C2,0.0976,ok
CC1CCC2=C(O1)c1ccccc1C(=O)C2=O,0.0043,ok
CN(C)CCNC1=CC(=O)C(=O)c2ccccc21,0.067,ok
CN(C)C1=CC(=O)C(=O)c2ccccc21,0.0456,ok
Cc1ccc2c(c1)C(=O)C(=O)c1c(C)coc1-2,0.0005,ok
O=C1C=C(c2cc(Cl)ccc2Cl)c2ccccc2C1=O,0.0049,ok
Cn1cc(C2=CC(=O)C(=O)c3ccccc32)c2ccccc21,0.0203,ok
O=C1C=C(c2c(-c3ccccc3)[nH]c3ccccc23)c2ccccc2C1=O,0.023,ok
CC(C)(C)c1cc(C2=CC(=O)C(=O)c3ccccc32)cc(C(C)(C)C)c1O,0.0009,ok
Cc1ccc2nc3c(n2c1)C(=O)C(=O)c1ccccc1-3,0.0,ok
Cc1cccc2nc3c(n12)C(=O)C(=O)c1cccnc1-3,0.0275,ok
O=C1C(=O)c2c(nc3ccc(F)cn23)-c2ccccc21,0.0,ok
Cc1ccn2c3c(nc2c1)-c1ccccc1C(=O)C3=O,0.0,ok
Cc1cccn2c3c(nc12)-c1ccccc1C(=O)C3=O,0.0,ok
O=C1C(=O)c2c(nc3ccc(Cl)cn23)-c2ccccc21,0.0,ok
O=C1C(=O)c2c(nc3ccc(Br)cn23)-c2ccccc21,0.0,ok
O=C1C(=O)c2ccccc2C(O)=C1CN1CCCC1,0.0559,ok
O=C1C(=O)c2ccccc2C(O)=C1CNC1CCCC1,0.0124,ok
CN(C)c1ccc2[nH]c3ccc(=O)c(=O)c=3oc2c1,0.0012,ok
CC1(C)CCC2=C(O1)c1ccc(O)cc1C(=O)C2=O,0.0044,ok
O=C1C=C(c2cccc3ccccc23)c2ccccc2C1=O,0.0001,ok
CC1(C)OC2=C(C(=O)C(=O)c3ccccc32)C1Nc1cccc([N+](=O)[O-])c1,0.0081,ok
O=C1C=C(c2ccccc2O)c2ccccc2C1=O,0.0012,ok
CCOC(=O)COc1ccc(C2=CC(=O)C(=O)c3ccccc32)cc1,0.0009,ok
CCCCCOC1=C(c2ccccc2)c2ccccc2C(=O)C1=O,0.0669,ok
O=C1C=C(c2ccc(-c3ccccc3)cc2)c2ccccc2C1=O,0.0,ok
CCOC(=O)COc1ccccc1C1=CC(=O)C(=O)c2ccccc21,0.0116,ok
CCCCCCCCCCCCCC1=C(O)C(NCCCC(=O)OC(C)(C)C)=CC(=O)C1=O,0.0452,ok
O=C1C=C(c2ccccc2[N+](=O)[O-])c2ccccc2C1=O,0.0209,ok
O=C1C=C(c2c[nH]c3ccc(C(=O)O)cc23)c2ccccc2C1=O,0.0222,ok
CCOC(=O)c1ccc(CCC2=C(c3ccccc3)c3ccccc3C(=O)C2=O)cc1,0.0243,ok
CC1(C)C=Cc2c(ccc3c2C(O)=CC(=O)C3=O)O1,0.0746,ok
CCCCCCCCCCCCCCC1=C(O)c2ccccc2C(=O)C1=O,0.0035,ok
COc1ccc(NC2C3=C(OC2(C)C)c2ccccc2C(=O)C3=O)c([N+](=O)[O-])c1,0.029,ok
O=C1C=Cc2occ(C(=O)c3ccccc3)c2C1=O,0.0146,ok
COc1ccc(C(=O)c2coc3c2C(=O)C(=O)C(Br)=C3Br)cc1OC,0.0224,ok
COc1ccc(C(=O)c2coc3c2C(=O)C(=O)C=C3)cc1,0.0233,ok
COc1ccc(C(=O)c2coc3c2C(=O)C(=O)C=C3Br)cc1,0.0267,ok
COc1ccc(C(=O)c2coc3c2C(=O)C(=O)C(Cl)=C3Cl)cc1,0.0375,ok
COc1ccc(C(=O)c2coc3c2C(=O)C(=O)C(Cl)=C3Cl)cc1OC,0.0381,ok
COc1ccc(C(=O)c2coc3c2C(=O)C(=O)C(Br)=C3)cc1,0.0314,ok
COc1cc(C(=O)c2coc3c2C(=O)C(=O)C(Cl)=C3Cl)cc(OC)c1OC,0.0393,ok
COc1cc(C(=O)c2coc3c2C(=O)C(=O)C(Br)=C3Br)cc(OC)c1OC,0.0448,ok
COc1cccc2c1C(=O)C(=O)C1=C2OC(C)(C)CC1,0.0851,ok
O=C1C(=O)c2ccccc2C(O)=C1Nc1ccccc1,0.1192,ok
Cc1c(CNc2ccc(F)cc2)oc2c1C(=O)C(=O)c1ccccc1-2,0.0002,ok
O=C1C(=O)c2nc(CN3CCOCC3)oc2-c2ccccc21,0.001,ok
CCc1nc2c(o1)-c1ccccc1C(=O)C2=O,0.0,ok
CCCCCCCCCCCCCC1=C(O)C(NCCCCCC)=CC(=O)C1=O,0.0137,ok
O=C1C=Cc2c(c(-c3ccccc3)cn2S(=O)(=O)c2ccc([N+](=O)[O-])cc2)C1=O,0.002,ok
CCCCOc1cc(C)c2c(c1C(C)C)C=C(C)C(=O)C2=O,0.0729,ok
O=C1C(=O)c2c(c(O)c3ccccc3c2O)-c2cccnc21,0.118,ok
O=C1C(=O)c2ccccc2C(O)=C1C(c1ccc([N+](=O)[O-])cc1)c1c(-c2ccccc2)[nH]c2ccccc12,0.0381,ok
O=C1C(=O)c2ccccc2C(O)=C1C1=C(Cl)C(=O)c2ccccc2C1=O,0.0684,ok
CCCC(=O)C=CC1=C(O)c2cc(O)c(O)cc2C(=O)C1=O,0.0793,ok
CC(C)=CCCC1(C)C=Cc2c(ccc3c2C(=O)C(=O)C(C2=C(Cl)C(=O)c4ccccc4C2=O)=C3O)O1,0.1291,ok
CON(C)Cc1coc2c1C(=O)C(=O)c1c-2ccc2c(C)cccc12,0.0642,ok
Cc1cc2c(cc1C)-c1occ(C)c1C(=O)C2=O,0.0,ok
Cc1cc2c(C(C)C)c(O)c(O)c3c(N)oc(c1=c1c(C)cc4c(C(C)C)c(=O)c(=O)c5c(N)oc1c45)c23,0.0162,ok
O=C1C(=O)c2sccc2-c2ccccc21,0.0,ok
Cc1cc2c(cc1C)-c1oc(CN3CCN(C)CC3)c(C)c1C(=O)C2=O,0.0001,ok
C=C1CCCC2C1(C)CCC(C)C2(C)CC1=C(O)C(NCC(C)CC)=CC(=O)C1=O,0.1035,ok
Cc1c(CNCCNC(=O)C=Cc2cccnc2)oc2c1C(=O)C(=O)c1c-2ccc2c1CCCC2(C)C,0.0434,ok
COc1c(O)c(C)cc2c1C(=O)C(=O)C=C2C(C)C,0.1064,ok
Cc1c2c(cc3c1C(=O)C(=O)C(C(C)CO)=C3O)C(C)(C)CCC2,0.1332,ok
COC1=CC(=O)C(=O)C=C1OC,0.0113,ok
CCCC1=C(O)c2ccccc2C(=O)C1=O,0.0722,ok
CCCCC1=C(O)c2ccccc2C(=O)C1=O,0.012,ok
Cc1cccc2c1C(=O)C(=O)c1cc(C(C)C)ccc1-2,0.1128,ok
COC1C2=C(C(=O)C(=O)C(C(C)C)=C2)C23CCCC(C)(C)C2C1OC3=O,0.0714,ok
COC1=CC(=O)C(=O)c2ccccc21,0.0,ok
COC1=CC(=O)C(=O)c2cccnc21,0.0,ok
O=C1C(=O)c2ccccc2C(O)=C1CCCc1ccc(Cl)cc1,0.0055,ok
O=C1C(=O)c2ccccc2C(Cl)=C1Cl,0.0,ok
CCC=CC1=C(O)c2ccccc2C(=O)C1=O,0.1176,ok
O=C1C=Cc2cc(C(=O)c3ccccc3)ccc2C1=O,0.0014,ok
O=C1C(=O)c2ccccc2C2=C1CCC(c1ccccc1)O2,0.0051,ok
CC1=C2OCC(C)(O)c3ccc(C)c(c32)C(=O)C1=O,0.0617,ok
Cn1cc2c3c1C(=O)C(=O)C(Cl)=C3NCC2,0.0033,ok
CC(C1=C(O)c2ccccc2C(=O)C1=O)C1=C(O)c2ccccc2C(=O)C1=O,0.0476,ok
COC1CC2C(C)(C)CCCC2(C)C2=C1C(O)=C(C(C)C)C(=O)C2=O,0.1269,ok
CC1=CCCC2C1(C)CCC(C)C2(C)CC1=C(O)C(NCC(=O)O)=CC(=O)C1=O,0.0598,ok
CC(C)(COC(=O)c1ccc2c(c1)OCO2)CC1=C(O)c2ccccc2C(=O)C1=O,0.1038,ok
CC(C)C1=C(O)C2=C(C(=O)C1=O)C1(C)CCCC(C)(C)C1CC2=O,0.1131,ok
CC1=CCCC2C1(C)CCC(C)C2(C)CC1=C(O)C(NC(C(=O)O)C(C)C)=CC(=O)C1=O,0.1197,ok
CC(C)C1=C(O)C2=C(C(=O)C1=O)C1(C)CCCC(C)(C)C1=C2,0.0168,ok
CC1=C(O)c2cc(C)ccc2C(=O)C1=O,0.0026,ok
CC=C(C)CCC=C(C)C(=O)OCC(C)(C)CC1=C(O)c2ccccc2C(=O)C1=O,0.0518,ok
COc1cc(C)c2c(c1C(C)C)C=C(C)C(=O)C2=O,0.1126,ok
Cc1cccc2c3c(ccc12)C(=O)C(=O)C1=C3OCC1C,0.0249,ok
Cc1coc2c1C(=O)C(=O)c1ccc3c(C)cccc3c1-2,0.0,ok
CC1=CCCC2C1(C)CCC(C)C2(C)CC1=C(O)C(NC(CO)C(=O)O)=CC(=O)C1=O,0.0733,ok
CCC(C)CNC1=CC(=O)C(=O)C(CC2(C)C(C)CC=C3C2CCCC3(C)C)=C1O,0.1023,ok
CCC(C)CNC1=CC(=O)C(=O)C(CC2(C)C(C)CCC3(C)C(C)=CCCC32)=C1O,0.0557,ok
CC(C)CCNC1=CC(=O)C(=O)C(CC2(C)C(C)CC=C3C2CCCC3(C)C)=C1O,0.0598,ok
CC1=CCCC2C1(C)CCC(C)C2(C)CC1=C(O)C(NCC(C)C)=CC(=O)C1=O,0.1123,ok
CC1=CCCC2C1(C)CCC(C)C2(C)CC1=C(O)C(NCCS(=O)(=O)O)=CC(=O)C1=O,0.0893,ok
CC1CC=C2C(CCCC2(C)C)C1(C)CC1=C(O)C(NCCc2ccccc2)=CC(=O)C1=O,0.0078,ok
CC(C)C1=C(O)C2=C(CC34CCCC(C)(C(=O)O3)C4C=C2)C(=O)C1=O,,no_quinone_ring_found
COc1ccc2c(c1OC)C(=O)C(=O)C(C)=C2O,0.0693,ok
COC(=O)C1C2=C(C(=O)C(=O)C(C(C)C)=C2O)C2(C)CCCC(C)(C)C12,0.0126,ok
CC(C)C1=C(O)C(N)=C(C=Cc2ccccc2)C(=O)C1=O,0.1004,ok
C=C1CCCC2C1(C)CCC(C)C2(C)CC1=C(O)C(NCCC(=O)O)=CC(=O)C1=O,0.0722,ok
COC1=CC(=O)C(=O)c2oc3c(c21)COc1cc(OC)ccc1-3,0.0,ok
CC1=C(CC2=C(O)c3c(cc(O)c(C)c3O)C(=O)C2=O)CCC(C)(C)C1,0.0927,ok
O=C1C(=O)C(Cl)=C(Cl)C(O)=C1Cl,0.0,ok
COC1=CC(=O)C(=O)c2oc3c(c21)COc1c-3ccc(OC)c1O,0.0,ok
Cc1coc2c1C(=O)C(=O)c1c-2ccc2c1CCCC2=O,0.0398,ok
C=C1CCCc2c1ccc1c2C(=O)C(=O)c2c(C)coc2-1,0.0342,ok
CC1=CCCc2c1ccc1c2C(=O)C(=O)C2=C1OCC2C,0.0603,ok
Cc1coc2c1C(=O)C(=O)c1c-2ccc2c1CCCC2(C)O,0.0293,ok
C=C1c2ccc3c(c2CCC1O)C(=O)C(=O)c1c(C)coc1-3,0.0345,ok
Cc1c(C(=O)CCC(C)C)cc2c(c1O)C(=O)C(=O)c1c(O)cccc1-2,0.0459,ok
CC(C)C1=Cc2ccc3c(c2C(=O)C1=O)C=CCC3(C)C,0.1166,ok
CC(C)=CCCC(C)=CCC1=C(O)C(=O)C(=O)C(CC=C(C)C)=C1O,0.0464,ok
Cc1coc2c1C(=O)C(=O)c1c-2ccc2c(CO)cccc12,0.0519,ok
Cc1c(O)c2cc(O)c3c(=O)c4c(O)cccc4c(=O)c3c2c(=O)c1=O,0.0815,ok
Cn1cc2c3c1C(=O)C(=O)C(Br)=C3NCC2,0.0039,ok
Cc1c2c(cc3c1C(=O)C(=O)C(C(C)(C)O)=C3)C(C)(C)CCC2,0.0944,ok
CCC(C)C=C(C)C1=Cc2cc3c(c(O)c2C(OC)O1)C(=O)C(=O)C(OC)=C3,0.0246,ok
CC1CC2=C(O1)c1cccc(O)c1C(=O)C2=O,0.0034,ok
COc1cccc2c1C(=O)C(=O)C1=C2OC(C)C1,0.0466,ok
COC1=Cc2coc(C)c2C(=O)C1=O,0.0085,ok
CC1=C2OC=C(CO)c3ccc(C)c(c32)C(=O)C1=O,0.0659,ok
COC(OC)c1ccc2c3c1C(=O)C(=O)C(C)=C3OC=C2C,0.0773,ok
Cc1cc(O)c2oc3c(O)c(O)cc(C)c3c3c(C)cc(O)c(O)c3oc2c1,,no_quinone_ring_found
O=C1C=C(NCCCO)c2c(CCO)c[nH]c2C1=O,0.023,ok
CC1=C(Cc2ccc3[nH]c4c(c3c2)C(=O)C(=O)C(C)=C4CC(C)O)CCC(C)(C)C1,0.0208,ok
Cc1cc(=O)c2c(O)c3c(cc2o1)C(=O)C(=O)C=C3O,0.0,ok
C=C1CCCC2C1(C)CCC(C)C2(C)CC1=C(O)C(NCCC(C)C)=CC(=O)C1=O,0.1035,ok
O=C1C=Cc2ccc3ccoc3c2C1=O,0.0,ok
CC(=O)NCCC1=CC(=O)C(=O)C=C1,0.0053,ok
CC(C)C1=CC2=C(C(=O)C1=O)C1(C)CCCC(C)(C)C1C(O)C2O,0.0355,ok
CC1(C)OC2=C(C(=O)C(=O)c3ccccc32)C1Nc1ccc(C(=O)C=Cc2ccccc2)cc1,0.0062,ok
CCC(C)(C)C1CCC(C2=C(O)c3ccccc3C(=O)C2=O)CC1,0.0888,ok
CC1=C(O)C2=C(C(=O)C1=O)C(CO)N1C(O)C3CC4C(C1C2N1CCOC41)N3C,0.0625,ok
COc1cc(O)c2c(c1)C(O)=C(O)C(=O)C2=O,0.0,ok
O=C1C(=O)c2ccccc2C(O)=C1CN(CCCl)CCCl,0.0811,ok
O=C1C(=O)c2ccccc2C(O)=C1c1ccc2ccccc2c1,0.0118,ok
CN(C)C(=O)c1cc(C(=O)N(C)C)c2c(n1)C(=O)C(=O)c1cc(C(=O)N(C)C)[nH]c1-2,0.0174,ok
O=C1C(=O)c2ccc(Br)cc2-c2ccccc21,0.0,ok
O=C1C(=O)c2cc3c(ccc4ccccc43)cc2-c2ccccc21,0.0,ok
CCOC(=O)C(C(=O)OCC)C1=CC(=O)C(=O)c2ccccc21,0.0321,ok
CC(C)(C)C1=CC(=O)C(=O)C=C1O,0.0,ok
O=C1C(=O)c2c(oc(-c3ccccc3)cc2=O)C=C1O,0.002,ok
[NH3+]C(CSC1=CC(CC([NH3+])C(=O)[O-])=CC(=O)C1=O)C(=O)[O-],0.0512,ok
CC12CCC3C4=CC(=O)C(=O)C=C4CCC3C1CCC2O,0.034,ok
O=c1cc2oc3ccccc3oc-2cc1=O,0.0,ok
CN1CCC2=CC(=O)C(=O)C=C21,0.0094,ok
O=C1C=C2c3c(c[nH]c3C1=O)CC1OCCCN21,0.0125,ok
O=C1C=Cc2c(ccc3cc4ccccc4cc23)C1=O,0.0,ok
NCCc1c[nH]c2c1C(=O)C(=O)C=C2,0.0024,ok
COC(=O)c1ccccc1NC1=CC(=O)C(=O)c2ccccc21,0.0316,ok
C=C(C)C=CCc1c(C)ccc2c1C(=O)C(=O)C(C(C)C)=C2O,0.1466,ok
CN(C)c1ccc(C(C2=C(O)c3ccccc3C(=O)C2=O)C2=C(O)c3ccccc3C(=O)C2=O)cc1,0.0406,ok
O=C1C=C(c2ccc([N+](=O)[O-])cc2)c2c(c(-c3ccccc3)cn2S(=O)(=O)c2ccccc2)C1=O,0.048,ok
C=C(C)c1cc2c(=O)c3c(O)c(CC=C(C)C)c(O)cc3oc2c2c1C(=O)C(=O)C(CC=C(C)C)=C2O,0.0063,ok
O=C1C=C(N2CC2)c2ccccc2C1=O,0.0,ok
CCCCCCCCCC(=O)OC1=C(C2CCC(c3ccc(Cl)cc3)CC2)C(=O)C(=O)c2ccccc21,0.0918,ok
O=C1C=C(O)c2[nH]c(=O)ccc2C1=O,0.0518,ok
Cc1c2ccccc2cc2c3c(ccc12)C(=O)C(=O)C=C3,0.0028,ok
O=C1C=C(Nc2cccnc2)c2ccccc2C1=O,0.0507,ok
O=C1C=C(NCCc2ccccc2)c2ccccc2C1=O,0.0626,ok
O=C1C(=O)c2ccccc2C(O)=C1CCCc1ccc(C2CCCCCC2)cc1,0.0145,ok
COC(=O)CC1OCC=C2CN3CCC45C6=CC(=O)C(=O)C([N+](=O)[O-])=C6NC4C1C2CC35,0.0172,ok
CCOc1ccc(NC2=CC(=O)C(=O)c3ccccc32)cc1,0.0491,ok
O=C1C=C(Nc2ccc(F)c(C(F)(F)F)c2)c2ccccc2C1=O,0.0563,ok
CC(=O)N(C)C1=C(O)c2ccccc2C(=O)C1=O,0.0939,ok
CC(C)c1ccc(C2=C(O)c3ccccc3C(=O)C2=O)cc1,0.0954,ok
O=C1C=C(Nc2ccccc2C(=O)CC(=O)C(=O)Nc2ccc(Cl)c(Cl)c2)c2ccccc2C1=O,0.032,ok
CC1(C)CCCc2c1ccc1c2C(=O)C(=O)C=C1,0.0683,ok
CC(C)(COC(=O)c1ccc2ccccc2c1)CC1=C(O)c2ccccc2C(=O)C1=O,0.0778,ok
CC(C)(COC(=O)c1ccccc1O)CC1=C(O)c2ccccc2C(=O)C1=O,0.0632,ok
COc1ccccc1C(=O)OCC(C)(C)CC1=C(O)c2ccccc2C(=O)C1=O,0.0857,ok
CC(COC(=O)c1ccc2ccccc2c1)CC1=C(O)c2ccccc2C(=O)C1=O,0.0404,ok
CC1=CCCC(C)C1(C)CCC1(C)c2c(O)cc3c(c2OC1C)C(O)=C(C)C(=O)C3=O,0.005,ok
CC(C)(COC(=O)c1cc(O)c2ccccc2c1O)CC1=C(O)c2ccccc2C(=O)C1=O,0.09,ok
COc1ccccc1C(=O)OCC(C)CC1=C(O)c2ccccc2C(=O)C1=O,0.0627,ok
COc1ccc(O)c(C(=O)OCC(C)(C)CC2=C(O)c3ccccc3C(=O)C2=O)c1,0.0538,ok
COc1ccc(OC)c(C(=O)OCC(C)CC2=C(O)c3ccccc3C(=O)C2=O)c1,0.0287,ok
CC(COC(=O)c1ccccc1)CC1=C(O)c2ccccc2C(=O)C1=O,0.0667,ok
COC1=CC(C2c3cc4c(cc3C(O)C3COC(=O)C23)OCO4)=CC(=O)C1=O,,no_quinone_ring_found
CC(COC(=O)c1ccccc1O)CC1=C(O)c2ccccc2C(=O)C1=O,0.0625,ok
COc1cc(C(=O)OCCCC2=C(O)c3ccccc3C(=O)C2=O)c(O)c2ccccc12,0.064,ok
CC(=O)Nc1c(C)cc(C)c2c1C(=O)C(=O)c1c(-c3ccc(F)cc3)csc1-2,0.1087,ok
CC(C)C1=CC2=C(CC3(O)CCCC(C)(C)C3CC2)C(=O)C1=O,0.0543,ok
COc1ccc(O)c(C(=O)OCC(C)CC2=C(O)c3ccccc3C(=O)C2=O)c1,0.0692,ok
COc1ccc(OC)c(C(=O)OCC(C)(C)CC2=C(O)c3ccccc3C(=O)C2=O)c1,0.0878,ok
CC(=O)Nc1c(C)cc(C)c2c1C(=O)C(=O)c1c(-c3ccccc3)csc1-2,0.111,ok
COc1cc(C(=O)OCC(C)CC2=C(O)c3ccccc3C(=O)C2=O)c(OC)c2ccccc12,0.0075,ok
CC(C)C1=Cc2ccc3c(c2C(=O)C1=O)CCCC3(C)O,0.0771,ok
CC(C)C1=Cc2ncc3c(c2C(=O)C1=O)CCCC3,0.0686,ok
CC(=O)Nc1c(C)cc(C)c2c1C(=O)C(=O)c1c(-c3ccc(Cl)cc3)csc1-2,0.1085,ok
CCCCC1=C(OC)C(OC)=CC(=O)C1=O,0.0573,ok
CC(C)(O)c1cn(C2C3=C(OC2(C)C)c2ccccc2C(=O)C3=O)nn1,0.0221,ok
CC1(C)OC2=C(C(=O)C(=O)c3ccccc32)C1n1cc(CO)nn1,0.0075,ok
CC1(C)OC2=C(C(=O)C(=O)c3ccccc32)C1n1cc(COC2CCCCO2)nn1,0.0119,ok
COc1ccc2c(c1)OCC1C2C2=C(OC1(C)C)c1ccccc1C(=O)C2=O,0.0844,ok
CC1(C)OC2=C(C(=O)C(=O)c3ccccc32)C2c3c(ccc4ccccc34)OCC21,0.0661,ok
CCCCNC(C1=C(O)c2ccccc2C(=O)C1=O)c1cc(C)ccc1O,0.0889,ok
O=C1C(=O)c2ccccc2C(O)=C1C(NCc1ccccc1)c1ccccc1O,0.0579,ok
CCCCNC(C1=C(O)c2ccccc2C(=O)C1=O)c1ccccc1O,0.0972,ok
O=C1C(=O)c2ccccc2C(O)=C1C(NCc1ccccc1)c1cc(Br)ccc1O,0.0446,ok
O=C1C(=O)c2ccccc2C(O)=C1C(NCc1ccco1)c1ccccc1O,0.0626,ok
CC(=O)Nc1c(C)cc(C)c2c1C(=O)C(=O)c1c(-c3ccc(C)cc3)coc1-2,0.0233,ok
Cc1ccc(O)c(C(NCc2ccccc2)C2=C(O)c3ccccc3C(=O)C2=O)c1,0.053,ok
CC(=O)Nc1c(C)cc(C)c2c1C(=O)C(=O)c1c(-c3ccccc3)coc1-2,0.0231,ok
CC(C)C1=Cc2cccc(C(=O)O)c2C(=O)C1=O,0.0962,ok
CC(=O)Nc1c(C)cc(C)c2c1C(=O)C(=O)c1c(-c3ccc(F)cc3)coc1-2,0.022,ok
O=C(Nc1cccc2c1C(=O)C(=O)C=C2c1ccccc1)OCc1ccccc1,0.0016,ok
O=C(Nc1ccc2c(c1)C(=O)C(=O)C=C2c1ccccc1)OCc1ccccc1,0.0,ok
CC(=O)NC(CCC(N)=O)C(=O)NC(CC(=O)Nc1ccc2c(c1)C(=O)C(=O)c1ccccc1-2)C(=O)O,0.0648,ok
COc1ccc2c(c1)C(=O)C(=O)C=C2c1ccccc1,0.0,ok
O=C1C=C(C2CCCC2)c2ccccc2C1=O,0.0267,ok
CCCCCCC1=CC(=O)C(=O)c2ccccc21,0.0206,ok
COc1ccc(C2=CC(=O)C(=O)c3ccccc32)cc1,0.0007,ok
COC(=O)c1ccc(C2=CC(=O)C(=O)c3ccccc32)cc1,0.0007,ok
COC(=O)C(Cc1ccccc1)Oc1ccc2c(c1)C(=O)C(=O)C=C2c1ccccc1,0.0108,ok
O=C1C=C(n2ccc3ccccc32)c2ccc(OC(Cc3ccccc3)C(=O)O)cc2C1=O,0.1035,ok
O=C(O)COc1ccc(CC2=C(n3ccc4ccccc43)c3ccccc3C(=O)C2=O)cc1,0.108,ok
O=C1C=C(c2c[nH]c3cc(C(=O)O)ccc23)c2ccccc2C1=O,0.0222,ok
O=C(O)COc1ccc(CC2=C(c3ccccc3)c3ccccc3C(=O)C2=O)cc1,0.086,ok
Cc1ccc2c(c1CCC(=O)O)C(=O)C(=O)C(C(C)C)=C2,0.0943,ok
CC(=O)OC(CCc1c(C)ccc2c1C(=O)C(=O)C(C(C)C)=C2)C(C)(C)O,0.1188,ok
Cc1ccc2c(c1CCC(Br)C(C)(C)O)C(=O)C(=O)C(C(C)C)=C2,0.1024,ok
C=C(C)C(CCc1c(C)ccc2c1C(=O)C(=O)C(C(C)C)=C2)OO,0.0925,ok
COC1=CC(=O)C(=O)c2c1nc1c(C)c3ccn(C)cc3c(C)c21,0.0562,ok
Cc1ccc2c(c1)C(O)=C(CCC(C)C)C(=O)C2=O,0.0681,ok
Cc1ccc2c(c1)C(=O)C(=O)C(CCC(C)C)=C2O,0.0724,ok
CCCCCCCCCCCCCCSC1=C(O)c2ncccc2C(=O)C1=O,0.0042,ok
CCCCCCCCCCCCSC1=C(O)c2ncccc2C(=O)C1=O,0.0157,ok
CCCCCN(CCCCC)CCCNC1=CC(=O)C(=O)c2ccccc21,0.0587,ok
CCN(CC)CCCCNC1=CC(=O)C(=O)c2ccccc21,0.0617,ok
COc1cc2c(cc1OC)C1=C(CCC(C)(C)O1)C(=O)C2=O,0.0043,ok
CC(C)C1=C(Sc2ccc(F)cc2)c2ccccc2C(=O)C1=O,0.095,ok
CC(C)C1=C(Sc2ccc(Br)cc2)c2ccccc2C(=O)C1=O,0.0951,ok
CC(C)C1=C(Sc2ccc(Br)cc2)c2ccc3c(c2C(=O)C1=O)CCCC3(C)C,0.1724,ok
CC(C)C1=C(Sc2ccc(F)cc2)c2ccc3c(c2C(=O)C1=O)CCCC3(C)C,0.1662,ok
CC(C)C1=C(c2ccccc2)c2ccc3c(c2C(=O)C1=O)CCCC3(C)C,0.1398,ok
CC(=O)Nc1ccc(SC2=C(C(C)C)C(=O)C(=O)c3ccccc32)cc1,0.1306,ok
CC(C)C1=C(Nc2ccc([N+](=O)[O-])cc2)c2ccccc2C(=O)C1=O,0.0941,ok
CC(C)C1=C(Nc2ccc([N+](=O)[O-])cc2)c2ccc3c(c2C(=O)C1=O)CCCC3(C)C,0.1242,ok
CC(=O)Nc1ccc(SC2=C(C(C)C)C(=O)C(=O)c3c2ccc2c3CCCC2(C)C)cc1,0.1478,ok
Cc1ccc(NC2=C(C(C)C)C(=O)C(=O)c3c2ccc2c3CCCC2(C)C)cc1,0.1588,ok
CC(C)C1=C(Sc2ccccc2)c2ccc3c(c2C(=O)C1=O)CCCC3(C)C,0.1495,ok
COc1ccc(NC2=C(C(C)C)C(=O)C(=O)c3c2ccc2c3CCCC2(C)C)cc1,0.1507,ok
COc1ccc(NC2=C(C(C)C)C(=O)C(=O)c3ccccc32)cc1,0.1152,ok
COC(=O)c1cccc(NC2c3cc4c(cc3C(C3=CC(=O)C(=O)C(OC)=C3)C3C(=O)OCC23)OCO4)c1,0.0563,ok
COC1=CC(C2c3cc4c(cc3C(Nc3cccc(Br)c3)C3COC(=O)C23)OCO4)=CC(=O)C1=O,,no_quinone_ring_found
CCOC(=O)c1ccccc1NC1c2cc3c(cc2C(C2=CC(=O)C(=O)C(OC)=C2)C2C(=O)OCC12)OCO3,0.0229,ok
COC1=CC(C2c3cc4c(cc3C(Nc3cncc5ccccc35)C3COC(=O)C23)OCO4)=CC(=O)C1=O,,no_quinone_ring_found
COC1=CC(C2c3cc4c(cc3C(Nc3ccc(C(C)=O)cc3)C3COC(=O)C23)OCO4)=CC(=O)C1=O,,no_quinone_ring_found
COC1=CC(C2c3cc4c(cc3C(Nc3ccc(CC#N)cc3)C3COC(=O)C23)OCO4)=CC(=O)C1=O,,no_quinone_ring_found
COC1=CC(C2c3cc4c(cc3C(=O)C3COC(=O)C32)OCO4)=CC(=O)C1=O,0.2279,ok
COC1=CC(C2c3cc4c(cc3C(Nc3ccc([N+](=O)[O-])cc3)C3COC(=O)C23)OCO4)=CC(=O)C1=O,,no_quinone_ring_found
COC1=CC(C2c3cc4c(cc3C(Nc3ccc(F)cc3)C3COC(=O)C23)OCO4)=CC(=O)C1=O,,no_quinone_ring_found
CCOC(=O)c1ccc(NC2c3cc4c(cc3C(C3=CC(=O)C(=O)C(OC)=C3)C3C(=O)OCC23)OCO4)cc1,0.0147,ok
COC1=CC(C2c3cc4c(cc3C(Nc3ccc(C(F)(F)F)cc3)C3COC(=O)C23)OCO4)=CC(=O)C1=O,,no_quinone_ring_found
COC1=CC(C2c3cc4c(cc3C(Nc3cc([N+](=O)[O-])cc([N+](=O)[O-])c3)C3COC(=O)C23)OCO4)=CC(=O)C1=O,,no_quinone_ring_found
COC1=CC(C2c3cc4c(cc3C(Nc3cccc(F)c3)C3COC(=O)C23)OCO4)=CC(=O)C1=O,,no_quinone_ring_found
COC1=CC(C2c3cc4c(cc3C(Nc3ccccc3F)C3COC(=O)C23)OCO4)=CC(=O)C1=O,,no_quinone_ring_found
COC1=CC(C2c3cc4c(cc3C(Nc3cc(F)cc(F)c3)C3COC(=O)C23)OCO4)=CC(=O)C1=O,,no_quinone_ring_found
COC(=O)c1ccc(NC2c3cc4c(cc3C(C3=CC(=O)C(=O)C(OC)=C3)C3C(=O)OCC23)OCO4)cc1O,0.0261,ok
O=C1C(=O)c2ccccc2C(O)=C1Cc1ccc(OCc2ccccc2)cc1,0.0857,ok
O=C1C=C2OCCc3cccc(c32)C1=O,0.0053,ok
CC1(C)OC2=C(C(=O)C(=O)c3ccccc32)C1Nc1ccc(Cl)c(Cl)c1,0.0169,ok
CC(=O)Nc1c(C)cc(C)c2c1C(=O)C(=O)c1c(-c3ccccc3C)csc1-2,0.1059,ok
CCC(=O)OCC(C)(C)CC1=C(O)c2ccccc2C(=O)C1=O,0.1021,ok
NC(=O)CCC(=O)Nc1cccc2c1C(=O)C(=O)c1c(-c3ccc(Cl)cc3)coc1-2,0.0008,ok
CCCCCCCC(=O)OCCCC1=C(O)c2ccccc2C(=O)C1=O,0.0011,ok
CCCCCC(=O)OCC(C)(C)CC1=C(O)c2ccccc2C(=O)C1=O,0.1036,ok
C=CC(C)(C)C1=C(O)c2cccc(O)c2C(=O)C1=O,0.1259,ok
O=C1C=Cc2cc3c(c(-c4ccc5c(c4)OCO5)c2C1=O)COC3=O,0.0621,ok
CCCCCCCC(=O)OCC1(CC2=C(O)c3ccccc3C(=O)C2=O)CCCCC1,0.0611,ok
CC1(C)OC2=C(C(=O)C(=O)c3ccccc32)C(n2cc(-c3ccccc3)nn2)C1Br,0.0838,ok
CC1(C)OC2=C(C(=O)C(=O)c3ccccc32)C(n2cc(-c3ccc(Br)cc3)nn2)C1Br,0.0389,ok
CC1(C)OC2=C(C(=O)C(=O)c3ccccc32)C(n2cc(-c3ccc(F)cc3)nn2)C1Br,0.0531,ok
CCCCCCC1=CC(=O)C(=O)C=C1O,0.0058,ok
CCCC1=C(O)C2=C(CCCC2)C(=O)C1=O,0.0152,ok
O=C1C=C(O)C(c2cccc([N+](=O)[O-])c2)=CC1=O,0.0014,ok
CC1COC2=CC(=O)C(=O)c3cccc1c32,0.0056,ok
COc1ccc(-c2cn(C3C4=C(OC(C)(C)C3Br)c3ccccc3C(=O)C4=O)nn2)cc1,0.0852,ok
CC1(O)COC2=C(Cl)C(=O)C(=O)c3cccc1c32,0.0332,ok
CC1(OC(=O)c2ccccc2)COC2=C(Cl)C(=O)C(=O)c3cccc1c32,0.0399,ok
CC1=CCCC2C(C)C(C)(CC3=C(O)C(CCCS(=O)(=O)O)=CC(=O)C3=O)CCC12C,0.0423,ok
O=C1C(=O)c2cccc3c2C(=C1Cl)OCC3(O)c1ccccc1,0.0412,ok
CCCC1(O)COC2=C(Cl)C(=O)C(=O)c3cccc1c32,0.0408,ok
O=C1C(=O)c2cccc3c2C(=C1Cl)OCC3(O)Cc1ccccc1,0.0536,ok
C=CCC1(O)COC2=C(Cl)C(=O)C(=O)c3cccc1c32,0.0037,ok
O=C1C(=O)c2cccc3c2C(=C1Cl)OCC3(O)c1ccc(F)cc1,0.0417,ok
O=C1C(=O)c2cccc3c2C(=C1Cl)OC=C3c1ccccc1,0.0,ok
O=C1C(=O)c2cccc3c2C(=C1Cl)OC=C3Cc1ccccc1,0.0095,ok
C=CCC1=COC2=C(Cl)C(=O)C(=O)c3cccc1c32,0.0045,ok
CCCC1=COC2=C(Cl)C(=O)C(=O)c3cccc1c32,0.0087,ok
O=C1C(=O)c2cccc3c2C(=C1Cl)OC=C3c1ccc(F)cc1,0.0,ok
O=C1C=C2OCC(O)(c3ccccc3)c3cccc(c32)C1=O,0.015,ok
O=C1C=C2OCC(O)(Cc3ccccc3)c3cccc(c32)C1=O,0.0151,ok
O=C1C=C2OCC(O)(c3ccc(F)cc3)c3cccc(c32)C1=O,0.0127,ok
O=C1C=C2OC=C(c3ccccc3)c3cccc(c32)C1=O,0.0,ok
O=C1C=C2OC=C(c3ccc(F)cc3)c3cccc(c32)C1=O,0.0,ok
Cc1coc2c1C(=O)C(=O)c1c-2ccc2c1CC(C)(C)CC2,0.0359,ok
Cc1coc2c1C(=O)C(=O)c1c-2ccc2c1CCCCC2,0.0559,ok
CC(C)(CNC(=O)c1ccccc1O)CC1=C(O)c2ccccc2C(=O)C1=O,0.074,ok
COc1cc2c(c(OC)c1CC=C(C)C)CC(C1=CC(=O)C(=O)C(CC=C(C)C)=C1O)CO2,0.0144,ok
CC(C)(CNC(=O)c1ccc2ccccc2c1)CC1=C(O)c2ccccc2C(=O)C1=O,0.0833,ok
CC(C)(CNC(=O)c1ccc2ccccc2c1O)CC1=C(O)c2ccccc2C(=O)C1=O,0.1014,ok
COc1cc(C(=O)NCC(C)(C)CC2=C(O)c3ccccc3C(=O)C2=O)c(O)c2ccccc12,0.0504,ok
COc1cc(C(=O)NCC(C)(C)CC2=C(O)c3ccccc3C(=O)C2=O)c(OC)c2ccccc12,0.0581,ok
CC1(C)OC2=C(C(=O)C(=O)c3ccccc32)C1n1cc(-c2ccc(F)cc2)nn1,0.0131,ok
Cc1ccc(-c2cn(C3C4=C(OC3(C)C)c3ccccc3C(=O)C4=O)nn2)cc1,0.0137,ok
COc1cc(-c2c3c(nc4c2c(C)nn4-c2ccccc2)-c2ccccc2C(=O)C3=O)cc(OC)c1OC,0.0987,ok
COc1ccc(-c2c3c(nc4n[nH]c(-c5ccc(Cl)cc5)c24)-c2ccccc2C(=O)C3=O)cc1,0.1122,ok
CC(=O)NCCc1cn(C2=C(C)C(=O)C(=O)C(C(C)CCC=C(C)C)=C2O)c2ccccc12,0.1324,ok
COC(=O)C(N)Cc1cn(C2=C(C)C(=O)C(=O)C(C(C)CCC=C(C)C)=C2O)c2ccccc12,0.11,ok
COc1ccc2c(c1)c(CCNC(C)=O)cn2C1=C(C)C(=O)C(=O)C(C(C)CCC=C(C)C)=C1O,0.1292,ok
CC(C)(CO)NCC1=C(O)c2ccccc2C(=O)C1=O,0.0129,ok
COc1cc2c(c(OC)c1OC)C1CN(S(=O)(=O)c3ccc(C)cc3)C(CC2)C2=CC(=O)C(=O)C=C21,0.0318,ok
O=C1C(=O)c2ccccc2C(O)=C1CN1CC2CCC1CC2,0.0268,ok
Cc1cccc2c1C(=O)C(=O)C(CC(C)CCCCCC(F)(F)F)=C2O,0.1157,ok
CCCN(CCC)CC1=C(O)c2ccccc2C(=O)C1=O,0.0229,ok
COC(=O)C(Cc1c[nH]c2ccccc12)NC1=C(C)C(=O)C(=O)C(C(C)CCC=C(C)C)=C1O,0.0534,ok
CCCCCCC1=C(O)c2ccccc2C(=O)C1=O,0.0722,ok
O=C1C(=O)c2ccccc2C(O)=C1CSc1ccc(F)cc1,0.0326,ok
COc1ccc(SCC2=C(O)c3ccccc3C(=O)C2=O)cc1,0.0471,ok
Cc1ccc(SCC2=C(O)c3ccccc3C(=O)C2=O)cc1,0.0349,ok
Cc1ccccc1SCC1=C(O)c2ccccc2C(=O)C1=O,0.0514,ok
Cc1cccc(SCC2=C(O)c3ccccc3C(=O)C2=O)c1,0.08,ok
O=C1C(=O)c2ccccc2C(O)=C1C(Sc1ccc(Cl)cc1)c1ccccc1,0.0371,ok
O=C1C(=O)c2ccccc2C(O)=C1C(Sc1ccc(F)cc1)c1ccccc1,0.0806,ok
O=C1C(=O)c2ccccc2C(O)=C1C(Sc1ccc(Cl)cc1)c1ccc([N+](=O)[O-])cc1,0.1091,ok
COc1ccc(SC(C2=C(O)c3ccccc3C(=O)C2=O)c2ccc([N+](=O)[O-])cc2)cc1,0.1071,ok
CSc1ccc(SC(C2=C(O)c3ccccc3C(=O)C2=O)c2ccc([N+](=O)[O-])cc2)cc1,0.1017,ok
O=C1C(=O)c2ccccc2C(O)=C1C(Sc1ccc(O)cc1)c1ccc([N+](=O)[O-])cc1,0.109,ok
O=C1C(=O)c2ccccc2C(O)=C1C(Sc1ccc([N+](=O)[O-])cc1)c1ccc([N+](=O)[O-])cc1,0.1099,ok
Cc1ccccc1SC(C1=C(O)c2ccccc2C(=O)C1=O)c1ccc([N+](=O)[O-])cc1,0.1046,ok
CCCCCC=CCC=CCCCCCCCC1=C(O)c2ccccc2C(=O)C1=O,0.0847,ok
CCCC(C)C(=O)NCC(C)(C)CC1=C(O)c2ccccc2C(=O)C1=O,0.0477,ok
COc1cc(C=NC2=CC(=O)C(=O)c3ccccc32)cc(OC)c1OC,0.0208,ok
COc1ccc(NC2=C(O)c3ccccc3C(=O)C2=O)cc1,0.1187,ok
CCCCCCCCCCCCCC(=O)NCC(C)(C)CC1=C(O)c2ccccc2C(=O)C1=O,0.0562,ok
Cc1cccc(C)c1NC1=C(O)c2ccccc2C(=O)C1=O,0.0878,ok
O=C1C(=O)c2c(nc3ncnn3c2-c2ccc(F)cc2)-c2ccccc21,0.1121,ok
CCCCCCCCCCCCCCCC(=O)NCC(C)(C)CC1=C(O)c2ccccc2C(=O)C1=O,0.0579,ok
O=C1C(=O)c2c(nc3ncnn3c2-c2cccc([N+](=O)[O-])c2)-c2ccccc21,0.1066,ok
COc1ccc(-c2c3c(nc4ncnn24)-c2ccccc2C(=O)C3=O)cc1,0.1148,ok
O=C1C(=O)c2c(nc3ncnn3c2-c2cccs2)-c2ccccc21,0.1159,ok
O=C1C(=O)c2c(nc3ncnn3c2-c2ccc([N+](=O)[O-])cc2)-c2ccccc21,0.1076,ok
Cc1ccc(-c2c3c(nc4ncnn24)-c2ccccc2C(=O)C3=O)cc1,0.1166,ok
O=C1C(=O)c2c(nc3ncnn3c2-c2ccccc2)-c2ccccc21,0.1163,ok
O=C1C(=O)c2c(nc3ncnn3c2-c2ccc(Cl)cc2Cl)-c2ccccc21,0.0975,ok
CN(C)CCN(C)c1cc2c(cn1)C(=O)C(=O)c1c-2nc2ccc(Cl)cn12,0.0031,ok
O=C1C=C(O)C(Cc2ccc3cc(C(=O)O)ccc3c2)=CC1=O,0.0169,ok
CC1(C)OC2=C(C(=O)C(=O)c3ccccc32)C1n1cc(CNC2=C(Cl)C(=O)c3ccccc3C2=O)nn1,0.0121,ok
CCOC(=O)c1cn(C2COC3=C(Cl)C(=O)C(=O)c4cccc2c43)nn1,0.026,ok
CCCC(=O)OC1C(OC(C)=O)C2=C(C(=O)C(=O)C(C(C)C)=C2O)C2(C)CCCC(C)(C)C12,0.1366,ok
CC(=O)OC1C2=C(C(=O)C(=O)C(C(C)C)=C2O)C2(C)CCCC(C)(C)C2C1OC(=O)c1ccc([N+](=O)[O-])cc1,0.1347,ok
COC(=O)c1cn(C2COC3=C(Cl)C(=O)C(=O)c4cccc2c43)nn1,0.0347,ok
COC(=O)c1nnn(C2COC3=C(Cl)C(=O)C(=O)c4cccc2c43)c1C(=O)OC,0.0338,ok
O=C1C(=O)c2cccc3c2C(=C1Cl)OCC3n1cc(-c2ccc(F)cc2)nn1,0.0248,ok
O=C1C(=O)c2cccc3c2C(=C1Cl)OCC3n1cc(-c2ccc(Cl)cc2)nn1,0.0248,ok
Cc1ccc(-c2cn(C3COC4=C(Cl)C(=O)C(=O)c5cccc3c54)nn2)cc1,0.0248,ok
CCc1ccc(-c2cn(C3COC4=C(Cl)C(=O)C(=O)c5cccc3c54)nn2)cc1,0.0247,ok
CCCc1ccc(-c2cn(C3COC4=C(Cl)C(=O)C(=O)c5cccc3c54)nn2)cc1,0.0345,ok
CCCCc1ccc(-c2cn(C3COC4=C(Cl)C(=O)C(=O)c5cccc3c54)nn2)cc1,0.0059,ok
CCCCCc1ccc(-c2cn(C3COC4=C(Cl)C(=O)C(=O)c5cccc3c54)nn2)cc1,0.0059,ok
COc1ccc(-c2cn(C3COC4=C(Cl)C(=O)C(=O)c5cccc3c54)nn2)cc1,0.0268,ok
O=C1C(=O)c2cccc3c2C(=C1Cl)OCC3n1cc(C2CC2)nn1,0.0276,ok
O=C1C(=O)c2cccc3c2C(=C1Cl)OCC3n1cc(-c2ccccn2)nn1,0.0354,ok
CCOC(=O)c1cn(C2COC3=C(Br)C(=O)C(=O)c4cccc2c43)nn1,0.0365,ok
COC(=O)c1cn(C2COC3=C(Br)C(=O)C(=O)c4cccc2c43)nn1,0.0472,ok
O=C1C(=O)c2cccc3c2C(=C1Br)OCC3n1cc(-c2ccc(F)cc2)nn1,0.0353,ok
COC(=O)c1nnn(C2COC3=C(Br)C(=O)C(=O)c4cccc2c43)c1C(=O)OC,0.0435,ok
O=C1C(=O)c2cccc3c2C(=C1Br)OCC3n1cc(-c2ccc(Cl)cc2)nn1,0.0353,ok
O=C1C(=O)c2cccc3c2C(=C1Br)OCC3n1cc(-c2ccccc2)nn1,0.0352,ok
Cc1ccc(-c2cn(C3COC4=C(Br)C(=O)C(=O)c5cccc3c54)nn2)cc1,0.0352,ok
CCc1ccc(-c2cn(C3COC4=C(Br)C(=O)C(=O)c5cccc3c54)nn2)cc1,0.0461,ok
CCCc1ccc(-c2cn(C3COC4=C(Br)C(=O)C(=O)c5cccc3c54)nn2)cc1,0.0461,ok
CCCCc1ccc(-c2cn(C3COC4=C(Br)C(=O)C(=O)c5cccc3c54)nn2)cc1,0.0096,ok
COc1ccc(-c2cn(C3COC4=C(Br)C(=O)C(=O)c5cccc3c54)nn2)cc1,0.0374,ok
O=C1C(=O)c2cccc3c2C(=C1Br)OCC3n1cc(C2CC2)nn1,0.046,ok
O=C1C(=O)c2cccc3c2C(=C1Br)OCC3n1cc(-c2ccccn2)nn1,0.0472,ok
O=C1C(=O)c2ccccc2C(O)=C1CCCc1ccccc1,0.0687,ok
CCCCCC(=O)NC1=CC(=O)C(=O)c2ccccc21,0.0971,ok
O=C1C(=O)c2c(nc3ccccn23)C(Br)=C1CC(F)(F)F,0.0,ok
CCCCOC1=C(Br)c2nc3ccccn3c2C(=O)C1=O,0.0145,ok
CC(C)CC(=O)NC1=CC(=O)C(=O)c2ccccc21,0.0965,ok
CCCC(=O)NC1=CC(=O)C(=O)c2ccccc21,0.0723,ok
CCOC1=C(Br)c2nc3ccccn3c2C(=O)C1=O,0.01,ok
CCCOC1=C(Br)c2nc3ccccn3c2C(=O)C1=O,0.01,ok
COc1ccc(SC2=CC(=O)C(=O)c3ccccc32)cc1,0.0255,ok
CC(C)(C)CC1=C(Br)c2nc3ccccn3c2C(=O)C1=O,0.0382,ok
O=C1C(=O)c2ccccc2C2=C1CC(O)CO2,0.0056,ok
CC1(C)CCC2=C(O1)c1cc(O)ccc1C(=O)C2=O,0.0047,ok
CC1OC2=C(C(=O)C(=O)c3cccc(O)c32)C1(C)C,0.0141,ok
O=C1C(=O)c2c(nc3ccc([N+](=O)[O-])cn23)-c2ccccc21,0.0,ok
C=C(C)C1CC2=C(O1)c1c(O)cccc1C(=O)C2=O,0.0041,ok
Cc1c(CN(C)C)oc2c1C(=O)C(=O)c1ccccc1-2,0.0001,ok
Cc1c(CN2CCCCC2)oc2c1C(=O)C(=O)c1ccccc1-2,0.0003,ok
Cc1c(CN2CCOCC2)oc2c1C(=O)C(=O)c1ccccc1-2,0.0003,ok
Cc1c(CN2CCN(C)CC2)oc2c1C(=O)C(=O)c1ccccc1-2,0.0004,ok
Cc1c(CNc2ccc(Cl)cc2)oc2c1C(=O)C(=O)c1ccccc1-2,0.0002,ok
Cc1c(CNc2cccc(Cl)c2)oc2c1C(=O)C(=O)c1ccccc1-2,0.0003,ok
COc1ccccc1NCc1oc2c(c1C)C(=O)C(=O)c1ccccc1-2,0.0012,ok
Cc1c(CNc2ccccc2Cl)oc2c1C(=O)C(=O)c1ccccc1-2,0.0017,ok
CCCCNC(C1=C(O)c2ccccc2C(=O)C1=O)c1ccccn1,0.0373,ok
O=C1C(=O)c2ccccc2C(O)=C1C(NCc1ccccn1)c1ccccn1,0.0276,ok
CCCCCCCCCCNC(C1=C(O)c2ccccc2C(=O)C1=O)c1ccccn1,0.0643,ok
CC1(C)OC2=C(C(=O)C(=O)c3ccccc32)C1n1cc(C2CCCCC2)nn1,0.0142,ok
CCCc1cn(C2C3=C(OC2(C)C)c2ccccc2C(=O)C3=O)nn1,0.014,ok
CCCCc1cn(C2C3=C(OC2(C)C)c2ccccc2C(=O)C3=O)nn1,0.0144,ok
CCCCCc1ccc(-c2cn(C3C4=C(OC3(C)C)c3ccccc3C(=O)C4=O)nn2)cc1,0.0137,ok
CCCCCc1cn(C2C3=C(OC2(C)C)c2ccccc2C(=O)C3=O)nn1,0.0143,ok
CCC(C)(O)c1cn(C2C3=C(OC2(C)C)c2ccccc2C(=O)C3=O)nn1,0.0123,ok
CCCCCCc1cn(C2C3=C(OC2(C)C)c2ccccc2C(=O)C3=O)nn1,0.0144,ok
CC(C)CC(C)(O)c1cn(C2C3=C(OC2(C)C)c2ccccc2C(=O)C3=O)nn1,0.0122,ok
CC1(C)OC2=C(C(=O)C(=O)c3ccccc32)C1Sc1ccc(Cl)cc1,0.0229,ok
CC1(C)OC2=C(CC1SCc1ccccc1)C(=O)C(=O)c1ccccc12,0.015,ok
CC1(C)OC2=C(CC1Sc1ccccc1)C(=O)C(=O)c1ccccc12,0.0062,ok
Cc1ccc(SC2CC3=C(OC2(C)C)c2ccccc2C(=O)C3=O)cc1,0.0418,ok
CC1(C)OC2=C(CC1Sc1cccc(Cl)c1)C(=O)C(=O)c1ccccc12,0.0077,ok
CCSC1CC2=C(OC1(C)C)c1ccccc1C(=O)C2=O,0.0083,ok
O=C1C=C(NCC(=O)N2CCCC2)c2ccccc2C1=O,0.0567,ok
O=C(CNC1=CC(=O)C(=O)c2ccccc21)NCCc1ccccc1,0.0603,ok
CC1(C)CCC2=C(O1)c1ccc(F)cc1C(=O)C2=O,0.0044,ok
CC1(C)CCC2=C(O1)c1ccc(C#N)cc1C(=O)C2=O,0.0044,ok
COCCNC1=CC(=O)C(=O)c2ccccc21,0.0742,ok
COc1ccc2c(c1)C1=C(CCC(C)(C)O1)C(=O)C2=O,0.0043,ok
O=C1C=C(NC2CCN(Cc3ccccc3)C2)c2ccccc2C1=O,0.0566,ok
CNC(=O)CNC1=CC(=O)C(=O)c2ccccc21,0.0548,ok
O=C1C=C(NC2CCN(Cc3ccccc3)CC2)c2ccccc2C1=O,0.0627,ok
O=C1C(=O)c2ccccc2C2=C1CC(Cn1cc(-c3ccccc3)nn1)O2,0.0061,ok
COC(=O)c1c(Nc2ccc(C)cc2)c(=O)c(=O)c2oc3cc(N(C)C)ccc3[nH]c1=2,0.0336,ok
COC(=O)c1c(Nc2ccc(OC)cc2)c(=O)c(=O)c2oc3cc(N(C)C)ccc3[nH]c1=2,0.0329,ok
COC(=O)c1c(Nc2ccc(Cl)c(Cl)c2)c(=O)c(=O)c2oc3cc(N(C)C)ccc3[nH]c1=2,0.0387,ok
COC(=O)c1c(NCc2ccc(OC)cc2)c(=O)c(=O)c2oc3cc(N(C)C)ccc3[nH]c1=2,0.0635,ok
COC(=O)c1c(N2CCCCC2)c(=O)c(=O)c2oc3cc(N(C)C)ccc3[nH]c1=2,0.0995,ok
COC(=O)c1c(NC2CCCCC2)c(=O)c(=O)c2oc3cc(N(C)C)ccc3[nH]c1=2,0.1184,ok
COC(=O)c1c(NC2CCCC2)c(=O)c(=O)c2oc3cc(N(C)C)ccc3[nH]c1=2,0.0592,ok
O=C1C(=O)c2nc(CNc3cccc(F)c3)oc2-c2ccccc21,0.0003,ok
COC(=O)c1c(N)c(=O)c(=O)c2oc3cc(N(C)C)ccc3[nH]c1=2,0.076,ok
CCCCOC(=O)c1c(NCc2ccc(OC)cc2)c(=O)c(=O)c2oc3cc(N(C)C)ccc3[nH]c1=2,0.0268,ok
COC(=O)c1c(Nc2ccccc2)c(=O)c(=O)c2oc3cc(N(C)C)ccc3[nH]c1=2,0.1143,ok
O=C1C(=O)c2nc(CN3CCN(c4ccccc4)CC3)oc2-c2ccccc21,0.0017,ok
COc1ccc2nc3c(n2c1)C(=O)C(=O)c1ccccc1-3,0.0,ok
O=C1C(=O)c2ccccc2C(O)=C1C(NCc1ccco1)c1ccccn1,0.0509,ok
O=C1C(=O)c2ccccc2C(O)=C1C(NCc1ccccc1)c1ccccn1,0.0653,ok
CCCCCCCNC(C1=C(O)c2ccccc2C(=O)C1=O)c1ccc(Cl)cc1Cl,0.1226,ok
CCCCCCCNC(C1=C(O)c2ccccc2C(=O)C1=O)c1ccccc1O,0.0586,ok
O=C1C(=O)c2ccccc2C(O)=C1C(NCCCCl)c1ccccc1O,0.0139,ok
C=C1OC2=C(C(=O)C(=O)c3c(O)cccc32)C1(C)C,0.0,ok
O=C1C(=O)c2ccccc2C2=C1CC(Cn1cc(C3CCCCC3)nn1)O2,0.0056,ok
Cc1[nH]c2ccccc2c1C(C1=C(O)c2ccccc2C(=O)C1=O)c1ccc([N+](=O)[O-])cc1,0.1315,ok
COc1cc(C(C2=C(O)c3ccccc3C(=O)C2=O)c2c[nH]c3ccc(Br)cc23)cc(OC)c1OC,0.1274,ok
COc1ccc(C(C2=C(O)c3ccccc3C(=O)C2=O)c2c[nH]c3ccccc23)cc1Br,0.1039,ok
O=C1C(=O)c2ccccc2C(O)=C1C(c1cccc([N+](=O)[O-])c1)c1c(-c2ccccc2)[nH]c2ccccc12,0.0963,ok
CC1(C)OC2=C(C(=O)C(=O)c3ccccc32)C(N=[N+]=[N-])C1Br,0.057,ok
O=C1C(=O)c2ccccc2C(O)=C1C(c1ccccc1)c1c(-c2ccccc2)[nH]c2ccccc12,0.0664,ok
Cc1[nH]c2ccccc2c1C(C1=C(O)c2ccccc2C(=O)C1=O)c1ccc(Cl)cc1,0.0996,ok
CC1=C(O)c2cc(O)c(O)c(O)c2C(=O)C1=O,0.0575,ok
COc1ccc2c(c1)C(O)=C(C1=C(Cl)C(=O)c3ccccc3C1=O)C(=O)C2=O,0.0191,ok
CCCCCCc1cn(CC2CC3=C(O2)c2ccccc2C(=O)C3=O)nn1,0.0044,ok
CCCCCC(=O)C1=C(O)c2c(O)cc(O)c(O)c2C(=O)C1=O,0.1025,ok
CCc1coc2c1C(=O)C(=O)c1cc(C)ccc1-2,0.0005,ok
O=C1C(=O)c2ccccc2C(O)=C1C(c1ccc([N+](=O)[O-])cc1)c1c(O)c2ccccc2oc1=O,0.0898,ok
Cc1cc2c(o1)-c1nc(OCCCCCN(C)C)c3ccccc3c1C(=O)C2=O,0.0005,ok
Cc1cc2c(o1)-c1c(c3ccccc3c(=O)n1CCCN1CCOCC1)C(=O)C2=O,0.0307,ok
O=C1C(=O)c2ccccc2C(O)=C1C(NCc1ccccn1)c1ccc(F)c(F)c1,0.0843,ok
Cc1cccc2c3c(ccc12)-c1occ(CN2CCC(O)CC2)c1C(=O)C3=O,0.0612,ok
O=C1C(=O)c2ccccc2C(O)=C1C(c1ccc(Cl)cc1)c1c(O)c2ccccc2oc1=O,0.0215,ok
Cc1cccc2c3c(ccc12)-c1occ(CN2CCOC(CO)C2)c1C(=O)C3=O,0.0647,ok
Cc1coc2c1C(=O)C(=O)c1c(C)ccc(C)c1-2,0.0,ok
CCCCCCCCCCCCNC(C1=C(O)c2ccccc2C(=O)C1=O)c1ccc(F)c(F)c1,0.1125,ok
O=C1C(=O)c2ccccc2C(O)=C1C(c1ccc2c(c1)OCO2)c1c(O)c2ccccc2oc1=O,0.0175,ok
Cc1cc2c(cc1C)-c1occc1C(=O)C2=O,0.0,ok
Cc1cccc2c3c(ccc12)-c1occ(CN2CCC(N(C)C)CC2)c1C(=O)C3=O,0.0643,ok
O=C1C=C(Sc2ccccc2)c2c(c(-c3ccccc3)cn2S(=O)(=O)c2ccccc2)C1=O,0.0651,ok
CCCCCCCNC(C1=C(O)c2ccccc2C(=O)C1=O)c1ccc(F)c(F)c1,0.0875,ok
Cc1ccccc1-c1cn(S(=O)(=O)c2ccccc2)c2c1C(=O)C(=O)C=C2,0.0009,ok
O=C1C(=O)c2ccccc2C(O)=C1C(c1ccccc1F)c1c(O)c2ccccc2oc1=O,0.0969,ok
Cc1cccc2c3c(ccc12)-c1occ(CN2CCN(CCO)CC2)c1C(=O)C3=O,0.0636,ok
Cc1cccc2c3c(ccc12)-c1occ(CN(CCCl)CCCl)c1C(=O)C3=O,0.0524,ok
O=C1C(=O)c2ccccc2C(O)=C1C(c1ccc(Br)cc1)c1c(O)c2ccccc2oc1=O,0.1,ok
COC1C2=C(OC1(C)C)c1ccc3c(C)cccc3c1C(=O)C2=O,0.0844,ok
CCCCCCCCCCCCCCCCNC(C1=C(O)c2ccccc2C(=O)C1=O)c1ccc(F)c(F)c1,0.0938,ok
O=C(O)Cc1ccc(SC2=CC(=O)C(=O)c3c(-c4ccccc4)cn(S(=O)(=O)c4ccccc4)c32)cc1,0.0651,ok
Cc1cc2c(o1)-c1c(c3ccccc3c(=O)n1CCCN1CCCCC1)C(=O)C2=O,0.0311,ok
Cc1cccc2c3c(ccc12)-c1occ(CN(CCO)CCO)c1C(=O)C3=O,0.0457,ok
COC(=O)C1(C)CCCC2(C)C3=C(C(O)=C(C(C)C)C(=O)C3=O)C(CO)C12,0.0285,ok
Cc1cc2c(o1)-c1c(c3ccccc3c(=O)n1CCCCCN(C)C)C(=O)C2=O,0.0288,ok
Cc1cccc2c3c(ccc12)C1=C(C(=O)C3=O)C(O)C(C)(C)O1,0.0583,ok
Cc1cc2c(o1)-c1c(c3ccccc3c(=O)n1CCCN1CCN(C)CC1)C(=O)C2=O,0.0297,ok
Cc1cccc2c3c(ccc12)-c1occ(CN2CCCC2)c1C(=O)C3=O,0.0637,ok
O=C1C(=O)c2ccccc2C(O)=C1C(c1ccccc1)c1c(O)c2ccccc2oc1=O,0.1125,ok
Cc1cc2c(o1)-c1c(c3ccccc3c(=O)n1CCCCN(C)C)C(=O)C2=O,0.0184,ok
CCCCCCCCCCCCCCCCNC(C1=C(O)c2ccccc2C(=O)C1=O)c1ccc(O)c(OC)c1,0.0409,ok
O=C1C(=O)c2ccccc2C(O)=C1C(c1ccc(F)cc1)c1c(O)c2ccccc2oc1=O,0.0721,ok
Cc1cccc2c3c(ccc12)C1=C(CC(C)(C)O1)C(=O)C3=O,0.071,ok
Cc1cccc2c3c(ccc12)-c1occ(CN2CCC(N(C)C)C2)c1C(=O)C3=O,0.0459,ok
Cc1cc2c(o1)-c1nc(OCCOCCN(C)C)c3ccccc3c1C(=O)C2=O,0.0045,ok
Cc1cccc2c3c(ccc12)-c1occ(CN2CCN(C)CC2)c1C(=O)C3=O,0.0495,ok
Cc1cccc2c3c(ccc12)-c1occ(CN(C)CCO)c1C(=O)C3=O,0.0532,ok
O=C1C(=O)c2ccccc2C(O)=C1C(NCc1ccc(F)c(F)c1)c1ccccn1,0.0634,ok
Cc1cccc2c3c(ccc12)-c1occ(CN2CCC(=O)CC2)c1C(=O)C3=O,0.2927,ok
CCCCCCCCCCCCCCNC(C1=C(O)c2ccccc2C(=O)C1=O)c1ccc(F)c(F)c1,0.091,ok
Cc1[nH]c2ccccc2c1C1=C(O)c2cccnc2C(=O)C1=O,0.1199,ok
Cc1cc2c(cc1C)-c1oc(CNc3ccc(CN4CCOCC4)cc3)c(C)c1C(=O)C2=O,0.0013,ok
COC(=O)C1(C)CCCC2(C)C3=C(CCC12)C(C(C)C)=CC(=O)C3=O,0.124,ok
CN(C1=CC(=O)C(=O)c2ccccc21)c1ccc(F)c(F)c1,0.0247,ok
CN(C1=CC(=O)C(=O)c2ccccc21)c1ccc(F)c(Cl)c1,0.0275,ok
COc1ccc(NC2=CC(=O)C(=O)c3ccccc32)cc1F,0.0502,ok
CN(C1=CC(=O)C(=O)c2ccccc21)c1ccc(Cl)c(Cl)c1,0.0252,ok
COc1cccc(C2=C(O)c3ccccc3C(=O)C2=O)c1,0.0184,ok
COc1ccccc1N(C)C1=CC(=O)C(=O)c2ccccc21,0.0875,ok
COc1cccc(SC(C2=C(O)c3ccccc3C(=O)C2=O)c2ccc([N+](=O)[O-])cc2)c1,0.0277,ok
O=C1C(=O)c2ccccc2C2=C1CC(c1cn(-c3ccccc3)nn1)O2,0.0055,ok
O=C1C(=O)c2ccccc2C2=C1C1(C(=O)Nc3ccc(Br)cc31)n1nnnc1N2,0.0874,ok
O=C1C(=O)c2ccccc2C2=C1C1(C(=O)Nc3ccc(OC(F)(F)F)cc31)n1nnnc1N2,0.077,ok
CN1C(=O)C2(C3=C(Nc4nnnn42)c2ccccc2C(=O)C3=O)c2cccc(F)c21,,no_quinone_ring_found
O=C1C(=O)c2ccccc2C2=C1C1(C(=O)Nc3ccccc31)n1nnnc1N2,0.0755,ok
O=C1C(=O)c2ccccc2C2=C1C1(C(=O)Nc3ccc(F)cc31)n1nnnc1N2,0.0859,ok
O=C1C(=O)c2ccccc2C2=C1C1(C(=O)Nc3c(Br)cccc31)n1nnnc1N2,0.09,ok
Cc1ccc2c(c1)C1(C(=O)N2)C2=C(Nc3nnnn31)c1ccccc1C(=O)C2=O,,no_quinone_ring_found
O=C1C(=O)c2ccccc2C2=C1C1(C(=O)Nc3cc(Br)ccc31)n1nnnc1N2,0.0899,ok
O=C1C(=O)c2ccccc2C2=C1C1(C(=O)Nc3c(C(F)(F)F)cccc31)n1nnnc1N2,0.0889,ok
COc1ccc2c(c1)NC(=O)C21C2=C(Nc3nnnn31)c1ccccc1C(=O)C2=O,,no_quinone_ring_found
O=C1C(=O)c2ccccc2C(O)=C1Nc1ccc2c(c1)OCO2,0.028,ok
O=C1C(=O)c2ccccc2C2=C1C1(C(=O)Nc3cc(Cl)ccc31)n1nnnc1N2,0.089,ok
O=C1C(=O)c2ccccc2C2=C1C1(C(=O)Nc3c(Cl)cccc31)n1nnnc1N2,0.0758,ok
CCOC1CC2C(C)(C)CCCC2(C(=O)OC)C2=C1C=C(C(C)C)C(=O)C2=O,0.0602,ok
O=C1C(=O)c2ccccc2C(O)=C1Nc1ccc2c(c1)OCCO2,0.0965,ok
O=C1C(=O)c2ccccc2C2=C1C1(C(=O)Nc3ccc(Cl)cc31)n1nnnc1N2,0.0857,ok
O=C1C(=O)c2ccccc2C2=C1C1(C(=O)N(c3ccccc3)c3ccccc31)n1nnnc1N2,0.0896,ok
O=C1C(=O)c2cccc(Br)c2C2=C1C(c1cccc(O)c1)NC(=S)N2,0.0981,ok
COc1cc(C2CC(=O)NC3=C2C(=O)C(=O)c2ccccc23)ccc1O,0.1388,ok
O=C1C(=O)c2ccccc2C2=C1C(c1cccc(O)c1Cl)NC(=S)N2,0.0697,ok
COc1ccc2ccc3c(c2c1)-c1ccsc1C(=O)C3=O,0.1057,ok
CC1=CCCC2C1(C)CCC(C)C2(C)CC1=C(O)C(N)=CC(=O)C1=O,0.0666,ok
O=C1CC(c2cccc(C(F)(F)F)c2)C2=C(N1)c1ccccc1C(=O)C2=O,0.1362,ok
Cc1cccc(SC2=CC(=O)C(=O)c3ccccc32)c1,0.0236,ok
COc1cc2c(cc1OC)C1=C(C(=O)C2=O)C(c2cccc(O)c2)NC(=S)N1,0.0806,ok
COc1ccc(C2CC(=O)NC3=C2C(=O)C(=O)c2ccccc23)cc1O,0.1393,ok
O=C1C(=O)c2ccccc2C2=C1C(c1cc(O)cc(Br)c1)NC(=S)N2,0.0666,ok
O=C1CC(c2ccccc2F)C2=C(N1)c1ccccc1C(=O)C2=O,0.1134,ok
O=C1CC(c2ccccc2)C2=C(N1)c1ccccc1C(=O)C2=O,0.1377,ok
O=C1CC(c2ccc(Cl)cc2Cl)C2=C(N1)c1ccccc1C(=O)C2=O,0.1176,ok
CC1=C(O)c2c(O)ccc(OC3OC(CO)C(O)C(O)C3O)c2C(=O)C1=O,0.1082,ok
Cc1coc2c1C(=O)C(=O)c1cc(C(C)C)ccc1-2,0.0,ok
Cc1coc2c1C(=O)C(=O)c1cc(Cl)ccc1-2,0.0,ok
Cc1cc2c(o1)-c1ccc(O)cc1C(=O)C2=O,0.0,ok
CCN1CCN(Cc2oc3c(c2C)C(=O)C(=O)c2cc(C)c(C)cc2-3)CC1,0.0008,ok
Cc1cc2c(cc1C)-c1oc(CN3CCC(N4CCOCC4)CC3)c(C)c1C(=O)C2=O,0.0015,ok
Cc1cc2c(cc1C)-c1oc(CN3CCOCC3)c(C)c1C(=O)C2=O,0.0002,ok
Cc1cc2c(cc1C)-c1oc(CN3CCN4CCCC4C3)c(C)c1C(=O)C2=O,0.0006,ok
Cc1cc2c(cc1C)-c1oc(CN3CCN4CCCCC4C3)c(C)c1C(=O)C2=O,0.0002,ok
COc1cccc2c1-c1oc(C)cc1C(=O)C2=O,0.0,ok
Cc1cc2c(cc1C)-c1oc(CN3CCN(CCO)CC3)c(C)c1C(=O)C2=O,0.0007,ok
Cc1cc2c(o1)-c1ccc(C(C)C)cc1C(=O)C2=O,0.0,ok
Cc1cc2c(cc1C)-c1oc(CN3CCC(N4CCCCC4)CC3)c(C)c1C(=O)C2=O,0.0003,ok
Cc1cc2c(cc1C)-c1oc(CN3CCC(N4CCN(C)CC4)CC3)c(C)c1C(=O)C2=O,0.0004,ok
Cc1cc2c(cc1C)-c1oc(CN3CCN(C4CC4)CC3)c(C)c1C(=O)C2=O,0.0004,ok
Cc1cc2c(cc1C)-c1oc(CN3CCN(S(C)(=O)=O)CC3)c(C)c1C(=O)C2=O,0.0022,ok
CC(CO)C1=C(O)c2ccc3c(c2C(=O)C1=O)C(O)CCC3(C)C,0.0919,ok
Cc1cc2c(cc1C)-c1oc(CN3CCC(N4CCCC4)CC3)c(C)c1C(=O)C2=O,0.0008,ok
CC1(C)C(=O)C=Cc2c1ccc1c2C(=O)C(=O)c2c(C(=O)O)coc2-1,0.0257,ok
CCN(CC)C(=O)c1coc2c1C(=O)C(=O)c1c-2ccc2c1C=CC(=O)C2(C)C,0.064,ok
Cc1cc2c(cc1C)-c1oc(CNCc3ccc(CNC(=O)C=Cc4cccnc4)cc3)c(C)c1C(=O)C2=O,0.0002,ok
Cc1cc2c(cc1C)-c1oc(CNCCNC(=O)C=Cc3cccnc3)c(C)c1C(=O)C2=O,0.0023,ok
Cc1cc2c(cc1C)-c1oc(CN3CCC(CNC(=O)C=Cc4cccnc4)CC3)c(C)c1C(=O)C2=O,0.0009,ok
Cc1c(CNCCCCNC(=O)C=Cc2cccnc2)oc2c1C(=O)C(=O)c1c-2ccc2c1CCCC2(C)C,0.0387,ok
CN(Cc1cn(C2C3=C(OC2(C)C)c2ccccc2C(=O)C3=O)nn1)C1=CC(=O)c2ccccc2C1=O,0.0077,ok
Cc1c(CN(C)CCNC(=O)C=Cc2cccnc2)oc2c1C(=O)C(=O)c1c-2ccc2c1CCCC2(C)C,0.0359,ok
CC1(C)OC2=C(CC1CO)C(=O)C(=O)c1ccccc12,0.0058,ok
CCCN(CCNC(=O)C=Cc1cccnc1)Cc1oc2c(c1C)C(=O)C(=O)c1c-2ccc2c1CCCC2(C)C,0.0401,ok
CCN(CCNC(=O)C=Cc1cccnc1)Cc1oc2c(c1C)C(=O)C(=O)c1c-2ccc2c1CCCC2(C)C,0.0405,ok
Cc1cc2c(cc1C)-c1oc(CN3CCC(CCNC(=O)C=Cc4cccnc4)CC3)c(C)c1C(=O)C2=O,0.002,ok
O=C1C(=O)c2ccccc2C2=C1CCc1nc(CN3CCN(Cc4ccccc4)CC3)oc12,0.0528,ok
CC(=O)OCC1CC2=C(OC1(C)C)c1ccccc1C(=O)C2=O,0.0037,ok
Cc1coc2c1C(=O)C(=O)c1c-2ccc2c1C(=O)C(O)=CC2(C)C,0.0913,ok
O=C(O)c1cc2c([nH]1)-c1cccnc1C(=O)C2=O,0.0,ok
O=C1C(=O)c2ccccc2C(O)=C1CCCCCC1CCCCC1,0.0105,ok
Cc1cc2c(cc1C)-c1oc(CNc3ccc(CCNC(=O)C=Cc4cccnc4)cc3)c(C)c1C(=O)C2=O,0.0002,ok
CC(C)(O)CCC1=C(O)c2ccccc2C(=O)C1=O,0.0028,ok
CN(Cc1cn(C2C3=C(OC2(C)C)c2ccccc2C(=O)C3=O)nn1)C1=C(Br)C(=O)c2ccccc2C1=O,0.0102,ok
O=C1C=C(Nc2ccc(Cl)cc2)c2ccccc2C1=O,0.0499,ok
CN(C)C1=CC(=O)C(=O)c2cnc(N(C)C)cc21,0.0365,ok
COC1=C(C)C(=O)C(=O)c2cccnc21,0.0143,ok
COC1=C(C)C(=O)C(=O)c2c1ccnc2C#N,0.0936,ok
COC1=C(C)C(=O)C(=O)c2cnccc21,0.0378,ok
CC(C)c1cc2c(o1)-c1ccccc1C(=O)C2=O,0.0,ok
O=C1C(=O)c2cccnc2C(Nc2ccccc2)=C1Cl,0.0447,ok
O=c1c2sc3ccccc3[nH]c=2c2ccccc2c1=O,0.1173,ok
CC(=O)OCc1nccc2c1C(=O)C(=O)C(C)=C2O,0.0974,ok
CCCCCC(O)(CCCCC)CCCCCCCCC1=C(O)c2[nH]c(=O)ccc2C(=O)C1=O,0.0,ok
CC1=C2OC(C)(C)c3cc4c(c(c32)C(=O)C1=O)C(C)(O)C=CO4,0.012,ok
CC(C)C1=CC2=C(C(=O)C1=O)C13CCCC(C)(C)C1C(O)C2OC3=O,0.0546,ok
Cc1ccc(C2CCC3=C(O2)c2ccccc2C(=O)C3=O)cc1,0.0051,ok
COc1cc(OC)c2c(c1)C(=O)C(=O)C=C2O,0.0,ok
Cc1ccc(C2CCC3=C(O2)c2ccccc2C(=O)C3=O)c(C)c1,0.0054,ok
CC(C)=CCCc1c(C)ccc2c1C(=O)C(=O)C(C(C)C)=C2O,0.1061,ok
CC(C)=CCCC1(C)C=Cc2c(ccc3c2C(=O)C(=O)C=C3O)O1,0.1191,ok
CC1=C(O)c2ccc3c(c2C(=O)C1=O)C=CC(C)(CCCC(C)(C)O)O3,0.1184,ok
CC(O)c1cc(O)c2c(c1O)C(O)=CC(=O)C2=O,0.009,ok
CC1=CCCC2C1(C)CCC(C)C2(C)CC1=C(O)C(=O)C(=O)C=C1O,0.0891,ok
CC(C)C1=C(O)C(C(=O)O)=C(C2(C)CCCC(C)(C)C2=O)C(=O)C1=O,0.2623,ok
CCCC(=O)CCC1=C(O)c2c(cc(O)c(OC)c2O)C(=O)C1=O,0.0167,ok
CCCC(=O)CCC1=C(O)c2c(cc(OC)c(OC)c2O)C(=O)C1=O,0.0393,ok
CC=CC=CC(=O)C1=C(C)C(=O)C(=O)C(C)=C1O,0.02,ok
CC=C(C)C(=O)OCc1nccc2c1C(=O)C(=O)C(C)=C2O,0.1062,ok
CC12CCCc3coc(c31)C(=O)c1cc3c(cc12)C(O)=C(Cl)C(=O)C3=O,0.1122,ok
CCCCCCCCCCCC1=C(O)c2cc(O)cc(CCCCCCCCCCC)c2C(=O)C1=O,0.0899,ok
CC1=C2OC(C)(C)c3cc(OC4OC(CO)C(O)C(O)C4O)c(C(=O)O)c(c32)C(=O)C1=O,0.0363,ok
C=C1C(C)CCCC1(C)CCC(C)=CCC1=C(O)C(NCC(=O)O)=CC(=O)C1=O,0.0166,ok
O=C1C=C2NCCc3cn(C4OC(CO)C(O)C4O)c(c32)C1=O,0.0115,ok
COC1=C(O)c2c(OC)c3c(c(O)c2C(=O)C1=O)C(C)OC(C)C3,0.0808,ok
CC(=CCC1=C(O)C(NCC(=O)O)=CC(=O)C1=O)CCC1(C)CCC=C(C)C1C,0.0076,ok
CCOC1CC2C(C)(C)CCCC2(C)C2=C1C(O)=C(C(C)C)C(=O)C2=O,0.1407,ok
O=C(O)Cn1c(O)c(-c2ccc(O)c(O)c2)c2c3c(c(O)c(-c4ccc(O)c(O)c4)c21)=CC(=O)C(=O)C=3,0.0047,ok
COc1cc2c(cc1OC)C(O)=C(C)C(=O)C2=O,0.0,ok
COc1c(CC=C(C)C)c(O)cc2c1CC(C1=CC(=O)C(=O)C(CC=C(C)C)=C1O)CO2,0.0252,ok
CNC(=O)c1cc(C(N)=O)nc2c1C(=O)C(=O)C(Cl)=C2N,0.1284,ok
C=C1C(C)CCCC1(C)CCC(C)=CCC1=C(O)C(NC(C(=O)O)C(C)O)=CC(=O)C1=O,0.0826,ok
C=C1C(C)CCCC1(C)CCC(C)=CCC1=C(O)C(NC(CO)C(=O)O)=CC(=O)C1=O,0.0174,ok
CC(=CCC1=C(O)C(NC(C(=O)O)C(C)O)=CC(=O)C1=O)CCC1(C)CCC=C(C)C1C,0.0616,ok
CC1=C(O)c2cc(O)c(O)cc2C(=O)C1=O,0.0662,ok
O=C1OCc2c1c(O)cc1c(=O)c3cc4c(=O)c(=O)cc(O)c4c(O)c3c(=O)c21,,no_quinone_ring_found
CCCC(=O)CCc1c(O)c(O)c2c(c1O)C(=O)C(=O)C(O)=C2,0.0177,ok
CS(=O)C1=C(N)c2c(CO)c[nH]c2C(=O)C1=O,0.0225,ok
CC(=CCC1=C(O)C(NC(CO)C(=O)O)=CC(=O)C1=O)CCC1(C)CCC=C(C)C1C,0.0363,ok
O=C1C=Cc2c(ccc3c2ccc2ccccc23)C1=O,0.0,ok
CCc1cc(O)c(C2=C(O)c3cccc(O)c3C(=O)C2=O)c(C(=O)OC)c1,0.0974,ok
O=C1C(=O)c2ncccc2-c2ncccc21,0.0,ok
O=C1C(=O)c2ccccc2C(O)=C1C1CCCCC1,0.0879,ok
COC1=CC(=O)C(=O)C(C(C)(C)C)=C1,0.0,ok
CCc1c(OC)cc2c(c1O)C(O)=C(C(C)c1c(OC)cc3c(c1O)C(=O)C=C(OC)C3=O)C(=O)C2=O,0.0052,ok
CCCCCOC1=CC(=O)C(=O)c2ccccc21,0.0006,ok
C=CCC1=C(O)c2ccccc2C(=O)C1=O,0.0612,ok
O=C1C(=O)c2ccccc2C(O)=C1CCCc1ccc(Oc2ccccc2)cc1,0.0696,ok
O=C1C(=O)c2ccccc2C(O)=C1CSc1ccccc1,0.0209,ok
O=C1C(=O)c2ccccc2C(O)=C1CCCCCCCC1CCCCC1,0.0125,ok
O=C1C(=O)c2cccc([N+](=O)[O-])c2-c2c1cccc2[N+](=O)[O-],0.1677,ok
CC=CCC1=C(O)c2ccccc2C(=O)C1=O,0.0414,ok
NC1=C(O)c2ccccc2C(=O)C1=O,0.0161,ok
O=C1C(=O)c2ccccc2C(O)=C1CCCCCCCCCCBr,0.0769,ok
O=C1C=C(N2CCCCC2)c2cc(N3CCCCC3)ncc2C1=O,0.0267,ok
CC(=O)NC1=CC(=O)C(=O)C=C1,0.0006,ok
CC(CCC1=C(O)c2ccccc2C(=O)C1=O)C1CCCCC1,0.0844,ok
CCCC1CC(C(=O)NC(C(C)Cl)C2OC(SC)C(O)C(O)C2O)N(C)C1,,no_quinone_ring_found
O=C1C(=O)c2ccccc2C(O)=C1CCc1ccc(Oc2ccccc2)cc1,0.0128,ok
O=C1C(=O)c2ccccc2C(O)=C1[N+](=O)[O-],0.0802,ok
COc1ccc(C2=C(O)c3ccccc3C(=O)C2=O)cc1,0.0948,ok
CC(=CCC1=C(O)c2ccccc2C(=O)C1=O)CO,0.0481,ok
O=C1C(=O)c2cccc([N+](=O)[O-])c2-c2ccc([N+](=O)[O-])cc21,0.1286,ok
O=C1C(=O)c2ccccc2C(O)=C1C1CCC(C2CCCCC2)CC1,0.0685,ok
CC(C)=CCc1ccc2[nH]c3c(c2c1)C(=O)C(=O)C(C)=C3CC(C)O,0.0054,ok
O=C1C(=O)c2ccccc2C(O)=C1CCCO,0.0697,ok
COC1=CC(=O)C(=O)C=C1C,0.0,ok
CCC1=COC2=C(C)C(=O)C(=O)c3c(C)ccc1c32,0.0662,ok
CC1(C)OC2=C(C(=O)C(=O)c3ccccc32)C1Nc1ccccc1,0.0348,ok
Cc1ccc2c(c1)C(O)=C([N+](=O)[O-])C(=O)C2=O,0.081,ok
Cc1cc2c(cc1C)C(O)=C([N+](=O)[O-])C(=O)C2=O,0.0809,ok
CCc1cc2c(cc1CC)C(O)=C([N+](=O)[O-])C(=O)C2=O,0.0809,ok
COc1cc2c(cc1OC)C(O)=C([N+](=O)[O-])C(=O)C2=O,0.0662,ok
COc1ccc2c(c1)C(=O)C(=O)C([N+](=O)[O-])=C2O,0.0628,ok
CCOc1ccc2c(c1)C(=O)C(=O)C([N+](=O)[O-])=C2O,0.0628,ok
O=C1C(=O)c2cc(Br)ccc2C(O)=C1[N+](=O)[O-],0.0809,ok
O=C1C(=O)c2cc(F)ccc2C(O)=C1[N+](=O)[O-],0.0804,ok
Cc1cccc2c1C(=O)C(=O)C([N+](=O)[O-])=C2O,0.1208,ok
O=C1C(=O)c2c(O)cccc2C(O)=C1[N+](=O)[O-],0.0717,ok
O=C1C(=O)c2cc(-c3ccccc3)ccc2C(O)=C1[N+](=O)[O-],0.0664,ok
COc1cccc2c1C(=O)C(=O)C(C)=C2O,0.1099,ok
CC1(C(=O)O)CC2=CC(=O)C(=O)C=C2N1,0.005,ok
COC(=O)C1(C)CC2=CC(=O)C(=O)C=C2N1,0.0053,ok
CCN(CC)C1=CC(=O)C(=O)C=C1N(CC)CC,0.0799,ok
COC1=CC(=O)C(=O)C=C1NCCCl,0.0081,ok
CC(C)C1=C(O)C2=C(C(=O)C1=O)C1(C)CCCC(C)(C)C1C(O)C2O,0.1201,ok
COc1ccc2c(c1)C(=O)C(=O)C(CC=C(C)C)=C2O,0.0897,ok
Cc1c(C2=CC(=O)C(=O)c3ccccc32)c2ccccc2n1C,0.0076,ok
CCCCCCCCCC1=C(O)c2ccccc2C(=O)C1=O,0.0848,ok
CCC1(CC)CCC2=C(O1)c1ccccc1C(=O)C2=O,0.0042,ok
O=C1C(=O)c2ccccc2C2=C1CCC1(CCCC1)O2,0.005,ok
O=C1C(=O)c2ccccc2C2=C1CCC1(CCCCC1)O2,0.004,ok
O=C1C=C(OCCCO)c2ccccc2C1=O,0.0011,ok
O=C1C=C(N2CCCC2)c2ccccc2C1=O,0.043,ok
CC1=C(O)c2ccc(OC3OC(CO)C(O)C(O)C3O)c(O)c2C(=O)C1=O,0.0009,ok
O=C1C(=O)c2ccccc2C(O)=C1C1CCCC1,0.0529,ok
O=C1C(=O)c2ccccc2C(O)=C1CCC1CCCCC1,0.0669,ok
O=C1C(=O)c2ccccc2C(O)=C1C1CCCCCC1,0.0541,ok
O=C1C(=O)c2ccccc2C(O)=C1C1CCCCCCC1,0.0895,ok
CC1=C2OC=C(C(C)C)c3ccc(C)c(c32)C(=O)C1=O,0.0727,ok
O=C1C(=O)c2ccccc2C(O)=C1C1CCCCCCCCCCC1,0.0878,ok
CCCCC1=COC2=C(C)C(=O)C(=O)c3c(C)ccc1c32,0.0679,ok
CC1=C2OCCc3ccc(C)c(c32)C(=O)C1=O,0.0665,ok
CC1=C2OC=C(CCO)c3ccc(C)c(c32)C(=O)C1=O,0.0693,ok
CCOC(=O)CC1COC2=C(C)C(=O)C(=O)c3c(C)ccc1c32,0.0793,ok
CC1=C2OC=C(C(F)(F)F)c3ccc(C)c(c32)C(=O)C1=O,0.0699,ok
CCC1(O)COC2=C(C)C(=O)C(=O)c3c(C)ccc1c32,0.0851,ok
CC1=C2OCC(Cl)(C(F)(F)F)c3ccc(C)c(c32)C(=O)C1=O,0.0825,ok
CC1=C2OCC(CC(=O)O)c3ccc(C)c(c32)C(=O)C1=O,0.0578,ok
CC1=C2OC=Cc3ccc(C)c(c32)C(=O)C1=O,0.0559,ok
CC1=COC2=C(Br)C(=O)C(=O)c3c(C)ccc1c32,0.0903,ok
CC(=O)C1=C2OC=C(C)c3ccc(C)c(c32)C(=O)C1=O,0.0794,ok
CC1=COC2=C(CBr)C(=O)C(=O)c3c(C)ccc1c32,0.0819,ok
COC(=O)C1=C2OC=C(C)c3ccc(C)c(c32)C(=O)C1=O,0.0932,ok
CC1=COC2=CC(=O)C(=O)c3cccc1c32,0.0,ok
CC1=COC2=C(C)C(=O)C(=O)c3cccc1c32,0.0,ok
CC1=COC2=C(C)C(=O)C(=O)c3c(CCC(C)C)ccc1c32,0.0914,ok
COc1ccc2c3c1C(=O)C(=O)C(C)=C3OC=C2C,0.0798,ok
CCc1ccc2c3c1C(=O)C(=O)C(C)=C3OC=C2C,0.0847,ok
CCCc1ccc2c3c1C(=O)C(=O)C(C)=C3OC=C2C,0.0861,ok
CC1=COC2=C(C)C(=O)C(=O)c3c(C(C)C)ccc1c32,0.1043,ok
COc1ccc(C(=O)c2coc3c2C(=O)C(=O)C=C3Cl)cc1,0.0264,ok
COc1ccc(C(=O)c2coc3c2C(=O)C(=O)C(Cl)=C3)cc1,0.0299,ok
CC1CCC2C(C1)C1=C(OC2(C)C)c2ccccc2C(=O)C1=O,0.066,ok
COc1ccc(C(=O)c2coc3c2C(=O)C(=O)C(Br)=C3Br)cc1,0.043,ok
COc1ccc(C(=O)c2coc3c2C(=O)C(=O)c2ccccc2-3)cc1OC,0.0162,ok
COc1cc(C(=O)c2coc3c2C(=O)C(=O)c2ccccc2-3)cc(OC)c1OC,0.0148,ok
CC1=C(O)c2ccc(O)cc2C(=O)C1=O,0.0,ok
COc1ccc2c(c1)C(=O)C(=O)C(C)=C2O,0.0649,ok
CC(C)C1=C(O)C2=C(C(=O)C1=O)C1(C)CCCC(C)(C)C1C2CO,0.0899,ok
O=C1C=C(NCCN2CCOCC2)c2ccccc2C1=O,0.06,ok
O=C1C(=O)c2nc(CNc3ccc(Cl)cc3)oc2-c2ccccc21,0.0003,ok
CC(C)=CCC1=C(O)c2ccc(F)cc2C(=O)C1=O,0.0526,ok
COc1ccc(NCc2nc3c(o2)-c2ccccc2C(=O)C3=O)cc1,0.0004,ok
CC(C)=CCC1=C(O)c2ccc(Br)cc2C(=O)C1=O,0.0533,ok
CC(C)(C)OC(=O)NCCNC1=CC(=O)C(=O)c2ccccc21,0.0747,ok
Cc1ccc(NCc2nc3c(o2)-c2ccccc2C(=O)C3=O)cc1,0.0004,ok
CCOc1cc(C)c2c(c1C(C)C)C=C(C)C(=O)C2=O,0.1076,ok
CCCC(=O)Oc1cc(C)c2c(c1C(C)C)C=C(C)C(=O)C2=O,0.1145,ok
CCCCCCCCOc1cc(C)c2c(c1C(C)C)C=C(C)C(=O)C2=O,0.1078,ok
CCCCCCCC(=O)Oc1cc(C)c2c(c1C(C)C)C=C(C)C(=O)C2=O,0.1007,ok
CCCCCC(=O)Oc1cc(C)c2c(c1C(C)C)C=C(C)C(=O)C2=O,0.1079,ok
CC1=C(O)c2ccc(O)c(O)c2C(=O)C1=O,0.0545,ok
CCCCCCCCCCCCOc1cc(C)c2c(c1C(C)C)C=C(C)C(=O)C2=O,0.1077,ok
CCc1coc2c1C(=O)C(=O)c1cc(C)c(C)cc1-2,0.0,ok
CCCCCCCCCC(=O)Oc1cc(C)c2c(c1C(C)C)C=C(C)C(=O)C2=O,0.0997,ok
Cc1c(CN(CCNC(=O)C=Cc2cccnc2)C(C)C)oc2c1C(=O)C(=O)c1c-2ccc2c1CCCC2(C)C,0.0351,ok
Cc1c(CN2CCC(NC(=O)C=Cc3cccnc3)CC2)oc2c1C(=O)C(=O)c1c-2ccc2c1CCCC2(C)C,0.0333,ok
Cc1ccc(COc2ccc3c(c2)C(=O)C(=O)C2=C3OC(C)C2)cc1,0.0038,ok
Cc1c(CN(CCO)CCNC(=O)C=Cc2cccnc2)oc2c1C(=O)C(=O)c1c-2ccc2c1CCCC2(C)C,0.0414,ok
CC(C)(C1=CC(=O)C(=O)C=C1)c1ccc(O)cc1,0.0037,ok
CC1=C(O)C(C)=C(CO)C(=O)C1=O,0.0217,ok
COC1=C(C)C(O)=C(C)C(=O)C1=O,0.0902,ok
CC(C)(O)c1cc2c(o1)-c1ccccc1C(=O)C2=O,0.0007,ok
Cc1cc2c(c3c1C(C)(C)CCC3)C(=O)C(=O)C1=C2OCC1C,0.0758,ok
Cc1ccc2c(c1CCC(=O)C(C)C)C(=O)C(=O)C(C(C)C)=C2O,0.0984,ok
CC1=CC2=C(C(=O)C1=O)C(C)CC(=O)C2(O)C(C)C,0.0433,ok
COc1oc2c(c1OC)C(=O)C(=O)c1ccccc1-2,0.0,ok
Cc1coc2c1C(=O)C(=O)c1c-2ccc2c1CCCC2(O)CO,0.0344,ok
COc1oc2c(c1OC)C(=O)C(=O)c1cccc(O)c1-2,0.0059,ok
CC(C)C1=Cc2c(cc3c(cc2=O)C(C)(C)C(O)C=C3)C(=O)C1=O,,no_quinone_ring_found
COc1cc(C)c2c3c1C(C)(C)OC3=C(C)C(=O)C2=O,0.0,ok
Cn1cc2c3c1C(=O)C(=O)C=C3NCC2,0.0045,ok
Cc1ccc2c(c1C(=O)CCC(C)(C)O)C(=O)C(=O)C(C(C)C)=C2,0.0855,ok
COC1CC2C(C)(C)CCCC2(C)C2=C1C=C(C(C)C)C(=O)C2=O,0.0698,ok
CC(C)C1=CC2=C(C(=O)C1=O)C1=CC(=O)CC(C)(C)C1(C)C=C2,0.0991,ok
CC(C)C1=CC2=C(C(=O)C1=O)C1(C)CCCC(C)(C)C1CC2O,0.0604,ok
NCCCN1C2=CC(=O)C(=O)c3[nH]cc(c32)CC1C(=O)O,0.0101,ok
CC(C)C1=CC2=C(C(=O)C1=O)C1(C)CCCC(C)(C)C1CC2,0.0931,ok
CC1(C)CCCc2c1ccc1c2C(=O)C(=O)C2=C1OCC2CO,0.0669,ok
CC(C)=CC1CC(C)C2CCC(C)C3=C2C1=C(C)C(=O)C3=O,0.1377,ok
COC(=O)C1=C(O)c2ccccc2C(=O)C1=O,0.0453,ok
Cc1c2oc3c(C)cc(OC(=O)CC(C)C)c(C(C)C)c3oc-2c(C(C)C)c(=O)c1=O,0.0822,ok
CC(C)=CCCC1COC2=C(C)C(=O)C(=O)c3cccc1c32,0.0134,ok
Cc1ccc2c(c1O)C(=O)C(=O)C(C(C)C)=C2,0.0035,ok
COC(=O)CCC(C)(C)c1ccc2c(c1C)C(=O)C(=O)C(C(C)C)=C2,0.1024,ok
CC1COC2=C1C(=O)C(=O)c1c2ccc2c1CCC(O)C2(C)C,0.0572,ok
Cc1coc2c1C(=O)C(=O)c1c-2ccc2c1CCC(O)C2(C)CO,0.0416,ok
COC1=CC(=O)C(=O)c2ccc3cc(O)c(C)cc3c21,0.102,ok
Cc1coc2c1C(=O)C(=O)c1c-2ccc2c(C)c(O)ccc12,0.0502,ok
COC(=O)c1c(O)cc(C)c2c1C(=O)C(=O)C1=C2OC(C)C1(C)C,0.0956,ok
CC(=O)c1c(O)c(O)c2c(c1O)C(O)=CC(=O)C2=O,0.002,ok
Cc1coc2c1C(=O)C(=O)C1=C2C2(C)CCCC(C)(C)C2CC1,0.0108,ok
CC(C)C1=CC2=C(CC3=CCCC(C)(C)C3CC2)C(=O)C1=O,0.0658,ok
O=C1C=C(Cl)c2ccccc2C1=O,0.0,ok
CC(=O)c1cc(O)c2c(c1O)C(O)=CC(=O)C2=O,0.0887,ok
CC(C#CC1=C(Cl)C(=O)C(=O)C(Cl)=C1O)=CCl,0.0,ok
CC1COC2=C1C(=O)C(=O)c1c2ccc2c1CCCC2(C)C=O,0.0502,ok
Cc1coc2c1C(=O)C(=O)c1c-2ccc2c1CCC(O)C2CO,0.0387,ok
Cc1cccc2c3c(ccc12)C=C(C(C)C)C(=O)C3=O,0.1112,ok
CCCCCCCCCCCCCCCCCSC1=C(O)c2ncccc2C(=O)C1=O,0.0087,ok
NC(=O)CCC(NC1=CC(=O)C(=O)C=C1)C(=O)O,0.0086,ok
CC1=C(O)c2c(O)ccc(C)c2C(=O)C1=O,0.0915,ok
COC(=O)C1(C)CCCc2c1ccc1c2C(=O)C(=O)C2=C1OCC2C,0.0698,ok
C=C(C)CCCc1c(C)ccc2c1C(=O)C(=O)C(C(C)C)=C2O,0.1435,ok
CC(C)C1=C(O)c2ccc3c(c2C(=O)C1=O)C(=O)CCC3(C)C,0.11,ok
CC1COC2=C1C(=O)C(=O)c1c2cc(O)c2c1CCCC2(C)C,0.0588,ok
CC1=C(O)c2ccc3c(c2C(=O)C1=O)CCCC3(C)C,0.1237,ok
Cc1cccc2c3c(ccc12)C(O)=C(C(C)C)C(=O)C3=O,0.148,ok
CCCCCCOc1cc(O)cc2c1C(=O)C(=O)C=C2O,0.0638,ok
CCCC1OC(C)=Cc2cc3c(c(O)c21)C(O)=C(Cl)C(=O)C3=O,0.0008,ok
CC(C)C1=C(O)C2=C(C(=O)C1=O)C1(C(=O)O)CCCC(C)(C)C1CC2,0.1265,ok
CC(C)=CCCC(=CCCC1(C)C2=C(C(O)=C(C)C(=O)C2=O)C(O)C2C1CCC2(C)O)C(=O)O,0.1053,ok
CC1=Cc2c(C(C)C)cc(O)c(C)c2C(=O)C1=O,0.0966,ok
C=C(C)CCC(=O)c1c(C)ccc2c1C(=O)C(=O)C(C(C)C)=C2,0.0878,ok
CC(=CCC1(C)c2c(O)cc3c(c2OC1C)C(O)=C(C)C(=O)C3=O)C1(C)CCCC1C,0.0498,ok
CC(C)C1=C(O)C2=C(C(=O)C1=O)C13CCCC(C)(COC1O)C3CC2O,0.1007,ok
CC(=O)OCC(C)C1=C(O)C2=C(C(=O)C1=O)C1(C)CCCC(C)(C)C1C(O)C2O,0.1283,ok
O=C(O)CC(=O)OCCC=CC1=C(O)c2c(O)cccc2C(=O)C1=O,0.0502,ok
CC(=O)OCC(C)C1=C(O)C2=C(C(=O)C1=O)C1(C)CCCC(C)(C)C1C(O)C2OC(C)=O,0.1064,ok
Cc1coc2c1C(=O)C(=O)c1c-2ccc2c(C=O)cccc12,0.0522,ok
C=C1CCCc2c1ccc1c2C(=O)C(=O)C(C(C)C)=C1,0.0963,ok
O=C1C=c2cc(C(=O)O)[nH]c2=CC1=O,0.0,ok
COC1=C(O)c2c(O)c(C)c(C(C)=O)c(O)c2C(=O)C1=O,0.042,ok
CC(C)C1=C(O)C2=C(C(=O)C1=O)C1(C)CCCC(C)(C)C1C2(O)C=O,0.0093,ok
CC1CC2=C(O1)c1ccc3c(c1C(=O)C2=O)CCCC3(C)C,0.0493,ok
CC1(C)CCCC2(C)C1CCC1(C)C3=CC(=O)C(=O)c4[nH]cc(c43)CC12,0.0044,ok
O=c1ccc2ccc3c4cc5cccc6c7cccc8cccc(c87)c(c4ccc3c2c1=O)c56,0.0854,ok
CC1=C(O)c2c(O)cc(O)cc2C(=O)C1=O,0.0,ok
COC1=CC=C(C)C(=O)C1=O,0.0,ok
O=C1C=C(C2Oc3cc(O)cc(O)c3CC2O)c2cc(C3Oc4cc(O)cc(O)c4CC3O)cc(O)c2C1=O,0.1081,ok
COC1=C(c2ccc(OC)cc2)C(=O)C(=O)C(c2ccc(OC)cc2)=C1OC,0.1029,ok
CCCC1=C(O)c2c(cc(C3(O)C(=O)Nc4cccc(O)c43)c(O)c2OC)C(=O)C1=O,,no_quinone_ring_found
O=C1C=CC(c2c(O)oc3c(-c4ccc(O)c(O)c4)c(O)oc23)=CC1=O,0.0116,ok
Cc1cc(O)c2c(c1O)C(=O)C(=O)C(O)=C2O,0.0,ok
CC(C)C1=C(O)c2ccccc2C(=O)C1=O,0.0917,ok
CC1Cc2cc3c(c(O)c2C(=O)O1)C(O)=C(C1=C(O)c2c(cc4c(c2O)C(=O)OC(C)C4)C(=O)C1=O)C(=O)C3=O,0.18,ok
COC1=CC(=O)C(=O)C=C1C(C)(C)C,0.0,ok
CC(C)(C)C1=CC(C(C)(C)C)=C([N+](=O)[O-])C(=O)C1=O,0.1275,ok
N#Cc1cc2oc3ccccc3c3ccccc3oc2cc1C#N,,no_quinone_ring_found
CCOC(=O)c1c2c(n(C)c1COC)C(=O)C(=O)c1ccc(Br)cc1-2,0.0607,ok
CC(C)C1=C(O)C(c2c(C=Cc3ccccc3)cc(O)c(C(C)C)c2O)=C(C=Cc2ccccc2)C(=O)C1=O,0.1547,ok
CCCCCCn1c2nc(=O)n(C)c(=O)c-2cc2c1C(=O)C(=O)c1ccccc1-2,0.0318,ok
CCn1c2nc(=O)n(C)c(=O)c-2cc2c1C(=O)C(=O)c1ccccc1-2,0.0315,ok
CCOC(=O)c1c(CN2CCOCC2)oc2c1C(=O)C(=O)c1ccccc1-2,0.0223,ok
CCCCn1c2nc(=O)n(C)c(=O)c-2cc2c1C(=O)C(=O)c1ccccc1-2,0.0316,ok
CCCCCCCCn1c2nc(=O)n(C)c(=O)c-2cc2c1C(=O)C(=O)c1ccccc1-2,0.0314,ok
CCCn1c2nc(=O)n(C)c(=O)c-2cc2c1C(=O)C(=O)c1ccccc1-2,0.0235,ok
CCCCCCCCCCCCn1c2nc(=O)n(C)c(=O)c-2cc2c1C(=O)C(=O)c1ccccc1-2,0.0314,ok
CC1(C)OC2=C(C(=O)C(=O)c3ccccc32)C1Nc1ccc(C(=O)C=Cc2ccc([N+](=O)[O-])cc2)cc1,0.0064,ok
Cc1ccc(C=CC(=O)c2ccc(NC3C4=C(OC3(C)C)c3ccccc3C(=O)C4=O)cc2)cc1,0.0428,ok
Cc1ccc(C2CC3=C(O2)c2ccccc2C(=O)C3=O)cc1,0.0029,ok
CC(C)c1ccc(C=CC(=O)c2ccc(NC3C4=C(OC3(C)C)c3ccccc3C(=O)C4=O)cc2)cc1,0.0068,ok
CC1(C)OC2=C(C(=O)C(=O)c3ccccc32)C(n2nncc2-c2ccccc2)C1Br,0.0503,ok
O=C1C(=O)c2ccccc2C2=C1CC(c1ccc(Cl)cc1)O2,0.003,ok
O=C1C(=O)c2cc(Cl)ccc2-c2ccccc21,0.0,ok
O=C1C(=O)c2cc(Cl)ccc2-c2ccc(Cl)cc21,0.0,ok
O=C1C(=O)c2cc(Br)cc([N+](=O)[O-])c2-c2ccc(Br)cc21,0.1267,ok
O=C1C(=O)c2ccccc2C=C1[N+](=O)[O-],0.0383,ok
CC(=O)c1ccc2c(c1)-c1ccccc1C(=O)C2=O,0.0309,ok
CC1=Cc2ccc(C)cc2C(=O)C1=O,0.0006,ok
CC(=O)C(C(C)=O)C1=CC(=O)C(=O)c2ccccc21,0.0276,ok
Cc1ccc(C(=O)c2coc3c2C(=O)C(=O)C(Cl)=C3Cl)cc1,0.0383,ok
COc1c(O)c(C)cc2cc3c(cc12)C(=O)C(=O)C=C3,0.0039,ok
CCOC(=O)c1c(C)[nH]c2c1-c1cc(Br)ccc1C(=O)C2=O,0.0526,ok
COc1cc2oc(=O)c3cc(C)c(O)c4c(=O)c(=O)c(c1O)c2c34,0.008,ok
CCOC(=O)c1c2c(n(C)c1CNC(C)C)C(=O)C(=O)c1ccc(Br)cc1-2,0.0745,ok
CC1=C(O)C2=C(C(=O)C1=O)C(CO)N1C(C#N)C3CC4C(C1C2N1CCOC41)N3C,0.1107,ok
CC1=C(O)c2c(c(COC(N)=O)c3n2CC(N)C3O)C(=O)C1=O,0.0192,ok
NCCc1c[nH]c2c1C(=O)C(=O)C=C2SCC(N)C(=O)N(CC(=O)O)C(=O)CCC(N)C(=O)O,0.0074,ok
COc1cc2c(cc1OC)CC(NCC1=CC(=O)C(=O)C=C1)CC2,0.0018,ok
CCCCOC1=CC(=O)C(=O)c2ccccc21,0.0,ok
COc1cc2c(c(O)c1CCC(C)O)C(=O)C(=O)C(O)=C2O,0.0008,ok
C=CCOC(=O)c1cc(C(=O)OCC=C)c2c(n1)C(=O)C(=O)c1cc(C(=O)OCC=C)[nH]c1-2,0.0197,ok
CC(C)(O)CC1=C(O)c2ccccc2C(=O)C1=O,0.019,ok
C=C(C)C(O)CC1=C(O)c2ccccc2C(=O)C1=O,0.0422,ok
[NH3+]C(CSC1=C(CC([NH3+])C(=O)[O-])C=CC(=O)C1=O)C(=O)[O-],0.0383,ok
O=C(O)C1=CC(=CC=NC(CC2=CC(=O)C(=O)C=C2)C(=O)O)CC(C(=O)O)N1,0.0748,ok
O=C1C(=O)c2ccccc2C(O)=C1C(C1=C(O)c2ccccc2C(=O)C1=O)c1ccc(N(CCCl)CCCl)cc1,0.1171,ok
NC(CCC(=O)NC1=CC(=O)C(=O)C=C1)C(=O)O,0.0005,ok
C=CC(C)(C)c1[nH]c2ccccc2c1C1=C(CC=C(C)C)C(O)=C(c2c[nH]c3ccccc23)C(=O)C1=O,0.1263,ok
NCCCn1c2cc(=O)c(=O)cc-2sc2ccc(Cl)cc21,0.0557,ok
CC(C)(CO)C1CCC(C2=C(O)c3ccccc3C(=O)C2=O)CC1,0.0885,ok
C=CC(C)(CCC=C(C)C)C1=C(O)c2c(O)cc(O)cc2C(=O)C1=O,0.1258,ok
O=C1C=C(O)c2c(O)cc(O)c(C3=C(O)c4c(O)cc(O)cc4C(=O)C3=O)c2C1=O,0.0624,ok
CC1=C(O)C2=C(C(=O)C1=O)C(COC(N)=O)C1(O)C3C(CN21)N3C,0.0509,ok
CC(C)c1nc2c([nH]1)C(=O)C(=O)c1ccccc1-2,0.0,ok
O=c1c(=O)c2c3ccccc3cc3ccc4cccc1c4c32,0.0,ok
NCCc1c[nH]c2c1C(=O)C(=O)C=C2O,0.0011,ok
COc1cc(C(C2=C(O)c3ccccc3C(=O)C2=O)C2=C(O)c3ccccc3C(=O)C2=O)ccc1O,0.0982,ok
O=C1C(=O)c2ccccc2C(O)=C1C(C1=C(O)c2ccccc2C(=O)C1=O)c1ccc(O)cc1,0.1135,ok
O=C1C(=O)c2cccnc2C(O)=C1Cl,0.0,ok
CCCCCC1=C(O)c2ccccc2C(=O)C1=O,0.0044,ok
O=C1C(=O)c2ccccc2C(O)=C1Cc1ccc(Oc2ccccc2)cc1,0.019,ok
O=C1C(=O)c2ccccc2C(O)=C1CSc1ccc(Cl)cc1,0.0399,ok
CCCCCCCCCCCCCCCC1=C(O)c2ccccc2C(=O)C1=O,0.047,ok
O=C1C(=O)c2ccccc2C(O)=C1C(C1=C(O)c2ccccc2C(=O)C1=O)c1ccc(Cl)c(Cl)c1,0.0913,ok
CC(=O)Nc1ccc(C(C2=C(O)c3ccccc3C(=O)C2=O)C2=C(O)c3ccccc3C(=O)C2=O)cc1,0.1263,ok
COc1cc(C(C2=C(O)c3ccccc3C(=O)C2=O)C2=C(O)c3ccccc3C(=O)C2=O)cc(OC)c1OC,0.0488,ok
CCOC(=O)C(C1=C(O)c2ccccc2C(=O)C1=O)C1=C(O)c2ccccc2C(=O)C1=O,0.0756,ok
CCOc1ccc(C(C2=C(O)c3ccccc3C(=O)C2=O)C2=C(O)c3ccccc3C(=O)C2=O)cc1OC,0.0284,ok
CCCCCCCNC1=C(O)c2ccccc2C(=O)C1=O,0.0614,ok
O=C1C=C(N2CCOCC2)c2cnccc2C1=O,0.0561,ok
O=C1C=C(Nc2ccc(Br)cc2)c2ccccc2C1=O,0.0497,ok
CCOC1=C(C)C(=O)C(=O)c2cccnc21,0.014,ok
COc1cc(C(C2=C(O)c3ccccc3C(=O)C2=O)C2=C(O)c3ccccc3C(=O)C2=O)cc(Br)c1O,0.0952,ok
CC(=O)c1c(C)cc2c(c1O)C(=O)C(=O)C=C2O,0.0458,ok
CC1(C)CC(=O)C(C2=C(O)c3ccccc3C(=O)C2=O)C(=O)C1,0.1832,ok
NC1C2CN(c3nc4c(cc3F)c(=O)c(C(=O)O)cn4-c3ccc(F)cc3F)CC12,0.0188,ok
CCCc1cc2c(o1)-c1ccccc1C(=O)C2=O,0.0001,ok
CC(C)=CCCC(C)C1=C(N)C(O)=C(C)C(=O)C1=O,0.0919,ok
CC(C)=CCCC(C)C1=C(O)C(N)=C(C)C(=O)C1=O,0.087,ok
CCc1cc2c(o1)-c1ccccc1C(=O)C2=O,0.0001,ok
O=C1C(=O)c2ccccc2C(O)=C1CCCc1ccc(Br)cc1,0.0051,ok
Cc1ccc(CCCCC2=C(O)c3ccccc3C(=O)C2=O)cc1,0.071,ok
CC(CC1=C(O)c2ccccc2C(=O)C1=O)CC1CCCCC1,0.0748,ok
O=C1C(=O)c2ccccc2C(O)=C1CCCc1ccc(F)cc1,0.0054,ok
CC(C)CCCCCCC1=C(O)c2ccccc2C(=O)C1=O,0.0848,ok
O=C1C(=O)c2ccccc2C(O)=C1CCCCc1ccc(Oc2ccccc2)cc1,0.0046,ok
CCCCCCCCCCCCCCCCC1=C(O)c2ccccc2C(=O)C1=O,0.06,ok
CCCCCC(O)(CCCCC)CCCCCCC1=C(O)c2ccccc2C(=O)C1=O,0.0675,ok
O=C1C(=O)c2ccccc2C(O)=C1CCCc1ccc(Sc2ccccc2)cc1,0.0113,ok
CCCCCCCCC(=O)CCCCCCCCC1=C(O)c2ccccc2C(=O)C1=O,0.0852,ok
CCCCCCCCC(O)CCCCCCCCC1=C(O)c2ccccc2C(=O)C1=O,0.0852,ok
CCCCCCCCC(O)CCCCCCCC1=C(O)c2ccccc2C(=O)C1=O,0.0877,ok
COC1=CC(C2c3cc4c(cc3C(OC(C)=O)C3COC(=O)C23)OCO4)=CC(=O)C1=O,,no_quinone_ring_found
CCCCCCCCC(O)CCCCCCCCCCC1=C(O)c2ccccc2C(=O)C1=O,0.0651,ok
CC1CC2=C(OC1(C)C)c1ccccc1C(=O)C2=O,0.0047,ok
COC(=O)C1C2CON=C2c2cc3c(cc2C1C1=CC(=O)C(=O)C(OC)=C1)OCO3,0.0248,ok
O=C1C(=O)c2ccccc2C(O)=C1c1cccc(F)c1,0.0917,ok
CC(C)(C)c1ccc(C(C)(C)C)c2c1OS(=O)O2,,no_quinone_ring_found
O=C(O)CCNC1=CC(=O)C(=O)c2ccccc21,0.0572,ok
Cc1c2ccccc2c(C)c2c3c(ccc12)C(=O)C(=O)C=C3,0.0828,ok
O=C(O)c1cc2oc3ccccc3c3ccccc3oc2cc1C(=O)Nc1ccc(F)cc1,,no_quinone_ring_found
CC1=C2CCC(C)c3c(O)cc(C)c(c32)C(=O)C1=O,0.1265,ok
CC(SC1=C(O)c2ccccc2C(=O)C1=O)C(=O)O,0.0472,ok
CC(=O)OC(C)C1=C(O)C2=C(C(=O)C1=O)C1(C)CCCC(C)(C)C1CC2O,0.1336,ok
CC(C)=CCCC(C)=CCc1c(O)ccc2c1C(=O)C(=O)C(C)=C2O,0.0898,ok
O=C1C(=O)c2ccccc2C(O)=C1C=Cc1ccccc1,0.075,ok
CCCC=CC1=C(O)c2ccccc2C(=O)C1=O,0.1227,ok
O=C1C(=O)c2ccccc2C(O)=C1C(C=Cc1ccccc1)C1=C(O)c2ccccc2C(=O)C1=O,0.0838,ok
O=C1C(=O)c2ccccc2C(O)=C1C=CCc1ccccc1,0.0876,ok
CC(C)=CCC1=CC(=O)C(=O)C(C)=C1O,0.0407,ok
CC1NC2=CC(=O)C(=O)C=C2C1O,0.0057,ok
COc1cc(OC)c2c(c1)C(=O)C(=O)C(C)=C2O,0.0,ok
O=C1C(=O)c2ccccc2C(O)=C1CC1CCCCC1,0.0679,ok
C=CCC1=C(O)C2=C(C(=O)C1=O)C1(C)CCCC(C)(C)C1CC2O,0.1188,ok
CC(C)C1=CC(=O)C(=O)c2ccccc21,0.0,ok
CCC=CC1=C(O)c2cccc(O)c2C(=O)C1=O,0.1134,ok
CC(C)(CO)CC1=C(O)c2ccccc2C(=O)C1=O,0.0522,ok
CC1=C(O)c2c(C(C)C)cc(O)c(C=O)c2C(=O)C1=O,0.1709,ok
COc1cc2c(cc1OC)C(O)=C(c1cc(OC)c(OC)cc1[N+](=O)[O-])C(=O)C2=O,0.0735,ok
C=C(C)C(O)Cc1c(O)c2c(c(O)c1OC)C=C(OC)C(=O)C2=O,0.052,ok
C=C1CCCC2C1(C)CCC(C)C2(C)CC1=C(O)C(NC(CO)C(=O)O)=CC(=O)C1=O,0.0929,ok
O=C1C(=O)c2ccccc2C(O)=C1CCCOC(=O)c1ccc2ccccc2c1O,0.0682,ok
O=C1C(=O)c2ccccc2C(O)=C1CCCOC(=O)c1ccc2ccccc2c1,0.0874,ok
O=C1C(=O)c2ccccc2C(O)=C1c1ccccc1[N+](=O)[O-],0.0165,ok
COc1cc(C(=O)OCCCC2=C(O)c3ccccc3C(=O)C2=O)c(OC)c2ccccc12,0.0839,ok
CC(CO)CC1=C(O)c2ccccc2C(=O)C1=O,0.0211,ok
COc1c(C(=O)OCCCC2=C(O)c3ccccc3C(=O)C2=O)ccc2ccccc12,0.0305,ok
COC(=O)C(CCSC)NC1=C(O)c2ccccc2C(=O)C1=O,0.0454,ok
CCCCc1ccc2c3c1C(=O)C(=O)C(C)=C3OC=C2C,0.0943,ok
O=C1C(=O)c2cc3c(cc2C(O)=C1[N+](=O)[O-])CCCC3,0.0802,ok
CC(=O)CCC1=C(O)c2ccccc2C(=O)C1=O,0.0168,ok
CC(C)NC1=CC(=O)C(=O)c2ccccc21,0.0335,ok
O=C1C(=O)c2ccccc2C(O)=C1Cc1ccc([N+](=O)[O-])cc1,0.0528,ok
CC(C)C1=CC2=C(CCCC2)C(=O)C1=O,0.0049,ok
COc1cc(CC2c3cc4c(cc3CCN2CCCl)OS(=O)O4)cc(OC)c1OC,,no_quinone_ring_found
COc1ccc(C(C2=C(O)c3ccccc3C(=O)C2=O)c2ccc(C(C)C)cc(=O)c2O)cc1,0.1096,ok
CC(C)C1=Cc2cccc(-c3ccccc3)c2C(=O)C1=O,0.1074,ok
O=C1C=C(N2CCC2)C(N2CCC2)=CC1=O,0.0931,ok
O=C1C=C(N2CCCC2)C(N2CCCC2)=CC1=O,0.1196,ok
O=c1cc2c3cc(O)c(O)c4cccc(c5cccc(c1=O)c52)c43,0.0407,ok
COC(=O)C(C)NC1=C(O)c2ccccc2C(=O)C1=O,0.0566,ok
CCCCCCCCCCCC1=C(O)C(Nc2ccccc2)=CC(=O)C1=O,0.0377,ok
CCCCCCN(CC1=C(O)c2ccccc2C(=O)C1=O)Cc1ccccc1,0.0247,ok
CCCCCCCN(CC1=C(O)c2ccccc2C(=O)C1=O)Cc1ccccc1,0.1099,ok
Cc1c(Br)oc2c1C(=O)C(=O)c1c-2ccc2c1CCCC2(C)C,0.0425,ok
CCCCCCCCN(CC1=C(O)c2ccccc2C(=O)C1=O)Cc1ccccc1,0.0832,ok
Cc1c(-c2ccccc2)oc2c1C(=O)C(=O)c1c-2ccc2c1CCCC2(C)C,0.0366,ok
CC1CCC2C1C1=C(OC2(C)C)c2ccccc2C(=O)C1=O,0.0602,ok
CCCCNC(C1=C(O)c2ccccc2C(=O)C1=O)c1ccc(Cl)cc1Cl,0.1192,ok
CC1CCC2C(C1)C1=C(OC2(C)C)C2=C(C(=O)C1=O)C1CC(C)CCC1C(C)(C)O2,0.073,ok
CCCCNC(C1=C(O)c2ccccc2C(=O)C1=O)c1ccc([N+](=O)[O-])cc1,0.0882,ok
CC1(C)CCC2=C(O1)c1ccc(Cl)cc1C(=O)C2=O,0.0044,ok
Cc1cc(C)c2c(c1)C(=O)C(=O)c1c(-c3ccccc3)coc1-2,0.0013,ok
Cc1cc(C)c2c(c1)C(=O)C(=O)c1c(-c3ccc(F)cc3)coc1-2,0.0015,ok
Cc1cc(C)c2c(c1)C(=O)C(=O)c1cc(C)oc1-2,0.0006,ok
Cc1ccc(-c2coc3c2C(=O)C(=O)c2cc(C)cc(C)c2-3)cc1,0.0013,ok
Cc1cc(C)c2c(c1)C(=O)C(=O)c1c(-c3ccc(Cl)cc3)coc1-2,0.0014,ok
CC(=O)Nc1c(C)cc(C)c2c1C(=O)C(=O)c1c(-c3ccc(C)c(C)c3)coc1-2,0.0235,ok
Cc1cc(C)c2c(c1)C(=O)C(=O)c1c(-c3ccc(C)c(C)c3)coc1-2,0.0011,ok
CC(C)C1=Cc2ccc3c(c2C(=O)C1=O)CCC(O)C3(C)O,0.0876,ok
CCc1cccc2c1C(=O)C(=O)C(C(C)C)=C2,0.0911,ok
C=Cc1cccc2c1C(=O)C(=O)C(C(C)C)=C2,0.0927,ok
COc1cc(C(C2=C(O)c3ccccc3C(=O)C2=O)C2C(=O)c3ccccc3C(=O)C2O)cc(Br)c1O,0.0813,ok
C=CC(C)(C)c1[nH]c2ccccc2c1C1=C(O)C(N)=C(c2c[nH]c3c(CC=C(C)C)cccc23)C(=O)C1=O,0.1171,ok
CCN(CC)C(=O)c1cccc2c1C(=O)C(=O)C(C(C)C)=C2,0.0901,ok
O=C1C=C(NCCCN2CCCCC2)c2ccccc2C1=O,0.065,ok
CCCCCOc1ccc2c(c1)C(c1ccccc1)=CC(=O)C2=O,0.0002,ok
CCCCC1=CC(=O)C(=O)c2ccccc21,0.0,ok
CCCCCCCCCCC1=CC(=O)C(=O)c2ccccc21,0.0337,ok
COC1=CC(C2c3cc4c(cc3C(NC(=O)N(C)N=O)C3COC(=O)C23)OCO4)=CC(=O)C1=O,,no_quinone_ring_found
COC1=CC(C2c3cc4c(cc3C(NC(=O)N(CCCl)N=O)C3COC(=O)C23)OCO4)=CC(=O)C1=O,,no_quinone_ring_found
O=C1C(=O)c2ccccc2C(O)=C1C1CC1,0.0649,ok
O=C1C(=O)c2ccccc2C(O)=C1CCCCCCCCC1=C(O)c2ccccc2C(=O)C1=O,0.0688,ok
O=C1C(=O)c2ccccc2C(O)=C1NC(=O)C1CCCCC1,0.0013,ok
O=C1C(=O)c2ccccc2C(O)=C1CCCCCCC1=C(O)c2ccccc2C(=O)C1=O,0.086,ok
CCCCCCCCCCCCCCCCCC1=C(O)c2ccccc2C(=O)C1=O,0.0769,ok
CCCCCCCCCCCCCC1=C(O)c2ccccc2C(=O)C1=O,0.0274,ok
O=C1C(=O)c2ccccc2C(O)=C1NCC1CCCCC1,0.0759,ok
O=C1C(=O)c2ccccc2C(O)=C1CSC1CCCCC1,0.0128,ok
COc1ccc2c(c1)C(O)=C(C1CCCCCC1)C(=O)C2=O,0.0876,ok
O=C1C(=O)c2ccccc2C(O)=C1C1CC2CCC1C2,0.1184,ok
O=C1C=C2NC(C(=O)O)C(O)C2=CC1=O,0.007,ok
O=C1C(=O)c2ccccc2C(O)=C1SC1CCCCC1,0.0272,ok
NS(=O)(=O)c1cccc2c3c(cc([N+](=O)[O-])c12)=CC(=O)C(=O)C=3,0.0148,ok
CCCCCCCCCCC1=C(O)c2ccc(OC)cc2C(=O)C1=O,0.0227,ok
O=C1C(=O)c2c(ccc3ccccc23)C(O)=C1CCCC1CCCCC1,0.1184,ok
CCCCCCCCCCC1=C(O)c2cc(Br)ccc2C(=O)C1=O,0.0609,ok
CCCCCCCCCC1=C(O)c2ccsc2C(=O)C1=O,0.0134,ok
CCCC(C)COC1=CC(=O)C(=O)c2ccccc21,0.0005,ok
O=C1C(=O)c2cc(Cl)ccc2C(O)=C1CCCCC1CCCCC1,0.0062,ok
Cc1ccc(NC2=C(Cl)C(=O)C(=O)c3cccnc32)cc1,0.0459,ok
CCCCCCNC1=CC(=O)C(=O)c2ccc(C)nc21,0.0137,ok
O=C1C(=O)c2ccc(O)cc2C(O)=C1CCCC1CCCCC1,0.0638,ok
CC(C)N(C)CCc1c[nH]c2cc3ooc3cc12,,no_quinone_ring_found
Cc1ccc2c(c1)C(=O)C(=O)C1=C2OC(C)(C)CC1,0.0045,ok
CCCCCCCCCCC1=C(O)c2cc(OC)ccc2C(=O)C1=O,0.0634,ok
C=CC1=COC2=C(C)C(=O)C(=O)c3c(C)ccc1c32,0.0684,ok
O=C1C(=O)c2ccccc2C2=C1CCC1(CCCCCC1)O2,0.0044,ok
CC1=C2OC=C(C#N)c3ccc(C)c(c32)C(=O)C1=O,0.0683,ok
O=C1C(=O)c2ccccc2C2=C1CCC(C13CC4CC(CC(C4)C1)C3)O2,0.0047,ok
COC1=C(C)C(=O)C(=O)c2c(C)cccc21,0.1033,ok
CC1=CCC2=C(C)C(=O)C(=O)c3c(C)ccc1c32,0.1029,ok
CC(C)N(C1=C(O)c2ccccc2C(=O)C1=O)C(C)C,0.1003,ok
COC(=O)CNC1=C(O)c2ccccc2C(=O)C1=O,0.0079,ok
CC(C)(COC(=O)c1cc(O)ccc1O)CC1=C(O)c2ccccc2C(=O)C1=O,0.055,ok
CCCC1=C2OC=C(C)c3ccc(C)c(c32)C(=O)C1=O,0.074,ok
CCCCCc1ccc2c3c1C(=O)C(=O)C(C)=C3OC=C2C,0.0866,ok
CC1=COC2=CC(=O)C(=O)c3c(C)ccc1c32,0.0005,ok
CCCCCCc1ccc2c3c1C(=O)C(=O)C(C)=C3OC=C2C,0.0866,ok
CCC1=C2OC=C(C)c3ccc(C)c(c32)C(=O)C1=O,0.0746,ok
Cc1coc2c1C(=O)C(=O)c1c-2ccc2c1CCC(OCCO)C2(C)C,0.0373,ok
Cc1coc2c1C(=O)C(=O)c1c-2ccc2c1CCC(C(=O)Oc1ccccc1)C2(C)C,0.055,ok
CCOC(=O)C1CCc2c(ccc3c2C(=O)C(=O)c2c(C)coc2-3)C1(C)C,0.0392,ok
Cc1ccc(CC2=C(O)c3ccccc3C(=O)C2=O)o1,0.0899,ok
CC(C)CCC1=C(O)C2=C(CCCC2)C(=O)C1=O,0.0142,ok
CC1(C)OC2=C(C(=O)C(=O)c3ccccc32)C1Nc1ccc(F)cc1,0.0461,ok
CC1(C)OC2=C(C(=O)C(=O)c3ccccc32)C1Nc1cccc(Cl)c1,0.008,ok
CC1=C(O)c2c(C(C)C)cc(O)c(C(=O)O)c2C(=O)C1=O,0.1484,ok
CC1(C)OC2=C(C(=O)C(=O)c3ccccc32)C1Nc1cccc(Br)c1,0.0333,ok
O=C1C(=O)c2ccccc2C(O)=C1C(C#Cc1ccccc1)C1=C(O)c2ccccc2C(=O)C1=O,0.098,ok
COC1=CC(C2c3cc4c(cc3C(Nc3ccccc3)C3COC(=O)C23)OCO4)=CC(=O)C1=O,,no_quinone_ring_found
CC1=CC(C)CCC2OC(C3=C(C(O)=C(C)C(=O)C3=O)C(O)C(=O)C(C)CC(C)C1)C(C)C(O)C2C,0.1179,ok
COC1=CC(C2c3cc4c(cc3C(Nc3ccc(Cl)cc3)C3COC(=O)C23)OCO4)=CC(=O)C1=O,,no_quinone_ring_found
CC1(C)OC2=C(C(=O)C(=O)c3ccccc32)C1Nc1cccc(F)c1,0.0195,ok
COC1=CC(C2c3cc4c(cc3C(Nc3ccc(C#N)cc3)C3COC(=O)C23)OCO4)=CC(=O)C1=O,,no_quinone_ring_found
Cc1ccc(OCCOc2ccc(CC3=C(O)c4ccccc4C(=O)C3=O)cc2)cc1,0.063,ok
O=C1C(=O)c2ccccc2C(O)=C1Cc1ccc(OCCOc2ccc(Cl)cc2)cc1,0.0609,ok
O=C1C(=O)c2ccccc2C(O)=C1Cc1ccc(OCCOc2ccc3c(c2)CCC3)cc1,0.01,ok
O=C1C(=O)c2ccccc2C2=C1CCC(c1ccc(Cl)cc1)O2,0.0051,ok
Cc1ccc([N+](=O)[O-])cc1NC1C2=C(OC1(C)C)c1ccccc1C(=O)C2=O,0.0102,ok
COc1ccc(OCCOc2ccc(CC3=C(O)c4ccccc4C(=O)C3=O)cc2)cc1,0.0174,ok
O=C1C(=O)c2ccccc2C2=C1CCC(c1ccc(F)cc1)O2,0.0051,ok
COc1ccc(C2CCC3=C(O2)c2ccccc2C(=O)C3=O)cc1,0.0142,ok
Cc1ccc(C2CC(c3ccc([N+](=O)[O-])cc3)C3=C(O2)c2ccccc2C(=O)C3=O)cc1,0.0413,ok
Cc1ccc(C2CC(c3ccccc3)C3=C(O2)c2ccccc2C(=O)C3=O)cc1,0.0508,ok
Cc1ccc(C2CC(c3cccs3)C3=C(O2)c2ccccc2C(=O)C3=O)cc1,0.0712,ok
O=C1C(=O)c2c(-c3ccccc3)csc2-c2ccccc21,0.003,ok
CC(=O)OCC(C)(C)CC1=C(O)c2ccccc2C(=O)C1=O,0.0497,ok
CC(=O)OCCCC1=C(O)c2ccccc2C(=O)C1=O,0.0673,ok
CCCC(=O)OCCCC1=C(O)c2ccccc2C(=O)C1=O,0.0079,ok
CCC(CC)C(=O)OCC(C)(C)CC1=C(O)c2ccccc2C(=O)C1=O,0.0875,ok
C=CC(C)(C)C1=C(O)c2c(O)cccc2C(=O)C1=O,0.1281,ok
O=C1C=C(O)C(c2ccc(Cl)cc2)=CC1=O,0.0,ok
CC(C)CC1=C(O)C2=C(CCCC2)C(=O)C1=O,0.0573,ok
O=C1C=C(O)C(c2ccc3ccccc3c2)=CC1=O,0.0001,ok
CCCCCC1=CC(=O)C(=O)C=C1O,0.0059,ok
O=C1C=C(O)C(c2ccc3oc4ccccc4c3c2)=CC1=O,0.0004,ok
O=C1C=C(O)C(c2ccc3c(c2)Sc2ccccc2S3)=CC1=O,0.001,ok
O=C1C(=O)c2ccccc2C2=C1CC1CC=CC1O2,0.0038,ok
O=C1C(=O)c2ccccc2C2=C1CC1CCCOC1O2,0.0042,ok
CCOc1ccc(C2CCC3=C(O2)c2ccccc2C(=O)C3=O)cc1,0.0055,ok
O=C1C(=O)c2ccccc2C2=C1CC1CCC=CC1O2,0.0045,ok
CCOC1CCC2CC3=C(OC2O1)c1ccccc1C(=O)C3=O,0.0052,ok
CC1(O)COC2=CC(=O)C(=O)c3cccc1c32,0.0118,ok
COC1CCC2CC3=C(OC2O1)c1ccccc1C(=O)C3=O,0.004,ok
CC(=O)COC1=C(C)C(=O)C(=O)c2ccccc21,0.0449,ok
CC1=C(OCC#N)c2ccccc2C(=O)C1=O,0.0513,ok
C=CCOC1=C(C)C(=O)C(=O)c2ccccc21,0.0449,ok
COc1ccc(C(=O)COC2=C(C)C(=O)C(=O)c3ccccc32)cc1,0.0437,ok
CC1=C(OCC(=O)c2ccc(C)c(C)c2)c2ccccc2C(=O)C1=O,0.0433,ok
CC1=C(OCC(=O)c2ccc(Cl)cc2)c2ccccc2C(=O)C1=O,0.0443,ok
Cc1nn(-c2ccccc2)c2nc3c(c(-c4ccc(F)cc4)c12)C(=O)C(=O)c1ccccc1-3,0.1022,ok
Cc1nn(-c2ccccc2)c2nc3c(c(-c4ccccc4)c12)C(=O)C(=O)c1ccccc1-3,0.1063,ok
Cc1ccc(-c2c3c(nc4c2c(C)nn4-c2ccccc2)-c2ccccc2C(=O)C3=O)cc1,0.1065,ok
COc1c(O)cc2c(c1O)C(=O)C(=O)C(C)=C2O,0.0065,ok
COc1cc2c(c(OC)c1OC)C(=O)C(=O)C(C)=C2O,0.1222,ok
CCCCCCCCCCCC1=C(O)C(Nc2cccc([N+](=O)[O-])c2)=CC(=O)C1=O,0.026,ok
CCCCCCCCCCCC1=C(O)C(Nc2ccc(OC)cc2)=CC(=O)C1=O,0.0218,ok
COC(=O)c1cc2c3c(n1)C(=O)C(=O)C(Cl)=C3N(C)C2=O,0.0,ok
COC1=CC(C(=O)Nc2ccc(-c3ccccc3)cc2[N+](=O)[O-])=CC(=O)C1=O,0.0065,ok
COc1ccccc1C(=O)NCC(C)(C)CC1=C(O)c2ccccc2C(=O)C1=O,0.0518,ok
COc1c(C(=O)NCC(C)(C)CC2=C(O)c3ccccc3C(=O)C2=O)ccc2ccccc12,0.0873,ok
COc1ccc(O)c(C(=O)NCC(C)(C)CC2=C(O)c3ccccc3C(=O)C2=O)c1,0.1019,ok
COc1ccc2c(c1O)C(=O)C(=O)C(C)=C2O,0.0638,ok
COc1ccc(OC)c(C(=O)NCC(C)(C)CC2=C(O)c3ccccc3C(=O)C2=O)c1,0.0506,ok
CC1(C)OC2=C(C(=O)C(=O)c3ccccc32)C1n1cc(-c2ccc(Br)cc2)nn1,0.0131,ok
Cc1coc2c1C(=O)C(=O)c1c-2ccc2c1C(OC(=O)c1ccccc1)CCC2(C)C,0.0721,ok
COc1cccc(C(=O)OC2CCC(C)(C)c3ccc4c(c32)C(=O)C(=O)c2c(C)coc2-4)c1,0.0028,ok
COc1ccc(C(=O)OC2CCC(C)(C)c3ccc4c(c32)C(=O)C(=O)c2c(C)coc2-4)cc1,0.0154,ok
Cc1coc2c1C(=O)C(=O)c1c-2ccc2c1C(OC(=O)c1ccccc1O)CCC2(C)C,0.0163,ok
Cc1coc2c1C(=O)C(=O)c1c-2ccc2c1C(OC(=O)c1cccc(O)c1)CCC2(C)C,0.0705,ok
Cc1coc2c1C(=O)C(=O)c1c-2ccc2c1C(OC(=O)c1ccc(O)cc1)CCC2(C)C,0.0248,ok
Cc1coc2c1C(=O)C(=O)c1c-2ccc2c1C(OC(=O)c1ccccc1F)CCC2(C)C,0.038,ok
Cc1coc2c1C(=O)C(=O)c1c-2ccc2c1C(OC(=O)c1cccc(F)c1)CCC2(C)C,0.0211,ok
Cc1coc2c1C(=O)C(=O)c1c-2ccc2c1C(OC(=O)c1ccc(F)cc1)CCC2(C)C,0.024,ok
Cc1coc2c1C(=O)C(=O)c1c-2ccc2c1C(OC(=O)Cc1ccccc1)CCC2(C)C,0.0399,ok
COc1ccccc1CC(=O)OC1CCC(C)(C)c2ccc3c(c21)C(=O)C(=O)c1c(C)coc1-3,0.0175,ok
COc1cccc(CC(=O)OC2CCC(C)(C)c3ccc4c(c32)C(=O)C(=O)c2c(C)coc2-4)c1,0.0715,ok
COc1ccc(CC(=O)OC2CCC(C)(C)c3ccc4c(c32)C(=O)C(=O)c2c(C)coc2-4)cc1,0.0284,ok
Cc1coc2c1C(=O)C(=O)c1c-2ccc2c1C(OC(=O)Cc1ccccc1O)CCC2(C)C,0.0683,ok
Cc1coc2c1C(=O)C(=O)c1c-2ccc2c1C(OC(=O)Cc1cccc(O)c1)CCC2(C)C,0.074,ok
Cc1coc2c1C(=O)C(=O)c1c-2ccc2c1C(OC(=O)Cc1ccc(O)cc1)CCC2(C)C,0.0287,ok
Cc1coc2c1C(=O)C(=O)c1c-2ccc2c1C(OC(=O)Cc1ccccc1F)CCC2(C)C,0.0736,ok
Cc1coc2c1C(=O)C(=O)c1c-2ccc2c1C(OC(=O)Cc1cccc(F)c1)CCC2(C)C,0.0727,ok
Cc1coc2c1C(=O)C(=O)c1c-2ccc2c1C(OC(=O)Cc1ccc(F)cc1)CCC2(C)C,0.0426,ok
COC(=O)C(NC1=C(C)C(=O)C(=O)C(C(C)CCC=C(C)C)=C1O)C(C)C,0.1111,ok
COC(=O)C(CC(C)C)NC1=C(C)C(=O)C(=O)C(C(C)CCC=C(C)C)=C1O,0.0981,ok
CCOC(=O)C(CCSC)NC1=C(C)C(=O)C(=O)C(C(C)CCC=C(C)C)=C1O,0.1292,ok
COc1cccc2c1C(O)=C(CC=C(C)C)C(=O)C2=O,0.0563,ok
CC(C)=CCCC(C)C1=C(O)C(NCCc2c[nH]c3ccccc23)=C(C)C(=O)C1=O,0.0791,ok
O=C1C(=O)c2ccccc2C(O)=C1Nc1ccc(-c2ccc(O)cc2)cc1,0.0281,ok
CC(=O)OC1CCC(C)(C)c2ccc3c(c21)C(=O)C(=O)c1c(C)coc1-3,0.0738,ok
COC1=CC(=O)c2c(cc(OC)c(C(C)C3=C(O)c4c(O)cc(O)cc4C(=O)C3=O)c2O)C1=O,0.0032,ok
CSc1ccc(SCC2=C(O)c3ccccc3C(=O)C2=O)cc1,0.0809,ok
C=C1C(C)CCCC1(C)CCC(C)=CCC1=C(O)C(NC(C(=O)O)C(C)C)=CC(=O)C1=O,0.0049,ok
CC(=CCC1=C(O)C(NC(C(=O)O)C(C)C)=CC(=O)C1=O)CCC1(C)CCC=C(C)C1C,0.0768,ok
O=C1C(=O)c2ccccc2C(O)=C1CSc1ccc(O)cc1,0.0476,ok
O=C1C(=O)c2ccccc2C(O)=C1CSc1ccc([N+](=O)[O-])cc1,0.0542,ok
CCCSCC1=C(O)c2ccccc2C(=O)C1=O,0.0169,ok
O=C1C(=O)c2ccccc2C(O)=C1CSc1ccc2ccccc2c1,0.0301,ok
O=C1C(=O)c2ccccc2C(O)=C1C(Sc1ccccc1)c1ccccc1,0.1052,ok
COc1ccc(SC(C2=C(O)c3ccccc3C(=O)C2=O)c2ccccc2)cc1,0.0481,ok
CSc1ccc(SC(C2=C(O)c3ccccc3C(=O)C2=O)c2ccccc2)cc1,0.1073,ok
Cc1ccc(SC(C2=C(O)c3ccccc3C(=O)C2=O)c2ccccc2)cc1,0.1085,ok
O=C1C(=O)c2ccccc2C(O)=C1C(Sc1ccc(O)cc1)c1ccccc1,0.0765,ok
O=C1C(=O)c2ccccc2C(O)=C1C(Sc1ccc([N+](=O)[O-])cc1)c1ccccc1,0.0466,ok
Cc1ccccc1SC(C1=C(O)c2ccccc2C(=O)C1=O)c1ccccc1,0.0511,ok
Cc1cccc(SC(C2=C(O)c3ccccc3C(=O)C2=O)c2ccccc2)c1,0.0082,ok
O=C1C(=O)c2ccccc2C(O)=C1C(Sc1ccc2ccccc2c1)c1ccccc1,0.1115,ok
CCCSC(C1=C(O)c2ccccc2C(=O)C1=O)c1ccccc1,0.0838,ok
O=C1C(=O)c2ccccc2C(O)=C1C(Sc1ccccc1)c1ccc([N+](=O)[O-])cc1,0.1111,ok
O=C1C(=O)c2ccccc2C(O)=C1C(Sc1ccc(F)cc1)c1ccc([N+](=O)[O-])cc1,0.1087,ok
Cc1ccc(SC(C2=C(O)c3ccccc3C(=O)C2=O)c2ccc([N+](=O)[O-])cc2)cc1,0.1042,ok
Cc1cccc(SC(C2=C(O)c3ccccc3C(=O)C2=O)c2ccc([N+](=O)[O-])cc2)c1,0.1036,ok
CCCSC(C1=C(O)c2ccccc2C(=O)C1=O)c1ccc([N+](=O)[O-])cc1,0.1145,ok
O=C1C(=O)c2ccccc2C(O)=C1C(Sc1ccc2ccccc2c1)c1ccc([N+](=O)[O-])cc1,0.0777,ok
CC(C)C(=O)NCC(C)(C)CC1=C(O)c2ccccc2C(=O)C1=O,0.0555,ok
CCC(C)C(=O)NCC(C)(C)CC1=C(O)c2ccccc2C(=O)C1=O,0.0477,ok
CCCCCC(=O)NCC(C)(C)CC1=C(O)c2ccccc2C(=O)C1=O,0.0634,ok
CCCCCCC(=O)NCC(C)(C)CC1=C(O)c2ccccc2C(=O)C1=O,0.0839,ok
CCCCCCCC(=O)NCC(C)(C)CC1=C(O)c2ccccc2C(=O)C1=O,0.0603,ok
CCCCCCC(C)C(=O)NCC(C)(C)CC1=C(O)c2ccccc2C(=O)C1=O,0.0583,ok
CCCCCCCCC(=O)NCC(C)(C)CC1=C(O)c2ccccc2C(=O)C1=O,0.058,ok
CCCCCCCCCC(=O)NCC(C)(C)CC1=C(O)c2ccccc2C(=O)C1=O,0.0954,ok
CCCCCCCCCCC(=O)NCC(C)(C)CC1=C(O)c2ccccc2C(=O)C1=O,0.066,ok
O=C1C(=O)c2c(nc3ncnn3c2-c2ccc(Cl)cc2)-c2ccccc21,0.1118,ok
CCCCCCCCCCCC(=O)NCC(C)(C)CC1=C(O)c2ccccc2C(=O)C1=O,0.0792,ok
CCCCCCCCCOC1=CC(=O)C(=O)c2ccccc21,0.0,ok
COc1cc(-c2c3c(nc4ncnn24)-c2ccccc2C(=O)C3=O)cc(OC)c1OC,0.1138,ok
O=C1C=C(NC(=O)c2ccccc2)c2ccccc2C1=O,0.0952,ok
CCCCCCCCC=CCCCCCCCC1=C(O)c2ccccc2C(=O)C1=O,0.0601,ok
NCCC1=CC(=O)C(=O)C=C1N,0.0118,ok
Cc1nn(-c2ccccc2)c2nc3c(c(-c4ccc(Cl)cc4)c12)C(=O)C(=O)c1ccccc1-3,0.102,ok
CN(C)CCC1=CC(=O)C(=O)C=C1N,0.0164,ok
Cc1ccc(-c2[nH]nc3nc4c(c(-c5ccc([N+](=O)[O-])cc5)c23)C(=O)C(=O)c2ccccc2-4)cc1,0.105,ok
CCN(CC)Cc1oc2c(c1C)C(=O)C(=O)c1ccccc1-2,0.0005,ok
C=C1CCC2C(C)(C(=O)OC)CCCC2(C)C1Cc1c(C)ccc2c1C(=O)C(=O)C=C2O,0.1308,ok
CCCN(CCC)Cc1oc2c(c1C)C(=O)C(=O)c1ccccc1-2,0.0007,ok
Cc1c(CNC2CCCCC2)oc2c1C(=O)C(=O)c1ccccc1-2,0.0005,ok
CC(=O)N1CCN(Cc2oc3c(c2C)C(=O)C(=O)c2ccccc2-3)CC1,0.0004,ok
COc1ccc(NCc2oc3c(c2C)C(=O)C(=O)c2ccccc2-3)cc1,0.0011,ok
Cc1ccc(NCc2oc3c(c2C)C(=O)C(=O)c2ccccc2-3)cc1,0.0003,ok
Cc1cccc(NCc2oc3c(c2C)C(=O)C(=O)c2ccccc2-3)c1,0.0012,ok
COc1cccc(NCc2oc3c(c2C)C(=O)C(=O)c2ccccc2-3)c1,0.0002,ok
O=C1C(=O)c2ccccc2C(O)=C1C(Nc1ccccc1)c1ccccn1,0.0733,ok
CCCCCCCCCCC1CC2=C(O1)c1ccccc1C(=O)C2=O,0.0043,ok
CCCCCCCCCCCCCCCCC1=C(OC)C(OC)=CC(=O)C1=O,0.0198,ok
COc1ccc(SC2C3=C(OC2(C)C)c2ccccc2C(=O)C3=O)cc1,0.0231,ok
Cc1ccc(SC2C3=C(OC2(C)C)c2ccccc2C(=O)C3=O)cc1,0.0235,ok
CC1(C)OC2=C(C(=O)C(=O)c3ccccc32)C1Sc1ccc(F)cc1,0.0252,ok
Cc1cccc(SC2C3=C(OC2(C)C)c2ccccc2C(=O)C3=O)c1,0.0235,ok
CC1(C)OC2=C(C(=O)C(=O)c3ccccc32)C1Sc1c(F)c(F)c(F)c(F)c1F,0.0233,ok
Cc1nc2c(o1)-c1ccccc1C(=O)C2=O,0.0,ok
O=C1C=C(NCCCN2CCCC2=O)c2ccccc2C1=O,0.0651,ok
O=C1C=C(NCCCN2CCCC2)c2ccccc2C1=O,0.0645,ok
COc1ccccc1NCc1nc2c(o1)-c1ccccc1C(=O)C2=O,0.0015,ok
COc1cccc(NCc2nc3c(o2)-c2ccccc2C(=O)C3=O)c1,0.0003,ok
COC1=Cc2ccc3cc(O)ccc3c2C(=O)C1=O,0.1139,ok
COC1=C(c2c(O)ccc3c2ccc2cc(OC)c(O)c(OC)c23)c2ccc3cc(O)ccc3c2C(=O)C1=O,0.1357,ok
COc1ccc(NC(C2=C(O)c3ccccc3C(=O)C2=O)c2ccccn2)cc1,0.0875,ok
O=C1C(=O)c2ccccc2C(O)=C1C(NCCCCl)c1ccccc1,0.0505,ok
CC(C)(C)OC(=O)NCCNC(C1=C(O)c2ccccc2C(=O)C1=O)c1ccccc1,0.0895,ok
CC(C)(C)OC(=O)NCCNC(C1=C(O)c2ccccc2C(=O)C1=O)c1ccc([N+](=O)[O-])cc1,0.0958,ok
CCCCCCCNC(C1=C(O)c2ccccc2C(=O)C1=O)c1cc(Br)ccc1O,0.0479,ok
O=C1C(=O)c2ccccc2C(O)=C1C(NCCCCl)c1ccccn1,0.034,ok
CCCCCCCCCCNC(C1=C(O)c2ccccc2C(=O)C1=O)c1cc(Br)ccc1O,0.1107,ok
CCCCCCCCCCNC(C1=C(O)c2ccccc2C(=O)C1=O)c1cccc(O)c1,0.1147,ok
CCCCNC(C1=C(O)c2ccccc2C(=O)C1=O)c1cccc(O)c1,0.0538,ok
CC(C)(C)OC(=O)NCCCNC(C1=C(O)c2ccccc2C(=O)C1=O)c1ccc(Cl)cc1Cl,0.1075,ok
CC(C)(C)OC(=O)NCCCNCC1=C(O)c2ccccc2C(=O)C1=O,0.0141,ok
CCCCCCCNC(C1=C(O)c2ccccc2C(=O)C1=O)c1ccccc1,0.1138,ok
CC(C)(C)OC(=O)NCCNC(C1=C(O)c2ccccc2C(=O)C1=O)c1ccccc1O,0.0961,ok
CC(C)(C)OC(=O)NCCCNC(C1=C(O)c2ccccc2C(=O)C1=O)c1ccccc1O,0.1083,ok
O=C1C(=O)c2ccccc2C(O)=C1C(NCCCCl)c1cccc(O)c1,0.0558,ok
CC(C)(C)OC(=O)NCCCNC(C1=C(O)c2ccccc2C(=O)C1=O)c1ccccc1,0.0953,ok
CCCCCCCCCCNC(C1=C(O)c2ccccc2C(=O)C1=O)c1ccccc1O,0.064,ok
CC(C)(C)OC(=O)NCCNC(C1=C(O)c2ccccc2C(=O)C1=O)c1cccc(O)c1,0.0933,ok
CCCCCCCNC(C1=C(O)c2ccccc2C(=O)C1=O)c1cccc(O)c1,0.0989,ok
CC(C)(C)OC(=O)NCCCNC(C1=C(O)c2ccccc2C(=O)C1=O)c1cccc(O)c1,0.1216,ok
O=C1C(=O)c2ccccc2C(O)=C1C(NCCCCl)c1ccc(Cl)cc1Cl,0.0833,ok
O=C1C(=O)c2ccccc2C(O)=C1C(NCCCCl)c1ccc([N+](=O)[O-])cc1,0.0424,ok
CC(C)(C)OC(=O)NCCNC(C1=C(O)c2ccccc2C(=O)C1=O)c1ccc(Cl)cc1Cl,0.0904,ok
CC(C)(C)OC(=O)NCCNCC1=C(O)c2ccccc2C(=O)C1=O,0.0602,ok
CCCCCCCNC(C1=C(O)c2ccccc2C(=O)C1=O)c1ccc([N+](=O)[O-])cc1,0.1167,ok
CC(C)(C)OC(=O)NCCCNC(C1=C(O)c2ccccc2C(=O)C1=O)c1ccc([N+](=O)[O-])cc1,0.0931,ok
COC1=C(O)c2cccc(O)c2C(=O)C1=O,0.0847,ok
O=C1C(=O)c2ccccc2C(O)=C1C(c1cccs1)c1c[nH]c2ccccc12,0.1029,ok
COc1ccccc1C(C1=C(O)c2ccccc2C(=O)C1=O)c1c[nH]c2ccccc12,0.1221,ok
O=C1C(=O)c2ccccc2C2=C1CC(Cn1cc(C3(O)CCCCC3)nn1)O2,0.0042,ok
COc1cccc(C(C2=C(O)c3ccccc3C(=O)C2=O)c2c[nH]c3ccccc23)c1,0.0634,ok
O=C1C(=O)c2ccccc2C(O)=C1C(c1ccc(Cl)cc1)c1c[nH]c2ccccc12,0.1289,ok
O=C1C(=O)c2ccccc2C(O)=C1C(c1ccc(F)cc1)c1c[nH]c2ccccc12,0.1139,ok
O=C1C(=O)c2ccccc2C(O)=C1C(c1cccc([N+](=O)[O-])c1)c1c[nH]c2ccccc12,0.1144,ok
O=C1C(=O)c2ccccc2C(O)=C1C(c1ccc([N+](=O)[O-])cc1)c1c[nH]c2ccc(Br)cc12,0.0953,ok
CC(C)=CCCC(C)=CCOc1cc(C)c2c(c1C(C)C)C=C(C)C(=O)C2=O,0.1079,ok
O=C1C(=O)c2ccccc2C(O)=C1C(c1ccc([N+](=O)[O-])cc1)c1c[nH]c2ccccc12,0.0833,ok
O=C1C(=O)c2ccccc2C(O)=C1C1=C(Br)C(=O)c2ccccc2C1=O,0.0677,ok
CC1(C)C=Cc2c(ccc3c2C(=O)C(=O)C(C2=C(Cl)C(=O)c4ccccc4C2=O)=C3O)O1,0.1011,ok
COc1ccc2c(c1)C(=O)C(=O)C(C1=C(Cl)C(=O)c3ccccc3C1=O)=C2O,0.0686,ok
COc1ccc2c(c1)C(=O)C(Cl)=C(C1=C(O)c3ccccc3C(=O)C1=O)C2=O,0.0202,ok
COc1ccc2c(c1)C(=O)C(C1=C(O)c3ccccc3C(=O)C1=O)=C(Cl)C2=O,0.0208,ok
COC1=C(O)C(=O)C(=O)c2cnccc21,0.043,ok
O=C1C(=O)c2c(O)ccc(O)c2C(O)=C1Sc1ncc[nH]1,0.0868,ok
COc1ccc2c(c1)C(=O)C(Br)=C(C1=C(O)c3ccccc3C(=O)C1=O)C2=O,0.0693,ok
COc1cc2c(c(O)c1O)C(=O)C(=O)C(C)=C2O,0.0584,ok
Cc1ccc(-c2[nH]nc3c2C(c2ccccc2)C2=C(N3)c3ccccc3C(=O)C2=O)cc1,0.0867,ok
O=C1C(=O)c2ccccc2C2=C1C(c1ccccc1)c1c(n[nH]c1-c1ccc([N+](=O)[O-])cc1)N2,0.088,ok
O=C1C(=O)c2ccccc2C2=C1C(c1ccccc1)c1c(n[nH]c1-c1ccc(Cl)cc1)N2,0.0873,ok
O=C1C(=O)c2ccccc2C2=C1C(c1ccccc1)c1c(n[nH]c1-c1ccccc1)N2,0.0854,ok
Cc1ccc(C2C3=C(Nc4n[nH]c(-c5ccccc5)c42)c2ccccc2C(=O)C3=O)cc1,0.087,ok
COc1cc(C(NCc2ccccn2)C2=C(O)c3ccccc3C(=O)C2=O)ccc1O,0.0978,ok
CCc1coc2c1C(=O)C(=O)c1ccccc1-2,0.0004,ok
Cc1cccc2c3c(ccc12)-c1occ(CN2CCOCC2)c1C(=O)C3=O,0.0622,ok
CCCCCCCNC(C1=C(O)c2ccccc2C(=O)C1=O)c1ccc(O)c(OC)c1,0.0748,ok
Cc1cc2c(o1)-c1nc(OCCCCN(C)C)c3ccccc3c1C(=O)C2=O,0.0016,ok
COc1ccc(OC)c(NC2C3=C(OC2(C)C)c2ccc4c(C)cccc4c2C(=O)C3=O)c1,0.1071,ok
Cc1cc2c(o1)-c1c(c3ccccc3c(=O)n1CCO)C(=O)C2=O,0.0318,ok
CCc1coc2c1C(=O)C(=O)c1ccc(C)cc1-2,0.0004,ok
Cc1cc2c(o1)-c1c(c3ccccc3c(=O)n1CCCn1ccnc1)C(=O)C2=O,0.0289,ok
Cc1cccc2c3c(ccc12)C1=C(C(=O)C3=O)C(Nc2ccc(F)c([N+](=O)[O-])c2)C(C)(C)O1,0.0847,ok
Cc1cc2c(o1)-c1nc(OCCO)c3ccccc3c1C(=O)C2=O,0.0031,ok
O=C1C(=O)c2ccccc2C(O)=C1C(C1=C(O)c2ccccc2C(=O)C1=O)c1ccc(C(F)(F)F)cc1,0.0518,ok
Cc1cc2c(cc1C)-c1oc(CNc3ccc(F)cc3C)c(C)c1C(=O)C2=O,0.0001,ok
Cc1cc2c(cc1C)-c1oc(C(=O)NCc3ccc(F)cc3)c(C)c1C(=O)C2=O,0.0008,ok
Cc1cc2c(cc1C)-c1oc(CNc3ccc(F)cc3)c(C)c1C(=O)C2=O,0.0011,ok
Cc1cc2c(cc1C)-c1oc(CN3CCN(c4ccccc4)CC3)c(C)c1C(=O)C2=O,0.0006,ok
Cc1cc2c(cc1C)-c1oc(C(=O)N3CCN(c4ccc(F)cc4)CC3)c(C)c1C(=O)C2=O,0.0013,ok
Cc1cc2c(cc1C)-c1oc(CNc3ccc(F)cc3F)c(C)c1C(=O)C2=O,0.0016,ok
COc1ccc(NCc2oc3c(c2C)C(=O)C(=O)c2cc(C)c(C)cc2-3)cc1,0.0004,ok
Cc1cc2c(cc1C)-c1oc(CNc3ccc(C#N)cc3)c(C)c1C(=O)C2=O,0.0012,ok
Cc1cc2c(cc1C)-c1oc(CNc3ccc(F)c(Cl)c3)c(C)c1C(=O)C2=O,0.0003,ok
COc1ccccc1NCc1oc2c(c1C)C(=O)C(=O)c1cc(C)c(C)cc1-2,0.0011,ok
Cc1cc2c(cc1C)-c1oc(CNc3ccc(Br)cc3)c(C)c1C(=O)C2=O,0.0012,ok
COc1cccc(NCc2oc3c(c2C)C(=O)C(=O)c2cc(C)c(C)cc2-3)c1,0.0002,ok
Cc1cc2c(cc1C)-c1oc(CNCc3ccc(F)cc3)c(C)c1C(=O)C2=O,0.0015,ok
Cc1cc2c(cc1C)-c1oc(C(=O)N3CCN(Cc4ccccc4)CC3)c(C)c1C(=O)C2=O,0.0034,ok
Cc1cc2c(cc1C)-c1oc(CN3CCN(c4ccc(F)cc4)CC3)c(C)c1C(=O)C2=O,0.0018,ok
CCOC(=O)C1=C(NCC2=C(O)c3ccccc3C(=O)C2=O)SC2CCCCC12,0.0032,ok
O=C1C=C(CO)C(O)=C(Cl)C1=O,0.0016,ok
Cc1cc2c(cc1C)-c1oc(CNc3cccc(F)c3)c(C)c1C(=O)C2=O,0.0011,ok
Cc1cc2c(cc1C)-c1oc(CN3CCN(Cc4ccccc4)CC3)c(C)c1C(=O)C2=O,0.0003,ok
CCCCCCC1=C(O)c2c(OC)cc(OC)cc2C(=O)C1=O,0.012,ok
CCCCC1=C(O)c2c(OC)cc(OC)cc2C(=O)C1=O,0.0223,ok
CNCCc1cccc2c3c(ccc12)C=CC(=O)C3=O,0.0864,ok
CCC1=C(O)c2c(OC)cc(OC)cc2C(=O)C1=O,0.0228,ok
COc1cc(OC)c2c(c1)C(=O)C(=O)C(CCC1CCCCC1)=C2O,0.0178,ok
Cc1cc2c(cc1C)-c1oc(CNc3ccc(Cl)cc3Cl)c(C)c1C(=O)C2=O,0.0041,ok
Cc1cc2c(cc1C)-c1oc(CNc3ccc(Cl)c(Cl)c3)c(C)c1C(=O)C2=O,0.0003,ok
CCCCCCCCCCC1=C(O)c2c(OC)cc(OC)cc2C(=O)C1=O,0.0517,ok
CC1=Cc2ccc3c(c2C(=O)C1=O)CCOC3,0.0651,ok
CCCC1=C(O)c2c(OC)cc(OC)cc2C(=O)C1=O,0.0209,ok
COc1cc(OC)c2c(c1)C(=O)C(=O)C(CCc1ccc(N(CCCl)CCCl)cc1)=C2O,0.0196,ok
CCCCCCCCCCCCC1=C(O)c2c(OC)cc(OC)cc2C(=O)C1=O,0.0384,ok
CCCCCCCCC1=C(O)c2c(OC)cc(OC)cc2C(=O)C1=O,0.0275,ok
COc1cc(OC)c2c(c1)C(=O)C(=O)C(CCc1ccccc1)=C2O,0.0687,ok
COc1cc(OC)c2c(c1)C(=O)C(=O)C(CCc1ccc(Br)cc1)=C2O,0.0611,ok
COc1ccc(CCC2=C(O)c3c(OC)cc(OC)cc3C(=O)C2=O)cc1,0.0217,ok
COc1cccc(SC(C2=C(O)c3ccccc3C(=O)C2=O)c2ccccc2)c1,0.1059,ok
O=C1C(=O)c2ccccc2C2=C1CC(c1cn(-c3cc(Cl)ccc3Cl)nn1)O2,0.0058,ok
O=C1C(=O)c2ccccc2C2=C1CC(c1cn(-c3ccc(Cl)c(Cl)c3)nn1)O2,0.0057,ok
CN(C1=CC(=O)C(=O)c2ccccc21)c1ccc(C#N)cc1,0.0285,ok
N#Cc1ccc(C2=C(O)c3ccccc3C(=O)C2=O)cc1,0.0057,ok
O=C1C(=O)c2ccccc2C2=C1CC(c1cn(-c3ccc(F)cc3)nn1)O2,0.0018,ok
COc1ccc(-n2cc(C3CC4=C(O3)c3ccccc3C(=O)C4=O)nn2)cc1,0.0056,ok
O=C1C(=O)c2ccccc2C2=C1CC(c1cn(-c3ccc([N+](=O)[O-])cc3)nn1)O2,0.0018,ok
Cc1ccc(-n2cc(C3CC4=C(O3)c3ccccc3C(=O)C4=O)nn2)cc1,0.0019,ok
O=C1C(=O)c2ccccc2C2=C1CC(c1cn(-c3ccc(Cl)cc3)nn1)O2,0.0056,ok
COC(=O)C12CCCC(C)(C)C1CC(SCCO)C1=C2C(=O)C(=O)C(C(C)C)=C1,0.0606,ok
CC(C)C1=CC2=C(C(=O)C1=O)C1(c3nnc(-c4ccc(Br)cc4)o3)CCCC(C)(C)C1CC2=O,0.0922,ok
O=C1C(=O)c2ccccc2C(O)=C1C(Nc1ccccn1)c1ccccc1O,0.0841,ok
Cc1cc2c3c(ccc2s1)C(=O)C(=O)c1ccsc1-3,0.0364,ok
Cc1ccccc1C1CC(=O)NC2=C1C(=O)C(=O)c1ccccc12,0.133,ok
COc1cccc2c1C(=O)C(=O)C(C)=C2c1c(OC)cc(O)c2c1CC(C)NC2C,0.1102,ok
CCCCCCC1=C(O)C(c2c(CCCCC)cc(O)c(CCCCCC)c2O)=C(CCCCC)C(=O)C1=O,0.1011,ok
Cc1cc2c3c(ccc2s1)C(=O)C(=O)c1sccc1-3,0.0861,ok
CCCCCCC1=C(O)C(C2=C(CCCCC)C(=O)C(=O)C(CCCCCC)=C2O)=C(CCCCC)C(=O)C1=O,0.0878,ok
O=C1CC(c2cccc(O)c2)C2=C(N1)c1ccccc1C(=O)C2=O,0.1393,ok
O=C1CC(c2ccc(F)cc2F)C2=C(N1)c1ccccc1C(=O)C2=O,0.1202,ok
COc1cc(C2CC(=O)NC3=C2C(=O)C(=O)c2ccccc23)cc(OC)c1OC,0.1389,ok
O=C1CC(c2ccc(Cl)cc2)C2=C(N1)c1ccccc1C(=O)C2=O,0.1379,ok
O=C1CC(c2ccccc2Cl)C2=C(N1)c1ccccc1C(=O)C2=O,0.0795,ok
O=C1C(=O)c2c(ccc3ccccc23)-c2ccoc21,0.0,ok
COc1ccc(OC)c(C2CC(=O)NC3=C2C(=O)C(=O)c2ccccc23)c1,0.1029,ok
O=C1CC(c2ccc([N+](=O)[O-])cc2)C2=C(N1)c1ccccc1C(=O)C2=O,0.11,ok
CCCCCC1CC(=O)NC2=C1C(=O)C(=O)c1ccccc12,0.1689,ok
COc1ccccc1C1CC(=O)NC2=C1C(=O)C(=O)c1ccccc12,0.1338,ok
COc1cc(OC)cc(C2CC(=O)NC3=C2C(=O)C(=O)c2ccccc23)c1,0.1423,ok
O=C1CC(c2cc([N+](=O)[O-])ccc2Cl)C2=C(N1)c1ccccc1C(=O)C2=O,0.0879,ok
CCCC1CC(=O)NC2=C1C(=O)C(=O)c1ccccc12,0.1037,ok
CC(C)C1CC(=O)NC2=C1C(=O)C(=O)c1ccccc12,0.095,ok
Cc1ccc(C2CC(=O)NC3=C2C(=O)C(=O)c2ccccc23)cc1,0.1379,ok
COc1cccc(C2CC(=O)NC3=C2C(=O)C(=O)c2ccccc23)c1,0.1337,ok
O=C1CC(C2CCCCC2)C2=C(N1)c1ccccc1C(=O)C2=O,0.1796,ok
O=C1CC(c2ccc(F)cc2)C2=C(N1)c1ccccc1C(=O)C2=O,0.1003,ok
Cc1cccc(C2CC(=O)NC3=C2C(=O)C(=O)c2ccccc23)c1,0.1372,ok
O=C1CC(c2c(F)cccc2F)C2=C(N1)c1ccccc1C(=O)C2=O,0.1249,ok
COc1ccc(C2CC(=O)NC3=C2C(=O)C(=O)c2ccccc23)cc1F,0.1379,ok
O=C1CC(C2CCCC2)C2=C(N1)c1ccccc1C(=O)C2=O,0.1759,ok
Cc1coc2c1C(=O)C(=O)c1cccc(O)c1-2,0.0,ok
Cc1cc2c(cc1C)-c1oc(CN(C)C)c(C)c1C(=O)C2=O,0.0001,ok
Cc1cc2c(o1)-c1c(O)cccc1C(=O)C2=O,0.0,ok
COC1C2=C(C(=O)C(=O)C(C(C)C)=C2O)C2(C)CCCC(C)(C)C12,0.0807,ok
Cc1coc2c1C(=O)C(=O)c1cc(O)ccc1-2,0.0,ok
Cc1cc2c(cc1C)-c1oc(CN3CCCCC3)c(C)c1C(=O)C2=O,0.0003,ok
CC(C)C1=C(O)C2=C(C(=O)C1=O)C1(C)CCCC(C)(C)C1C2O,0.0629,ok
Cc1cccc2c3c(ccc12)-c1oc2c(c1C(=O)C3=O)CCN(CCO)C2,0.0431,ok
Cc1cccc2c3c(ccc12)-c1oc2c(c1C(=O)C3=O)CCN(CCCN1CCOCC1)C2,0.0452,ok
O=C1C(=O)c2ccccc2C(O)=C1C(c1ccccc1O)N1CCCC1,0.1079,ok
Cc1cccc2c3c(ccc12)-c1oc2c(c1C(=O)C3=O)CCN(C(CO)CCCO)C2,0.0436,ok
COC(=O)c1coc2c1C(=O)C(=O)c1c-2ccc2c1C=CC(=O)C2(C)C,0.0804,ok
Cc1c[nH]c2c1C(=O)C(=O)c1c-2ccc2c1CCCC2(C)C,0.0537,ok
CC1(C)OC2=C(C(=O)C(=O)c3ccccc32)C1S(=O)(=O)C1CCCCC1,0.0418,ok
O=C1C(=O)c2ccccc2C(O)=C1Nc1ccc(O)c(CN2CCOCC2)c1,0.0286,ok
O=C1C(=O)c2ccccc2C2=C1CC(Cn1cc(COC3CCCCO3)nn1)O2,0.006,ok
O=C1C(=O)c2ccccc2C(O)=C1NCCNc1ccnc2cc(Cl)ccc12,0.0093,ok
CCCNCc1cc(NC2=C(O)c3ccccc3C(=O)C2=O)ccc1O,0.0776,ok
CC(C=O)C1=C(O)c2ccc3c(c2C(=O)C1=O)CCCC3(C)C,0.1186,ok
Cc1cccc(S(=O)(=O)C2C3=C(OC2(C)C)c2ccccc2C(=O)C3=O)c1,0.0453,ok
CC1(C)C(=O)C=Cc2c1ccc1c2C(=O)C(=O)c2c(C=O)coc2-1,0.0251,ok
Cc1c(CN2CCN(C(=O)C=Cc3cccnc3)CC2)oc2c1C(=O)C(=O)c1c-2ccc2c1CCCC2(C)C,0.0352,ok
COc1ccc2c(=O)c3oc4c5cc(OC)ccc5c(=O)c(=O)c4c3c(=O)c2c1,0.0,ok
COc1ccc2c(=O)c3c(oc4c5ccc(OC)cc5c(=O)c(=O)c43)c(=O)c2c1,0.0,ok
Cc1coc2c1C(=O)C(=O)c1c-2ccc2c1C(=O)CCC2(C)C,0.0835,ok
CCCCCCCC1Cc2cc3c(c(O)c2CO1)C(=O)C(=O)C(OC)=C3,0.0243,ok
Cc1ccc(COc2ccc3c(c2)C(=O)C(=O)C2=C3OCC2C)cc1,0.0046,ok
CCCCCCCCCCCC1=C(O)c2nc3ccccc3c(-c3ccc(Cl)cc3)c2C(=O)C1=O,0.0899,ok
CCCCCCCCCCCC1=C(O)C2=C(C(=O)C1=O)C(c1ccc([N+](=O)[O-])cc1)c1ccccc1N2,0.059,ok
CC12CCCC3(COC1=O)CC1=C(C=CC32)C(O)=CC(=O)C1=O,0.2242,ok
CCCCCCCCCCCC1=C(O)C(Nc2ccc(Br)cc2)=CC(=O)C1=O,0.0204,ok
CCCCCCCCCCCC1=C(O)c2nc3cc(C)cc(C)c3c(-c3ccc([N+](=O)[O-])cc3)c2C(=O)C1=O,0.095,ok
CCCCCCCCCCCC1=C(O)C2=C(C(=O)C1=O)C(c1ccc([N+](=O)[O-])cc1)c1c(C)cc(C)cc1N2,0.0576,ok
CCCCCCCCCCCC1=C(O)c2nc3ccccc3c(-c3ccc(F)cc3)c2C(=O)C1=O,0.0826,ok
CCCCCCCCCCCC1=C(O)C2=C(C(=O)C1=O)C(c1ccc(OC)c(OC)c1)c1ccccc1N2,0.1068,ok
CCCCCCCCCCCC1=C(O)c2nc3ccccc3c(-c3ccc([N+](=O)[O-])cc3)c2C(=O)C1=O,0.0765,ok
CCCCCCCCCCCC1=C(O)C2=C(C(=O)C1=O)C(c1ccc(C)c(C)c1)c1ccccc1N2,0.0275,ok
COC1CC(O)C=C(C)C(=O)NC2=CC(=O)C(=O)C(=C2O)CC(C)CC(OC)C(O)C(C)C=C(C)C1OC(N)=O,,no_quinone_ring_found
CCCCCCCCCCCC1=C(O)c2nc3ccccc3c(-c3ccc(C)c(C)c3)c2C(=O)C1=O,0.0978,ok
CCCCCCCCCCCC1=C(O)C2=C(C(=O)C1=O)C(c1ccc(C(=O)OC)cc1)c1ccccc1N2,0.0621,ok
CCCCCCCCCCCC1=C(O)c2nc3ccccc3c(-c3ccc(C(=O)OC)cc3)c2C(=O)C1=O,0.0927,ok
CCCCCCCCCCCC1=C(O)C2=C(C(=O)C1=O)C(c1ccc([N+](=O)[O-])cc1)c1cc(OC)ccc1N2,0.0576,ok
CCCCCCCCCCCC1=C(O)c2nc3ccccc3c(-c3ccc(Br)cc3)c2C(=O)C1=O,0.0942,ok
CCCCCCCCCCCC1=C(O)c2nc3ccccc3c(-c3ccccc3)c2C(=O)C1=O,0.0915,ok
CCCCCCCCCCCC1=C(O)c2nc3ccc(Br)cc3c(-c3ccc([N+](=O)[O-])cc3)c2C(=O)C1=O,0.0926,ok
CCCCCCCCCCCC1=C(O)C2=C(C(=O)C1=O)C(c1cccc(F)c1)c1ccccc1N2,0.0599,ok
CCCCCCCCCCCC1=C(O)C2=C(C(=O)C1=O)C(c1ccc(F)cc1)c1ccccc1N2,0.0737,ok
CCCCCCCCCCCC1=C(O)C2=C(C(=O)C1=O)C(c1ccc(Cl)cc1)c1ccccc1N2,0.1047,ok
CCCCCCCCCCCC1=C(O)c2nc3ccccc3c(-c3cccc(F)c3)c2C(=O)C1=O,0.1117,ok
CCCCCCCCCCCC1=C(O)C2=C(C(=O)C1=O)C(c1ccc([N+](=O)[O-])cc1)c1cc(Br)ccc1N2,0.0938,ok
CCCCCCCCCCCC1=C(O)C2=C(C(=O)C1=O)C(c1ccsc1)c1ccccc1N2,0.0522,ok
CCCCCCCCCCCC1=C(O)C2=C(C(=O)C1=O)C(c1ccc(Br)cc1)c1ccccc1N2,0.098,ok
CCCCCCCCCCCC1=C(O)C2=C(C(=O)C1=O)C(c1ccccc1)c1ccccc1N2,0.0649,ok
CCCCCCCCCCCC1=C(O)c2nc3ccccc3c(-c3ccsc3)c2C(=O)C1=O,0.0856,ok
CC(O)c1cc2c(o1)-c1cccc(O)c1C(=O)C2=O,0.0011,ok
O=C1C=C(O)C(Cn2cc(COc3ccccc3)nn2)=CC1=O,0.0307,ok
CCCCCCCCCCCC1=C(O)c2nc3ccc(OC)cc3c(-c3ccc([N+](=O)[O-])cc3)c2C(=O)C1=O,0.0808,ok
O=C1C=C(O)C(Cn2cc(COc3ccc(Br)cc3)nn2)=CC1=O,0.0111,ok
O=C1C=C(O)C(Cn2cc(COc3cccc4ccccc34)nn2)=CC1=O,0.0163,ok
O=C1C=C(O)C(Cn2cc(COc3ccc(CO)cc3)nn2)=CC1=O,0.0148,ok
O=C1C=C(O)C(Cn2cc(COc3ccc([N+](=O)[O-])cc3)nn2)=CC1=O,0.0059,ok
COc1ccc(SC2=C(O)c3cccc(O)c3C(=O)C2=O)cc1,0.0337,ok
CC(=O)c1cc2c(o1)-c1cccc(O)c1C(=O)C2=O,0.0,ok
COc1cc(OC)cc(OCc2cn(CC3=CC(=O)C(=O)C=C3O)nn2)c1,0.0052,ok
O=C1C=C(O)C(Cn2cc(COc3ccc(Cl)cc3)nn2)=CC1=O,0.0106,ok
O=C1C=C(O)C(Cn2cc(COc3ccc(F)cc3)nn2)=CC1=O,0.0104,ok
COc1cc(OCc2cn(CC3=CC(=O)C(=O)C=C3O)nn2)cc(OC)c1OC,0.0144,ok
CC(=O)Nc1ccc(OCc2cn(CC3=CC(=O)C(=O)C=C3O)nn2)cc1,0.0102,ok
COc1ccc(OCc2cn(CC3=CC(=O)C(=O)C=C3O)nn2)cc1,0.0055,ok
N#Cc1ccc(OCc2cn(CC3=CC(=O)C(=O)C=C3O)nn2)cc1,0.0144,ok
COc1ccc(SC2=C(O)c3c(O)cccc3C(=O)C2=O)cc1,0.0486,ok
O=C1C=C(O)C(Cn2cc(COc3ccc(Cl)cc3Cl)nn2)=CC1=O,0.0166,ok
CC(C)CC(CO)N1CCc2c(oc3c2C(=O)C(=O)c2ccccc2-3)C1,0.0002,ok
Cc1ccc2c(c1CCC(=O)NCCCCCC(=O)Nc1ccccc1N)C(=O)C(=O)C(C(C)C)=C2,0.0973,ok
COc1cc(C=CC(=O)OC2CCC(C)(C)c3ccc4c(c32)C(=O)C(=O)c2c(C)coc2-4)cc(OC)c1OC,0.1021,ok
Cc1coc2c1C(=O)C(=O)c1c-2ccc2c1C(OC(=O)CCCCC1CCSS1)CCC2(C)C,0.0977,ok
CNC(=O)C(C)N1CCc2c(oc3c2C(=O)C(=O)c2ccccc2-3)C1,0.0011,ok
Cc1coc2c1C(=O)C(=O)c1c-2ccc2c1C(OC(=O)c1cc(Cl)ccc1Cl)CCC2(C)C,0.0792,ok
O=C1C(=O)c2c(oc3c2CCN(C(=O)c2ccc(F)cc2)C3)-c2ccccc21,0.0012,ok
CNC(=O)CCN1CCc2c(oc3c2C(=O)C(=O)c2ccccc2-3)C1,0.0006,ok
CCCCCCCCCCCC1=C(O)C(NCCC2CCN(Cc3ccccc3)CC2)=CC(=O)C1=O,0.0575,ok
CN(C)C(=O)N1CCc2c(oc3c2C(=O)C(=O)c2ccccc2-3)C1,0.0003,ok
COC(=O)C(C)N1CCc2c(oc3c2C(=O)C(=O)c2ccccc2-3)C1,0.0009,ok
O=C1C(=O)c2c(oc3c2CCN(C(=O)c2cccc(C(F)(F)F)c2)C3)-c2ccccc21,0.0006,ok
CC(CO)N1CCc2c(oc3c2C(=O)C(=O)c2ccccc2-3)C1,0.0009,ok
O=C1C(=O)c2c(oc3c2CCN(C(=O)c2ccc(C(F)(F)F)cc2)C3)-c2ccccc21,0.0001,ok
O=C1C(=O)c2c(oc3c2CCN(CCO)C3)-c2ccccc21,0.001,ok
CC(=O)N1CCc2c(oc3c2C(=O)C(=O)c2ccccc2-3)C1,0.0005,ok
O=C1C(=O)c2c(oc3c2CCN(CCCO)C3)-c2ccccc21,0.001,ok
CN(C)CCN1CCc2c(oc3c2C(=O)C(=O)c2ccccc2-3)C1=O,0.0003,ok
O=C1C(=O)c2c(oc3c2CCN(CCCN2CCCCC2)C3=O)-c2ccccc21,0.0004,ok
CC(CO)N1CCc2c(oc3c2C(=O)C(=O)c2ccccc2-3)C1=O,0.0001,ok
CCN(CC)CCCN1CCc2c(oc3c2C(=O)C(=O)c2ccccc2-3)C1=O,0.0002,ok
COC1=CC(=O)C(=O)C(C)=C1CCc1ccccc1OC,0.0332,ok
CCN(CC)CCN1CCc2c(oc3c2C(=O)C(=O)c2ccccc2-3)C1=O,0.0003,ok
Nc1nc2c(s1)=C(c1ccc(O)cc1)C(=O)C(=O)C=2c1ccc(O)cc1,0.057,ok
FC(F)(F)S1(C(F)(F)F)Oc2ccccc2O1,,no_quinone_ring_found
Cc1cccc2c1OS(C(F)(F)F)(C(F)(F)F)O2,,no_quinone_ring_found
CCC(C)CC(C)C1=Cc2cc3c(c(O)c2CO1)C(=O)C(=O)C(OC)=C3,0.0213,ok
CCC(C)CCCCC1=C(C)C(=O)C(=O)c2c1[nH]c1ccccc21,0.0039,ok
Cc1cc2c(c(O)c1O)C(=O)C(=O)C=C2C(C)C,0.0,ok
CC1=Cc2c(C(C)C)cc(O)c(C=O)c2C(=O)C1=O,0.114,ok
CC(C)(C)c1cc2c(c(C(C)(C)C)c1)OS(C(F)(F)F)(C(F)(F)F)O2,,no_quinone_ring_found
CC1=C(O)c2c(c(C)cc3c2C(C)CO3)C(=O)C1=O,0.1199,ok
COc1cc2oc(=O)c3c(C)cc(O)c4c(=O)c(=O)c(c1O)c2c34,0.0146,ok
CC1=C(CCCCC(C)C)c2[nH]c3ccccc3c2C(=O)C1=O,0.0038,ok
CC(C)=CCc1ccc2[nH]c3c(c2c1)C(=O)C(=O)C(C)=C3C(O)C(C)O,0.0174,ok
CCOC1OC(C(C)=CC(C)CC)=Cc2cc3c(c(O)c21)C(=O)C(=O)C(OC)=C3,0.0214,ok
CC1=C(O)c2c(O)c(C)c(O)c(O)c2C(=O)C1=O,0.0033,ok
O=C1C(=O)C(c2ccccc2)=c2c(-c3ccccc3)c(O)oc2=C1c1ccccc1,0.0279,ok
C=C1C(C)CCCC1(C)CCC(C)=CCC1=C(O)C(NCCc2ccccc2)=CC(=O)C1=O,0.0747,ok
CC(=O)OCC(C)C1=C(O)C2=C(C(=O)C1=O)C1(C)CCCC(C)(C)C1CC2O,0.116,ok
CC1=C(CCCCCC(C)C)c2[nH]c3ccccc3c2C(=O)C1=O,0.0108,ok
CCC(C)CCC1=C(C)C(=O)C(=O)c2c1[nH]c1ccccc21,0.0039,ok
CC1=CCCC23OC2C(OC3=O)C2=C(C1)C(=O)C(=O)C=C2O,,no_quinone_ring_found
C=C(C)C1=C(O)C2=C(C(=O)C1=O)C1(C)CCCC(C)(C)C1(OC)CC2,0.1316,ok
CCCC(=O)C=Cc1c(O)c(O)c2c(c1O)C(=O)C(=O)C(OC)=C2,0.0742,ok
C=CC(C)(O)CCC(O)C(C)(O)C(=O)OCC(C)(C)CC1=C(O)c2ccccc2C(=O)C1=O,0.0902,ok
CC(C)=CCCC(C)=CCC1=C(O)C(CC=C(C)C)=C(C)C(=O)C1=O,0.0466,ok
CC1=Cc2c(cc(O)cc2C(C)C)C(=O)C1=O,0.0269,ok
CC(=O)CC1=C(C)C(O)=C(C)C(=O)C1=O,0.0564,ok
CCCC(=O)C=CC1=C(O)c2c(cc(OC)c(OC)c2O)C(=O)C1=O,0.0474,ok
CC=CCCC(=O)C1=C(C)C(=O)C(=O)C(C)=C1O,0.0677,ok
COc1cc(OC)c2c(c1O)C(O)=C(CC(C)=O)C(=O)C2=O,0.1082,ok
Cc1ccc(C)c2c1C=C(C(C)(C)O)C(=O)C2=O,0.1017,ok
O=C(O)CC(=O)OCCCCC=CC1=C(O)c2c(O)cccc2C(=O)C1=O,0.057,ok
CC(C)=CCCC(C)=CCCC(C)=CCCC(C)=CCC1=C(O)C(C)=CC(=O)C1=O,0.0043,ok
CC(C)C1=C(O)C2=C(C(=O)C1=O)C1(C=O)CCCC(C)(C)C1CC2O,0.1198,ok
CC(=O)OC1CC2C3(C)CCCC2(COC3=O)C2=C1C(O)=C(C(C)C)C(=O)C2=O,0.2287,ok
CC(=O)OC1CC2C(C)(C)CCCC2(C=O)C2=C1C(O)=C(C(C)C)C(=O)C2=O,0.0885,ok
CC1=C2OCC(C)c3cc(O)c(C)c(c32)C(=O)C1=O,0.092,ok
O=C1C(=O)C(c2ccc(O)cc2)=C2OC3(C=CCO3)OC2=C1c1ccc(O)cc1,0.0175,ok
CC1OC2(C=CC1O)OC1=C(c3ccc(O)cc3)C(=O)C(=O)C(c3ccc(O)cc3)=C1O2,0.0202,ok
CCc1c(O)c(O)c2c(c1O)C(O)=CC(=O)C2=O,0.0011,ok
CC(CO)C1=C(O)C2=C(C(=O)C1=O)C1(C)CCCC(C)(C)C1CC2O,0.1014,ok
CC(C)=CCCC(C)C1=C(O)C(CO)=C(C)C(=O)C1=O,0.0901,ok
COC(=O)c1cc(C)cc(OC)c1C1=C(O)c2cccc(O)c2C(=O)C1=O,0.0986,ok
Cc1c2oc3c(C(C)C)c(OC(=O)CC(C)C)cc(C)c3oc-2c(C(C)C)c(=O)c1=O,0.0056,ok
O=C1C=C2c3c(c[nH]c3C1=O)CC(C(=O)O)N2CCCO,0.0127,ok
Cc1ccc2c(c1C(=O)C=CC(C)(C)O)C(=O)C(=O)C(C(C)C)=C2,0.0848,ok
CCCCCCCC1(O)Cc2c(O)c3c(c(O)c2CO1)C(=O)C(=O)C(OC)=C3,0.0684,ok
CCCCCCCC1=Cc2cc3c(c(O)c2CO1)C(=O)C(=O)C(OC)=C3,0.0016,ok
CC(C)C1=Cc2cc3c(c(O)c2C(=O)C1=O)CCCC3(C)C,0.0048,ok
CC(C)C1=Cc2cc3c(cc2C(=O)C1=O)CCCC3(C)C,0.0026,ok
CCCCCC(=O)c1c(O)c(O)c2c(c1O)C(O)=CC(=O)C2=O,0.0037,ok
O=C1C(=O)c2c(O)coc2-c2ccccc21,0.0,ok
CC1=C(O)c2c(C)cc(O)cc2C(=O)C1=O,0.0817,ok
COc1cc(C)c2c(c1)C(=O)C(=O)C1=C2OC(C)C1(C)C,0.0148,ok
COC1=C(O)c2c(O)c3c(c(O)c2C(=O)C1=O)C(O)OC(C)=C3,0.0574,ok
Cc1cccc2c3c(ccc12)C(C(=O)O)=C(C(C)C)C(=O)C3=O,0.143,ok
CC1(O)CCCc2c1ccc1c2C(=O)C(=O)C2=C1OCC2CO,0.0439,ok
Cc1coc2c1C(=O)C(=O)c1c-2ccc2c1C=CCC2(C)C=O,0.042,ok
CC1=CCCC(C)C1(C)CCC1(C)c2ccc3c(c2OC1C)C(O)=C(C)C(=O)C3=O,0.0026,ok
C=C(C)C(=O)CCc1c(C)ccc2c1C(=O)C(=O)C(C(C)C)=C2O,0.1394,ok
C=C1C(C)CCCC1(C)CCC=CCC1=C(O)C(NCCC(C)C)=CC(=O)C1=O,0.0781,ok
CC(C)C1=C(O)C2=C(CC34CCCC(C)(CO3)C4C=C2)C(=O)C1=O,0.1439,ok
CC1=CC(=O)C(=O)C(CCCCCCCCCCCCCCC2=C(O)C(=O)C=C(O)C2=O)=C1O,0.0018,ok
CC(C)=CCCc1c(C)ccc2c1C(=O)C(=O)C(C(C)C=O)=C2O,0.1413,ok
CCc1c(O)c2c(c(O)c1OC1(CC)C(=O)C(=O)c3c(O)c(O)cc(O)c3C1=O)C(=O)C(=O)C=C2O,0.1076,ok
Cc1cc(=O)c2c(O)c3c(cc2o1)C(=O)C(=O)C(Cl)=C3O,0.0,ok
CC1=C2OC(C)(C)c3cc(O)c(C=O)c(c32)C(=O)C1=O,0.0,ok
CC1Cc2cc(O)c3c(c2C(=O)O1)C(=O)C(=O)C(C1=C(O)c2c(O)cc4c(c2C(=O)C1=O)C(=O)OC(C)C4)=C3O,0.2305,ok
O=C1C=C(O)c2c(cnc3c2NC(C(=O)O)CC3O)C1=O,0.0365,ok
CC(=O)OCC(C)C1=C(O)C2=C(C(=O)C1=O)C1(C)CCCC(C)(C)C1CC2OC(C)=O,0.1309,ok
CC(=CCC1=CC(=O)C(=O)C(C)=C1)CCCC(C)CCCC(C)CCCC(C)C,0.0017,ok
CC(=CCC1=C(C)C(=O)C(=O)C=C1)CCCC(C)CCCC(C)CCCC(C)C,0.0033,ok
CCCC1=C(O)c2c(cc(C3C(=O)Nc4cccc(O)c43)c(O)c2OC)C(=O)C1=O,,no_quinone_ring_found
COc1cc(C)c2c(c1O)C(=O)C(=O)C1=C2OC(C)C1(C)C,0.015,ok
COc1c(C)c(O)cc(C)c1CC1=C(C)C(=O)C(=O)C(C)=C1O,0.0874,ok
CC1COC2=C1C(=O)C(=O)c1c2ccc2c1C=CCC2(C)C,0.0804,ok
COc1cccc2c1C(=O)C(=O)c1c(C(=O)O)cc3c(c1-2)OCO3,0.1566,ok
O=C1C(=O)C(c2ccccc2)=c2c(-c3ccc(O)cc3)c(O)oc2=C1c1ccccc1,0.0291,ok
Cc1c(O)c(O)c2c3c(ccc2c1C)C(O)=C(C(C)C)C(=O)C3=O,0.1688,ok
CCCC(=O)CCC1=C(O)c2c(cc(O)c(O)c2O)C(=O)C1=O,0.0442,ok
CC1=Cc2c(C(C)C)cc(O)c(O)c2C(=O)C1=O,0.0234,ok
CC1COC2=C1C(=O)C(=O)c1c2ccc2c1CCC(O)C2(C)O,0.0402,ok
COc1c(O)cc(C)c2c1C(=O)C(=O)C1=C2OC(C)C1(C)C,0.0792,ok
CNC1=CC(=O)C(=O)c2cc(C)c(O)cc21,0.0642,ok
O=C1C=C(c2ccc(O)c3c2C(=O)C2OC2C3O)c2cccc(O)c2C1=O,0.0139,ok
CNC1=CC(=O)C(=O)c2cc(C)c(C)nc21,0.0013,ok
CC(=O)c1ccc(O)c(CC2=CC(=O)C(=O)C(C)=C2O)c1O,0.0109,ok
COC1=CC(=O)C(=O)c2c1coc2-c1cc(C)cc(OC)c1OC,0.0207,ok
CCCCCC1OC(OC)C2=C(C(O)=C(CC=C(C)C(=O)O)C(=O)C2=O)C1OC,0.0531,ok
Cc1cc(O)c(C(=O)O)c2c1C1=C(C(=O)C2=O)C(C)(C)C(C)O1,0.0875,ok
COC1CCC=C(C)C(=O)NC2=CC(=O)C(=O)C(=C2O)CC(C)CC(OC)C(O)C(C)C=C(C)C1OC(N)=O,,no_quinone_ring_found
CC1=C(O)C(Cc2c(O)cc(C)c3c2Oc2c(C)cc(O)c(C)c2OC3=O)=C(C)C(=O)C1=O,,no_quinone_ring_found
CCCC(=O)c1cc2c(cc1C)C(=O)C(=O)c1c(O)cccc1-2,0.0398,ok
O=C1C=Cc2cc3ccc(C(=O)O)n3cc2C1=O,0.0,ok
COc1cccc2c1C(=O)C(=O)C(CC(C)O)=C2,0.0465,ok
CCC(=NNc1ccccc1C(=O)O)C(=O)c1cc2c(c(O)c1C)C(=O)C(=O)c1c(O)cccc1-2,0.0489,ok
CC1=C(CC(C)C)c2[nH]c3ccccc3c2C(=O)C1=O,0.0062,ok
CC=C1NC(=O)C2=C1C(O)=C(C=CCCC)C(=O)C2=O,,no_quinone_ring_found
C=C1NC(=O)C2=C1C(O)=C(C=CCCC)C(=O)C2=O,,no_quinone_ring_found
COC1=C(O)c2cc3c(c(O)c2C(=O)C1=O)C=CC(C)O3,0.0331,ok
CC1OC(OC2CCC(c3ccc4c(c3O)C(O)=C(CC(=O)O)C(=O)C4=O)OC2C)CCC1O,0.0226,ok
O=C1C(=O)c2[nH]cc3c2C2=C1CNCCCN2C(C(=O)O)C3,0.0311,ok
CCC(C)C=C(C)C=CC(=O)c1cc2c(cc1O)C(=O)C(=O)C(C)=C2O,0.068,ok
CC(C)=CCC(O)C1(C)c2c(O)cc3c(c2OC1C)C(O)=C(C)C(=O)C3=O,0.0087,ok
COC1=C(O)c2cc(O)cc(O)c2C(=O)C1=O,0.0495,ok
COc1cc(C)c2c3c1C(C)COC3=C(C)C(=O)C2=O,0.0689,ok
CC1OC2=C(C(=O)C(=O)c3cc(O)ccc32)C1(C)C,0.0131,ok
O=C(O)C=CC=Cc1cc(O)c2c(c1O)C(=O)C(=O)c1cc(O)c(C(=O)O)cc1-2,0.1028,ok
CC(C)C1=CC2=C(C(=O)C1=O)C1=CCC(OC(=O)c3ccccc3)C(C)(C)C1C=C2,0.1039,ok
C=C(C)C1=Cc2c(C)ccc(C)c2C(=O)C1=O,0.129,ok
CC(C)=CC(O)Cc1c(C)ccc2c1C(=O)C(=O)C(C(C)C)=C2,0.0769,ok
CC(C)C1=Cc2ccc3c(c2C(=O)C1=O)C(O)CCC3(C)C,0.0931,ok
CC(C)=CC=CC1(C)CCC2=C(O1)C(CC=C(C)C)=C(C)C(=O)C2=O,0.0301,ok
CCCCCCCC1=Cc2oc3cc(OC)c(O)c(CCCCCCC)c3c2C(=O)C1=O,0.0029,ok
CC(C)c1c(O)c2cc(O)c3c(=O)c4c(O)cccc4c(=O)c3c2c(=O)c1=O,0.0805,ok
Cc1cc(O)c2c(c1)C(=O)C(=O)c1cc3c(cc1-2)CC(C(C)C)c1cc(C)cc(O)c1-3,0.1058,ok
CCC(C)c1c(O)c2cc(O)c3c(=O)c4c(O)cccc4c(=O)c3c2c(=O)c1=O,0.0805,ok
CC1=C(O)C(C)=C(CC(C)O)C(=O)C1=O,0.0623,ok
CCOc1c(O)cc(C)c2c1C(=O)C(=O)C1=C2OC(C)C1(C)CO,0.058,ok
CC(C=CC1(C)C(C)C=CC(=O)C1C)=CCC1=C(O)C(Cl)=C(C)C(=O)C1=O,0.1898,ok
CC(=O)OC1CC(=O)C(C)C(C)(C=CC(C)=CCC2=C(O)C(Cl)=C(C)C(=O)C2=O)C1C,0.2111,ok
CC(C=CC1(C)C(C)CCC(=O)C1C)=CCC1=C(O)C(Cl)=C(C)C(=O)C1=O,0.2083,ok
O=C1C(=O)c2cc3ccccc3cc2-c2ccccc21,0.0,ok
O=C1C=C(Cl)C(Cl)=CC1=O,0.0,ok
COC1=CC(=O)C(=O)C=C1,0.0,ok
CNC(=O)CCC1=CC(=O)C(=O)C=C1,0.0078,ok
NC(=O)c1ccccc1NC1=CC(=O)C(=O)c2ccccc21,0.0435,ok
O=C1C=C(Cl)C=C(Cl)C1=O,0.0,ok
C=CCC1CC2=C(OC1(C)C)c1ccccc1C(=O)C2=O,0.0116,ok
O=C(O)C1=CC(=O)C(=O)C=C1,0.0,ok
O=C1C=C2NCC(O)C2=CC1=O,0.0067,ok
O=C1C(=O)c2cc([N+](=O)[O-])cc([N+](=O)[O-])c2-c2ccc([N+](=O)[O-])cc21,0.1305,ok
O=C1C=Cc2c(Br)cccc2C1=O,0.0,ok
O=c1cc2[nH]c3ccccc3oc-2cc1=O,0.0,ok
O=C1C=Cc2ccc3c(ccc4c5ccccc5ccc34)c2C1=O,0.0,ok
CCCCCCCCCCCC1=C(O)c2ccccc2C(=O)C1=O,0.0061,ok
NCCC1=CC(=O)C(=O)C=C1O,0.0057,ok
O=C1C(=O)c2c(ccc3ccccc23)-c2ccc3ccccc3c21,0.1653,ok
Cc1ccc2c(c1CCCC(C)C)C(=O)C(=O)C(C(C)C)=C2O,0.1458,ok
C=CC(C)(O)CCC=C(C)C(=O)OCC(C)(C)CC1=C(O)c2ccccc2C(=O)C1=O,0.0879,ok
O=C1C=CC(c2ccccc2)=CC1=O,0.0,ok
O=C1C=Cc2c(F)cccc2C1=O,0.0,ok
C=C(CCC=C(C)C(=O)OCC(C)(C)CC1=C(O)c2ccccc2C(=O)C1=O)C(C)O,0.0524,ok
O=C1C(=O)C(F)=C(F)C(F)=C1F,0.0,ok
CNC1=CC(=O)C(=O)c2ccccc21,0.0601,ok
O=C1C=C(O)C(Cl)=CC1=O,0.0,ok
CC(=CCCC(C)(O)C(C)O)C(=O)OCC(C)(C)CC1=C(O)c2ccccc2C(=O)C1=O,0.0373,ok
O=C1C=C(O)c2c(cc(O)c(O)c2O)C1=O,0.0,ok
O=C1C(=O)c2cc(F)sc2-c2sc(F)cc21,0.0,ok
CC(C)(C)C1=C(F)C(F)=C(C(C)(C)C)C(=O)C1=O,0.1152,ok
CC(C)(C)C1=CC(F)=C(C(C)(C)C)C(=O)C1=O,0.1032,ok
O=C1C=CC(C(F)(F)F)=CC1=O,0.0,ok
O=C1C=CC=C(C(F)(F)F)C1=O,0.0,ok
NC(CSC1=CC(=O)C(=O)c2[nH]cc(CC(N)C(=O)O)c21)C(=O)O,0.0041,ok
O=C1C(=O)c2c(F)c(F)c(F)c(F)c2-c2c(F)c(F)c(F)c(F)c21,0.0,ok
CCc1c(O)c(O)c2c(c1O)C(=O)C(=O)C(O)=C2O,0.001,ok
O=C1C=C(F)C(F)=C(F)C1=O,0.0,ok
O=C1C=C(Nc2cccc(Br)c2)c2ccccc2C1=O,0.0492,ok
Cc1cc(=O)c2c([nH]1)C(O)=C(CN(C)C)C(=O)C2=O,0.0131,ok
CC(C)(C)C1=CC(N)=C(C(C)(C)C)C(=O)C1=O,0.1555,ok
NC1=C(Br)C(=O)C(=O)c2ccccc21,0.0836,ok
COc1cccc(NC2=CC(=O)C(=O)c3ccccc32)c1,0.0481,ok
O=C1C=C(N2CCN(c3ccccc3)CC2)c2ccccc2C1=O,0.0668,ok
O=C1C(=O)c2cccnc2C(NCc2ccccc2)=C1Cl,0.0314,ok
O=C1C(=O)c2cccnc2C(O)=C1CCCCc1ccccc1,0.0,ok
O=C1C(=O)c2cccnc2C(O)=C1CCCC1CCCCC1,0.0195,ok
CCCCCCCCCCCCNC1=C(Cl)C(=O)C(=O)c2cccnc21,0.0512,ok
CC(=O)N(C1=C(O)c2ccccc2C(=O)C1=O)c1ccccc1,0.1282,ok
O=C1C=C(N2CCOCC2)C(N2CCOCC2)=CC1=O,0.0542,ok
O=C1C(=O)c2nc3ccccc3nc2-c2ccccc21,0.0,ok
CC1=CC(=O)C(=O)c2ccccc21,0.0,ok
O=C1C(=O)c2ccccc2C(O)=C1c1ccc(Cl)cc1,0.0933,ok
CC(C)CCCC(C)CCC1=C(O)c2ccccc2C(=O)C1=O,0.0423,ok
CC(C)(C)C1=CC(Cl)=C(C(C)(C)C)C(=O)C1=O,0.1457,ok
COC1=C(C(C)(C)C)C(=O)C(=O)C(C(C)(C)C)=C1,0.1365,ok
CCOC(=O)c1c(C)oc2c1C(=O)C(=O)C(Br)=C2,0.0309,ok
O=C1C(=O)c2cc(Br)cc([N+](=O)[O-])c2-c2ccc([N+](=O)[O-])cc21,0.1289,ok
COC1=C(C(C)(C)C)C(=O)C(=O)C(C(C)(C)C)=C1OC,0.1288,ok
CC(C)(C)c1ccc2c(c1)C(=O)C(=O)c1cc(C(C)(C)C)ccc1-2,0.0461,ok
CC1=Cc2ccccc2C(=O)C1=O,0.0,ok
O=c1cc2n(O)c3ccccc3n(O)c-2cc1=O,0.0015,ok
CC1=C(C)C(O)=C(C)C(=O)C1=O,0.0697,ok
CCCCCC(C1=C(O)c2ccccc2C(=O)C1=O)C1=C(O)c2ccccc2C(=O)C1=O,0.1102,ok
O=C1C(=O)c2cc([N+](=O)[O-])cc(Br)c2-c2ccc([N+](=O)[O-])cc21,0.0001,ok
COC1=CC(=O)C(=O)c2c(OC)cccc21,0.0776,ok
c1ccc2c(c1)oc1c2ccc2c3ccccc3oc21,,no_quinone_ring_found
Cc1ccc2c(c1)-c1cc(Br)ccc1C(=O)C2=O,0.0447,ok
O=C1C(=O)c2cc[nH]c2-c2ccccc21,0.0,ok
O=C1C(=O)c2cc(-c3ccccc3)oc2-c2ccccc21,0.0,ok
CC(C)(C)c1cc2c3c(c1)c(=O)c(=O)c1cc(C(C)(C)C)cc(c1-3)c(=O)c2=O,0.0,ok
O=C1C(=O)c2ccccc2C=C1CC(=O)c1ccccc1,0.0097,ok
Cc1c[nH]c2c1C(c1[nH]c3ccccc3c1C)=CC(=O)C2=O,0.014,ok
C=CCC1=Cc2ccccc2C(=O)C1=O,0.0264,ok
COC1=Cc2ccccc2C(=O)C1=O,0.0337,ok
O=C1C=Cc2c(Cl)cccc2C1=O,0.0,ok
O=C1C(=O)c2ccccc2C=C1c1ccccc1,0.0037,ok
COc1cccc2c1C=CC(=O)C2=O,0.0,ok
COc1ccc2c(c1)C(=O)C(=O)C=C2,0.0,ok
O=CC1=CC(=O)C(=O)C=C1,0.0,ok
COc1cccc2c1C(=O)C(=O)C=C2,0.0616,ok
O=C1C=C(OCc2ccccc2)c2ccccc2C1=O,0.0,ok
O=C1C=Cc2ccc(Br)cc2C1=O,0.0,ok
CC(=O)Nc1cccc2c1C(=O)C(=O)C=C2,0.0002,ok
O=C1C(=O)c2ccc(Cl)nc2-c2nc(Cl)ccc21,0.0,ok
O=C1C=Cc2ccncc2C1=O,0.0,ok
O=C1C=Cc2ccc([N+](=O)[O-])cc2C1=O,0.0,ok
CC1=Cc2cc3ccccc3cc2C(=O)C1=O,0.0,ok
O=C1C(=O)c2ccsc2-c2sccc21,0.0,ok
Cc1ccc2c(c1)C(=O)C(=O)c1cc(C)ccc1-2,0.0463,ok
O=C1C(=O)c2cc(Br)cnc2-c2ncccc21,0.0,ok
O=C1C(=O)c2c(ccc3ccccc23)-c2occc21,0.0,ok
O=C(O)C1=CC=CC(=O)C1=O,0.0521,ok
CC(C)=CCCC(C)C1CCC(C)C2=C1C(O)=C(C)C(=O)C2=O,0.1032,ok
O=C1C=Cc2ccc3c(ccc4ccccc43)c2C1=O,0.0,ok
Cc1cc2ccccc2c2ccc3c(c12)C=CC(=O)C3=O,0.0818,ok
O=C1C=C2c3cc4ccccc4cc3-c3cccc(c32)C1=O,0.0,ok
CC1=CCCC2C1(C)CCC(C)C2(C)CC1=C(O)C(NC(C(=O)O)C(C)O)=CC(=O)C1=O,0.0526,ok
Cc1c2ccccc2cc2ccc3c(c12)C=CC(=O)C3=O,0.0796,ok
O=C1C=C(OCC=C(C(F)(F)F)C(F)(F)F)c2ccccc2C1=O,0.0005,ok
O=C1C=C(Nc2ccc(S(=O)(=O)Nc3nccs3)cc2)c2ccccc2C1=O,0.0497,ok
CC1=C(C2=C(C)C(=O)C(=O)c3cc(C)ccc32)c2ccc(C)cc2C(=O)C1=O,0.0211,ok
COC(=O)c1c(C)[nH]c2c1C(=O)C(=O)c1nc(C)c(C)nc1-2,0.0326,ok
O=C(CC(=O)c1ccccc1NC1=Cc2ccccc2C(=O)C1=O)C(=O)NC1=C(Cl)C(=O)c2ccccc2C1=O,0.0203,ok
CC(C)=CCCC(C)C1=C(Nc2ccccc2)C(O)=C(C)C(=O)C1=O,0.0809,ok
Cc1nc2c(nc1C)-c1[nH]c3c(c1C(=O)C2=O)CCCC3=O,0.0012,ok
Cc1nc2c(nc1C)-c1c(c3c(n1C)C(=O)CCC3)C(=O)C2=O,0.1877,ok
CC(C)C1=C(O)C2=C(C(=O)C1=O)C1(C)CCCC(C)(C)C1C(O)C2OC=O,0.1418,ok
CCCCn1c2nc(=O)n(-c3ccccc3)c(=O)c-2cc2c1C(=O)C(=O)c1ccccc1-2,0.0372,ok
CCCCCCCCCCCCn1c2nc(=O)n(-c3ccccc3)c(=O)c-2cc2c1C(=O)C(=O)c1ccccc1-2,0.0338,ok
CCCCCCCCCCCCn1c2nc(=O)[nH]c(=O)c-2cc2c1C(=O)C(=O)c1ccccc1-2,0.0229,ok
CCCCCCCCn1c2nc(=O)[nH]c(=O)c-2cc2c1C(=O)C(=O)c1ccccc1-2,0.0202,ok
Nc1ccc(O)c2c1C(O)=CC(=O)C2=O,0.0345,ok
CCCCn1c2nc(=O)[nH]c(=O)c-2cc2c1C(=O)C(=O)c1ccccc1-2,0.0092,ok
COc1ccc(C=NC2=CC(=O)C(=O)c3ccccc32)cc1OC,0.0207,ok
CC(C)C(=O)NC1=CC(=O)C(=O)c2ccccc21,0.0715,ok
CC(=O)NCC(=O)NC1=CC(=O)C(=O)c2ccccc21,0.0979,ok
COc1ccc(C=NC2=CC(=O)C(=O)c3ccccc32)cc1,0.0208,ok
CN(C)c1ccc(C=NC2=CC(=O)C(=O)c3ccccc32)cc1,0.0337,ok
O=C1C=C(N=C2CCCC2)c2ccccc2C1=O,0.0248,ok
O=C1C=C(N=C2CCCCC2)c2ccccc2C1=O,0.0236,ok
O=C1C(=O)c2ccccc2C2=C1CC(c1ccc(Br)cc1)O2,0.003,ok
O=C1C(=O)c2ccccc2C2=C1CC1(C=CC=C1)O2,0.0,ok
Cc1ccc(C2CC3=C(O2)c2ccccc2C(=O)C3=O)c(C)c1,0.006,ok
CC1(C)OC2=C(C(=O)C(=O)c3ccccc32)C1n1nncc1-c1ccccc1,0.0126,ok
O=C1C(=O)c2ccccc2C2=C1CC(Cn1nnc(-c3ccccc3)c1-c1ccccc1)O2,0.005,ok
COc1cc(C=NC2=CC(=O)C(=O)c3ccccc32)ccc1O,0.0207,ok
CC1(C)OC2=C(C(=O)C(=O)c3ccccc32)C1Nc1ccc(C(=O)C=Cc2ccc(-c3ccccc3)cc2)cc1,0.0098,ok
O=C1C=C(N=Cc2ccc(O)cc2)c2ccccc2C1=O,0.0351,ok
O=C1C=C(N2CCOCC2)c2cc(N3CCOCC3)ncc2C1=O,0.0557,ok
COC1=CC(=O)C(=O)c2ccc(C)nc21,0.012,ok
O=C1C=C(N2CCCC2)c2cc(N3CCCC3)ncc2C1=O,0.0363,ok
COC1=CC(=O)C(=O)c2c(C)ccnc21,0.0441,ok
COC1=C(C)C(=O)C(=O)c2ccc(C)nc21,0.0143,ok
COC1=C(C)C(=O)C(=O)c2c(C)ccnc21,0.0756,ok
CCC1=C(OC)c2ncccc2C(=O)C1=O,0.016,ok
CCC1=C(OC)c2nc(C)ccc2C(=O)C1=O,0.0313,ok
CCC1=C(OC)c2nccc(C)c2C(=O)C1=O,0.0797,ok
Cc1ccc2c(n1)C(N1CCCCC1)=CC(=O)C2=O,0.0301,ok
Cc1ccnc2c1C(=O)C(=O)C=C2N1CCCCC1,0.0955,ok
CC1CCN(C2=CC(=O)C(=O)c3cccnc32)CC1,0.0318,ok
Cc1ccc2c(n1)C(N1CCC(C)CC1)=CC(=O)C2=O,0.0338,ok
O=C1C=C(N2CCCC2)c2ncccc2C1=O,0.0306,ok
Cc1ccnc2c1C(=O)C(=O)C=C2N1CCC(C)CC1,0.0919,ok
Cc1ccc2c(n1)C(N1CCCC1)=CC(=O)C2=O,0.0298,ok
Cc1ccnc2c1C(=O)C(=O)C=C2N1CCCC1,0.0719,ok
Cc1ccc2c(n1)C(N(C)C)=CC(=O)C2=O,0.036,ok
Cc1ccnc2c1C(=O)C(=O)C=C2N(C)C,0.0904,ok
CCC(=O)NC1=CC(=O)C(=O)c2cccnc21,0.0863,ok
O=C1C=C(NC(=O)C2CCCCC2)c2ncccc2C1=O,0.0877,ok
O=C1C=C(NC(=O)c2ccc(Cl)cc2)c2ncccc2C1=O,0.0,ok
O=C1C=C(c2c(O)ccc3ccccc23)c2cc(O)ccc2C1=O,0.0052,ok
O=C1C=C(Nc2ccc(F)cc2)C(Nc2ccc(F)cc2)=CC1=O,0.0269,ok
CN(C)CC1=C(O)c2ccccc2C(=O)C1=O,0.0793,ok
CC1=C(N2CCOCC2)C(N2CCOCC2)=C(C)C(=O)C1=O,0.1158,ok
CNC1=C(C)C(=O)C(=O)C(C(C)CCC=C(C)C)=C1O,0.0829,ok
CCOC(=O)C1=C(O)c2ccccc2C(=O)C1=O,0.0904,ok
CC(C)=CCCC(C)c1c2[nH]c3ccccc3sc-2c(C)c(=O)c1=O,0.1433,ok
CC1=C(O)C2=C(C(=O)C1=O)C(C)CCC2C(C)CC=CC(C)(C)O,0.1154,ok
CC(=O)c1c(O)cc2c(c1O)C(O)=CC(=O)C2=O,0.0008,ok
CCCCCCCCCCCCSC1=C(O)c2ccccc2C(=O)C1=O,0.031,ok
COC1=C(O)c2c(OC)c3c(c(O)c2C(=O)C1=O)C(C)OC(C)=C3,0.0788,ok
O=C1C=C(O)C(C(=O)C=Cc2ccc(O)cc2)=C(OC2OC(CO)C(O)C(O)C2O)C1=O,0.0308,ok
O=C1C=C(Nc2ccccc2)c2ncccc2C1=O,0.0164,ok
O=C1C(=O)c2ccccc2C=C1C1CCCCC1,0.0067,ok
O=C1C(=O)c2ccccc2C(O)=C1CC=C(Br)Br,0.0826,ok
CCOC(=O)c1c2c(n(-c3ccccc3)c1C)C=C(Br)C(=O)C2=O,0.0503,ok
CCOC(=O)c1c2c(n(C)c1CN(C)C)C(=O)C(=O)c1ccc(Br)cc1-2,0.0779,ok
CC(=O)C(C(C)=O)C1=C(Cl)C(=O)C(=O)c2ccccc21,0.1153,ok
Cc1cccc2nc3c(n12)C(=O)C(=O)c1ccccc1-3,0.0003,ok
Nc1ccc2c(c1)C(=O)C(=O)c1c-2nc2ccccn12,0.0029,ok
C=C(C)C1CCC(C)=CC1C1=C(O)C(NC(C)C)=C(CCCCC)C(=O)C1=O,0.1209,ok
C=C(C)C1CCC(C)=CC1C1=C(O)C(NC)=C(CCCCC)C(=O)C1=O,0.1337,ok
C=C(C)C1CCC(C)=CC1C1=C(O)C(NCC(C)(C)C)=C(CCCCC)C(=O)C1=O,0.111,ok
C=C(C)C1CCC(C)=CC1C1=C(O)C(NCCCC)=C(CCCCC)C(=O)C1=O,0.1343,ok
C=C(C)C1CCC(C)=CC1C1=C(O)C(NCC)=C(CCCCC)C(=O)C1=O,0.1383,ok
C=C(C)C1CCC(C)=CC1C1=C(O)C(NCCC(C)C)=C(CCCCC)C(=O)C1=O,0.1229,ok
O=C1C=C(O)c2ccc(=O)[nH]c2C1=O,0.0309,ok
NC(=O)c1ccc2nc3c(n2c1)C(=O)C(=O)c1ccccc1-3,0.0031,ok
CC(=O)C1=C(O)c2ccccc2C(=O)C1=O,0.0643,ok
Cc1ccc(C)c(Nc2cccc3c2C(=O)C(=O)C=C3)c1,0.1084,ok
C=C(C)C1CCC(C)=CC1C1=C(O)C(NCC(C)C)=C(CCCCC)C(=O)C1=O,0.1301,ok
Cc1coc2c1C(=O)C(=O)c1c-2ccc2c1CCCC2(C)C=O,0.0328,ok
CC(C)(Cl)CCC1=C(O)c2ccccc2C(=O)C1=O,0.0128,ok
O=C1C(=O)c2ccccc2C(O)=C1CCCC1CC=CCC1,0.063,ok
O=C(O)CCCCCCCCC1=C(O)c2ccccc2C(=O)C1=O,0.0848,ok
CC1=C(CC(C)O)c2[nH]c3ccccc3c2C(=O)C1=O,0.0056,ok
CCC(C1=CC(=O)C(=O)C=C1)C(CC)c1ccc(O)cc1,0.0034,ok
CC(C)C1=C(O)C2=C(C(=O)C1=O)C1(C)CCCC(C)(CO)C1CC2,0.1387,ok
CCCCCCCCCCC1=C(O)C(C)=C(Cl)C(=O)C1=O,0.0547,ok
O=C1C(=O)c2cnccc2C(O)=C1Cl,0.0613,ok
N#CC1=C(O)c2ccncc2C(=O)C1=O,0.0715,ok
O=C1C=CC(N2CCCC2C(=O)O)=CC1=O,0.001,ok
O=c1ccc2cc3ccc4cccc5ccc(c2c1=O)c3c45,0.0,ok
CCc1nnc(NS(=O)(=O)c2ccc(NC3=CC(=O)C(=O)C=C3OC)cc2)s1,0.039,ok
CC1=CC(=O)C(=O)C(C)=C1O,0.0,ok
O=C1C(=O)c2ccccc2C(O)=C1CCO,0.0265,ok
O=C1C=CC(c2ccc(Cl)cc2)=CC1=O,0.0,ok
O=C1C(=O)c2ccc3ccccc3c2-c2c1cccc2-c1ccc(F)cc1,0.1778,ok
O=C1C=C(Cl)C(O)=C(Cl)C1=O,0.0,ok
C=C(CCC=C(C)C(=O)OCC(C)(C)CC1=C(O)c2ccccc2C(=O)C1=O)C(C)=O,0.0872,ok
CC12CCc3c(ccc4c3C=CC(=O)C4=O)C1CCC2=O,0.0152,ok
CC1=CC(=O)C(=O)C=C1C1(c2ccccc2)C(=O)c2ccccc2C1=O,0.0,ok
O=C1C(=O)c2ccccc2C(O)=C1C(Nc1ccc(F)cc1)c1ccccc1,0.0783,ok
CC1=C2C=CC3(C)C(=CCC4(C)C5CC(C)(C(=O)O)CCC5(C)CCC34C)C2=CC(=O)C1=O,0.0484,ok
O=C1C(=O)C(F)=C(F)C=C1F,0.0,ok
O=C1C=CC2=C(C1=O)c1cc3cc4ccccc4cc3cc1CC2,0.0465,ok
COc1nc2nc(n1)oc1c(F)c(F)c(F)c(F)c1oc1nc(OC)nc(n1)oc1c(F)c(F)c(F)c(F)c1o2,,no_quinone_ring_found
O=C1C=C(O)c2cc(F)ccc2C1=O,0.0408,ok
O=C1C(=O)c2c(F)c(F)c(F)c(F)c2-c2ccccc21,0.0,ok
CC(C)(C)C1=C(F)C(Cl)=C(C(C)(C)C)C(=O)C1=O,0.1551,ok
Fc1c(F)c2c(-c3ccccc3)c(-c3ccc(Cl)cc3)oc2c2oc(-c3ccc(Cl)cc3)c(-c3ccccc3)c12,,no_quinone_ring_found
NC(CC1=CC(=O)C(=O)C=C1F)C(=O)O,0.0094,ok
CC1=C(C#N)C(c2ccc(F)cc2)C2=C(N1)c1ccccc1C(=O)C2=O,0.0795,ok
O=C1C=CC(S(F)(F)(F)(F)F)=CC1=O,0.0012,ok
C(=Cc1ccncc1)c1ccncc1,,no_quinone_ring_found
CCCCCC(C)Cc1cccc2c1C(O)=C(C(F)(F)F)C(=O)C2=O,0.102,ok
Cc1nc2c3c(ccc2s1)NC1=C(C(=O)C(=O)c2ccccc21)C3c1ccc(F)cc1,0.0528,ok
COC(=O)C(C1=C(O)c2ccccc2C(=O)C1=O)C(F)(C(=O)NC(C)(C)C)C(=O)OC,0.0466,ok
Fc1c(F)c2c3ccccc3oc2c2oc3ccccc3c12,,no_quinone_ring_found
CC(C)(C)c1[nH]c2ccc(F)cc2c1C1=C(Br)C(=O)C(=O)c2ccccc21,0.0995,ok
CC(C)(C)OC(=O)C(C1=C(O)c2ccccc2C(=O)C1=O)C(F)(C(=O)NC1CCCCC1)C(=O)OC(C)(C)C,0.0141,ok
O=C1OCC(O)=C1C(C1=C(O)c2ccccc2C(=O)C1=O)c1ccc(F)cc1,,no_quinone_ring_found
O=C1OCC(O)=C1C(C1=C(O)c2ccccc2C(=O)C1=O)c1ccccc1F,,no_quinone_ring_found
Cc1c(C2=C(O)c3ccccc3C(=O)C2=O)[nH]c2c(F)cccc12,0.1023,ok
O=C1OCC(O)=C1C(C1=C(O)c2ccccc2C(=O)C1=O)c1ccc(C(F)(F)F)cc1,,no_quinone_ring_found
O=C1C(=O)c2ccccc2C(O)=C1C(C1=C(O)c2ccccc2C(=O)C1=O)c1cccc(F)c1,0.0264,ok
Cc1ccc2c(c1)C(=O)C(=O)C(c1ccc(C(F)(F)F)cc1)=C2c1ccccc1,0.0651,ok
Cc1ccc2c(c1)C(=O)C(=O)C(c1cccc(C(F)(F)F)c1)=C2c1ccccc1,0.064,ok
O=c1cc2oc3ccccc3[nH]c-2c(F)c1=O,0.0,ok
CC1CC2=C(O1)c1ccc(OCc3ccc(F)cc3)cc1C(=O)C2=O,0.0035,ok
Cc1c(CNc2ccccc2F)oc2c1C(=O)C(=O)c1ccccc1-2,0.0009,ok
Cc1c(CNc2cccc(F)c2)oc2c1C(=O)C(=O)c1ccccc1-2,0.0002,ok
O=C1C=C(C(F)(F)F)C=C(C(F)(F)F)C1=O,0.0,ok
CN(C)C1=C(Cl)C(=O)C(=O)c2cccnc21,0.0627,ok
CC(C)=CCC1=C(O)C(c2ccccc2)=CC(=O)C1=O,0.0301,ok
CC(=O)Nc1ccc(S(=O)(=O)NC2=CC(=O)C(=O)c3ccccc32)cc1,0.0077,ok
C=CCN(CC=C)C1=CC(=O)C(=O)c2ccccc21,0.0496,ok
Cc1ccnc(NC2=CC(=O)C(=O)c3ccccc32)c1,0.0525,ok
Cc1ccc(C)c(NC2=CC(=O)C(=O)c3ccccc32)c1,0.0505,ok
Cc1cccc(NC2=CC(=O)C(=O)c3ccccc32)c1,0.0488,ok
O=C1C=C(Nc2cccc(Cl)c2)c2ccccc2C1=O,0.0492,ok
Cc1cccc(C)c1NC1=CC(=O)C(=O)c2ccccc21,0.0569,ok
O=C1C=C(Nc2ccc([N+](=O)[O-])cc2Cl)c2ccccc2C1=O,0.0772,ok
O=C1C=C(Nc2ncn[nH]2)c2ccccc2C1=O,0.0707,ok
O=C1C=C(Nc2cnccn2)c2ccccc2C1=O,0.0422,ok
O=C1C=C(Nc2nc(O)cc(=O)[nH]2)c2ccccc2C1=O,0.0486,ok
O=C1C=C(Nc2cccc(O)c2)c2ccccc2C1=O,0.0472,ok
O=C1C=C(Nc2cccc(NC3=CC(=O)C(=O)c4ccccc43)n2)c2ccccc2C1=O,0.0668,ok
O=C1C=C(Nc2ncccn2)c2ccccc2C1=O,0.0626,ok
CCCCCCCCCCCCCC1=C(O)c2ncccc2C(=O)C1=O,0.0121,ok
O=C1C(=O)c2ccccc2C(O)=C1C(C1=C(O)c2ccccc2C(=O)C1=O)c1ccccc1Br,0.0732,ok
COc1c2c(c(OC)c3c1C(=O)C(=O)C=C3O)OCO2,0.0959,ok
O=C1C(=O)c2ccc3c(c2-c2cc4c(cc21)OCO4)OCO3,0.0792,ok
O=C1C=C(Nc2ccc3ccccc3c2[N+](=O)[O-])c2ccccc2C1=O,0.0714,ok
NS(=O)(=O)c1ccc(NC2=CC(=O)C(=O)c3ccc(S(=O)(=O)O)cc32)cc1,0.0459,ok
CCCCCCCCCCCCCCC1=C(O)c2ncccc2C(=O)C1=O,0.0164,ok
CCN(CC)CCCn1c2cc(=O)c(=O)cc-2[nH]c2cc(C)ccc21,0.0092,ok
CCc1ccc(C2=C(O)c3ccccc3C(=O)C2=O)cc1,0.0954,ok
O=C1C=C(O)c2nc(-c3ccccc3)cc(C(=O)O)c2C1=O,0.0613,ok
O=C1C=C(Nc2cccc([N+](=O)[O-])c2)c2ccccc2C1=O,0.0491,ok
CC(C)(C)C1=C2OCCOC2=C(C(C)(C)C)C(=O)C1=O,0.1652,ok
O=C1C(=O)c2ccccc2C2=C1CCC(c1ccc(Br)cc1)O2,0.0051,ok
COC1CC2C(C)(C)CCCC2(C)C2=C1C(O)=C(C(C)COC(C)=O)C(=O)C2=O,0.1148,ok
COc1ccc(C(C2=C(O)c3ccccc3C(=O)C2=O)C2=C(O)c3ccccc3C(=O)C2=O)cc1,0.0924,ok
CC1=C(O)c2c(O)c(SCCO)c(SCCO)c(O)c2C(=O)C1=O,0.0063,ok
Cc1cccc2c3c(ccc12)-c1oc2c(c1C(=O)C3=O)CCN(CCn1ccnc1)C2,0.045,ok
Cc1cccc2c3c(ccc12)-c1oc2c(c1C(=O)C3=O)CCN(CCCN1CCN(C)CC1)C2,0.0463,ok
COC(=O)CCCN1CCc2c(oc3c2C(=O)C(=O)c2c-3ccc3c(C)cccc23)C1,0.0447,ok
CNC(=O)CN1CCc2c(oc3c2C(=O)C(=O)c2c-3ccc3c(C)cccc23)C1,0.0465,ok
Cc1cccc2c3c(ccc12)-c1oc2c(c1C(=O)C3=O)CCN(C(C)C(=O)N1CCN(C)CC1)C2,0.0463,ok
O=C1C(=O)c2ccccc2C(O)=C1N1CCN(c2ccnc3cc(Cl)ccc23)CC1,0.0927,ok
Cc1cccc2c3c(ccc12)-c1oc2c(c1C(=O)C3=O)CCN(CCCn1ccnc1)C2,0.044,ok
Cc1cccc2c3c(ccc12)-c1oc2c(c1C(=O)C3=O)CCN(CC(=O)N1CCOCC1)C2,0.0456,ok
Cc1cccc2c3c(ccc12)-c1oc2c(c1C(=O)C3=O)CCN(CCN1CCOCC1)C2,0.044,ok
Cc1cccc2c3c(ccc12)-c1oc2c(c1C(=O)C3=O)CCN(CCCN1CCCC1)C2,0.0438,ok
COC(=O)CCN1CCc2c(oc3c2C(=O)C(=O)c2c-3ccc3c(C)cccc23)C1,0.0438,ok
Cc1cccc2c3c(ccc12)-c1oc2c(c1C(=O)C3=O)CCN(C(CO)Cc1ccccc1)C2,0.0459,ok
COC(=O)CCC(C(=O)OC)N1CCc2c(oc3c2C(=O)C(=O)c2c-3ccc3c(C)cccc23)C1,0.0446,ok
Cc1cccc2c3c(ccc12)-c1oc2c(c1C(=O)C3=O)CCN(CCN1CCN(C)CC1)C2,0.042,ok
COC(=O)CN1CCc2c(oc3c2C(=O)C(=O)c2c-3ccc3c(C)cccc23)C1,0.0455,ok
Cc1cccc2c3c(ccc12)-c1oc2c(c1C(=O)C3=O)CCN(CC(=O)N1CCN(C)CC1)C2,0.0457,ok
Cc1cccc2c3c(ccc12)-c1oc2c(c1C(=O)C3=O)CCN(CCN(C)C)C2,0.0464,ok
Cc1cccc2c3c(ccc12)-c1oc2c(c1C(=O)C3=O)CCN(C(C)C(=O)N1CCOCC1)C2,0.0449,ok
CCCCN1CCc2c(oc3c2C(=O)C(=O)c2c-3ccc3c(C)cccc23)C1,0.0454,ok
COC(=O)C(Cc1ccccc1)N1CCc2c(oc3c2C(=O)C(=O)c2c-3ccc3c(C)cccc23)C1,0.0455,ok
Cc1cccc2c3c(ccc12)-c1oc2c(c1C(=O)C3=O)CCN(CCCN1CCC(N3CCOCC3)CC1)C2,0.0439,ok
Cc1cccc2c3c(ccc12)-c1oc2c(c1C(=O)C3=O)CCN(C)C2,0.0449,ok
Cc1cccc2c3c(ccc12)-c1oc2c(c1C(=O)C3=O)CCN(CCN1CCCC1)C2,0.0455,ok
Cc1cccc2c3c(ccc12)-c1oc2c(c1C(=O)C3=O)CCN(CC(=O)N(C)C)C2,0.0457,ok
CNC(=O)C(C)N1CCc2c(oc3c2C(=O)C(=O)c2c-3ccc3c(C)cccc23)C1,0.0449,ok
Cc1cccc2c3c(ccc12)-c1oc2c(c1C(=O)C3=O)CCN(C(C)CO)C2,0.0447,ok
Cc1cccc2c3c(ccc12)-c1oc2c(c1C(=O)C3=O)CCN(CCC(=O)N1CCOCC1)C2,0.0467,ok
Cc1cccc2c3c(ccc12)-c1oc2c(c1C(=O)C3=O)CCNC2,0.0447,ok
COC(=O)C(C)N1CCc2c(oc3c2C(=O)C(=O)c2c-3ccc3c(C)cccc23)C1,0.0405,ok
COC1=CC(=O)c2c(ccc3c(OC)c(O)ccc23)C12Oc1cc(OC)cc3ccc4c(c13)C2=CC(=O)C4=O,0.0506,ok
CCN1CCc2c(oc3c2C(=O)C(=O)c2c-3ccc3c(C)cccc23)C1,0.0449,ok
CCC(C=CC1=C(O)c2ccccc2C(=O)C1=O)CC,0.1225,ok
Cc1cc2c(o1)-c1sccc1C(=O)C2=O,0.0,ok
Cc1cccc2c3c(ccc12)-c1oc2c(c1C(=O)C3=O)CCN(CCS(C)(=O)=O)C2,0.0396,ok
CC1(C)CCC2=C(O1)c1sccc1C(=O)C2=O,0.0034,ok
Cc1cccc2c3c(ccc12)-c1oc2c(c1C(=O)C3=O)CCN(CCCN1CCC(O)C1)C2,0.0446,ok
CC1CC2=C(O1)c1sccc1C(=O)C2=O,0.0022,ok
CC1(C)CC2=C(O1)c1sccc1C(=O)C2=O,0.0011,ok
CCOC1CC2C(C)(C)CCCC2(C)C2=C1C=C(C(C)C)C(=O)C2=O,0.0898,ok
COC1C2=C(C(=O)C(=O)C(C(C)C)=C2)C2(C)CCCC(C)(C)C2C1O,0.0873,ok
COC(=O)N(Cc1ccccc1)C(C1=C(O)c2ccccc2C(=O)C1=O)c1ccc(Cl)cc1,0.0118,ok
CC(=O)c1cc2c(o1)C(=O)C(=O)c1ccccc1-2,0.0,ok
O=C1C(=O)c2c(oc3c2CCN(CCCCO)C3)-c2ccccc21,0.0007,ok
O=C1C(=O)c2c(oc3c2CCN(C(=O)c2cccnc2)C3)-c2ccccc21,0.0003,ok
CNC(=O)C(Cc1ccc(O)cc1)N1CCc2c(oc3c2C(=O)C(=O)c2ccccc2-3)C1,0.0008,ok
CNC(=O)CN1CCc2c(oc3c2C(=O)C(=O)c2ccccc2-3)C1,0.0015,ok
N#Cc1ccc(C(=O)N2CCc3c(oc4c3C(=O)C(=O)c3ccccc3-4)C2)cc1,0.0001,ok
COC(=O)CN1CCc2c(oc3c2C(=O)C(=O)c2ccccc2-3)C1,0.0006,ok
COC(=O)C(CC(C)C)N1CCc2c(oc3c2C(=O)C(=O)c2ccccc2-3)C1,0.0008,ok
CNC(=O)C(CC(C)C)N1CCc2c(oc3c2C(=O)C(=O)c2ccccc2-3)C1,0.0004,ok
COC(=O)CCC(C(=O)OC)N1CCc2c(oc3c2C(=O)C(=O)c2ccccc2-3)C1,0.0007,ok
COC(=O)CCN1CCc2c(oc3c2C(=O)C(=O)c2ccccc2-3)C1,0.0002,ok
Cc1ccc(C(=O)N2CCc3c(oc4c3C(=O)C(=O)c3ccccc3-4)C2)cc1,0.0001,ok
O=C1C(=O)c2c(oc3c2CCN(C(CO)Cc2ccc(O)cc2)C3)-c2ccccc21,0.0081,ok
CNC(=O)CCCN1CCc2c(oc3c2C(=O)C(=O)c2ccccc2-3)C1,0.0009,ok
COC(=O)C(Cc1ccccc1)N1CCc2c(oc3c2C(=O)C(=O)c2ccccc2-3)C1,0.0019,ok
O=C1C(=O)c2c(oc3c2CCN(C(=O)c2ccc(Cl)cc2)C3)-c2ccccc21,0.0011,ok
COC(=O)CCCN1CCc2c(oc3c2C(=O)C(=O)c2ccccc2-3)C1,0.0008,ok
O=C1C(=O)c2cc(Cn3cc(N4C=CSC4)nn3)oc2-c2ccccc21,0.002,ok
O=C1C(=O)c2c(oc3c2CCNC3)-c2ccccc21,0.0005,ok
CNC(=O)C(Cc1ccccc1)N1CCc2c(oc3c2C(=O)C(=O)c2ccccc2-3)C1,0.0014,ok
CC(C)(C)c1ccc(-c2cn(Cc3cc4c(o3)-c3ccccc3C(=O)C4=O)nn2)cc1,0.0022,ok
COC(=O)C(Cc1ccc(O)cc1)N1CCc2c(oc3c2C(=O)C(=O)c2ccccc2-3)C1,0.0009,ok
O=C1C(=O)c2c(oc3c2CCN(C(=O)c2cccs2)C3)-c2ccccc21,0.0004,ok
CN(C)c1ccc(C(=O)N2CCc3c(oc4c3C(=O)C(=O)c3ccccc3-4)C2)cc1,0.0011,ok
O=C1C(=O)c2cc(Cn3cc(-c4ccccc4)nn3)oc2-c2ccccc21,0.0022,ok
COc1ccc(C(=O)N2CCc3c(oc4c3C(=O)C(=O)c3ccccc3-4)C2)cc1,0.0001,ok
O=C1C(=O)c2c(oc3c2CCN(C(CO)Cc2ccccc2)C3)-c2ccccc21,0.0008,ok
COc1ccc(C(=O)N2CCc3c(oc4c3C(=O)C(=O)c3ccccc3-4)C2)cc1OC,0.0003,ok
CN1CCN(C(=O)N2CCc3c(oc4c3C(=O)C(=O)c3ccccc3-4)C2)CC1,0.0007,ok
O=C1C(=O)c2c(oc3c2CCN(C(=O)c2ccco2)C3)-c2ccccc21,0.0008,ok
O=C1C(=O)c2c(oc3c2CCN(C(=O)c2ccccc2)C3)-c2ccccc21,0.0001,ok
COc1ccc(C(C2=C(O)c3ccccc3C(=O)C2=O)c2c(C)[nH]n(-c3ccccc3)c2=O)c(O)c1,0.0948,ok
O=C1C(=O)c2c(oc3c2CCN(CCCCO)C3=O)-c2ccccc21,0.0003,ok
COC(=O)CCCN1CCc2c(oc3c2C(=O)C(=O)c2ccccc2-3)C1=O,0.0002,ok
CCN(CC)CCn1ccc2c3c(oc2c1=O)-c1ccccc1C(=O)C3=O,0.0055,ok
COC(=O)C(Cc1ccc(O)cc1)N1CCc2c(oc3c2C(=O)C(=O)c2ccccc2-3)C1=O,0.0007,ok
COC(=O)C(C)N1CCc2c(oc3c2C(=O)C(=O)c2ccccc2-3)C1=O,0.0004,ok
O=C1C(=O)c2c(oc3c2CCN(CCC(=O)N2CCOCC2)C3=O)-c2ccccc21,0.0005,ok
CC1CN(CCCN2CCc3c(oc4c3C(=O)C(=O)c3ccccc3-4)C2=O)CCO1,0.0004,ok
CNC(=O)C(CC(C)C)N1CCc2c(oc3c2C(=O)C(=O)c2ccccc2-3)C1=O,0.0009,ok
CN1CCN(CCN2CCc3c(oc4c3C(=O)C(=O)c3ccccc3-4)C2=O)CC1,0.0002,ok
CN(C)CCn1ccc2c3c(oc2c1=O)-c1ccccc1C(=O)C3=O,0.0053,ok
O=C1C(=O)c2c(oc3c2CCN(CCCn2ccnc2)C3=O)-c2ccccc21,0.0008,ok
CC1=CC(C)CCC2OC(C3=C(C(O)=C(C)C(=O)C3=O)C(S(=O)(=O)O)C(=O)C(C)CC(C)C1)C(C)C(O)C2C,0.1179,ok
CC1=CC(C)CCC2OC(C3=c4c(O)c(oc4=C(C)C(=O)C3=O)C(C)CC(C)C1)C(C)C(O)C2C,0.0832,ok
COC(=O)C(CC(C)C)N1CCc2c(oc3c2C(=O)C(=O)c2ccccc2-3)C1=O,0.0003,ok
O=C1C(=O)c2c(oc3c2CCN(CCCO)C3=O)-c2ccccc21,0.0003,ok
O=CN1CCN(CCCN2CCc3c(oc4c3C(=O)C(=O)c3ccccc3-4)C2=O)CC1,0.0003,ok
CNC(=O)C(C)N1CCc2c(oc3c2C(=O)C(=O)c2ccccc2-3)C1=O,0.0007,ok
O=C1C(=O)c2c(oc3c2CCN(CCCN2CCOCC2)C3=O)-c2ccccc21,0.0004,ok
O=C1C(=O)c2c(oc3c2CCN(CCC(=O)N2CCCCC2)C3=O)-c2ccccc21,0.0008,ok
O=C1C(=O)c2c(oc3c2CCN(C(CO)Cc2ccc(O)cc2)C3=O)-c2ccccc21,0.0001,ok
O=C1C(=O)c2c(oc3c2CCN(C(CO)CCCO)C3=O)-c2ccccc21,0.0005,ok
CN(C)CCCN1CCc2c(oc3c2C(=O)C(=O)c2ccccc2-3)C1=O,0.0002,ok
C=C(C)C1CCC(C)=CC1C1=C(O)C(C)=C(CCCCC)C(=O)C1=O,0.104,ok
O=C1C(=O)c2c(oc3c2CCN(CCO)C3=O)-c2ccccc21,0.0007,ok
COC(=O)C(CO)N1CCc2c(oc3c2C(=O)C(=O)c2ccccc2-3)C1=O,0.0008,ok
O=C1C(=O)c2c(oc3c2CCN(C(CO)Cc2ccccc2)C3=O)-c2ccccc21,0.0002,ok
CC1CCc2oc3c(c2C1)C(=O)C(=O)c1ccccc1-3,0.0006,ok
CNC(=O)C(Cc1ccccc1)N1CCc2c(oc3c2C(=O)C(=O)c2ccccc2-3)C1=O,0.001,ok
O=C1C(=O)c2c(oc3c2CCN(CCCN2CC4(COC4)C2)C3=O)-c2ccccc21,0.0002,ok
COC(=O)CCN1CCc2c(oc3c2C(=O)C(=O)c2ccccc2-3)C1=O,0.0002,ok
COC(=O)CCC(C(=O)OC)N1CCc2c(oc3c2C(=O)C(=O)c2ccccc2-3)C1=O,0.0004,ok
O=C1C(=O)c2c(oc3c2CCN(CCN2CCOCC2)C3=O)-c2ccccc21,0.0001,ok
CC(C(N)=O)N1CCc2c(oc3c2C(=O)C(=O)c2ccccc2-3)C1=O,0.0003,ok
CN1CCN(CCCN2CCc3c(oc4c3C(=O)C(=O)c3ccccc3-4)C2=O)CC1,0.0003,ok
COC(=O)CN1CCc2c(oc3c2C(=O)C(=O)c2ccccc2-3)C1=O,0.0004,ok
CC(C)CC(CO)N1CCc2c(oc3c2C(=O)C(=O)c2ccccc2-3)C1=O,0.0002,ok
O=C1C(=O)C(Br)=C(Br)C(O)=C1Br,0.0888,ok
CCc1onc(C)c1NC1=CC(=O)C(=O)c2ccccc21,0.0489,ok
CSC1=CC(=O)C(=O)c2ccccc21,0.0139,ok
COC(=O)C(Cc1ccccc1)N1CCc2c(oc3c2C(=O)C(=O)c2ccccc2-3)C1=O,0.0006,ok
CCOC(=O)c1c[nH]c2c(c1=O)C(=O)C(=O)c1ccccc1-2,0.0248,ok
CCCCCCCCCCCNC1=CC(=O)C(=O)c2ccccc21,0.0596,ok
CCOC(=O)C(=CNC1=CC(=O)C(=O)c2ccccc21)C(=O)OCC,0.0597,ok
CC(=O)c1ccc2c(c1O)C(O)=CC(=O)C2=O,0.0,ok
O=C1C=C(O)c2cccc(Br)c2C1=O,0.1166,ok
CCc1ccc2c(c1O)C(O)=CC(=O)C2=O,0.0007,ok
COc1cc(C(C)C)c2c(c1C)C(=O)C(=O)C(C)=C2,0.1128,ok
CC(=O)c1cc(C2=CC(=O)C(=O)c3ccccc32)ccc1O,0.0038,ok
CCOC(=O)c1cc(C2=CC(=O)C(=O)c3ccccc32)ccc1O,0.0019,ok
C=C(C)CC1=CC(=O)C(=O)c2cccc(OC)c21,0.0834,ok
CC1(C)COC(C2=CC(=O)C(=O)c3ccccc32)=N1,0.0277,ok
O=c1cc2c3ccccc3c-2cc1=O,0.0,ok
COc1cccc2c1C(=O)C(=O)C=C2C1=NC(C)(C)CO1,0.079,ok
COC(=O)c1cc(C(=O)OC)c2c(n1)C(=O)C(=O)c1ccccc1-2,0.1319,ok
COc1cc2c(c(OC)c1)C(=O)C(=O)C(CC(C)OC(=O)c1ccccc1)=C2,0.0647,ok
C=C(C)CC1=CC(=O)C(=O)c2ccccc21,0.0159,ok
CCOC(=O)c1cc2c([nH]1)C(=O)C(=O)c1c(C(=O)OC)cc(C(=O)OC)nc1-2,0.0444,ok
COC1=CC(=O)C(=O)C=C1Oc1ccc(OC)cc1,0.0086,ok
CCCCNC1=CC(=O)C(=O)C=C1CC,0.0204,ok
COc1cccc2c1C(C1=NC(C)(C)CO1)=CC(=O)C2=O,0.0614,ok
O=c1cc2[nH]c3cc(Cl)ccc3sc-2cc1=O,0.0,ok
O=C1C(=O)c2ccccc2C=C1c1ccccc1Br,0.0103,ok
CC(C)(C)C1=CC(c2ccccc2)=CC(=O)C1=O,0.0033,ok
C=CCC1=C(OC)c2ccccc2C(=O)C1=O,0.0742,ok
CC(C)(C)c1ccc2c(c1)C(c1ccccc1)=CC(=O)C2=O,0.0,ok
Cc1ccc(SC2=C(c3ccccc3)C(=O)C(=O)c3ccccc32)cc1,0.1112,ok
COC(=O)c1cc2c([nH]1)-c1ccccc1C(=O)C2=O,0.0,ok
CCOC(=O)c1cc2c([nH]1)-c1nc(C(=O)OC)cc(C(=O)OC)c1C(=O)C2=O,0.0365,ok
O=C1C=Cc2cc(C(c3ccccc3)(c3ccccc3)c3ccccc3)ccc2C1=O,0.0021,ok
CC(=O)CC1=Cc2ccccc2C(=O)C1=O,0.0053,ok
CCCC(=O)CC1=Cc2ccccc2C(=O)C1=O,0.006,ok
CCCCC(=O)CC1=Cc2ccccc2C(=O)C1=O,0.0122,ok
O=C1C=Cc2cccc(Br)c2C1=O,0.0,ok
CCCCCC(=O)CC1=Cc2ccccc2C(=O)C1=O,0.0124,ok
O=C1C=Cc2cccc(Cl)c2C1=O,0.0,ok
CCCCCCC(=O)CC1=Cc2ccccc2C(=O)C1=O,0.014,ok
COC(=O)c1ccc2c(c1)C(=O)C(=O)C=C2,0.0,ok
COC1=CC(=O)C(=O)c2ccncc21,0.0,ok
CNC(=O)c1ccnc2c1C(=O)C(=O)c1ccccc1-2,0.1085,ok
CCC1=C(OC)c2cnccc2C(=O)C1=O,0.0451,ok
CCCCC1=C(OC)c2cnccc2C(=O)C1=O,0.0458,ok
CCCCCCC1=C(OC)c2cnccc2C(=O)C1=O,0.061,ok
COC1=C(C)C(=O)C(=O)c2ccncc21,0.0376,ok
CCCCCCCCC1=C(OC)c2cnccc2C(=O)C1=O,0.0388,ok
O=c1c2[nH]c3ccccc3c(=O)oc=2c2ccccc2c1=O,0.0041,ok
CCN(CC)c1ccc(NC2=CC(=O)C(=O)c3ccccc32)cc1,0.0497,ok
CC(=O)Oc1c(C2=CC(=O)C(=O)c3ccccc32)cc(C(C)=O)c2ccccc12,0.0171,ok
O=C1C(=O)c2c([nH]c3ccccc23)-c2ccccc21,0.0,ok
C=CCC1=C(C#N)c2ccccc2C(=O)C1=O,0.0637,ok
C=CCC1=C(C(C)=O)c2ccccc2C(=O)C1=O,0.0107,ok
O=C1C=C(C(c2ccccc2)(c2ccccc2)c2ccccc2)c2ccccc2C1=O,0.0481,ok
O=c1ccc2ccc=2c1=O,0.0,ok
CCC1=CC(=O)C(=O)c2ccccc21,0.0,ok
O=C1C(=O)c2ccccc2C2=C1C1CCCCC1N2,0.0045,ok
O=C1C=C(C(=O)OCc2ccccc2)C=C(OCc2ccccc2)C1=O,0.014,ok
CC1=Cc2c(c(C=O)c(O)c(O)c2C(C)C)C(=O)C1=O,0.1221,ok
COC1=Cc2c(OC)cc(C)cc2C(=O)C1=O,0.0396,ok
O=C1C=Cc2cccnc2C1=O,0.0,ok
O=C1C=C(O)c2cc(Br)ccc2C1=O,0.0428,ok
CC1(O)c2ccc3c(c2CCC1O)C(=O)C(=O)C1=C3OCC1CO,0.0649,ok
CC1=C(O)c2c(O)c(Cl)c(Cl)c(O)c2C(=O)C1=O,0.0,ok
O=C1C=C(O)c2c(O)c(Cl)c(Cl)c(O)c2C1=O,0.0,ok
CCOC(=O)c1cc2c([nH]1)-c1c(C(=O)OC)cc(C(=O)OC)nc1C(=O)C2=O,0.0243,ok
O=C1C(=O)c2ccccc2C=C1S(=O)(=O)O,0.0119,ok
O=C1C=Cc2c(cccc2S(=O)(=O)O)C1=O,0.009,ok
CCC1=C(O)c2c(O)c(Cl)c(Cl)c(O)c2C(=O)C1=O,0.0108,ok
O=C1C=C(O)c2c(ccc3ccccc23)C1=O,0.0715,ok
N#CCC1=CC(=O)C(=O)C=C1,0.0,ok
COc1cc2c(cc1OC)-c1cc(OC)c(OC)cc1C(=O)C2=O,0.0635,ok
O=C(O)c1ccc2c(n1)-c1nc(C(=O)O)ccc1C(=O)C2=O,0.0,ok
Cc1ccc2c(n1)-c1nc(C)ccc1C(=O)C2=O,0.0,ok
CCCCCCCCCCCCCCCC1=CC(=O)C(=O)C=C1,0.0057,ok
COc1ccc(OC)c2c1C(=O)C(=O)C=C2O,0.0874,ok
Cc1coc2c1C(=O)C(=O)C=C2,0.0,ok
COC1=CC=CC(=O)C1=O,0.0166,ok
O=C1C=c2ccccc2=CC1=O,0.0,ok
O=C1C=CC(C(c2ccccc2)(c2ccccc2)c2ccccc2)=CC1=O,0.0203,ok
O=C1C(=O)c2ccccc2C=C1Cl,0.0,ok
O=C1C=C(O)c2cc(O)ccc2C1=O,0.0476,ok
O=c1c(=O)c2cccc3c2-c2c1cccc2c(=O)c3=O,0.0,ok
CC(=O)C1=Cc2ccccc2C(=O)C1=O,0.0324,ok
CC(C)(C)c1cc2ccc3cc(C(C)(C)C)cc4c(=O)c(=O)c(c1)c2c34,0.0,ok
CC1=C(C)C(O)=CC(=O)C1=O,0.0409,ok
O=C1C=CC([N+](=O)[O-])=CC1=O,0.0,ok
O=C1C(=O)c2ccc3ccccc3c2-c2c1ccc1ccccc21,0.177,ok
Cc1cccc2c1C(O)=CC(=O)C2=O,0.0,ok
COc1cc(O)c2c(c1O)C(O)=CC(=O)C2=O,0.0749,ok
O=C1C=C(O)c2c(O)c(O)cc(O)c2C1=O,0.0,ok
N#CC1=CC(=O)C(=O)C=C1,0.0,ok
CC(=O)C1=CC(=O)C(=O)C=C1,0.0024,ok
CC1=CC(=O)C(=O)C(C)=C1,0.0,ok
CC(C)(C)CC(C)(C)C1=CC(=O)C(=O)C=C1,0.0095,ok
CCCCc1ccc2c(n1)-c1nc(CCCC)ccc1C(=O)C2=O,0.0003,ok
COC1=C(O)c2c(O)c(O)c(O)c(O)c2C(=O)C1=O,0.0445,ok
Cc1ccc2c(c1)C=CC(=O)C2=O,0.0008,ok
Cc1cccc2c1C=CC(=O)C2=O,0.0,ok
CCc1cccc2c1C=CC(=O)C2=O,0.0038,ok
CC(C)c1cccc2c1C=CC(=O)C2=O,0.0,ok
Cc1c(C)c(O)c2c(c1O)C(=O)C(=O)C=C2O,0.0021,ok
COc1ccc2c(c1)C(=O)C(=O)C=C2O,0.0,ok
O=C1C=C(O)c2ccc(Br)cc2C1=O,0.0438,ok
Cc1cccc2c1-c1c(C)cccc1C(=O)C2=O,0.1714,ok
O=C1C=Cc2c(O)ccc(O)c2C1=O,0.0227,ok
O=C1C=C(C(c2ccccc2)c2ccccc2)c2ccccc2C1=O,0.0274,ok
O=C1C(=O)c2ccc(Br)cc2C=C1[N+](=O)[O-],0.0382,ok
O=c1ccc2c(=O)c3ccccc3c(=O)c=2c1=O,0.0,ok
O=C1C=Cc2c([nH]c3ccccc23)C1=O,0.0,ok
O=c1c(Cl)c2oc3c(Cl)c(Cl)c(Cl)c(Cl)c3oc-2c(Cl)c1=O,0.0,ok
CC1=CC=C(C)C(=O)C1=O,0.0,ok
COc1ccc(OC)c2c1C=CC(=O)C2=O,0.062,ok
Cc1ccc2c(c1)-c1cc(C)ccc1C(=O)C2=O,0.0468,ok
O=C1C=Cc2c(O)cccc2C1=O,0.0,ok
CC(C)OC1=CC(=O)C(=O)c2ccccc21,0.0411,ok
CC(C)(C)C1=C(Cl)C(Cl)=C(C(C)(C)C)C(=O)C1=O,0.1972,ok
O=c1cc2ccc3cccc4ccc(c1=O)c2c34,0.0,ok
COc1ccc2c(c1)C=CC(=O)C2=O,0.0,ok
CCOC1=Cc2ccccc2C(=O)C1=O,0.0338,ok
Cc1ccc2c(c1)C(=O)C(=O)C=C2,0.0006,ok
CCC1=Cc2ccccc2C(=O)C1=O,0.0103,ok
NC(Cc1c[nH]c2c1C(=O)C(=O)C=C2)C(=O)O,0.0112,ok
CCCC1=Cc2ccccc2C(=O)C1=O,0.0102,ok
CCCCC1=Cc2ccccc2C(=O)C1=O,0.0102,ok
CCCCCC1=Cc2ccccc2C(=O)C1=O,0.0157,ok
O=C1C(=O)c2ncccc2-c2[nH]ccc21,0.0,ok
CCC1=CC(=O)C(=O)C=C1O,0.0123,ok
CC(C)(C)C1=CC(=O)C(=O)C(C(C)(C)C)=C1O,0.1429,ok
Cc1c(O)c(O)c2c(c1O)C(O)=CC(=O)C2=O,0.0739,ok
O=C1C=C(NC23CC4CC(CC(C4)C2)C3)c2ccccc2C1=O,0.0577,ok
O=c1ccc2cc3c(=O)c(=O)ccc3cc2c1=O,0.0,ok
COc1ccc2c(c1)-c1cc(OC)ccc1C(=O)C2=O,0.0456,ok
O=C1C(=O)c2ccc(Cl)cc2-c2cc(Cl)ccc21,0.0,ok
CC1=CC(=O)C(=O)C(C)=C1C,0.0066,ok
CC(C)(C)C1=C(C(C)(C)C)C(=O)C(=O)C=C1,0.1316,ok
O=C1C=C(Cl)C(Cl)=C(Cl)C1=O,0.0,ok
O=C1C=Cc2cc[nH]c2C1=O,0.0,ok
O=C1C=Cc2[nH]cnc2C1=O,0.0,ok
CC(C)C1=CC=C(C(C)C)C(=O)C1=O,0.0,ok
CC(C)(C)C1=CC(=O)C(=O)C(O)=C1,0.0,ok
O=C1C(=O)c2cc3cc4ccccc4cc3cc2C=C1Oc1ccccc1,0.0546,ok
NC1=Cc2cc3ccccc3cc2C(=O)C1=O,0.0266,ok
O=c1ccc2oc3ccccc3[nH]c=2c1=O,0.0,ok
O=C(O)c1cccc2ooc12,,no_quinone_ring_found
O=C1C=CC2=C(CC2)C1=O,0.0,ok
CN(C)C1=CC(=O)C(=O)C=C1,0.012,ok
O=c1cc2ccc3c(=O)c(=O)cc4ccc(c1=O)c2c43,0.0,ok
CNC1=C(O)c2ccccc2C(=O)C1=O,0.0918,ok
O=C1c2ccccc2C(=O)c2c1ccc1ooc21,0.0,ok
C=C(C)CCC1=C(O)c2ccccc2C(=O)C1=O,0.0829,ok
N#CC1=CC=CC(=O)C1=O,0.0001,ok
O=C1C=Cc2oc3ccccc3c2C1=O,0.0,ok
N#CC1=C(C#N)C(C#N)=C(C#N)C(=O)C1=O,0.0001,ok
CC1=C(C)C(C)=C(C)C(=O)C1=O,0.0837,ok
O=C1C=C(O)C(C2CCCCC2)=CC1=O,0.0009,ok
[N-]=[N+]=NC1=C(N=[N+]=[N-])c2cc3ccccc3cc2C(=O)C1=O,0.0573,ok
O=CC1=CC=CC(=O)C1=O,0.0,ok
c1ccc2oc3ccccc3ooc2c1,,no_quinone_ring_found
CCC(C)(C)C1=CC(=O)C(=O)C(C(C)(C)CC)=C1,0.0662,ok
O=C1C=C(O)c2[nH]c(C(=O)O)cc(=O)c2C1=O,0.0,ok
Cc1cccc2c1C(=O)C(=O)c1ccccc1-2,0.1126,ok
CCCC1=CC(=O)C(=O)C=C1,0.0044,ok
O=C1C=Cc2nc3ccccc3nc2C1=O,0.0,ok
O=C1C=Cc2nccnc2C1=O,0.0,ok
O=C1C=Cc2cc3c(O)c4ccccc4cc3cc2C1=O,0.0004,ok
CN(C)c1ccc(C2=CC(=O)C(=O)c3ccccc32)cc1,0.0,ok
COC1=C(OC)C(=O)C(=O)C=C1,0.0294,ok
CCCCC1=CC=CC(=O)C1=O,0.0,ok
O=C1C=c2cc3ccccc3cc2=CC1=O,0.0,ok
O=C1C=Cc2cc3c(Cl)c4ccccc4c(Cl)c3cc2C1=O,0.0,ok
CCCCCNC1=CC(=O)C(=O)c2ccccc21,0.0597,ok
CC(C)(C)C1=CC=CC(=O)C1=O,0.0,ok
O=C1C=Cc2cc3cc4ccccc4cc3cc2C1=O,0.0,ok
O=C1C=Cc2nc3ccccc3cc2C1=O,0.0,ok
Nc1c2ccccc2cc2cc3c(cc12)C=CC(=O)C3=O,0.0023,ok
NC1=Cc2cc3cc4ccccc4cc3cc2C(=O)C1=O,0.0263,ok
O=C1C=Cc2cnccc2C1=O,0.0,ok
CC1=c2cc3ccccc3cc2=CC(=O)C1=O,0.0001,ok
O=C1C(=O)c2cc(Br)cnc2-c2ncc(Br)cc21,0.0,ok
O=C1C=Cc2sccc2C1=O,0.0,ok
CC1=C(C)C(=O)C(=O)C=C1,0.0027,ok
CC(NC1=CC(=O)C(=O)C=C1)C(=O)O,0.0056,ok
CC(C)C1=CC=CC(=O)C1=O,0.0035,ok
NC1=C(N)c2cc3ccccc3cc2C(=O)C1=O,0.0038,ok
CC(C)c1c(C(C)(C)C)c(C(C)(C)C)c2ooc2c1C(C)C,,no_quinone_ring_found
O=C1C(=O)c2c(O)cccc2-c2ccccc21,0.026,ok
O=C1C=CC2=C(CCCO2)C1=O,0.0037,ok
O=C1C(=O)c2ccc3ccccc3c2C=C1Cl,0.0,ok
O=C1C=CC=C(OCc2ccccc2)C1=O,0.0143,ok
CC(C)C1=CC(=O)C(=O)C=C1,0.0017,ok
CCN(CC)c1ccc(C2=CC(=O)C(=O)c3ccccc32)cc1,0.0001,ok
O=C1C=Cc2cc(S(=O)(=O)O)ccc2C1=O,0.0008,ok
CCCCCC1=C(CC=C(C)CCC=C(C)C)C(O)=CC(=O)C1=O,0.0121,ok
CC(C)c1ccc(C(C)(C)C)c2ooc12,,no_quinone_ring_found
O=C1C=C(n2c3ccccc3c3ccccc32)c2ccccc2C1=O,0.0797,ok
CC(C)c1cccc2ooc12,,no_quinone_ring_found
O=C1C(=O)c2ccccc2C(S(=O)(=O)O)=C1S(=O)(=O)O,0.1097,ok
[N-]=[N+]=NC1=CC(=O)C(=O)c2ccccc21,0.0237,ok
CC1=C(O)C(C2=C(CCc3ccccc3)C(=O)C(=O)C(C)=C2O)=C(CCc2ccccc2)C(=O)C1=O,0.1179,ok
CC(C)c1ccc2ooc2c1C(C)C,,no_quinone_ring_found
O=C1C=CC=C(c2ccccc2)C1=O,0.003,ok
Cn1ccc2c1=CC(=O)C(=O)C=2,0.0034,ok
CC1=C(C)c2ccccc2C(=O)C1=O,0.0436,ok
NC1=CC(=O)C(=O)C=C1O,0.0165,ok
Cc1cc2c(cc1C)C(=O)C(=O)C=C2,0.0,ok
c1cc2ccc3ccoc3c2o1,,no_quinone_ring_found
O=C1C=Cc2occc2C1=O,0.0,ok
O=C1C=CC=C(C=Cc2ccccc2)C1=O,0.0,ok
O=C1C(=O)c2cc(Cl)sc2-c2sc(Cl)cc21,0.0,ok
O=c1c(=O)c2cc(Br)cc3c2-c2c1cc(Br)cc2c(=O)c3=O,0.0,ok
NC1=C(N)C(=O)C(=O)C=C1,0.0197,ok
O=C1C(=O)c2ccc3ccccc3c2C(Br)=C1Br,0.175,ok
Cc1cc2c3c(c1)c(=O)c(=O)c1cc(C)cc(c1-3)c(=O)c2=O,0.003,ok
O=c1c(=O)c2cc([N+](=O)[O-])cc3c2-c2c1cccc2c(=O)c3=O,0.0,ok
O=C1C(=O)c2[nH]ccc2-c2ccccc21,0.0,ok
O=C1C(=O)c2ccc3ccc(Br)cc3c2C=C1Br,0.0,ok
NC1=Cc2ccccc2C(=O)C1=O,0.0266,ok
CC(C)C1=CC(C(C)C)=C(C(C)C)C(=O)C1=O,0.0953,ok
CC(C)C1=C(C(C)(C)C)C(=O)C(=O)C(C(C)(C)C)=C1,0.1724,ok
O=C1C=Cc2cnc3ncccc3c2C1=O,0.0,ok
O=C1C(=O)c2n[nH]nc2-c2ccccc21,0.0,ok
O=C1C(=O)c2ccc3ccccc3c2C=C1Br,0.0,ok
O=c1ccc2sc3ccccc3[nH]c=2c1=O,0.0,ok
CC(C)C(=O)CC1=C(O)c2ccccc2C(=O)C1=O,0.0461,ok
O=C1C=CC2=C(CCc3ccccc32)C1=O,0.0209,ok
O=C1C(=O)c2cc(Br)sc2-c2sc(Br)cc21,0.0,ok
COC(=O)C1=CC=CC(=O)C1=O,0.0414,ok
O=C1C=Cc2[nH]ccc2C1=O,0.0,ok
O=c1ccc2c3cccc4ccc5cc6ccccc6c(c2c1=O)c5c43,0.1412,ok
CCCCCCc1csc(-c2nc3c(s2)-c2sc(-c4cc(CCCCCC)cs4)nc2C(=O)C3=O)c1,0.0,ok
CCCCCCCCCCCC1=C(O)C2=C(C(=O)C1=O)C(c1ccccc1)C1=C(CCCC1=O)N2,0.0571,ok
CCC1=CC(=O)C(=O)C=C1,0.0,ok
O=C1C(=O)c2ccccc2C(O)=C1CCCCCCCCCC1CCCCC1,0.0673,ok
O=C1C=Cc2ccc(S(=O)(=O)O)cc2C1=O,0.0004,ok
Cc1ccc2nc3c(n2c1)C(=O)C(=O)c1cccnc1-3,0.0,ok
CC1=C2OCC(O)c3ccc(C)c(c32)C(=O)C1=O,0.0714,ok
O=c1cc2ccc3cc4ccccc4c4ccc(c1=O)c2c34,0.0,ok
COC(=O)CCC1=Cc2ccccc2C(=O)C1=O,0.0047,ok
O=C1C=Cc2cc3cc4cc5ccccc5cc4cc3cc2C1=O,0.0,ok
O=c1c(=O)c2ccc3c(=O)c(=O)c4ccc5c(=O)c(=O)c6ccc1c1c2c3c4c5c61,0.0,ok
O=C1C=C([N+](=O)[O-])c2c(ccc3cccc([N+](=O)[O-])c23)C1=O,0.1395,ok
CC(C)C1=CC(C(C)C)=C([N+](=O)[O-])C(=O)C1=O,0.0587,ok
O=C1C(=O)c2ccc3ccccc3c2C=C1[N+](=O)[O-],0.0668,ok
O=c1cc2ccc3cccc4c5ccccc5c(c1=O)c2c34,0.0001,ok
O=C1C=C([N+](=O)[O-])c2c(ccc3ccccc23)C1=O,0.098,ok
O=c1ccc2c(cc3c4ccccc4cc4c5cccc6cccc(c65)c2c34)c1=O,0.0877,ok
O=c1c(Br)c(Br)c2c3cccc4ccc5cc6ccccc6c(c2c1=O)c5c43,0.2225,ok
NCC1=CC(=O)C(=O)c2ccccc21,0.0094,ok
CC1=CC(=O)C(=O)C(O)=C1,0.0,ok
O=C1C=Cc2[nH]c3ccccc3c2C1=O,0.0,ok
O=C1C=CC=C([N+](=O)[O-])C1=O,0.0296,ok
O=c1c(=O)c2ccc3ccc4ccc5ccc6ccc1c1c6c5c4c3c21,0.0,ok
O=C1C=CC2=C(Cc3ccccc32)C1=O,0.0,ok
NC(=O)C1=C(O)c2ccccc2C(=O)C1=O,0.0732,ok
COC1=CC(=O)C(=O)C(C)=C1,0.0,ok
CC(C)(C1=CC(=O)C(=O)C=C1)C1=CC(=O)C(=O)C=C1,0.0157,ok
C=C1CCC2C(C)(C(=O)O)CCCC2(C)C1Cc1c(C)ccc2c1C(=O)C(=O)C(C)=C2O,0.1364,ok
O=c1ccc2c3ccccc3c=2c1=O,0.0,ok
O=c1c(=O)c2cc([N+](=O)[O-])cc3c2-c2c1cc([N+](=O)[O-])cc2c(=O)c3=O,0.0,ok
O=C1C(=O)c2c(nc3ccccc3c2-c2ccccc2)-c2ccccc21,0.1014,ok
N#Cc1cc2c3c(c1)c(=O)c(=O)c1cc(C#N)cc(c1-3)c(=O)c2=O,0.0,ok
CCCCN(CCCC)c1ccc2c3c(n(CCCC)c2c1)C(=O)C(=O)c1ccccc1-3,0.0615,ok
CCCCN(CCCC)c1ccc2c3c(n(CCCC)c2c1)-c1ccccc1C(=O)C3=O,0.053,ok
O=C1C(=O)c2nc(-c3ccccc3)oc2-c2ccccc21,0.0,ok
O=C1C=c2[nH]cc(-c3c[nH]c4cc(O)c(O)cc34)c2=CC1=O,0.014,ok
O=C1C=Cc2c(c3ccccc3c3c2ccc2ccc4ccccc4c23)C1=O,0.1151,ok
Cc1ccc(C(C)C)c2ooc12,,no_quinone_ring_found
O=C(c1ccccc1)c1cccc2ooc12,,no_quinone_ring_found
c1ccc2cc3c(ccc4ooc43)cc2c1,,no_quinone_ring_found
Cc1ccc2c(c1)C(=O)C(=O)C(c1ccccc1)=C2c1ccccc1,0.0734,ok
C=Cc1cccc2ooc12,,no_quinone_ring_found
O=S1Oc2c(O)ccc(O)c2O1,,no_quinone_ring_found
O=C1C=CC=C(c2ccccc2-c2ccccc2)C1=O,0.0142,ok
COC1=Cc2c(ccc3ccccc23)C(=O)C1=O,0.067,ok
O=C1C=CC=C(C(Cl)(Cl)Cl)C1=O,0.0,ok
O=C1C=CC=C(C(Br)(Br)Br)C1=O,0.0,ok
O=C1C(=O)c2ccc3ccccc3c2C(Cl)=C1Cl,0.1555,ok
Clc1ccc2ooc2c1Cl,,no_quinone_ring_found
O=c1c(Cl)c2c(Cl)ccc3c4cccc5cccc(c(c1=O)c23)c54,0.1667,ok
O=c1c([N+](=O)[O-])c2cccc3c4cccc5cccc(c(c1=O)c23)c54,0.1251,ok
Nc1c(=O)c(=O)c2c3cccc4cccc(c5cccc1c52)c43,0.0948,ok
Nc1c(C(=O)c2ccccc2)c(C(=O)c2ccccc2)c2c3cccc4cccc(c5c(=O)c(=O)c(N)c1c25)c43,0.1552,ok
O=c1c([N+](=O)[O-])c2c([N+](=O)[O-])ccc3c4cccc5cccc(c(c1=O)c23)c54,0.1701,ok
O=C(O)C1=C(O)c2ccccc2C(=O)C1=O,0.0927,ok
NC(CC1=CC=CC(=O)C1=O)C(=O)O,0.0063,ok
O=c1c(Br)c2c(Br)ccc3c4cccc5cccc(c(c1=O)c23)c54,0.1793,ok
Cc1ccc2ooc2c1C,,no_quinone_ring_found
Nc1ccc(-c2ccc(N)c3ooc23)cc1,,no_quinone_ring_found
C=CC1=CC=CC(=O)C1=O,0.0,ok
O=C(C(=O)c1cccc2ooc12)c1ccccc1,,no_quinone_ring_found
CC(C)(C)C1=CC(=O)C(=O)C(O)=C1C(C)(C)C,0.1949,ok
Nc1ccc(-c2c(N)c(N)c(N)c3ooc23)cc1,,no_quinone_ring_found
O=C1C=CC2=C(Cc3ccccc3S2)C1=O,0.0142,ok
C=CC=CC1=C(CCCC(O)C(C)(C)O)C(=O)C(=O)C(C(C)C)=C1,0.003,ok
CCCCC1=C(O)C(=O)C(=O)C=C1,0.0068,ok
O=C1C=Cc2ccc3c([nH]c4ccccc43)c2C1=O,0.0,ok
CC(=O)NC1=CC=CC(=O)C1=O,0.0927,ok
O=C1C=c2cccc3c2=C(C1=O)c1c-3ccc2ccccc12,0.0,ok
CC(C)c1c(C(C)C)c2ooc2c2ooc12,,no_quinone_ring_found
CC(C)=CCCC1=C(CC=C(C)C)C(CC=C(C)C)=C(CC=C(C)C)C(=O)C1=O,0.1224,ok
c1ccc(-c2cccc3ooc23)cc1,,no_quinone_ring_found
O=C1C=CC2=C(Cc3ccccc3O2)C1=O,0.0,ok
O=C1C=CC=C(c2ccc(-c3ccccc3)cc2)C1=O,0.0029,ok
O=C1C(=O)c2cccc(Cl)c2C(O)=C1Cl,0.0801,ok
O=C1C=Cc2c(ccc3c2ccc2cc4ccccc4cc23)C1=O,0.0,ok
O=C1C(=O)c2ccc3ccccc3c2C([N+](=O)[O-])=C1[N+](=O)[O-],0.1164,ok
O=C1C(=O)c2ccc([N+](=O)[O-])cc2-c2cc([N+](=O)[O-])ccc21,0.0,ok
O=C1C=Cc2[nH]ncc2C1=O,0.0,ok
O=C1C(=O)c2c(cc([N+](=O)[O-])c([N+](=O)[O-])c2[N+](=O)[O-])-c2ccccc21,0.1163,ok
CCc1c2ccccc2cc2ooc12,,no_quinone_ring_found
CC(C)(C)C(=Cc1ccccc1)C1=C(C(C)(C)C)C(C(C)(C)C)=C(C(C)(C)C)C(=O)C1=O,0.2675,ok
CC1=CC=C(N)C(=O)C1=O,0.0255,ok
O=C1C=Cc2ncncc2C1=O,0.0,ok
O=C(c1cccc2ooc12)C(O)c1ccccc1,,no_quinone_ring_found
O=C1C=Cc2[nH]c(=O)ccc2C1=O,0.0,ok
O=C1C=Cc2ncc3ccccc3c2C1=O,0.0,ok
O=c1ccc2c(=O)[nH]c(=O)c=2c1=O,0.0,ok
CCCCC1=CC=C(C=Cc2ccccc2)C(=O)C1=O,0.0727,ok
COC(=O)C1=C(c2ccccc2)c2ccccc2C(=O)C1=O,0.0071,ok
O=C1C(=O)c2cc3cc4ccccc4cc3cc2C=C1Br,0.0,ok
O=C1C=Cc2cc3cc4cc5cc6cc7ccccc7cc6cc5cc4cc3cc2C1=O,0.0,ok
CC(C)=CCC1=CC=C(C)C(=O)C1=O,0.0122,ok
CC(C)(C)OOC(C)(C)c1ccc2ooc2c1C(C)(C)OOC(C)(C)C,,no_quinone_ring_found
CCCCCC1=CC=CC(=O)C1=O,0.0069,ok
O=c1ccc2c3ccccc3c3[nH]c4ccccc4[nH]c3c2c1=O,0.0472,ok
O=C1C=CC(c2c[nH]c3ccccc23)=CC1=O,0.0077,ok
Cc1ccc2c(n1)C(=O)C(=O)c1ncccc1-2,0.0845,ok
Cc1ccnc2c1-c1cccnc1C(=O)C2=O,0.148,ok
O=C1C(=O)c2ccccc2C=C1O,0.0,ok
O=C1C(=O)c2c(O)cccc2-c2cccc(O)c21,0.1129,ok
O=c1cc2oc3cc(O)ccc3[nH]c-2c(O)c1=O,0.013,ok
O=C1C(=O)c2c(O)ccc(O)c2C(O)=C1O,0.0,ok
O=C1C=C(C(O)=C(O)C(O)C(O)C(O)C(O)CO)C=C(O)C1=O,0.0041,ok
[N-]=[N+]=NC1=C(OS(=O)(=O)N=[N+]=[N-])C(=O)C(=O)c2ccccc21,0.029,ok
O=C1C(=O)c2ncoc2-c2ccccc21,0.0,ok
O=C1C(=O)c2ccc(-c3ccccc3)nc2-c2nc(-c3ccccc3)ccc21,0.0,ok
O=c1ccc2oc3ccccc3oc=2c1=O,0.0,ok
O=C1C=CC=C(N=NC2=CC=CC(=O)C2=O)C1=O,0.009,ok
CCNC1=CC(=O)C(=O)C=C1,0.0051,ok
O=C1C(=O)c2ccc(Cl)nc2-c2ncccc21,0.0,ok
CCC1(CC)C(=O)NC2=C1C(=O)C(=O)c1ccccc12,,no_quinone_ring_found
O=c1c(=O)c2c(Br)cc(Br)c3c2-c2c1c(Br)cc(Br)c2c(=O)c3=O,0.1295,ok
c1ccc2coc3ccccc3occ2c1,,no_quinone_ring_found
O=c1ccc2cc(O)c3c(O)c4[nH][nH]c5c(ccc6[nH]c(=O)c(=O)[nH]c65)c4cc3c2c1=O,0.0882,ok
Cc1oncc1NC1=CC(=O)C(=O)c2ccccc21,0.0728,ok
Cc1ccc(NC2=C(O)c3ccccc3C(=O)C2=O)cc1,0.0283,ok
CCC(C)C(C1=C(O)c2ccccc2C(=O)C1=O)C1=C(O)c2ccccc2C(=O)C1=O,0.1078,ok
CCCCCCCCCCCCC(=O)NC1=C(O)c2ccccc2C(=O)C1=O,0.1271,ok
N#CNC(N)=NC1=CC(=O)C(=O)c2ccccc21,0.021,ok
CCCCCCCCCCCCCNC1=C(O)c2ccccc2C(=O)C1=O,0.0105,ok
Cc1ccc(NC2=CC(=O)C(=O)C=C2Nc2ccc(C)cc2)cc1,0.047,ok
CC1=C(O)c2[nH]c(Cl)c(C=O)c2C(=O)C1=O,0.0,ok
CCOC(=O)C(C#N)C1=CC(=O)C(=O)c2ccc(O)cc21,0.0019,ok
CCOC(=O)C(C#N)C1=CC(=O)C(=O)c2ccc(OC)cc21,0.0528,ok
CN1C(=O)C(O)(C2=C3OCOC3=CC(=O)C2=O)c2ccccc21,,no_quinone_ring_found
O=C1C(=O)C(CN2CCOCC2)=C(N2CCOCC2)C(N2CCOCC2)=C1CN1CCOCC1,0.1673,ok
CC1=C(O)c2cn(C)cc2C(=O)C1=O,0.0,ok
COC1=C(C)C(=O)C(=O)c2ccccc21,0.0467,ok
Cc1ccc2c(n1)C(N1CCOCC1)=CC(=O)C2=O,0.0353,ok
Cc1ccnc2c1C(=O)C(=O)C=C2N1CCOCC1,0.086,ok
CCN(CC)C1=CC(=O)C(=O)c2cccnc21,0.0437,ok
O=C1C=C(Nc2cc(Cl)ccc2Cl)c2ccccc2C1=O,0.0485,ok
CCCCCCCCCCCc1c2oc3ccc(C)cc3[nH]c-2cc(=O)c1=O,0.0048,ok
CCc1cccc(CC)c1NC1=CC(=O)C(=O)c2ccccc21,0.0593,ok
Cc1cc(Br)ccc1NC1=CC(=O)C(=O)c2ccccc21,0.0511,ok
O=C1C=C(Nc2ccc(Cl)cc2Cl)c2ccccc2C1=O,0.0498,ok
CC(C)c1cccc(C(C)C)c1NC1=CC(=O)C(=O)c2ccccc21,0.0709,ok
CCCCCCN(CCCCCC)C1=CC(=O)C(=O)c2ccccc21,0.0162,ok
COc1ccccc1NC(=O)C(=O)CC(=O)c1ccccc1NC1=CC(=O)C(=O)c2ccccc21,0.0474,ok
COC(=O)c1ccccc1NC(=O)C(=O)CC(=O)c1ccccc1NC1=CC(=O)C(=O)c2ccccc21,0.0371,ok
O=C1C=C(Nc2ccccc2C(=O)CC(=O)C(=O)Nc2cccc([N+](=O)[O-])c2)c2ccccc2C1=O,0.0438,ok
NC(=O)C(=O)CC(=O)c1ccccc1NC1=CC(=O)C(=O)c2ccccc21,0.0443,ok
Cc1ccnc(NS(=O)(=O)c2ccc(NC3=CC(=O)C(=O)c4ccccc43)cc2)n1,0.0537,ok
O=C1C=C(Nc2ccccc2C(=O)CC(=O)C(=O)Nc2ccc(Cl)cc2)c2ccccc2C1=O,0.0394,ok
O=C1C=C(Nc2ccc(Cl)cc2C(=O)c2ccccc2)c2ccccc2C1=O,0.0356,ok
O=C1C=C(Nc2ccccc2C(=O)CC(=O)C(=O)Nc2cccc(C(F)(F)F)c2)c2ccccc2C1=O,0.045,ok
COc1cc2c(c(OC)c1)C(=O)C(=O)C(CC1(C)OCCCO1)=C2,0.1025,ok
CC(O)CNC1=CC(=O)C(=O)c2ccccc21,0.0536,ok
COc1ccc(OC)c2c1C(=O)C(=O)C(Cl)=C2O,0.1222,ok
Cc1cnoc1NC1=CC(=O)C(=O)c2ccccc21,0.0686,ok
CC(C)=CCCC(C)C1=C(O)C(Nc2ccccc2F)=C(C)C(=O)C1=O,0.127,ok
CC(C)=CCCC(C)C1=C(O)C(Nc2ccccc2)=C(C)C(=O)C1=O,0.0722,ok
CC(C)=CCCC(C)C1=C(O)C(Nc2ccccc2Br)=C(C)C(=O)C1=O,0.1251,ok
CC(C)=CCCC(C)C1=C(Nc2ccccc2Cl)C(O)=C(C)C(=O)C1=O,0.0282,ok
O=C1C(=O)c2c(oc(=O)c3ccccc23)-c2ccccc21,0.0,ok
COc1cccc2c1C(=O)C(=O)c1c-2oc(=O)c2cc(C)cc(OC)c12,0.1526,ok
Cc1cc(C)c(C2=C(O)c3ccccc3C(=O)C2=O)c(C)c1,0.0001,ok
Cc1nc2c(nc1C)-c1c(c3c(n1Cc1ccccc1)C(=O)CCC3)C(=O)C2=O,0.1865,ok
Cc1cc(C)c(C2=C(O)c3ccccc3C(=O)C2=O)c(C)c1Br,0.0105,ok
O=C1C(=O)c2ccc(S(=O)(=O)O)cc2-c2ccccc21,0.0449,ok
O=C1C(=O)c2ccccc2C(O)=C1Nc1cccc(C(=O)O)c1,0.0279,ok
O=C1C(=O)c2ccccc2C(O)=C1Nc1ccc(C(=O)O)cc1,0.0272,ok
Nc1ccccc1NC1=C(O)c2ccccc2C(=O)C1=O,0.035,ok
CC(CO)CCC1=C(O)c2ccccc2C(=O)C1=O,0.0128,ok
O=C1C(=O)c2ccccc2C(O)=C1Nc1ccc(S(=O)(=O)c2ncccn2)cc1,0.0265,ok
CCCCCCCCCCCC1=C(O)C(NC2CCCCC2N)=CC(=O)C1=O,0.0032,ok
CC(C)=CCCC(C)C1=C(O)C(NC(C)c2ccccc2)=C(C)C(=O)C1=O,0.103,ok
CC(=O)C(C(C)=O)C1=C(Cl)C(=O)C(=O)c2c(C(=O)c3ccccc3)coc21,0.0473,ok
O=C1C(=O)c2ccccc2C(O)=C1c1ccc(F)cc1,0.0933,ok
O=C1C(=O)c2c(C(=O)c3cccs3)coc2-c2ccccc21,0.0166,ok
O=C1C=C(Nc2cccc(C(F)(F)F)c2)c2ccccc2C1=O,0.0534,ok
Cc1cc2cc(O)c3c(=O)c4c(O)cccc4c(=O)c3c2c(=O)c1=O,0.0829,ok
CC=CC(C1=C(O)c2ccccc2C(=O)C1=O)C1=C(O)c2ccccc2C(=O)C1=O,0.1033,ok
O=C1C(=O)c2ccccc2C(O)=C1Nc1cccc([N+](=O)[O-])c1,0.0271,ok
CCOC(=O)C1=C(O)c2ccc(OC)cc2C(=O)C1=O,0.0916,ok
CCOC(=O)C1=C(O)c2ccc(C)cc2C(=O)C1=O,0.0906,ok
CCOC(=O)C1=C(O)c2c(OC)ccc(OC)c2C(=O)C1=O,0.1213,ok
O=C1C=C(N=CC=Cc2ccccc2)c2ccccc2C1=O,0.0238,ok
O=C1C=C(N=Cc2ccccc2Cl)c2ccccc2C1=O,0.0225,ok
O=C1C=C(NC(=O)c2cccnc2)c2ccccc2C1=O,0.0,ok
C=COC(=O)CC1=C(O)c2ccccc2C(=O)C1=O,0.0593,ok
O=C1C=C(N=Cc2cccc(Br)c2)c2ccccc2C1=O,0.0282,ok
Cc1ccc(C=NC2=CC(=O)C(=O)c3ccccc32)cc1,0.0205,ok
O=C1C=C(N=Cc2ccccc2)c2ccccc2C1=O,0.0205,ok
O=C1C=C(N=Cc2ccc([N+](=O)[O-])cc2)c2ccccc2C1=O,0.0271,ok
O=C1C=C(N=Cc2ccc(Cl)cc2Cl)c2ccccc2C1=O,0.023,ok
O=C1C=C(N=Cc2ccccc2[N+](=O)[O-])c2ccccc2C1=O,0.0188,ok
O=C1C(=O)c2ccccc2C2=C1CC(c1ccc(F)cc1)O2,0.003,ok
CNCCC(Oc1ccc(C(F)(F)F)cc1)c1ccccc1,,no_quinone_ring_found
OCCN1CCN(CCCN2c3ccccc3Sc3ccc(C(F)(F)F)cc32)CC1,,no_quinone_ring_found
CC(Cc1cccc(C(F)(F)F)c1)NCCOC(=O)c1ccccc1,,no_quinone_ring_found
O=C1C=C(N=Cc2c[nH]c3ccccc23)c2ccccc2C1=O,0.0219,ok
O=C1C=C(N=Cc2ccccc2O)c2ccccc2C1=O,0.0201,ok
O=C1C=C2c3c(cccc3-c3ccc4ccccc4c32)C1=O,0.0,ok
CON=C1CCc2c1ccc1c3c(ccc21)C(=O)C(=O)C=C3,0.0,ok
O=C1c2cc3oc4ccccc4c4ccccc4oc3cc2C(=O)N1c1ccc(F)cc1,,no_quinone_ring_found
O=C1C(=O)c2c(F)c(F)c(F)c3c2C(=C1F)c1c(F)c(F)c(F)c(F)c1-3,0.0,ok
COc1c(F)c(F)c2c3c1c(=O)c(=O)c1c(F)c(F)c(F)c(c1-3)c(=O)c2=O,0.1266,ok
O=c1c(=O)c2c(F)c(F)c(F)c3c2-c2c1c(F)c(F)c(F)c2c(=O)c3=O,0.0,ok
O=C1c2cc3oc4ccccc4c4ccccc4oc3cc2C(=O)N1c1ccccc1C(F)(F)F,,no_quinone_ring_found
COC1=CC(=O)C(=O)c2cc3oc(C)cc(=O)c3c(OC)c21,0.0336,ok
O=C1C=C(NCc2ccc(C(F)(F)F)cc2)c2ccccc2C1=O,0.0668,ok
CC1Cc2c(O)c3c(c(O)c2C(C)O1)C(O)=CC(=O)C3=O,0.007,ok
CC1=C(c2cc(C(C)C)c(O)cc2C)C(O)=C(C(C)C)C(=O)C1=O,0.0842,ok
Cc1cc(=O)c2c(O)c3c(cc2o1)C(=O)C(=O)C(CN(C)CC(=O)O)=C3O,0.0001,ok
CC(=CCC1=C(O)C(NCCC(C)C)=CC(=O)C1=O)CCC1(C)CCC=C(C)C1C,0.0416,ok
COc1cc(OC)c2c(c1OC)C(O)=C(CC(C)OC(C)=O)C(=O)C2=O,0.1383,ok
CC(C)=CCC1(C)C=Cc2c(ccc3c2C(=O)C(=O)C=C3O)O1,0.1191,ok
O=C1C=c2oc(O)c(-c3oc(O)c(-c4ccc(O)c(O)c4)c3O)c2=CC1=O,0.002,ok
O=C1C(=O)C(Cl)=C(Cl)C=C1Cl,0.0,ok
CCN(CC)c1ccc2[nH]c3c(C(N)=O)cc(=O)c(=O)c=3oc2c1,0.0303,ok
O=C1C=CC(Cl)=C(Cl)C1=O,0.0,ok
O=C1C(=O)C(Cl)=CC=C1Cl,0.0,ok
O=C1C(=O)c2cc(S(=O)(=O)O)ccc2-c2ccccc21,0.0302,ok
O=C1C(=O)c2c(ccc3c2ccc2ccccc23)-c2ccccc21,0.0,ok
O=c1c(=O)c2c3ccc4c5ccccc5c(O)c5ccc(c6ccc7c(O)c8ccccc8c1c7c62)c3c54,0.1375,ok
O=C1C(=O)c2cc(F)ccc2-c2ccccc21,0.0,ok
CCCCCCCCCCCCCCCCCC1=CC=CC(=O)C1=O,0.0115,ok
O=C1C(=O)c2cccc(F)c2-c2ccccc21,0.0,ok
CCCCN(CC1=CC(=O)C(=O)c2ccccc21)C(=O)C(F)(F)F,0.0129,ok
O=C1C=C(O)c2ccc(F)cc2C1=O,0.0431,ok
O=C(Nc1ccc(F)cc1)OCC1CSC2=C(O1)C(=O)C(=O)c1ccccc12,0.0856,ok
O=C1C(=O)c2ccccc2C(O)=C1C1CCC(F)CC1,0.0639,ok
O=C1C(=O)c2ccccc2C(O)=C1N1CCN(c2cccc(C(F)(F)F)c2)CC1,0.0935,ok
O=C1C(=O)c2ccccc2C(O)=C1C1CCC(C(F)(F)F)CC1,0.1137,ok
O=C1C(=O)c2ccccc2C(O)=C1CC1CCCC(C(F)(F)F)C1,0.0178,ok
O=C1C(=O)c2ccccc2C(O)=C1CC1CCC(C(F)(F)F)CC1,0.0919,ok
O=C1C(=O)c2ccccc2C(O)=C1CCC1CCC(C(F)(F)F)CC1,0.0724,ok
O=C1C(=O)c2ccccc2C(O)=C1Cc1cccc(C(F)(F)F)c1,0.0508,ok
CC1=CC(F)=C(C)C(=O)C1=O,0.0,ok
CC(C)C1=CC(F)=C(C(C)C)C(=O)C1=O,0.0101,ok
CC1=CC(C)=C(F)C(=O)C1=O,0.0,ok
CCCC1=CC=C(F)C(=O)C1=O,0.0079,ok
CC(C)C1=C(F)C(F)=C(C(C)C)C(=O)C1=O,0.0229,ok
CCCCC1=CC(F)=C(CCCC)C(=O)C1=O,0.0181,ok
CC1=C(F)C(F)=C(C)C(=O)C1=O,0.0,ok
CC(CC1=C(O)c2ccccc2C(=O)C1=O)C(F)(F)F,0.0626,ok
O=C1C(=O)c2c(nc3ccccn23)-c2cccc(F)c21,0.0,ok
O=C1C(=O)c2c(nc3ccccn23)-c2c(F)cccc21,0.0,ok
O=C1C(=O)c2c(nc3ccccn23)-c2ccc(F)cc21,0.0,ok
O=C1C(=O)c2c(nc3ccccn23)-c2cc(F)ccc21,0.0,ok
O=C1C=CC(Oc2ccc(C(F)(F)F)cc2Cl)=CC1=O,0.0037,ok
O=C1C(=O)C2=C(N3C(=O)C4=C(CCCC4)C3=O)C(F)=C1C(F)(F)C2(F)F,0.3307,ok
O=C1C(=O)c2ccccc2C(O)=C1CCC1=CC=C(C(F)(F)F)CC1=S,0.0614,ok
O=C1C(=O)c2cc3cc4ccccc4cc3cc2C=C1F,0.0,ok
O=C1C(=O)c2ccccc2C(O)=C1C1(C(F)(F)F)CCCCC1,0.132,ok
O=C1C(=O)c2ccccc2C(O)=C1CC(F)(F)F,0.0612,ok
CCCCN(CC1=CC=C(F)C(=O)C1=O)C(=O)Cn1c(-c2ccccc2)ncc(N)c1=O,0.0684,ok
O=C1C=CC2=C(CCCC2)C1=O,0.0027,ok
N#CC1=C(NCC(F)(F)C(F)(F)F)C(=O)C(=O)C(NC2=CCC2)=C1,0.064,ok
O=c1cc2c(cc1=O)n1c(C(F)(F)F)c[nH]cc1c1c3c(ccn32)=CCC1,0.1143,ok
NC(=O)Oc1sc2nc(C3=C4CCC(=C3)C(=O)C4=O)cc(C(F)(F)F)c2c1N,0.3757,ok
COc1ccc2c(c1)-c1cc(F)ccc1C(=O)C2=O,0.0005,ok
CC(C)CC(NC(=O)C(F)(F)F)C(=O)OC1CC2=C(OC1(C)C)c1ccccc1C(=O)C2=O,0.0035,ok
O=C1C(=O)c2ccccc2C2=C1SCC1(CCN(Cc3ccc(F)cc3)CC1)O2,0.0461,ok
O=C1C(=O)c2ccccc2C2=C1SCC1(CCN(C(=O)Oc3cccc(C(F)(F)F)c3)CC1)O2,0.0574,ok
O=C1C(=O)c2ccccc2C2=C1SCC1(CCN(C(=O)Oc3ccc(F)cc3)CC1)O2,0.0524,ok
O=C1C(=O)c2ccccc2C2=C1SCC1(CCN(Cc3ccc(F)c(Cl)c3)CC1)O2,0.0433,ok
O=C1C(=O)c2ccccc2C2=C1SCC1(CCN(CC(O)COc3ccc(F)cc3)CC1)O2,0.0643,ok
O=C1C(=O)c2ccccc2C2=C1SCC(CN1CCN(c3ccc(F)cc3)CC1)O2,0.0599,ok
O=C(Nc1ccc(F)cc1)OCC1CSC2=C(O1)c1ccccc1C(=O)C2=O,0.0416,ok
O=C1C(=O)c2c(C(=O)c3cccc(C(F)(F)F)c3)coc2C(Br)=C1Br,0.043,ok
O=C1C(=O)c2ccccc2C2=C1SCC1(CCN(Cc3c(F)cccc3Cl)CC1)O2,0.0482,ok
O=C1C(=O)c2c(C(=O)c3ccc(F)cc3)coc2C(Br)=C1Br,0.0199,ok
CC(O)n1c2c(n(C(F)(F)F)c(=O)c1=O)C(=O)C(=O)C=C2,0.0668,ok
COc1c(F)cc(C(=O)c2coc3c2C(=O)C(=O)C(Br)=C3Br)cc1F,0.0118,ok
CC(O)CC(C)(C)OC(=O)c1ccc2ooc2c1F,,no_quinone_ring_found
O=C1C(=O)c2ccc(F)cc2C2=C1SCC1(CCN(C(=O)Oc3cccc(C(F)(F)F)c3)CC1)O2,0.0579,ok
CCCCN(CCCCCCCCCCCCCCCC(F)(F)F)CC1=CC(=O)C(=O)c2ccccc21,0.0259,ok
CC(C)(C)OC(=O)N1CCC2(CC1)CSC1=C(O2)c2cc(-c3cccc(C(F)(F)F)c3)ccc2C(=O)C1=O,0.0478,ok
CC(C)(C)OC(=O)N1CCC2(CC1)CSC1=C(O2)c2cc(-c3ccc(C(F)(F)F)cc3)ccc2C(=O)C1=O,0.0442,ok
O=C1C(=O)c2ccccc2C2=C1SCC1(CCN(Cc3ccccc3F)CC1)O2,0.0563,ok
O=C(NC1CCC2(CC1)CSC1=C(O2)c2ccccc2C(=O)C1=O)Oc1cccc(C(F)(F)F)c1,0.0546,ok
O=C1C(=O)c2ccccc2C2=C1SCC1(CCN(C(=O)NS(=O)(=O)c3ccc(F)cc3)CC1)O2,0.0508,ok
O=C1C(=O)c2ccccc2C2=C1SCC1(CCN(CCCOc3ccc(F)cc3)CC1)O2,0.0615,ok
O=C1C(=O)c2ccccc2C2=C1SCC1(CCN(C(=O)c3cccc(C(F)(F)F)c3)CC1)O2,0.0548,ok
O=C1C(=O)c2ccc(-c3ccccc3)cc2C2=C1SCC1(CCN(CC(O)COc3ccc(F)cc3)CC1)O2,0.0421,ok
COc1ccc2c(c1)C1=C(SCC3(CCN(CC(O)COc4ccc(F)cc4)CC3)O1)C(=O)C2=O,0.0537,ok
COc1ccc2c(c1)C1=C(SCC3(CCN(Cc4ccc(F)cc4)CC3)O1)C(=O)C2=O,0.0546,ok
COc1ccc2c(c1)C(=O)C(=O)C1=C2OC2(CCN(CC(O)COc3ccc(F)cc3)CC2)CS1,0.0606,ok
COc1ccc2c(c1)C1=C(SCC3(CCN(C(=O)Oc4cccc(C(F)(F)F)c4)CC3)O1)C(=O)C2=O,0.0627,ok
O=C1C(=O)c2ccc(-c3cccc(C(F)(F)F)c3)cc2C2=C1SCC1(CCNCC1)O2,0.0572,ok
O=C1C(=O)c2ccc(F)cc2C2=C1SCC1(CCNCC1)O2,0.0462,ok
CC(C)(C)c1ccc(OCC(O)CN2CCC3(CC2)CSC2=C(O3)c3cc(F)ccc3C(=O)C2=O)cc1,0.0492,ok
O=C1C(=O)c2ccc(F)cc2C2=C1SCC1(CCN(CC(O)Cc3ccccc3)CC1)O2,0.0509,ok
O=C1C(=O)c2ccccc2C2=C1SCC1(CCN(C(=O)Nc3ccc(F)cc3)CC1)O2,0.0503,ok
O=C1C(=O)c2ccccc2C2=C1SCC1(CCN(C3CCN(C(=O)Oc4cccc(C(F)(F)F)c4)CC3)CC1)O2,0.0555,ok
O=C1C(=O)c2ccc(Br)cc2C2=C1SCC1(CCN(Cc3ccc(F)cc3)CC1)O2,0.0471,ok
O=C1C(=O)c2ccccc2C2=C1SCC1(CCN(CC(O)CC(F)(F)F)CC1)O2,0.0577,ok
COc1ccc2c(c1)C(=O)C(=O)C1=C2OC2(CCN(C(=O)Oc3cccc(C(F)(F)F)c3)CC2)CS1,0.052,ok
O=C1C(=O)c2ccc(-c3ccccc3C(F)(F)F)cc2C2=C1SCC1(CCNCC1)O2,0.063,ok
O=C1C(=O)c2ccccc2C2=C1SCC1(CCCN(C(=O)Oc3cccc(C(F)(F)F)c3)CC1)O2,0.0505,ok
O=C1C(=O)c2ccccc2C2=C1SCC1(CCC(NC(=O)c3cccc(C(F)(F)F)c3)CC1)O2,0.0489,ok
O=C1C=Cc2cc(F)ccc2C1=O,0.0,ok
O=C1C(=O)c2ccc(-c3ccccc3)cc2C2=C1SCC1(CCN(C(=O)Oc3cccc(C(F)(F)F)c3)CC1)O2,0.0512,ok
COc1ccc2c(c1)C(=O)C(=O)C1=C2OC2(CCN(Cc3ccc(F)cc3)CC2)CS1,0.0578,ok
O=C1C(=O)c2ccc(Br)cc2C2=C1SCC1(CCN(C(=O)Oc3cccc(C(F)(F)F)c3)CC1)O2,0.0608,ok
O=C1C(=O)c2ccc(Cl)cc2C2=C1SCC1(CCN(C(=O)Oc3cccc(C(F)(F)F)c3)CC1)O2,0.0455,ok
CC(C)(C)OC(=O)N1CCC2(CC1)CSC1=C(O2)c2cc(-c3ccccc3C(F)(F)F)ccc2C(=O)C1=O,0.0488,ok
O=C1C(=O)c2ccccc2C2=C1SCC1(CCCN(C(=O)Oc3cccc(C(F)(F)F)c3)C1)O2,0.0564,ok
O=C1C(=O)c2ccccc2C2=C1SCC1(CCN(C(=O)Nc3cccc(C(F)(F)F)c3)CC1)O2,0.0545,ok
O=C1C(=O)c2ccccc2C2=C1SCC1(CCN(Cc3ccc(F)cc3F)CC1)O2,0.0421,ok
O=C1C(=O)c2ccc(-c3ccc(C(F)(F)F)cc3)cc2C2=C1SCC1(CCNCC1)O2,0.0592,ok
Cc1cccc(OC(=O)N2CCC3(CC2)CSC2=C(O3)c3cc(F)ccc3C(=O)C2=O)c1,0.055,ok
Cc1ccccc1-c1ccc2c(c1)-c1cc(-c3ccccc3C(F)(F)F)ccc1C(=O)C2=O,0.0495,ok
O=C1C(=O)c2ccc(-c3c(F)c(F)c(F)c(F)c3F)cc2-c2cc(-c3c(F)c(F)c(F)c(F)c3F)ccc21,0.0656,ok
O=C1C(=O)c2ccc(F)cc2-c2cc(F)ccc21,0.0,ok
Cc1cnc2c(c1-c1ccc(F)cc1)C(=O)C(=O)c1c-2ncc(C)c1-c1ccc(F)cc1,0.1438,ok
O=C1C=C(OCCCCc2ccc(NC(=O)C(F)(F)F)cc2)c2ccccc2C1=O,0.0004,ok
O=C1C(=O)c2ccc(F)cc2-c2ccccc21,0.0,ok
O=C1C(=O)c2c(F)cccc2-c2ccccc21,0.0,ok
O=C1C(=O)c2cccc(F)c2-c2c(F)cccc21,0.0,ok
O=C1C(=O)c2cc(C(F)(F)F)cnc2-c2ncccc21,0.0008,ok
O=C1C(=O)c2cc(C(F)(F)F)cnc2-c2ncc(C(F)(F)F)cc21,0.0014,ok
O=C1C(=O)c2cc(C(F)(F)F)ccc2-c2ccc(C(F)(F)F)cc21,0.0374,ok
O=C1C=C(F)c2occ(C(=O)c3ccccc3)c2C1=O,0.0248,ok
O=C1C(=O)c2c(C(=O)c3ccccc3)coc2C(F)=C1F,0.0281,ok
O=C1C(=O)c2c(C(=O)c3ccccc3)coc2C=C1F,0.0257,ok
O=C1C(=O)c2ccccc2C2=C1SCC(CN(C(=O)O)c1ccc(F)cc1)O2,0.0452,ok
C=C(SC(F)(F)F)C1=CC(=O)C(=O)C=C1,0.005,ok
O=C1C(=O)c2cccnc2-c2cc(F)ccc21,0.0,ok
O=C1C(=O)c2ccccc2C2=C1SC(c1cccc(C(F)(F)F)c1)C1(CCNCC1)O2,0.0519,ok
O=C1C(=O)c2ccccc2C2=C1SCC1(CCC(N(C(=O)O)c3ccccc3)C(C(F)(F)F)C1)O2,0.0631,ok
O=C1C(=O)c2ccccc2C2=C1SCC1(CCC(N(C(=O)O)c3cccc(C(F)(F)F)c3)CC1)O2,0.0732,ok
O=C1C=Cc2ccc(F)cc2C1=O,0.0,ok
O=C1C=Cc2cccc(F)c2C1=O,0.0,ok
CCCC(F)C1=CC(OC)=C(C(F)CCC)C(=O)C1=O,0.0375,ok
CCCC(F)C1=C(OC)C(OC)=C(C(F)CCC)C(=O)C1=O,0.0647,ok
CCCc1ccc2c(c1F)C(=O)C(=O)c1c-2ccc(OCC)c1F,0.1241,ok
CCOc1ccc2c(c1F)C(=O)C(=O)c1c(F)cccc1-2,0.1227,ok
CCCC1CCC(COc2ccc3c(c2F)C(=O)C(=O)c2c-3ccc(OCC)c2F)CC1,0.1259,ok
O=C1C(=O)c2cc(F)sc2C2=C1CC(F)S2,0.0045,ok
COc1ccc2c(c1)-c1c(ccc(F)c1F)C(=O)C2=O,0.0002,ok
O=C(NCc1ccc(F)cc1F)c1cc2[nH]n3n(c(=O)c=2c(=O)c1=O)CCOCC3,0.0989,ok
CCCCC1=C(F)C(F)=C(CCCC)C(=O)C1=O,0.0154,ok
CCCCC1=CC(CCCC)=C(F)C(=O)C1=O,0.0224,ok
CC(C)CC1=C(F)C(F)=C(CC(C)C)C(=O)C1=O,0.0216,ok
CC(C)CC1=CC(F)=C(CC(C)C)C(=O)C1=O,0.0268,ok
CC(C)(C)C1=CC(C(C)(C)C)=C(F)C(=O)C1=O,0.0475,ok
CC(C)C1=CC(C(C)C)=C(F)C(=O)C1=O,0.0038,ok
COc1ccc(C(=O)C(C(=O)c2ccccc2CCCCF)C2=C(O)c3ccccc3C(=O)C2=O)cc1,0.0808,ok
CCC(CCC(=O)NCC1=CC=C(F)C(=O)C1=O)n1c(-c2ccccc2)ncc(N)c1=O,0.001,ok
O=C1C(=O)c2ccc3ccccc3c2C=C1C(F)(F)F,0.0,ok
O=c1cc2n3ccc4c3c(c3cncc(C(F)(F)F)n3c-2cc1=O)CCC4,0.0885,ok
O=C1C(=O)c2ccccc2C(O)=C1CCc1cc(C(F)(F)F)cs1,0.0706,ok
CNc1ccc2[nH]c3c(C(=O)O)c(-c4ccc(F)cc4)c(=O)c(=O)c=3oc2c1,0.0821,ok
CCN(CC)c1ccc2[nH]c3c(C(=O)O)c(-c4ccc(F)cc4)c(=O)c(=O)c=3oc2c1,0.0815,ok
O=C(O)c1c(-c2ccc(F)cc2)c(=O)c(=O)c2oc3ccccc3[nH]c1=2,0.0822,ok
CC1=C(C)c2occ(C(=O)c3cccc(C(F)(F)F)c3)c2C(=O)C1=O,0.0138,ok
COc1c(F)cc(C(=O)c2coc3c2C(=O)C(=O)C(C)=C3C)cc1F,0.0118,ok
CC1=C(C)c2occ(C(=O)c3ccc(F)cc3)c2C(=O)C1=O,0.0304,ok
CC1=C(Br)c2occ(C(=O)c3ccc(F)cc3)c2C(=O)C1=O,0.0337,ok
Cc1ccc2c(c1)C(=O)C(=O)c1cc(C(F)(F)F)ccc1-2,0.0428,ok
COC1=CC(=O)C(=O)C=C1Nc1ccccc1,0.0146,ok
CCCCCCCCCCCC1=C(O)C2=C(C(=O)C1=O)C(c1ccc(OC)c(F)c1)C1=C(CCCC1=O)N2,0.0908,ok
CCCCCCCCCCCC1=C(O)C2=C(C(=O)C1=O)C(c1cccc(F)c1)C1=C(CCCC1=O)N2,0.0586,ok
CCCCCCCCCCCC1=C(O)C2=C(C(=O)C1=O)C(c1ccc(F)cc1)C1=C(CCCC1=O)N2,0.0512,ok
O=C1C(=O)c2cc3cc4cc5ccccc5cc4cc3cc2C(F)=C1F,0.0,ok
C=S(CC1=CC(=O)C(=O)C=C1)C(F)(F)F,0.0024,ok
O=C(O)CCC(=O)C1=CC=C(c2ccc3c(c2)C(F)(F)C3(F)F)C(=O)C1=O,0.0466,ok
O=C1C(=O)c2nc(NC(=O)c3ccccc3Cl)sc2C2=C1C(F)(F)C2(F)F,0.0007,ok
O=C1C=c2cc3cccc(F)c3cc2=C(F)C1=O,0.0,ok
O=C1C(=O)c2ccc(-c3ccccc3C(F)(F)F)cc2-c2cc(-c3ccccc3C(F)(F)F)ccc21,0.0572,ok
Cc1cc2c3c(c1)c(=O)c(=O)c1c(F)c(C)cc(c1-3)c(=O)c2=O,0.046,ok
O=C1C(=O)c2cc(-c3ccc(C(=O)c4c(F)c(F)c(F)c(F)c4F)s3)sc2-c2sc(-c3cccs3)cc21,0.0004,ok
CC1C2=C(SC1C(=O)c1ccc(C(F)(F)F)cc1)c1sc(C(=O)c3ccc(C(F)(F)F)cc3)cc1C(=O)C2=O,0.0105,ok
O=C1C(=O)c2nc(-c3ccc(C(=O)c4c(F)c(F)c(F)c(F)c4F)s3)sc2-c2sc(-c3cccs3)nc21,0.0,ok
Cc1ccc2c(c1F)C(=O)C(=O)c1c-2ccc(C)c1F,0.1219,ok
O=C(c1cc(F)c(F)c(F)c1)c1cc2c(s1)-c1sc(C(=O)c3cc(F)c(F)c(F)c3)cc1C(=O)C2=O,0.0022,ok
Cc1ccc(C(=O)c2cc3c(s2)-c2sc(C(=O)c4ccc(C(F)(F)F)cc4)cc2C(=O)C3=O)cc1,0.0004,ok
O=C1C(=O)c2cc(Br)sc2-c2sc(F)cc21,0.0,ok
COc1nncc2c1-c1cc(F)ccc1C(=O)C2=O,0.0884,ok
CCCc1cccc(C(=O)c2coc3c2C(=O)C(=O)C(F)=C3)c1,0.0258,ok
O=C1C(=O)c2ccc(F)cc2-c2cnccc21,0.0,ok
O=C1C(=O)c2c(Cc3ccc(F)cc3)coc2C(Br)=C1Br,0.0131,ok
CC1=C(Br)c2occ(C(=O)c3cccc(C(F)(F)F)c3)c2C(=O)C1=O,0.0123,ok
O=C1C(=O)c2ccc(OCF)cc2-c2cnncc21,0.02,ok
CC1=C(Br)C(=O)C(=O)c2c(C(=O)c3ccc(F)cc3)coc21,0.0404,ok
COc1c(F)cc(C(=O)c2coc3c2C(=O)C(=O)C(Br)=C3C)cc1F,0.0171,ok
CC(C)Cc1cccc(C(=O)c2coc3c2C(=O)C(=O)C=C3F)c1,0.0249,ok
COc1c(F)cc(C(=O)c2coc3c2C(=O)C(=O)C(C)=C3Br)cc1F,0.0104,ok
CC(C)(C)Cc1cccc(C(=O)c2coc3c2C(=O)C(=O)C(F)=C3F)c1,0.0282,ok
O=C1C(=O)c2ncncc2-c2cc(OCF)ccc21,0.0005,ok
CCCCCC1=C(NCC)C(O)=C(CC=C(C)CCC=C(C)C)C(=O)C1=O,0.109,ok
O=C1C(=O)c2ccccc2C(O)=C1C(C[N+](=O)[O-])c1ccc(F)cc1,0.0981,ok
O=C1C=C(F)C=C(F)C1=O,0.0,ok
CCN(Cc1ccc(F)c(Cl)c1)Cc1oc2c(c1C)C(=O)C(=O)c1c-2ccc2c(C)cccc12,0.0474,ok
O=C1C(=O)C(C(F)(F)F)=C(S(=O)(=O)O)C(S(=O)(=O)O)=C1C(F)(F)F,0.1691,ok
O=C1C(=O)c2ccccc2C2=C1SCC1(CCN(C3CCN(C(=O)Oc4cccc(CF)c4)CC3)CC1)O2,0.0555,ok
Cc1c(COC(=O)c2ccc(F)cc2)oc2c1C(=O)C(=O)c1c-2ccc2c(C)cccc12,0.0475,ok
CC1(C)SC2=C(C1=O)C(Br)=C(Oc1cc(F)cc(Cl)c1)C(=O)C2=O,,no_quinone_ring_found
O=C1CSC2=C1C(C(F)F)=C(Oc1cc(F)cc(F)c1)C(=O)C2=O,,no_quinone_ring_found
O=C1C=CC2=C(C1=O)C(O)(C(F)(F)F)CS2,0.014,ok
O=C1CSC2=C1C(C(F)F)=C(Oc1ccc(F)c(F)c1)C(=O)C2=O,,no_quinone_ring_found
CCc1nc2c(n1C)C(=O)C(=O)c1cc(F)ccc1-2,0.0008,ok
CCc1nc2c(n1CC(F)(F)F)C(=O)C(=O)c1ccccc1-2,0.0024,ok
CCc1nc2c(n1C)-c1ccc(F)cc1C(=O)C2=O,0.0321,ok
CC(C)c1nc2c(s1)C(=O)C(=O)c1cc(NCc3ccc(F)cc3)ccc1-2,0.0038,ok
CCc1nc2c(n1CC)C(=O)C(=O)c1cc(F)ccc1-2,0.0004,ok
CCC(=N)N(C1=C(C)c2ccc(F)cc2C(=O)C1=O)C(C)C,0.0877,ok
Cc1cc(F)ccc1OCc1nc2c([nH]1)C(=O)C(=O)c1ccccc1-2,0.0005,ok
CC(F)(F)c1nc2c([nH]1)C(=O)C(=O)c1ccccc1-2,0.0,ok
CCc1nc2c([nH]1)C(=O)C(=O)c1cc(NCc3ccc(F)cc3)ccc1-2,0.0067,ok
CN(Cc1nc2c(o1)-c1ccccc1C(=O)C2=O)c1ccc(F)cc1,0.0031,ok
Cc1cc(F)ccc1NCc1nc2c(o1)-c1ccccc1C(=O)C2=O,0.0003,ok
O=C1C(=O)c2nc(CNc3ccc(F)cc3)oc2-c2ccccc21,0.0003,ok
CCCCCCCCCCc1ccc2c(c1)oc1c3oc4cc(CCCC)ccc4c3c(F)c(F)c21,,no_quinone_ring_found
COCCOCCOCCOCCOCCOc1ccc2c(c1)oc1c2ccc2c3cc(F)c(F)cc3oc21,,no_quinone_ring_found
CCCCCCCCOc1ccc2c(c1)oc1c2ccc2c3cc4cc(F)c(F)cc4cc3oc21,,no_quinone_ring_found
Cc1ccc(C(=O)c2coc3c2C(=O)C(=O)C(Cl)=C3CF)cc1,0.0314,ok
O=C1CSC2=C1C(C(F)F)=C(Oc1cc(F)cc(Cl)c1)C(=O)C2=O,,no_quinone_ring_found
O=C1C(=O)C2=C(C(Br)=C1Oc1cc(F)cc(Cl)c1)C(O)C(F)(F)S2,0.0692,ok
O=C1C(=O)C2=C(C(=O)C(F)(F)S2)C(Br)=C1Oc1cc(F)cc(Cl)c1,0.0941,ok
O=C1CSC2=C1C(Br)=C(Oc1cc(F)cc(Cl)c1)C(=O)C2=O,,no_quinone_ring_found
CC1(C)SC2=C(C(C#N)=C(Oc3cc(F)cc(Cl)c3)C(=O)C2=O)C1O,0.0269,ok
O=C1CSC2=C1C(C(F)F)=C(OCc1ccccc1)C(=O)C2=O,,no_quinone_ring_found
N#Cc1cc(F)cc(OC2=C(C(F)F)C3=C(SC(F)(F)C3=N)C(=O)C2=O)c1,0.057,ok
O=C1CSC2=C1C(Br)=C(Oc1cc(F)cc(F)c1)C(=O)C2=O,,no_quinone_ring_found
C=CC=C(C=CCF)N(C)Cc1nc2c(o1)-c1ccccc1C(=O)C2=O,0.0045,ok
Cn1c(CCc2ccc(F)cc2)nc2c1C(=O)C(=O)c1ccccc1-2,0.0,ok
CC1(F)Cn2c1nc1c2C(=O)C(=O)c2ccccc2-1,0.006,ok
Cc1cc(F)ccc1NCc1nc2c([nH]1)C(=O)C(=O)c1ccccc1-2,0.0005,ok
O=C(C1=CCC(C(F)(F)F)=CC1)c1cc2c(s1)-c1sc(C(=O)c3ccc(C(F)(F)F)cc3)cc1C(=O)C2=O,0.0025,ok
CC(C)c1nc2c(n1Cc1ccc(F)cc1)C(=O)C(=O)c1ccccc1-2,0.0039,ok
C=C(F)C(F)=C(F)CC(C)=CC(=O)c1cc2c(s1)-c1sc(C(O)c3cc(F)c(F)c(F)c3)cc1C(=O)C2=O,0.0017,ok
CC(C)c1nc2c([nH]1)C(=O)C(=O)c1cc(F)ccc1-2,0.0,ok
O=C1C(=O)c2[nH]c(CCc3ccc(F)cc3)nc2-c2ccccc21,0.0001,ok
CCc1nc2c(n1C(C)C)C(=O)C(=O)c1cc(F)ccc1-2,0.0129,ok
Cn1c(COc2ccc(F)cc2)nc2c1C(=O)C(=O)c1ccccc1-2,0.0032,ok
O=C1C(=O)c2cccnc2-c2ccc(F)cc21,0.0,ok
CC(C)(C)C1=CC(c2c(F)cccc2Cl)=CC(=O)C1=O,0.0016,ok
CC(C)(C)C1=CC(=O)C(=O)C(c2c(F)cccc2Cl)=C1,0.0039,ok
CCCCC1=CC(c2c(F)cccc2Cl)=CC(=O)C1=O,0.0078,ok
CCCCC1=CC(=O)C(=O)C(c2c(F)cccc2Cl)=C1,0.0093,ok
CC1=C(C(F)(F)F)C(=O)C(=O)C(C(F)(F)F)=C1S(=O)(=O)O,0.158,ok
CC(C)OC1=CC(=O)C(=O)c2c(NC(=O)C(F)(F)F)cccc21,0.0018,ok
CC(C)OC1=CC(=O)C(=O)c2c(NS(=O)(=O)C(F)(F)F)cccc21,0.0441,ok
O=C1C=C(O)c2cccc(NC(=O)C(F)(F)F)c2C1=O,0.0587,ok
O=C1C=C(O)c2cccc(NS(=O)(=O)C(F)(F)F)c2C1=O,0.0049,ok
CC(C)OC1=CC(=O)C(=O)c2cc(F)ccc21,0.001,ok
O=C1C=C(O)c2cccc(NSC(F)(F)F)c2C1=O,0.0223,ok
CC(C)OC1=CC(=O)C(=O)c2c(NSC(F)(F)F)cccc21,0.0286,ok
NC(CSC1=C(CC(N)C(=O)O)C=CC(=O)C1=O)C(=O)O,0.015,ok
NC(CSC1=CC(CC(N)C(=O)O)=CC(=O)C1=O)C(=O)O,0.0315,ok
CCC1=C(O)c2c(O)c(O)c(O)c(O)c2C(=O)C1=O,0.1099,ok
O=C1C(=O)c2nc[nH]c(=O)c2-c2cc(F)ccc21,0.0,ok
CC(C)CCc1cc(F)cc2c(O)c(-c3nc4c(=O)c(=O)cc(OCC(N)=O)c=4s[nH]3)c(=O)[nH]c12,0.0095,ok
CC(=O)Nc1nc(-c2cc3s[nH]c(-c4c(O)c5cc(F)cc(CCC(C)C)c5[nH]c4=O)nc=3c(=O)c2=O)cs1,0.0029,ok
CC(C)(C)CCc1cc(F)cc2c(O)c(-c3nc4c(=O)c(=O)c(OCC(N)=O)cc=4s[nH]3)c(=O)[nH]c12,0.0167,ok
CNC(=O)C(C)Oc1cc2s[nH]c(-c3c(O)c4cc(F)cc(CCC5CC5)c4[nH]c3=O)nc=2c(=O)c1=O,0.0012,ok
N#CCOc1cc2s[nH]c(-c3c(O)c4cc(F)cc(CCC5CC5)c4[nH]c3=O)nc=2c(=O)c1=O,0.0014,ok
NC(=O)COc1cc2s[nH]c(-c3c(O)c4cc(F)cc(CCC5CC5)c4[nH]c3=O)nc=2c(=O)c1=O,0.0012,ok
N=Nc1ccc2c(S(=O)(=O)OC3=CC=C(C(=O)c4ccccc4)C(=O)C3=O)cccc2c1O,0.0249,ok
O=C1C=CC2=C(C1=O)C(F)(F)N(F)C2F,0.0067,ok
COC(=O)c1cc2c(n1S(=O)(=O)c1ccc(C)cc1)C(=O)C(=O)c1[nH]cc(C(=O)OCc3ccc(F)cc3)c1-2,0.0442,ok
O=C1C(=O)c2c(O)c(O)cc(O)c2C(O)=C1O,0.0,ok
O=C1C(=O)c2c(O)c(O)c(O)c(O)c2C(O)=C1O,0.0,ok
O=C1C(=O)C(NC(=O)c2ccccc2)=CC=C1F,0.0979,ok
O=C1C(=O)c2ccc(-c3cccc(C(F)(F)F)c3)cc2C2=C1SCC1(CCN(C(=O)O)CC1)O2,0.0541,ok
O=C1C(=O)c2ccc(-c3ccccc3C(F)(F)F)cc2C2=C1SCC1(CCN(C(=O)O)CC1)O2,0.0512,ok
O=C1C(=O)c2ccc(-c3ccc(C(F)(F)F)cc3)cc2C2=C1SCC1(CCN(C(=O)O)CC1)O2,0.0493,ok
O=C1C(=O)c2ccc(F)cc2C2=C1SCC1(CCN(C(=O)O)CC1)O2,0.058,ok
O=C1C=CC(F)=C(F)C1=O,0.0,ok
O=C1C(=O)c2ccccc2C=C1F,0.0,ok
O=C1C(=O)c2ccccc2C=C1C(F)F,0.025,ok
O=C1C=CC=C(C(=O)CF)C1=O,0.0003,ok
O=C1C(=O)c2cc(OC(F)(F)F)ccc2-c2ccccc21,0.0382,ok
CC(C)(C)c1ccc2c(c1)C(=O)C(=O)c1c(F)cccc1-2,0.0917,ok
O=S(c1c(O)cc(O)c2ooc12)C(F)(F)F,,no_quinone_ring_found
O=C1C(=O)c2ccc3ccccc3c2C=C1F,0.0,ok
O=C1C(=O)c2cccc(F)c2C(O)=C1C1=C(Cl)C(=O)c2ccccc2C1=O,0.028,ok
CC1=C2OCC(F)c3ccc(C)c(c32)C(=O)C1=O,0.0641,ok
CC1=C2OCC(F)(F)c3ccc(C)c(c32)C(=O)C1=O,0.0737,ok
CC1=C2OC=C(F)c3ccc(C)c(c32)C(=O)C1=O,0.0583,ok
CC1=C2OCC(O)(C(F)(F)F)c3ccc(C)c(c32)C(=O)C1=O,0.0847,ok
O=C1C=C(c2ccc(F)cc2)c2ccccc2C1=O,0.0,ok
O=C1C(=O)c2ccccc2C=C1c1cc(F)ccc1F,0.0246,ok
N=C(C=Cc1ccc(F)cc1)c1cc(NC(=O)Cc2ccc3ooc3c2)c(F)cc1N,,no_quinone_ring_found
O=C1C(=O)c2ccc(F)cc2C2=C1SCC1(CCN(CCCc3ccccc3)CC1)O2,0.0509,ok
Cc1ccc(CNc2cccc3c2C(F)(C=O)c2cc4ooc4cc2O3)s1,,no_quinone_ring_found
O=C1C(=O)c2ccccc2C2=C1SCC1(CCN(C(O)NS(=O)(=O)c3ccc(F)cc3)CC1)O2,0.0324,ok
Cc1ccc2c(c1F)C(=O)C(=O)c1c-2ccc(O)c1F,0.1178,ok
CCC=C(F)C1=C(C)C(CC)=C(C(F)=C(C)OC)C(=O)C1=O,0.1386,ok
Fc1c(N2CCCC2)ccc2ooc12,,no_quinone_ring_found
Cc1ccc2c(c1)oc1c2ccc2c3cc(F)c(F)cc3oc21,,no_quinone_ring_found
O=C(c1ccc(C(F)(F)F)cc1)c1cc2c(s1)-c1sc(C(=O)C3C=CC(C(F)(F)F)=CC3)cc1C(=O)C2=O,0.0023,ok
Cc1ccc2c(c1)oc1c2ccc2c3cc4cc(F)c(F)cc4cc3oc21,,no_quinone_ring_found
Cc1ccc2c(c1)oc1c3oc4cc(C)ccc4c3c(F)c(F)c21,,no_quinone_ring_found
N#Cc1c(F)c(NC2CCCCC2)c2oc3ccccc3c3ccccc3oc2c1C#N,,no_quinone_ring_found
N#Cc1c(F)c(Oc2ccccc2Cl)c2oc3ccccc3c3ccccc3oc2c1C#N,,no_quinone_ring_found
N#Cc1c(F)c(Oc2ccc3ccccc3c2)c2oc3ccccc3c3ccccc3oc2c1C#N,,no_quinone_ring_found
Cc1cc(C)c(Sc2c(F)c(C#N)c(C#N)c3oc4c(C)cc(C)cc4c4cc(C)cc(C)c4oc23)c(C)c1,,no_quinone_ring_found
N#Cc1c(F)c(Oc2ccccc2)c2oc3ccccc3c3ccccc3oc2c1C#N,,no_quinone_ring_found
C=C(F)C=CC(=C)N(C)Cc1nc2c(o1)-c1ccccc1C(=O)C2=O,0.0008,ok
O=C1C=CC=C(OS(=O)(=O)C(F)(F)F)C1=O,0.0248,ok
Cc1cc(F)ccc1N(C)Cc1nc2c(o1)-c1ccccc1C(=O)C2=O,0.0034,ok
COc1cc2c(cc1OSc1cccc(F)c1)CC1c3cc4c(cc3CCN1C2)OS(=O)O4,,no_quinone_ring_found
Cc1coc2c1C(=O)C(=O)c1cc(F)ccc1-2,0.0,ok
O=c1c(-c2ccccc2C(F)(F)F)coc2ccc3ccc4ooc4c3c12,0.0207,ok
O=C1C=CC=C(OC(C(F)(F)F)C(F)(F)S(=O)(=O)O)C1=O,0.0018,ok
O=C1C=C(F)c2c(n(Cc3cccc(C(=O)N4CCN(C(=O)C5CCC5)CC4)c3)c(=O)[nH]c2=O)C1=O,0.0655,ok
O=C1C(=O)c2ccccc2C=C1OC(C(F)(F)F)C(F)(F)S(=O)(=O)O,0.0124,ok
CCC=CC1=C(O)c2ccc(F)cc2C(=O)C1=O,0.1216,ok
O=C1C=C(F)c2c(n(Cc3cccc(C(=O)N4CCN(C(=O)C5CCCC5)CC4)c3)c(=O)[nH]c2=O)C1=O,0.0678,ok
Cc1cc(F)ccc1NCc1nc2c(o1)-c1ccc#cc1C(=O)C2=O,0.0003,ok
O=C1C=C(C(F)(F)F)c2c(c(-c3ccccc3)cn2S(=O)(=O)c2ccccc2)C1=O,0.0618,ok
O=C1C=Cc2c(c(-c3ccccc3)nn2S(=O)(=O)c2ccc(F)cc2)C1=O,0.0046,ok
O=C(O)CCc1c(O)c(O)c2c(c1O)C(=O)C(=O)C(O)=C2O,0.0018,ok
O=C1C=Cc2c(c(-c3ccccc3)cn2S(=O)(=O)c2ccccc2F)C1=O,0.0017,ok
CC(F)c1cc2c(o1)-c1cccc(O)c1C(=O)C2=O,0.0003,ok
Cc1cc(C(F)(F)F)c(Cn2c(=O)c3ccc(=O)c(=O)c=3c2=O)c(=O)n1C,,no_quinone_ring_found
O=C1C(=O)c2nn(-c3ccc(F)cc3)nc2-c2ccccc21,0.0,ok
O=C1C(=O)c2c(-c3ccccc3)cn(S(=O)(=O)c3ccccc3)c2C=C1C(F)(F)F,0.0028,ok
COc1nn(-c2ccccc2)c2c1C(=O)C(=O)c1cc(F)ccc1-2,0.0746,ok
O=C1C(=O)c2ccccc2C(O)=C1Cc1ccc(C(F)(F)F)cn1,0.0676,ok
O=C1C(=O)c2ccc(C(F)(F)F)cc2-c2cc(C(F)(F)F)ccc21,0.0479,ok
CC(C)n1nc2c(n1)-c1ccc(F)cc1C(=O)C2=O,0.0,ok
O=C1C(=O)c2ncncc2C(F)=C1F,0.0,ok
O=C1C=C(O)c2cccc(F)c2C1=O,0.0709,ok
O=C1C=C(O)c2cc(Cl)cc(F)c2C1=O,0.0,ok
Cc1cccc2c1C(=O)C(=O)C(CC(C)(F)C(F)CCCCCF)=C2O,0.0708,ok
CCc1nc2c([nH]1)C(=O)C(=O)c1cc(CCc3ccc(F)cc3)ccc1-2,0.0014,ok
COc1ccc(C(=O)c2coc3c2C(=O)C(=O)C(Br)=C3Br)cc1OCC#N,0.0439,ok
O=S(=O)(O)C(F)(F)C(OCc1ccccc1)C(F)(F)F,,no_quinone_ring_found
CC(C)c1nc2c(n1Cc1ccncc1)C(=O)C(=O)c1ccccc1-2,0.0112,ok
Cc1cc(F)ccc1CCc1nc2c([nH]1)C(=O)C(=O)c1ccccc1-2,0.0002,ok
FC(F)(F)c1ccccc1-c1nc2c3cccnc3c3ncccc3c2[nH]1,,no_quinone_ring_found
CC1CCC2C(C1)c1c(c3ccccc3c3nc4ccccc4nc13)OC2(C)C,,no_quinone_ring_found
CCCCCCCCCCOc1cc2c(=O)c(C(=O)OCC)c[nH]c2cc1OCC,0.0262,ok
CCN(CC)CCCC(C)Nc1c2ccc(Cl)cc2nc2ccc(OC)cc12,,no_quinone_ring_found
Nc1ncnc2c1nc(S(=O)(=O)O)n2CCOc1cccc2ccccc12,,no_quinone_ring_found
CC(=O)NCC1=CC(=O)C(=O)c2c(-c3ccccc3)nn(S(=O)(=O)c3ccccc3)c21,0.0543,ok
CC(C)c1nc2c(n1Cc1cccc(Cl)c1)C(=O)C(=O)c1ccccc1-2,0.0072,ok
O=C1C(=O)c2ccccc2C2=C1SCC1(CCN(CC(O)COc3ccccc3)CC1)O2,0.0471,ok
O=C(Nc1nc2ccccc2s1)C(F)(F)C(F)(F)C(=O)Nc1nc2ccccc2s1,,no_quinone_ring_found
CC(C)c1nc2c(s1)C(=O)C(=O)c1cc(CCc3ccc(F)cc3)ccc1-2,0.002,ok
CC(=O)NCC1=CC(=O)C(=O)c2c(-c3ccccc3)cn(S(=O)(=O)c3ccccc3)c21,0.0704,ok
COC(=O)c1cc2c(n1S(=O)(=O)c1ccc(C)cc1)C(=O)C(=O)C1=C2C(C(=O)OCc2ccc(F)cc2)=CC1,0.0319,ok
Cc1cnc(-c2cccc3c2oc2c3ccc3c4ccccc4oc32)cc1CC(C)(C)C,,no_quinone_ring_found
CC(F)(F)C(=O)Nc1c(N)cc(OCc2ccccc2)c2ccccc12,,no_quinone_ring_found
O=C1C(=O)c2ccccc2C2=C1SCC1(CCN(CCOc3ccccc3)CC1)O2,0.0601,ok
O=S(=O)(O)C(F)(F)CC(F)(F)F,,no_quinone_ring_found
CCOC(=O)n1c(C(C)C)nc2c1C(=O)C(=O)c1ccccc1-2,0.0586,ok
COc1cc(-c2ccc(Nc3ccccc3C(=O)O)c(OC)c2)ccc1Nc1ccccc1C(=O)O,,no_quinone_ring_found
CC(=O)N1CCN(c2c(F)cc3c(=O)c(C(=O)C=CC4=CC(=O)C(=O)C=C4)cn(CCF)c3c2F)CC1,0.0061,ok
O=C1C(=O)c2ccccc2C=C1c1ccc(F)cc1,0.0031,ok
Cc1nn(CCc2ccc(F)cc2)c2c1C(=O)C(=O)c1ccccc1-2,0.0289,ok
Cc1cc2c(cc1C)[n+]([O-])c1cc(CC(=O)OCCN3CCN(C)CC3)ccc1[n+]2[O-],,no_quinone_ring_found
Cc1c2c(nn1S(=O)(=O)c1ccc(F)cc1F)-c1ccccc1C(=O)C2=O,0.0006,ok
Cc1c2c(nn1S(=O)(=O)c1ccc(F)cc1)-c1ccccc1C(=O)C2=O,0.0014,ok
O=C1C(=O)c2c(-c3ccc(F)cc3)nn(-c3ccccc3)c2-c2ccccc21,0.0823,ok
Cc1c2c(nn1S(=O)(=O)c1ccc(C(F)(F)F)cc1)-c1ccccc1C(=O)C2=O,0.001,ok
Cc1c2c(nn1CCc1ccc(F)cc1)-c1ccccc1C(=O)C2=O,0.0012,ok
Cc1c2c(nn1S(=O)(=O)c1ccc(F)c(F)c1)-c1ccccc1C(=O)C2=O,0.0016,ok
Cc1nn(-c2ccccc2)c2c1C(=O)C(=O)c1cc(F)ccc1-2,0.0718,ok
Cc1nn(-c2cc(F)cc(F)c2)c2c1C(=O)C(=O)c1ccccc1-2,0.0727,ok
O=C1C(=O)c2c(C(F)(F)F)nn(-c3ccccc3)c2-c2ccccc21,0.0709,ok
O=C1C(=O)c2c(-c3ccc(F)c(F)c3)nn(-c3ccccc3)c2-c2ccccc21,0.0816,ok
Cc1c2c(nn1CCc1ccccc1F)-c1ccccc1C(=O)C2=O,0.001,ok
Cc1nn(-c2ccc(F)cc2F)c2c1C(=O)C(=O)c1ccccc1-2,0.0697,ok
Cc1nn(-c2ccc(F)cc2)c2c1C(=O)C(=O)c1ccccc1-2,0.0726,ok
CC(=NC1=C(N)C(=O)C(=O)c2cc(F)ccc21)C(C)C,0.0831,ok
C=CCCC1=C(C)C(=O)C(=O)c2nc(CN(C)c3ccc(F)cc3)oc21,0.0024,ok
C=CC(F)=CC=C(C)N(C)Cc1nc2c(o1)-c1ccccc1C(=O)C2=O,0.0028,ok
N#Cc1c(C#N)c(C#N)c2c(c1C#N)C(=O)C(=O)c1nc(F)c(F)nc1-2,0.143,ok
O=c1c(F)c2c3c(F)c(F)c(F)c(F)c3c3c(F)c(=O)c(=O)c(F)c3c2c(F)c1=O,0.1387,ok
Cc1c(=O)c(=O)c(F)c2c3c(F)c(F)c(F)c(F)c3c3c(F)c(=O)c(=O)c(F)c3c12,0.1764,ok
O=C1C(=O)c2cc(F)c(F)cc2-c2ccccc21,0.0,ok
N#Cc1c(C#N)c(C#N)c2c(c1C#N)C(=O)C(=O)c1cc(F)c(F)nc1-2,0.1299,ok
[C-]#[N+]c1c(C#N)c2c(c(C#N)c1[N+]#[C-])-c1nc(F)c(F)nc1C(=O)C2=O,0.1409,ok
Cc1c(-c2ccc(-c3ccccc3F)cc2)nc2ccc(F)cc2c1C(=O)O,,no_quinone_ring_found
Cc1cc(F)cc2oc3c(C(=O)Nc4ccccc4)nc4c(O)n(C)cc(c5cc(C(C)(C)O)ccc5oc12)c43,,no_quinone_ring_found
CC(C)=CCc1c2c(c3occ(-c4ccc5c(c4)OS(C)(N=O)O5)c(=O)c3c1OS(=O)(=O)F)C=CC(C)(C)O2,0.0239,ok
CN1C2=C(NC1CCc1ccc(F)cc1)C(=O)C(=O)c1ccccc12,0.0303,ok
CCc1nc2c([nH]1)C(=O)C(=O)c1cc(NCC3=CC=C(F)C(C)C3)ccc1-2,0.0025,ok
Cc1nc2c(s1)C(=O)C(=O)c1cc(NCc3ccc(F)cc3)ccc1-2,0.0036,ok
COc1nn(C2=CC(C)C(C(F)(F)F)C=C2)c2c1C(=O)C(=O)c1ccccc1-2,0.0769,ok
Cc1c(C)c(C#N)c2c(c1C#N)C(=O)C(=O)c1nc(F)c(F)nc1-2,0.1471,ok
C=C1C(=O)C(F)=c2c(c3c(c4c(F)c(F)c(F)c(F)c24)=C(F)C(=O)C(=O)C=3F)=C1F,0.1078,ok
CCCc1c(O)c(O)c2c(c1O)C(=O)C(=O)C(O)=C2O,0.0009,ok
COc1cc2ooc2cc1CCNCc1cc(C)cc(Cl)c1,,no_quinone_ring_found
O=C1C(=O)C([N+](=O)[O-])=C(F)C(F)=C1F,0.0,ok
O=C1C(=O)C(c2ccc(F)cc2)=CC=C1F,0.0028,ok
O=C1C=CC=C(CC=CC(c2noc3cc(F)ccc23)N2CCCCC2)C1=O,0.0285,ok
CCn1cc(C(=O)C=CC2=CC(=O)C(=O)C=C2)c(=O)c2cc(F)c(N3CCN(C(C)=O)CC3)c(F)c21,0.0031,ok
CC(=O)N1CCN(c2c(F)cc3cc(C(=O)C=CC4=CC(=O)C(=O)C=C4)c[n+]([O-])c3c2OC(C)C)CC1,0.0116,ok
CCn1cc(C(=O)C=CC2=CC(=O)C(=O)C=C2)c(=O)c2cc(F)c(N3CCN(C(C)=O)CC3)cc21,0.0146,ok
O=C1C=CC(C=CC(=O)c2cn(C3CC3)c3cc(N4CCNCC4)c(F)cc3c2=O)=CC1=O,0.0032,ok
CC(C)Oc1c(N2CCN(C)CC2)c(F)cc2c(=O)c(C(=O)C=CC3=CC(=O)C(=O)C=C3)cn(OC(C)C)c12,0.0441,ok
COc1c(N2CCNC(C)C2)c(F)cc2c(=O)c(C(=O)C=CC3=CC(=O)C(=O)C=C3)cn(C3CC3)c12,0.0346,ok
CCn1cc(C(=O)C=CC2=CC(=O)C(=O)C=C2)c(=O)c2cc(F)c(N3CCN(C(C)=O)CC3)nc21,0.0031,ok
COc1c(N2CCN(C(C)=O)C(C)C2)c(F)cc2c(=O)c(C(=O)C=CC3=CC(=O)C(=O)C=C3)cn(C3CC3)c12,0.0474,ok
CC(=O)N1CCN(c2cc3c(cc2F)c(=O)c(C(=O)C=CC2=CC(=O)C(=O)C=C2)cn3C2CC2)CC1,0.0215,ok
COc1c(N2CC3CCCNC3C2)c(F)cc2c(=O)c(C(=O)C=CC3=CC(=O)C(=O)C=C3)cn(C3CC3)c12,0.0359,ok
Cc1c(CNNc2ccc(F)cc2)oc2c1C(=O)C(=O)c1ccccc1-2,0.0004,ok
CCCC1=C(F)C(O)=C(CC=C(C)CCC=C(C)C)C(=O)C1=O,0.0487,ok
CCCCC1=C(F)C(O)=C(CC=C(C)CCC=C(C)C)C(=O)C1=O,0.0528,ok
CCCCCCCC1=C(F)C(O)=C(CC=C(C)CCC=C(C)C)C(=O)C1=O,0.025,ok
CCCCCC1=C(F)C(O)=C(CC=C(C)CCC=C(C)C)C(=O)C1=O,0.0292,ok
COc1cc2c(cc1F)COCOC1=C2C(=O)c2cc3ooc3cc21,,no_quinone_ring_found
CC(C)C1=C(F)C(=O)C(=O)C=C1,0.0,ok
CCCCCCC1=C(F)C(O)=C(CC=C(C)CCC=C(C)C)C(=O)C1=O,0.0555,ok
CC(=O)CCC1=C(C)C(=O)C(=O)C(C)=C1O,0.0693,ok
O=C1C(=O)c2ccc(Br)cc2C(O)=C1C(c1ccccc1)c1ccccc1,0.0905,ok
CC(=O)C(C(C)=O)C1=C([N+](=O)[O-])C(=O)C(=O)c2ccccc21,0.1266,ok
CCOC(=O)c1c2c(n(Cc3ccccc3)c1CNC(C)C)C(=O)C(=O)c1ccccc1-2,0.091,ok
CCOC(=O)C(C(C)=O)C1=C(Br)C(=O)C(=O)c2ccc(Br)cc21,0.1078,ok
CCCCCCCCc1cc[n+](C2=C([O-])c3ccccc3C(=O)C2=O)cc1,0.0951,ok
O=C1C(=O)C([n+]2cccc3ccccc32)=C([O-])C2=C1C1c3ccccc3C2c2ccccc21,0.0329,ok
CCCCCCCCCc1cc[n+](C2=C([O-])C3=C(C(=O)C2=O)C2c4ccccc4C3c3ccccc32)cc1,0.0323,ok
Cc1cc[n+](C2=C([O-])C3=C(C(=O)C2=O)C2c4ccccc4C3c3ccccc32)c(C)c1,0.0352,ok
CCOC(=O)c1c2c(n(CC(C)C)c1C)-c1nc[nH]c1C(=O)C2=O,0.0269,ok
CCOC(=O)C(C1=CC(=O)C(=O)c2ccccc21)=C(C)NCc1ccccc1,0.0205,ok
CCOC(=O)c1c2c(n(C)c1CN(CC)CC)C(=O)C(=O)c1ccc(Br)cc1-2,0.0575,ok
O=C1C(=O)c2ccccc2C(O)=C1CCCc1ccc(C2CCCC2)cc1,0.0848,ok
Cc1nn(-c2ccc(Cl)cc2)c2nc3c(nc12)C(=O)C(=O)c1ccccc1-3,0.0,ok
CCCC(CCC)Oc1ccc(CCCC2=C(O)c3ccccc3C(=O)C2=O)cc1,0.0855,ok
CCCCCn1c(CN2CCCCC2)nc2c1-c1ccccc1C(=O)C2=O,0.0245,ok
CC(C)(O)C(O)CC1=C(O)c2ccccc2C(=O)C1=O,0.074,ok
O=C(O)c1cc2oc3ccccc3c3ccccc3oc2cc1C(=O)Nc1ccc(Cl)cc1,,no_quinone_ring_found
O=C1C=C(O)C2=C(CCCC2)C1=O,0.0271,ok
O=C1C=C(O)C(c2ccccc2)=CC1=O,0.0,ok
N#CCC1=CC(=O)C(=O)c2ccccc21,0.0,ok
Cc1cc(C)c2c(c1)C(=O)C(=O)c1cc(C)cc(C)c1-2,0.1708,ok
O=C1C=C(Nc2ccc(Cl)cc2)C(Nc2ccc(Cl)cc2)=CC1=O,0.0504,ok
O=C1C=C(O)c2cc3c(cc2C1=O)OCO3,0.0,ok
COc1ccc(C(=O)CC2=C(O)c3ccccc3C(=O)C2=O)cc1,0.0583,ok
NS(=O)(=O)c1ccc(N=Nc2ncc(CC(NC3=CC(=O)C(=O)c4ccccc43)C(=O)O)[nH]2)cc1,0.0572,ok
Cc1oc2c(c1C(=O)c1ccc(Br)cc1)C(=O)C(=O)c1ccccc1-2,0.0136,ok
CCOC(=O)c1c2c(n(Cc3ccccc3)c1C)C(=O)C(=O)c1ccc(Br)cc1-2,0.0754,ok
Cc1ccc(C(=O)CC2=C(O)c3ccccc3C(=O)C2=O)cc1,0.0577,ok
C=CCNC1=CC(=O)C(=O)c2ccccc21,0.0585,ok
CCOC(=O)c1c2c(n(Cc3ccccc3)c1C)-c1ccccc1C(=O)C2=O,0.0302,ok
O=C1C(=O)c2ccccc2C(O)=C1C1CCC2(CC1)OOC1(O2)C2CC3CC(C2)CC1C3,0.0946,ok
COc1cc(O)c(C(=O)C=Cc2ccccc2)c(OC)c1,,no_quinone_ring_found
CC(C)=CCC1=C(O)c2c(cc3c(CC=C(C)C)c(C)cc(O)c3c2O)C(=O)C1=O,0.0462,ok
CC(C)C1=CC2=C(C(=O)C1=O)C1=CCC(OC(=O)c3ccccc3)C(C)(C)C1(C)C=C2,0.1001,ok
CC(=O)NC1=C(O)c2ccccc2C(=O)C1=O,0.1277,ok
CC(C)(C)C1=CC(C(C)(C)C)=C(Br)C(=O)C1=O,0.1499,ok
O=C1C(=O)c2ccccc2C(O)=C1C1=CC(=O)c2ccccc2C1=O,0.0827,ok
O=C1C=Cc2cc(O)ccc2C1=O,0.0,ok
O=C1C(=O)c2ccccc2C(O)=C1CC(=O)c1cccs1,0.0088,ok
COC1=CC(=O)C(=O)c2ccc(OC)cc21,0.0,ok
COC1=CC(=O)C(=O)c2cc(OC)ccc21,0.0,ok
COC1=C(O)c2c(O)c(OC)c(O)c(O)c2C(=O)C1=O,0.1388,ok
CC(=O)OCc1coc2c1C(=O)C(=O)c1c-2ccc2c1CCCC2(C)C,0.0321,ok
CN(C)C1=CC(=O)C(=O)C=C1N(C)C,0.081,ok
Cc1c(O)c2c(c(O)c1C(=O)CCC(C)C)-c1cccc(O)c1C(=O)C2=O,0.0993,ok
Cc1ccc2c(c1)C(=O)C(=O)c1c-2cccc1C(C)C,0.1467,ok
CCOC(=O)c1c2c(n(C)c1CBr)C(=O)C(=O)c1ccc(Br)cc1-2,0.0763,ok
CC1C2=C(OC1(C)C)c1ccccc1C(=O)C2=O,0.0166,ok
O=C1C(=O)C(c2ccccc2)=C2OCOC2=C1c1ccccc1,0.0269,ok
COc1cc(C)c2c(oc3cc(C)cc(OC)c3oc3c(OC)c(OC)cc(C)c32)c1OC,,no_quinone_ring_found
c1ccc2c(c1)OS1(O2)Oc2ccccc2O1,,no_quinone_ring_found
O=C1C=C(NC2CCCCC2)c2ccccc2C1=O,0.0313,ok
Cc1c(C)c(C)c2c(c1C)C(=O)C(=O)c1c(C)c(C)c(C)c(C)c1-2,0.2152,ok
CC1=CC(c2cc(C)c(O)cc2C)=C(C)C(=O)C1=O,0.0035,ok
N#Cc1cc2oc3ccc4ccccc4c3c3c(ccc4ccccc43)oc2cc1C#N,,no_quinone_ring_found
CC1(C)OC2=C(C(=O)C(=O)c3ccccc32)C1(C)C,0.0121,ok
O=C1C=Cc2ccc3ncccc3c2C1=O,0.0,ok
Cc1ccc2c(n1)-c1ncccc1C(=O)C2=O,0.0002,ok
O=C1C(=O)c2c(-c3ccccc3)noc2-c2ccccc21,0.0049,ok
O=c1cc2c(=O)c3ccccc3c(=O)c-2cc1=O,0.0,ok
O=C1C(=O)c2ccccc2C2=C1OCCS2,0.0759,ok
O=C1C=C(SCCO)c2ccccc2C1=O,0.0039,ok
NS(=O)(=O)c1cccc2c1C=CC(=O)C2=O,0.0012,ok
O=C1C(=O)c2nc(C(=O)O)cc(C(=O)O)c2C2=C1CC(C(=O)O)N2,0.0088,ok
CC(C)=CCCC1(O)COC2=C(C)C(=O)C(=O)c3c(C)ccc1c32,0.0833,ok
COC1=CC(=O)C(=O)C(OC)=C1OC,0.0248,ok
COc1cccc2c1C(=O)C(=O)c1ccccc1-2,0.116,ok
CCCc1ccc2ooc2c1,,no_quinone_ring_found
CCc1cc(O)c2c(c1)C(=O)C(=O)c1c-2cc2cccc(O)c2c1O,0.0997,ok
CC1=C(O)c2ccc3c(C)cccc3c2C(=O)C1=O,0.1216,ok
CC(=O)c1c(O)c(O)c2c(c1O)C(=O)C(=O)C(O)=C2O,0.0682,ok
CCOC(C)CC1=C(O)C2=C(C(=O)C1=O)C1(C)CCC(C)=C(C)C1C(O)C2O,0.1066,ok
Cc1cccc2c3c(ccc12)C1=C(C(=O)C3=O)C(CO)CO1,0.0938,ok
CC(C)C1=C(O)C2=C(C(=O)C1=O)C13CCCC(C)(C)C1C(OC3=O)C2O,0.1287,ok
NC(Cc1c[nH]c2c1C=CC(=O)C2=O)C(=O)O,0.0016,ok
CCOC(=O)c1c(C)oc2c1C(=O)C(=O)c1ccccc1-2,0.0226,ok
O=C1C(=O)c2ccccc2C(O)=C1n1nnc2ccccc21,0.1341,ok
CC(C)(C)C1=Cc2cc(C(C)(C)C)ccc2C(=O)C1=O,0.0002,ok
COC(=O)CCCC1=C(OC)C(NC(C)=O)=CC(=O)C1=O,0.0665,ok
Cc1noc(NC2=C(Br)C(=O)C(=O)c3ccccc32)c1C,0.0932,ok
COc1cc2c(c(OC)c1)C(=O)C(=O)C(CC(C)OC(C)=O)=C2,0.1044,ok
COC(=O)C1=CC(=O)C(=O)C(OCc2ccccc2)=C1,0.0183,ok
O=C1C(=O)c2ccccc2C(C=C(c2ccccc2)c2ccccc2)=C1Cl,0.073,ok
O=C1C(=O)c2c(cc(-c3ccc(Cl)cc3)c3ccc(Cl)cc23)-c2ccccc21,0.1365,ok
N#CC1=C(O)C(Cl)=C(Cl)C(=O)C1=O,0.0575,ok
Cc1cc2c(cc1C)C(=O)C(=O)C(C(C)(C)C)=C2,0.0002,ok
O=C1C(=O)c2c(cc(-c3ccccc3)c3ccccc23)-c2ccccc21,0.1364,ok
CCOC(=O)NN(C(=O)OCC)C1=C(N)c2ccccc2C(=O)C1=O,0.1276,ok
Cc1cc2c(cc1C)C(C(C)(C)C)=CC(=O)C2=O,0.0515,ok
COc1ccc(C(=CC2=CC(=O)C(=O)c3ccccc32)c2ccc(OC)cc2)cc1,0.0125,ok
COc1ccc(-c2cc3c(c4cc(OC)ccc24)C(=O)C(=O)c2ccccc2-3)cc1,0.1361,ok
CCOC(=O)c1cc(C2=CC(=O)C(=O)c3ccccc32)c(C)cc1O,0.0021,ok
Cc1ccc(-c2cc3c(c4cc(C)ccc24)C(=O)C(=O)c2ccccc2-3)cc1,0.137,ok
COc1ccc2c(ccc3cc4c(cc32)-c2ccccc2C(=O)C4=O)c1OC,0.0513,ok
CCOC(=O)N(NC(=O)c1ccccc1)C1=C(N)c2ccccc2C(=O)C1=O,0.0832,ok
CC(C)(C)OC(=O)NN(C(=O)OC(C)(C)C)C1=C(N)c2ccccc2C(=O)C1=O,0.056,ok
O=C1C=C(C=C(c2ccccc2)c2ccccc2)c2ccccc2C1=O,0.0087,ok
COc1ccc(C(=CC2=C(Cl)C(=O)C(=O)c3ccccc32)c2ccc(OC)cc2)cc1,0.0769,ok
COC(=O)C1=Cc2cc(OC)cc(OC)c2C(=O)C1=O,0.1204,ok
N#CC1=CC(=O)C(=O)c2ccccc21,0.0001,ok
O=C1C(=O)c2ccccc2C(C=C(c2ccccc2)c2ccccc2)=C1Br,0.0888,ok
O=C1C(=O)c2ccccc2C(C=C(c2ccc(Cl)cc2)c2ccc(Cl)cc2)=C1Cl,0.0704,ok
CC1(CC=CC2=C(O)c3ccccc3C(=O)C2=O)OCCO1,0.095,ok
CC(O)C1=Cc2ccc3c(c2C(=O)C1=O)CCCC3(C)C,0.0897,ok
CCOC(=O)C1=Cc2c(OCc3ccccc3)ccc(OCc3ccccc3)c2C(=O)C1=O,0.1281,ok
COc1cc(Br)c(C2=C(O)c3cc(OC)c(OC)cc3C(=O)C2=O)cc1OC,0.0221,ok
COC(=O)C1=CC(=O)C(=O)C(OC)=C1,0.0211,ok
O=C1C(=O)c2ccccc2C2=C1CC(Sc1ccccc1)O2,0.0062,ok
CC1=C(C)C2=C(CCC(C)(CCCC(C)CCCC(C)CCCC(C)C)O2)C(=O)C1=O,0.0076,ok
CC(C)C1=C(O)C2=C(CC3=CCCC(C)(C)C3CC2)C(=O)C1=O,0.1157,ok
COc1ccc2c(c1)C(=O)C(=O)c1c(C)ccnc1-2,0.0574,ok
COc1cccc2c(O)c3c(=O)c(=O)c4cccc5c(=O)oc(c12)c3c54,0.0,ok
COc1cc(C)cc(NC(=O)OC(C)(C)C)c1C1=C(O)c2cccc(OC)c2C(=O)C1=O,0.11,ok
CC1(C2=CC(=O)C(=O)C=C2)OCCO1,0.0047,ok
CCC1=C(O)c2c(OC)c(C)c(OC)c(OC)c2C(=O)C1=O,0.0887,ok
COC1=C(C(c2ccccc2)c2ccccc2)C=C(C(c2ccccc2)c2ccccc2)C(=O)C1=O,0.1108,ok
CCCCCCc1cc2ccc3cc(CCCCCC)cc4c(=O)c(=O)c(c1)c2c34,0.0005,ok
CCC1=C(O)c2c(O)c(N=[N+]=[N-])c(Cl)c(O)c2C(=O)C1=O,0.0051,ok
Cc1ccc(S(=O)(=O)n2cc(C)c3c2C(=O)C(=O)C=C3SCc2ccccc2)cc1,0.0173,ok
Cc1ccc(C(=CC2=C(Cl)C(=O)C(=O)c3ccccc32)c2ccc(C)cc2)cc1,0.0738,ok
CC(C)(C)OC(=O)n1c(C2=C(O)c3ccccc3C(=O)C2=O)cc2ccccc21,0.0575,ok
CCC1=C(O)c2c(O)c(CC)c(O)c(O)c2C(=O)C1=O,0.0833,ok
O=C1C(=O)c2ccccc2C(O)=C1c1cn(S(=O)(=O)c2ccccc2)c2ccccc12,0.0186,ok
O=C1C=C(Nc2ccccc2)c2c(O)cccc2C1=O,0.0349,ok
CCC1=C(O)c2c(O)c(O)c(CC)c(O)c2C(=O)C1=O,0.0053,ok
Cc1cc(C)c(NC2=CC(=O)C(=O)c3cccc(O)c32)c(C)c1,0.0309,ok
CCOC(=O)c1c(C)oc2c1C(=O)C(=O)C(Cl)=C2,0.029,ok
CC(C)(C)CC1=C(O)C(C2=CC(=O)C(=O)C(CC(C)(C)C)=C2O)=CC(=O)C1=O,0.0137,ok
COC1=CC(=O)C(=O)C(OC)=C1,0.0,ok
CCOC(=O)c1c(-c2ccccc2)oc2c1C(=O)C(=O)C(Br)=C2,0.0247,ok
CCOC(=O)c1c(C)oc2c1C(=O)C(=O)C(Cl)=C2Cl,0.0364,ok
CC(=O)C1=CC(=O)C(=O)c2ccccc21,0.008,ok
O=C1C(=O)c2cc(Cl)cnc2-c2ncc(Cl)cc21,0.0,ok
O=C1C=Cc2c(cccc2-c2ccccc2)C1=O,0.0,ok
CC(C)(C)C1=CC(Br)=C(Br)C(=O)C1=O,0.0973,ok
CC(=O)Nc1ccc(NC2=CC(=O)C(=O)c3ccccc32)cc1,0.0545,ok
Nc1ccc(NC2=CC(=O)C(=O)c3ccccc32)cc1,0.0512,ok
CC1=C(O)c2ccc(C(=O)O)cc2C(=O)C1=O,0.066,ok
CN(C)c1ccc(NC2=CC(=O)C(=O)c3ccccc32)cc1,0.0497,ok
c1ccc(-c2oc3c(ccc4c(-c5ccccc5)c(-c5ccccc5)oc43)c2-c2ccccc2)cc1,,no_quinone_ring_found
O=c1c(=O)c2cccc3c4ccccc4c4cccc1c4c23,0.0,ok
CC(C)(C)C1=CC(=O)C(=O)C(Br)=C1,0.0,ok
O=C(Cl)c1cccc2c1OS(=O)O2,,no_quinone_ring_found
C=CCC1=C(OC)C(=O)C(=O)c2ccccc21,0.0567,ok
C=C(C)CC1=C(Cl)C(=O)C(=O)c2ccccc21,0.0808,ok
COC(=O)c1cccc2c1C(=O)C(=O)c1c(C(=O)OC)cccc1-2,0.14,ok
COc1cc2c(c(OC)c1OC)-c1ccccc1C(=O)C2=O,0.1075,ok
Cc1cc(C)c2c(c1)C(=O)C(=O)c1c(Br)cccc1-2,0.1716,ok
COc1c(Br)c2c(c(OC)c1OC)-c1cc3c(cc1C(=O)C2=O)OCO3,0.1636,ok
COc1cc2c(c(OC)c1OC)-c1c(OC)c(OC)c(OC)c(Br)c1C(=O)C2=O,0.1907,ok
O=C1C(=O)c2c(Br)cc3c(c2-c2cc(Br)ccc21)OCO3,0.1428,ok
Cc1cc(C)c2c(c1)C(=O)C(=O)c1ccc(Br)cc1-2,0.1331,ok
COc1c(Br)c2c(c(OC)c1OC)-c1cc(C#N)ccc1C(=O)C2=O,0.1639,ok
CC1=C(C)C(=O)C(=O)C(Br)=C1,0.0047,ok
COc1ccc(OC)c(C2=CC(=O)C(=O)c3ccccc32)c1,0.0024,ok
O=C1C(=O)c2c(Cl)c(Cl)c(Cl)c(Cl)c2-c2c(Cl)c(Cl)c(Cl)c(Cl)c21,0.2258,ok
O=c1c2ss[nH]c=2c2ccccc2c1=O,0.0509,ok
CC1=CC2=C(OCO2)C(=O)C1=O,0.0,ok
CCOC(=O)c1c2c(n(C)c1C)-c1ccccc1C(=O)C2=O,0.0337,ok
CC1=CC(=O)C(=O)C(C(C)(C)C)=C1,0.0,ok
COC(=O)C1=CC(C)=CC(=O)C1=O,0.0431,ok
O=C1C=C(N2CCCCC2)c2cc(N3CCCCC3)[nH]c(=O)c2C1=O,0.1059,ok
COc1ccc(OC)c2c1C=C(C)C(=O)C2=O,0.0799,ok
CC(=O)c1c(C)[nH]c2c1-c1ccccc1C(=O)C2=O,0.0345,ok
CCOC(=O)c1c2c(n(C)c1C)C(Cl)=C(Cl)C(=O)C2=O,0.066,ok
CC(=O)CC(C1=C(O)c2ccccc2C(=O)C1=O)c1ccccc1,0.0833,ok
C=CCC1=C(Cl)C(=O)C(=O)c2ccccc21,0.0485,ok
COc1cc(C)c(OC)c2c1C(=O)C(=O)C=C2,0.0682,ok
O=C1C(=O)c2ccc(Br)cc2C(O)=C1Br,0.0827,ok
O=C1C(=O)c2ccccc2C(O)=C1NCc1ccco1,0.0528,ok
CCOC1=C(Cl)C(=O)C(=O)C(N=[N+]=[N-])=C1C#Cc1ccccc1,0.0706,ok
CCOC1=C(Cl)C(=O)C(=O)C(N=[N+]=[N-])=C1C=Cc1ccccc1,0.0287,ok
COc1cccc2c1C(=O)C(=O)C(C)=C2,0.0816,ok
CCCOC1=CC(=O)C(=O)c2ccccc21,0.0005,ok
C=CCC1=CC(=O)C(=O)c2ccccc21,0.0079,ok
O=C(O)CCC1=CC(=O)C(=O)C=C1,0.0,ok
O=C1C=Cc2nsnc2C1=O,0.0,ok
O=C1C=C(Sc2ccccc2[N+](=O)[O-])c2ccccc2C1=O,0.0703,ok
COC1=CC=C(OC)C(=O)C1=O,0.0573,ok
C=CCC1=C(OCC)C(=O)C(=O)c2ccccc21,0.0754,ok
CC(C)c1ccc2c(c1)-c1cc(C(C)C)ccc1C(=O)C2=O,0.0501,ok
CC1(C)CCC(C)(C)C2=C(Cl)C(=O)C(=O)C(Cl)=C21,0.2019,ok
CC(=O)OC(C)(C)C1=Cc2c(C)ccc(C)c2C(=O)C1=O,0.1149,ok
O=C(O)c1ccc2c(n1)C(=O)C(=O)c1cc(C(=O)O)[nH]c1-2,0.0,ok
COC(=O)c1cc2c([nH]1)-c1cccnc1C(=O)C2=O,0.0,ok
CC(C)(C)C1=CC(C(c2ccccc2)(c2ccccc2)c2ccccc2)=CC(=O)C1=O,0.0659,ok
O=C1C(=O)c2nsnc2C(Cl)=C1Cl,0.0,ok
COC1=CC(=O)C(=O)C=C1OC(c1ccccc1)c1ccccc1,0.0143,ok
O=C1C=C(Cl)c2nsnc2C1=O,0.0,ok
COC(=O)CC1=Cc2c(Br)c(OC)cc(OC)c2C(=O)C1=O,0.0861,ok
CC1=CC2=C(C(=O)C1=O)C(C)C(=O)CCC(=O)N2Cc1ccccc1,0.0918,ok
COC(=O)c1ccnc2c1C(=O)C(=O)c1ccccc1-2,0.0857,ok
O=C1C(=O)c2c(-c3ccccc3)oc(-c3ccccc3)c2C(O)=C1O,0.0095,ok
O=C1C(=O)c2cc(Cc3ccccc3)oc2C(Cl)=C1[N+](=O)[O-],0.0015,ok
O=C1C(=O)c2cc(Cc3ccccc3)oc2C(Br)=C1[N+](=O)[O-],0.0014,ok
CCC(=O)C1=Cc2ccccc2C(=O)C1=O,0.0368,ok
CC(=O)OCCC1=Cc2c(-c3ccccc3N=[N+]=[N-])ccnc2C(=O)C1=O,0.0622,ok
CCCC(=O)C1=Cc2ccccc2C(=O)C1=O,0.0397,ok
CCCCC(=O)C1=Cc2ccccc2C(=O)C1=O,0.0345,ok
CC(N)(CC1=CC(=O)C(=O)C=C1)C(=O)O,0.0144,ok
CC(C)=CCCC(C)C1=C(O)C(C)=CC(=O)C1=O,0.0393,ok
CCSC1=CC(=O)C(=O)c2ccccc21,0.014,ok
O=C1C=C(Sc2ccc(Cl)cc2)c2ccccc2C1=O,0.0231,ok
CCCCSC1=CC(=O)C(=O)c2ccccc21,0.029,ok
O=C1C=C(Oc2ccccc2)C(Oc2ccccc2)=CC1=O,0.0088,ok
COC(=O)C1=CC(=O)C(=O)C=C1,0.0,ok
COC(=O)CC1=Cc2cc(OC)cc(OC)c2C(=O)C1=O,0.07,ok
CC1=C(Oc2cc(C)ccc2C)C(Oc2cc(C)ccc2C)=C(C)C(=O)C1=O,0.0405,ok
CN(C)c1ccc2[nH]c3cc(Nc4ccc(S(=O)(=O)O)cc4)c(=O)c(=O)c=3oc2c1,0.0186,ok
O=C1C=C(O)c2ncccc2C1=O,0.0,ok
COc1ccc(C)c2c1C=C(C)C(=O)C2=O,0.0654,ok
Cc1c[nH]c2c1C=CC(=O)C2=O,0.0,ok
C=CCC1=CC(=O)C(=O)c2cccc(OC)c21,0.0368,ok
COC1=C(C(C)(C)C)C=C(C(C)(C)C)C(=O)C1=O,0.1288,ok
CC1=C(C2=C(C)C(=O)C(=O)C(C(C)(C)C)=C2)C=C(C(C)(C)C)C(=O)C1=O,0.0692,ok
CC(C)(C)C1=CC(C(C#N)C#N)=C(C(C)(C)C)C(=O)C1=O,0.1617,ok
CCc1ccc2c(c1)C(=O)C(=O)C=C2,0.0003,ok
COc1cc(C2=C(O)c3ccccc3C(=O)C2=O)c(OC)c2c(OC)cccc12,0.0242,ok
CC(C)(C)C1=C2OCCN(CCO)C2=C(C(C)(C)C)C(=O)C1=O,0.2001,ok
CCN(CC)c1ccc(NC2=CC(=O)C(=O)C=C2C(C)(C)C)cc1,0.0587,ok
CCC1=C(O)c2c(O)c(O)c(Cl)c(O)c2C(=O)C1=O,0.082,ok
CCC1=C(O)c2c(O)c(Cl)c(O)c(O)c2C(=O)C1=O,0.0067,ok
Cc1cc(=O)oc2c1C=CC(=O)C2=O,0.0,ok
Cc1cc2c(o1)C(=O)C(=O)c1ccc(Br)cc1-2,0.0,ok
CC1=C(CO)C2=C(CCC(C)(C)O2)C(=O)C1=O,0.018,ok
COC1=CC(C2(C)OCCO2)=CC(=O)C1=O,0.0285,ok
CC(C)(C)C1=CC(Cc2ccccc2)=C(C(C)(C)C)C(=O)C1=O,0.1594,ok
Cc1c[nH]c2c1C(N(C)Cc1ccccc1)=CC(=O)C2=O,0.0192,ok
O=C1C=c2nccnc2=C([N+](=O)[O-])C1=O,0.0,ok
COc1c(C(C)=O)c(C)cc2c1C(=O)C(=O)C=C2O,0.0902,ok
CCCCc1cc2c(c(O)c1OC)C(=O)C(=O)C=C2O,0.1028,ok
Cc1cc(=O)[nH]c2c1C(=O)C(=O)C=C2N1CCOCC1,0.0104,ok
CCOC(=O)c1cc2c([nH]1)C=CC(=O)C2=O,0.0,ok
COC(=O)c1cc2c(c(OC)c1)C(=O)C(=O)C(OC)=C2,0.1117,ok
Cc1c(-c2ccccc2)oc2c1C(=O)C(=O)c1ccccc1-2,0.0027,ok
COc1ccc(CCN(C)C)c(C2=Cc3[nH]cc(CCNC(=O)OC(C)(C)C)c3C(=O)C2=O)c1OC,0.0052,ok
CC(C)=CCCC(C)=CCC1=C(O)c2c(O)cc(O)cc2C(=O)C1=O,0.0632,ok
CC(=O)c1ccc(N=NN(C)C(=O)NCCC2=CC(=O)C(=O)C=C2)cc1,0.0067,ok
CN(N=Nc1ccc(C#N)cc1)C(=O)NCCC1=CC(=O)C(=O)C=C1,0.006,ok
CCOC(=O)c1ccc(N=NN(C)C(=O)NCCC2=CC(=O)C(=O)C=C2)cc1,0.0037,ok
COc1c(C)c(OC)c(OC)c2c1C=CC(=O)C2=O,0.0591,ok
O=C1C(=O)c2ccccc2C(O)=C1C1CCCCC1[N+](=O)[O-],0.0735,ok
COc1c(C)c(OC)c2c(c1OC)C(=O)C(=O)C=C2O,0.1049,ok
COC(=O)C(OC)C1=CC(=O)C(=O)C(C)=C1O,0.0041,ok
CCC1=Cc2c(C)cccc2C(=O)C1=O,0.0132,ok
CC1=CC(=O)C(=O)c2cc(C)c(C)cc21,0.0,ok
Cc1ccc(C)c2c1C(=O)C(=O)C=C2O,0.1019,ok
NCC1=C(O)c2ccccc2C(=O)C1=O,0.063,ok
O=C1C(=O)c2ccccc2C(O)=C1c1ccsc1,0.1097,ok
O=C1C=C(c2c3ccccc3c(O)c3ccccc23)c2ccccc2C1=O,0.0012,ok
O=C1C=C(C2=C(O)c3ccccc3C2=O)c2ccccc2C1=O,0.0214,ok
CCOC(=O)C(=O)CC(C1=C(O)c2ccccc2C(=O)C1=O)c1ccccc1,0.0798,ok
COc1ccc(-c2c3c(nc4c2c(C)nn4-c2ccccc2)-c2ccccc2C(=O)C3=O)cc1,0.1053,ok
C=CCn1c2c(c3ccccc31)C(O)=C(C(=O)OCC)C(=O)C2=O,0.0692,ok
CCOC(=O)C1=C(O)c2c(ccn2C)C(=O)C1=O,0.039,ok
CCc1c(O)c(O)c2c(c1O)C(=O)C(=O)C([N+](=O)[O-])=C2O,0.0829,ok
CCOc1c(O)c2c(c(O)c1CC)C(=O)C(=O)C([N+](=O)[O-])=C2O,0.0032,ok
C=CCC1=CC(=O)C(=O)C=C1,0.0026,ok
C=CCC1=C(C)C(=O)C(=O)c2ccccc21,0.0514,ok
CC1=CC=C(C(C)(C)C)C(=O)C1=O,0.0,ok
O=C1C(=O)c2ccccc2C(O)=C1c1ccco1,0.0978,ok
O=c1c([N+](=O)[O-])c2ccc3cccc4ccc(c1=O)c2c34,0.0,ok
Nc1c(O)cc(O)c2c1C(=O)C(=O)C=C2O,0.0125,ok
CC(CCCN)NC1=CC(=O)C(=O)c2cccnc21,0.0041,ok
CC(=O)c1cccc2oc3cc(=O)c(=O)cc-3[nH]c12,0.0,ok
O=C1C=C(O)c2[nH]ccc(=O)c2C1=O,0.0902,ok
O=C1C(=O)c2ccccc2C(O)=C1C(C1=C(O)c2ccccc2C(=O)C1=O)c1ccccc1Cl,0.1152,ok
Cc1cc(C)c2c(c1)-c1cc(C)cc(C)c1C(=O)C2=O,0.1444,ok
O=C1C(=O)c2c(O)cccc2C=C1Cl,0.0851,ok
O=C1C(=O)c2c(O)cccc2C=C1Br,0.093,ok
C=C(C)CC1=C(O)c2ccccc2C(=O)C1=O,0.0905,ok
CCc1c(O)c(O)c2c(c1O)C(=O)C(=O)C=C2O,0.0011,ok
CCOC(=O)C1=CC(=O)C(=O)C=C1,0.0001,ok
O=C1C=C(c2cccc(Cl)c2O)C=C(Cl)C1=O,0.0033,ok
CC(=O)c1c2[nH]c3ccccc3oc-2cc(=O)c1=O,0.0443,ok
CC(C)(C)C1=CC([N+](=O)[O-])=C(C(C)(C)C)C(=O)C1=O,0.1427,ok
CCC1=CC(=O)C(=O)C=C1OC,0.0,ok
CC(C)(C)C1=CC(C#N)=C(C(C)(C)C)C(=O)C1=O,0.1431,ok
COc1ccc2c(c1)C(O)=C(Cl)C(=O)C2=O,0.0,ok
COc1ccc2c(c1)C(O)=C(Br)C(=O)C2=O,0.0,ok
O=C1C(=O)c2cnsc2C(Cl)=C1Cl,0.0,ok
O=C1C=CC(OCc2ccccc2)=CC1=O,0.0,ok
NCCc1c[nH]c2c1C(=O)C(=O)C=C2C1=CC(=O)C(=O)c2c(CCN)c[nH]c21,0.0045,ok
O=C(O)COc1cccc2c1C=CC(=O)C2=O,0.0,ok
COc1cccc2c1C(=O)C(=O)c1cc(C)oc1-2,0.0,ok
O=C1C=C(Br)c2oc(-c3ccccc3)c(Br)c2C1=O,0.0,ok
CNC(=S)NCCC1=CC(=O)C(=O)C=C1,0.0041,ok
Cc1ccc2c(c1)C(Cl)=CC(=O)C2=O,0.0008,ok
CCC1=Cc2cc(OC)ccc2C(=O)C1=O,0.0099,ok
CCCCN(CCCC)c1ccc2c3c([nH]c2c1)C(=O)C(=O)c1ccccc1-3,0.0042,ok
CC(C)=CCC1=Cc2ccccc2C(=O)C1=O,0.0132,ok
Cc1oc2c(c1C)C(=O)C(=O)c1ccccc1-2,0.0,ok
[N-]=[N+]=Nc1c(O)c2c(c(O)c1Cl)C(=O)C(=O)C=C2O,0.0013,ok
COC(=O)C1CCCN1C1=CC(=O)C(=O)C=C1C,0.081,ok
Cc1c2c(c3cc4ccccc4cc3c1C)C=CC(=O)C2=O,0.107,ok
O=C1C=CC2=C(C1=O)C1(C(=O)N2)c2ccccc2Oc2ccccc21,0.0,ok
O=C1C=CC=C(N=Nc2ccccc2)C1=O,0.005,ok
CCCCCCCCCCCCCCCCCSc1ccc2c(n1)C(O)=CC(=O)C2=O,0.0014,ok
CCCC1CCOC2=C1C(=O)C(=O)c1ccccc12,0.0301,ok
O=C1C(=O)c2c(oc(-c3ccccc3)cc2=O)C=C1OOC1OC(C(=O)O)C(O)C(O)C1O,0.0714,ok
Cc1ccc2c(c1)C(=O)C(=O)c1cc3c(N)cccc3cc1-2,0.0564,ok
COc1c2ooc2c2c(=O)oc3c4c(c(=O)oc1c42)=CC12CC31OOO2,0.0021,ok
O=C1C(=O)c2cc(-c3cccs3)ccc2-c2ccc(-c3cccs3)cc21,0.0,ok
O=C1C=Cc2sc(=O)[nH]c2C1=O,0.0,ok
O=CC1=C(C2(c3ccccc3)C(=O)c3ccccc3C2=O)C=CC(=O)C1=O,,no_quinone_ring_found
O=C1C=Cc2c(nc3ccccn23)C1=O,0.0,ok
Cc1c(C)c2ooc2c2cc3ccccc3cc12,,no_quinone_ring_found
O=C1C(=O)c2c([nH]cc(O)c2=O)-c2ncccc21,0.0386,ok
CC1=Cc2cccc(O)c2C(=O)C1=O,0.0,ok
O=C1C=CC(C=CC(=O)c2c(O)ccc(O)c2C(=O)C=Cc2ccc(O)c(O)c2)=CC1=O,0.0174,ok
CCOC(=O)C1=Cc2c(OC)ccc(OC)c2C(=O)C1=O,0.1263,ok
COc1ccc(OC)c2c1C=C(CO)C(=O)C2=O,0.1012,ok
COC1=CC(=O)C(=O)C(c2ccccc2)=C1OC,0.0189,ok
COc1ccc2c(c1)C(=O)C(=O)C(c1ccccc1Br)=C2,0.0113,ok
O=c1cc2c3cccc4cc5cccc6c7cccc8cc(c1=O)c2c(c87)c(c56)c43,0.0,ok
COc1c(O)c2c(c(O)c1Cl)C(O)=CC(=O)C2=O,0.0035,ok
COc1c(O)c2c(c(O)c1Cl)C(=O)C(=O)C=C2O,0.0064,ok
COC(=O)C(CCCCNC1=CC(=O)C(=O)c2ccccc21)NC(C)=O,0.0611,ok
COC(=O)C(Cc1cn(C2=CC(=O)C(=O)c3ccccc32)cn1)NCc1ccccc1,0.1146,ok
C=CCOc1cccc2c1C(=O)C(=O)C1=C2OC(C)C1,0.041,ok
COc1cc(CO)cc2c1-c1c(c(OC)c3c(OC)cccc3c1OC)C(=O)C2=O,0.1777,ok
CC1C=Cc2c(O)c3c(c(O)c2O1)C(=O)C(=O)C=C3O,0.0091,ok
O=C1C=C(O)C(C=Cc2cc(O)cc(=O)o2)=CC1=O,0.0166,ok
O=c1oc2c3ccccc3c(O)c3c(=O)c(=O)c4cccc1c4c32,0.0,ok
O=C1C(=O)c2ccccc2C(O)=C1C1CCCCC1=O,0.0627,ok
CC1=C(O)C(=O)C(=O)C(C)=C1O,0.0,ok
COC1=C(C(c2ccc(C)cc2)c2ccc(C)cc2)C=C(C(c2ccc(C)cc2)c2ccc(C)cc2)C(=O)C1=O,0.1116,ok
O=c1cc2ccc3ccc(O)c4ccc(c1=O)c2c34,0.0,ok
O=C1C(=O)c2ccccc2C(O)=C1C1=C(N2CCOCC2)CCCC1,0.0507,ok
O=C1C(=O)c2ccccc2C(O)=C1C(C1=C(O)c2ccccc2C(=O)C1=O)c1ccc(Br)cc1,0.0515,ok
Cc1ccc(C(C2=C(O)c3ccccc3C(=O)C2=O)C2=C(O)c3ccccc3C(=O)C2=O)cc1,0.0293,ok
COc1cccc(C(C2=C(O)c3ccccc3C(=O)C2=O)C2=C(O)c3ccccc3C(=O)C2=O)c1,0.0227,ok
COc1cc(OC)c(C2=C(O)c3ccccc3C(=O)C2=O)c(OC)c1,0.0657,ok
COc1ccc(OC)c(C2=C(O)c3ccccc3C(=O)C2=O)c1,0.0651,ok
O=C1C(=O)c2ccccc2C(O)=C1c1c2ccccc2cc2ccccc12,0.0809,ok
COC1=C(C)C(=O)C(=O)c2c1ccnc2COC(=O)c1ccccc1,0.0654,ok
COC(=O)c1cc(C(=O)OC)c2c(n1)C(=O)C(=O)c1[nH]cnc1-2,0.0092,ok
O=C(O)c1cccc2oc3cncc(n3)oc3c(C(=O)O)cccc3oc3cncc(n3)oc12,,no_quinone_ring_found
NC(=NCCC1=CC(=O)C(=O)C=C1)C(Cl)(Cl)Cl,0.0052,ok
COC(=O)c1cc(C(=O)OC)c2c(n1)C(=O)C(=O)c1[nH]c(C(=O)OC)nc1-2,0.0049,ok
c1ccc2oc3cncc(n3)oc3ccccc3oc3cncc(n3)oc2c1,,no_quinone_ring_found
COc1cc2c(cc1OC)C1(C)C3=CC(=O)C(=O)C=C3C2(C)C2=CC(=O)C(=O)C=C21,0.0003,ok
COc1cc2c(cc1OC)C1(C)C3=CC(=O)C(=O)C=C3C2(C)c2cc(OC)c(OC)cc21,0.0,ok
CC1=C(CSC(=S)NCc2ccncc2)C(=O)c2ccccc2C1=O,0.0155,ok
CC(C)(C)C1=C2SC(=C3SC4=C(C(C)(C)C)C(=O)C(=O)C(C(C)(C)C)=C4S3)SC2=C(C(C)(C)C)C(=O)C1=O,0.191,ok
CCN(CC)C(=S)SCC1=C(C)C(=O)c2ccccc2C1=O,0.0208,ok
O=C1C=C(CSC(=S)N2CCCCC2)C(=O)c2ccccc21,0.0183,ok
CC1=C(CSC(=S)N2CC(C)OC(C)C2)C(=O)c2ccccc2C1=O,0.0279,ok
CC1=C(CSC(=S)N2CCSCC2)C(=O)c2ccccc2C1=O,0.0305,ok
CC1=C(CSC(=S)NCc2cccnc2)C(=O)c2ccccc2C1=O,0.0173,ok
CC1=C(CSC(=S)N2CCCC2)C(=O)c2ccccc2C1=O,0.016,ok
NC(=O)COC1=CC(=O)c2c(O)cccc2C1=O,0.0041,ok
CC1=C(CSC(=S)N2CCOCC2)C(=O)c2ccccc2C1=O,0.0203,ok
CN(C)C(=O)COC1=CC(=O)c2c(O)cccc2C1=O,0.0012,ok
NC1CCN(C(=O)c2coc3c2C(=O)c2c(c(O)c4ccccc4c2O)C3=O)C1,0.0042,ok
COC(=O)c1c2c(n3ccccc13)C(=O)c1cccc(O)c1C2=O,0.0226,ok
O=C1c2ccccc2C(=O)c2sc(-c3cscn3)nc21,0.0,ok
N#Cc1ccc(-c2nc3c([nH]2)C(=O)c2ccccc2C3=O)cc1,0.0,ok
O=C1c2ccccc2C(=O)c2[nH]c(-c3cc[nH]c3)nc21,0.0,ok
O=C1c2ccccc2C(=O)c2c1nnn2-c1ccc2ccncc2c1,0.0248,ok
N#Cc1ccc(-n2nnc3c2C(=O)c2ccccc2C3=O)cc1,0.0245,ok
O=C1c2cc(F)ccc2C(=O)c2c1nnn2-c1ccc(F)c(Cl)c1,0.0235,ok
O=C1c2ccccc2C(=O)c2c1nnn2-c1cnc(Cl)c(Cl)c1,0.0232,ok
O=C1c2cc(O)ccc2C(=O)c2c1nnn2-c1ccc(F)c(Cl)c1,0.0241,ok
NS(=O)(=O)c1ccc(-n2nnc3c2C(=O)c2ccccc2C3=O)cc1,0.026,ok
Cc1[nH]c2c(c1C(=O)N1CCC(N)C1)C(=O)c1c(c(O)c3ccccc3c1O)C2=O,0.0024,ok
O=C(NCCN1CCOCC1)c1cc2c(o1)C(=O)c1ccccc1C2=O,0.001,ok
CCN1CCN(C(=O)c2cc3c(o2)C(=O)c2ccccc2C3=O)CC1,0.0035,ok
O=C1C=C(n2cc(CCCCl)nn2)C(=O)c2c(O)cccc21,0.0027,ok
COCCCOc1cccc2c1C(=O)c1c(OCCCOC)cc(NC(=O)CCl)cc1C2=O,0.082,ok
O=C1c2ccccc2C(=O)c2oc(C(=O)N3CCCCC3)cc21,0.0032,ok
CC1=C(CCc2nnnn2CCCC#N)C(=O)c2ccccc2C1=O,0.0205,ok
O=C1c2ccccc2C(=O)c2oc(C(=O)N3CCOCC3)cc21,0.004,ok
O=C1c2ccccc2C(=O)c2oc(C(=O)N3CCCC3)cc21,0.001,ok
CC(C)=CCC(OC(=O)C=CC(=O)c1ccc(Cl)cc1)C1=CC(=O)c2c(O)ccc(O)c2C1=O,0.0136,ok
CCCCc1cn(C2=CC(=O)c3cccc(O)c3C2=O)nn1,0.0,ok
O=C1C2=C(SC3OCC(O)C(O)C3O2)C(=O)c2ccccc21,0.0037,ok
CC(C)=CCC(OC(=O)C=CC(=O)c1cc(F)ccc1C)C1=CC(=O)c2c(O)ccc(O)c2C1=O,0.0094,ok
CCOc1cc(NC(=O)CCl)cc2c1C(=O)c1c(O)cccc1C2=O,0.0004,ok
O=C(NCc1cccc(F)c1)c1cc2c(o1)C(=O)c1ccccc1C2=O,0.0006,ok
CN1CCN(C(=O)c2cc3c(o2)C(=O)c2ccccc2C3=O)CC1,0.0035,ok
O=C1C(Cl)=C(Nc2nc(-c3ccc([N+](=O)[O-])cc3)cs2)C(=O)c2ccccc21,0.025,ok
O=C1CCN(C(=O)c2cc3c(o2)C(=O)c2ccccc2C3=O)CC1,0.2801,ok
CC(C)=CCC(OC(=O)C=CC(=O)c1ccc(F)cc1)C1=CC(=O)c2c(O)ccc(O)c2C1=O,0.0136,ok
Cn1cccc1C=CC(=O)c1cc2c(o1)C(=O)c1ccccc1C2=O,0.0018,ok
CC1=C(CCc2nnnn2CCCCCC#N)C(=O)c2ccccc2C1=O,0.0462,ok
CCCCNC(=O)Oc1ccc2c(=O)c3sc4c(=O)c5ccccc5c(=O)c4c3c(=O)c2c1,0.0333,ok
O=C(NCCc1cccc(F)c1)c1cc2c(o1)C(=O)c1ccccc1C2=O,0.0006,ok
CC(C)=CCC(OC(=O)C=CC(=O)c1ccc(C)cc1Cl)C1=CC(=O)c2c(O)ccc(O)c2C1=O,0.0049,ok
CC(C)=CCC(OC(=O)C=CC(=O)c1cc(C)ccc1C)C1=CC(=O)c2c(O)ccc(O)c2C1=O,0.002,ok
CC(C)=CCC(OC(=O)C=CC(=O)c1ccc(Br)cc1)C1=CC(=O)c2c(O)ccc(O)c2C1=O,0.0135,ok
CCc1ccc(C(=O)C=CC(=O)OC(CC=C(C)C)C2=CC(=O)c3c(O)ccc(O)c3C2=O)cc1,0.0083,ok
O=C(NC1CCNC1)c1cc2c(o1)C(=O)c1c(c(O)c3ccccc3c1O)C2=O,0.0007,ok
CC(C)=CCC(OC(=O)C=CC(=O)c1ccc(C)cc1)C1=CC(=O)c2c(O)ccc(O)c2C1=O,0.0592,ok
CC1=C(CCc2nnnn2CCCCC#N)C(=O)c2ccccc2C1=O,0.0047,ok
CC(C)=CCC(OC(=O)C=CC(=O)c1ccc(C)cc1F)C1=CC(=O)c2c(O)ccc(O)c2C1=O,0.0034,ok
CCCCCCSc1c(O)c2c(c(O)c1SCCCCCC)C(=O)C1=C(CC(C)(O)C(O)C1O)C2=O,0.0228,ok
COCCOc1cccc2c1C(=O)c1c(OCCOC)cc(NC(=O)CCl)cc1C2=O,0.0833,ok
CC(C)=CCC(OC(=O)C=CC(=O)c1ccc(C)c(Br)c1)C1=CC(=O)c2c(O)ccc(O)c2C1=O,0.0026,ok
CC(C)=CCC(OC(=O)C=CC(=O)c1cc(Cl)ccc1C)C1=CC(=O)c2c(O)ccc(O)c2C1=O,0.0039,ok
CC(C)=CCC(OC(=O)C=CC(=O)c1ccc(C)c(F)c1)C1=CC(=O)c2c(O)ccc(O)c2C1=O,0.0179,ok
O=C(NCCN1CCCC1)c1cc2c(o1)C(=O)c1ccccc1C2=O,0.0007,ok
CC(C)=CCC(OC(=O)C=CC(=O)c1ccc(C)c(C)c1)C1=CC(=O)c2c(O)ccc(O)c2C1=O,0.0086,ok
NC1CCN(C(=O)c2cc3c(o2)C(=O)c2c(c(O)c4ccccc4c2O)C3=O)C1,0.0017,ok
CC(C)=CCC(OC(=O)C=CC(=O)c1ccc(C)cc1C)C1=CC(=O)c2c(O)ccc(O)c2C1=O,0.0124,ok
COC(=O)Cc1cccc(-c2c(F)cc(-n3nnc4c3C(=O)c3ccccc3C4=O)cc2F)c1,0.0248,ok
COc1cc(-n2nnc3c2C(=O)c2ccccc2C3=O)ccc1-c1ccccc1,0.0258,ok
O=C1c2ccccc2C(=O)c2c1nnn2-c1ccc(-c2ccccc2F)cc1,0.0241,ok
O=C1c2cc(F)ccc2C(=O)c2c1nnn2-c1cc(F)c(-c2ccccc2F)c(F)c1,0.0256,ok
CC(C)c1ccc(-n2nnc3c2C(=O)c2ccccc2C3=O)cc1,0.0257,ok
CC(C)c1ccc(-c2c(F)cc(-n3nnc4c3C(=O)c3ccccc3C4=O)cc2F)cc1,0.0254,ok
CCc1nsc2c1C(=O)c1c(O)cccc1C2=O,0.0005,ok
Nc1ccc(-c2ccc(-n3nnc4c3C(=O)c3ccccc3C4=O)cc2)cc1,0.0255,ok
COC(=O)C(O)C(C)(O)C12OC13c1cc(O)c4c(c1NC2C#CC=CC#CC3O)C(=O)c1cc(O)ccc1C4=O,0.0247,ok
O=C1c2ccccc2C(=O)c2c1nnn2-c1ccc(-c2ccccc2)cc1,0.0255,ok
Nc1ccccc1-c1ccc(-n2nnc3c2C(=O)c2ccccc2C3=O)cc1,0.0248,ok
O=C1c2ccccc2C(=O)c2c1nnn2-c1ccc(-c2cccnc2)cc1,0.025,ok
O=C1c2ccccc2C(=O)c2c1nnn2-c1ccc(Cl)nc1,0.0233,ok
O=C1c2ccccc2C(=O)c2c1nnn2-c1ccc(-c2cccc(O)c2)cc1,0.0258,ok
Nc1cccc(-c2ccc(-n3nnc4c3C(=O)c3ccccc3C4=O)cc2)c1,0.0252,ok
COC(=O)c1cccc(-c2ccc(-n3nnc4c3C(=O)c3ccccc3C4=O)cc2)c1,0.0258,ok
O=C1c2ccccc2C(=O)c2c1nnn2-c1ccc(-c2cccc(F)c2)cc1,0.0251,ok
CCc1nsc2c1C(=O)c1ccccc1C2=O,0.0006,ok
O=C1c2ccc(F)cc2C(=O)c2c1nnn2-c1cc(F)c(-c2ccccc2F)c(F)c1,0.0256,ok
O=C1c2ccccc2C(=O)c2c1nnn2-c1ccc(-c2ccccc2O)cc1,0.0258,ok
O=C1c2ccccc2C(=O)c2c1nnn2-c1cc(F)c(-c2cccc(F)c2)c(F)c1,0.025,ok
Cc1nsc2c1C(=O)c1c(O)cccc1C2=O,0.0,ok
O=C(O)c1cccc(-n2nnc3c2C(=O)c2ccccc2C3=O)c1,0.0242,ok
COCc1cccc(-c2c(F)cc(-n3nnc4c3C(=O)c3ccccc3C4=O)cc2F)c1,0.0248,ok
COc1cccc(-c2ccc(-n3nnc4c3C(=O)c3ccccc3C4=O)cc2)c1,0.0254,ok
O=C1c2ccccc2C(=O)c2c1nnn2-c1cccc([N+](=O)[O-])c1,0.0238,ok
Cc1c(C(=O)N2CCC(N)C2)c2c(n1C)C(=O)c1c(c(O)c3ccccc3c1O)C2=O,0.0031,ok
O=C1OCC2=C1C(c1ccc(C(F)(F)F)cc1)C1=C(N2)C(=O)c2ccccc2C1=O,,no_quinone_ring_found
Cc1[nH]c2c(c1C(=O)N1CCCC(N)C1)C(=O)c1c(c(O)c3ccccc3c1O)C2=O,0.0024,ok
COc1cccc(C2C3=C(COC3=O)NC3=C2C(=O)c2ccccc2C3=O)c1,,no_quinone_ring_found
COc1ccc(C2C3=C(COC3=O)NC3=C2C(=O)c2ccccc2C3=O)cc1,,no_quinone_ring_found
O=C1OCC2=C1C(c1ccc(F)cc1)C1=C(N2)C(=O)c2ccccc2C1=O,,no_quinone_ring_found
CC1=C(Nc2ccc(F)c(C(F)(F)F)c2)C(=O)c2ccccc2C1=O,0.0175,ok
O=C(CCCCC1SCC2NC(=O)NC21)NCCCCCCNC(=O)COC1=CC(=O)c2c(O)cccc2C1=O,,no_quinone_ring_found
O=C1OCC2=C1C(c1ccc3c(c1)C(=O)OC3)C1=C(N2)C(=O)c2ccccc2C1=O,,no_quinone_ring_found
CC(C)(C)OC(=O)NCCCCCCNC(=O)COC1=CC(=O)c2c(O)cccc2C1=O,0.0035,ok
O=C1c2ccccc2C(=O)c2c1nnn2-c1cccc(Cl)c1,0.0263,ok
O=C1c2ccc(O)cc2C(=O)c2c1nnn2-c1ccc(F)c(Cl)c1,0.025,ok
O=C1c2ccccc2C(=O)c2c1nnn2-c1ccc2nc[nH]c2c1,0.0224,ok
O=C1c2ccccc2C(=O)c2c1nnn2-c1cc(Cl)c(F)c(Cl)c1,0.0248,ok
O=C1c2ccccc2C(=O)c2c1nnn2-c1ccc(Cl)c(Cl)c1,0.0257,ok
Cc1cccc(-n2nnc3c2C(=O)c2ccccc2C3=O)c1,0.0259,ok
CSC1=C(Nc2ccc(F)c(C(F)(F)F)c2)C(=O)c2ccccc2C1=O,0.0266,ok
O=C1OCC2=C1C(c1ccccc1)C1=C(N2)C(=O)c2ccccc2C1=O,,no_quinone_ring_found
COC(=O)C1(C(=O)OC)Cc2c(c(-c3ccccc3)c3c(c2-c2ccccc2)C(=O)C=CC3=O)C1,0.0525,ok
COc1cc(C2C3=C(COC3=O)NC3=C2C(=O)c2ccccc2C3=O)ccc1O,,no_quinone_ring_found
O=C1c2ccccc2C(=O)c2c1nnn2-c1cccc(F)c1,0.0263,ok
CC(=O)Nc1cccc(-n2nnc3c2C(=O)c2ccccc2C3=O)c1,0.0264,ok
COC(=O)C1(C(=O)OC)Cc2c(c(-c3ccc(F)cc3)c3c(c2-c2ccc(F)cc2)C(=O)C=CC3=O)C1,0.0313,ok
CCOC(=O)c1c(-c2cc(O)c3c(c2)C(=O)c2cccc(O)c2C3=O)nn(-c2cccc(C)c2)c1C(=O)OCC,0.0099,ok
COC(=O)c1ccc(-n2nnc3c2C(=O)c2ccccc2C3=O)cc1,0.0256,ok
N#Cc1ccc(C2=CC(=O)c3ccccc3C2=O)cc1,0.0029,ok
COC(=O)c1c(-c2cc(O)c3c(c2)C(=O)c2cccc(O)c2C3=O)nn(-c2ccc(C)cc2)c1C(=O)OC,0.0014,ok
O=C1c2ccc(F)cc2C(=O)c2c1nnn2-c1ccc(F)c(Cl)c1,0.0237,ok
COC(=O)C1(C(=O)OC)Cc2c(c(-c3ccc(OC)cc3)c3c(c2-c2ccc(OC)cc2)C(=O)C=CC3=O)C1,0.0396,ok
O=C1c2ccccc2C(=O)c2c1cc(NS(=O)(=O)c1ccc(-c3ccc(Cl)cc3)cc1)c(O)c2O,0.0015,ok
O=C1OCC2=C1C(c1cccc([N+](=O)[O-])c1)C1=C(N2)C(=O)c2ccccc2C1=O,,no_quinone_ring_found
NC1CCN(C(=O)c2csc3c2C(=O)c2c(c(O)c4ccccc4c2O)C3=O)C1,0.0079,ok
O=C1c2ccccc2C(=O)c2c1nnn2-c1ccc2[nH]ncc2c1,0.0248,ok
NC1CCN(C(=O)c2csc3c2C(=O)c2c(c(O)c4ccccc4c2O)C3=O)CC1,0.0061,ok
O=C1C=C(c2cnc3ccccc3c2)C(=O)c2ccccc21,0.0041,ok
CC(C)(C)OC(=O)NCCNC(=O)COC1=CC(=O)c2c(O)cccc2C1=O,0.0065,ok
CC(C)(C)OC(=O)N1CCN(C(=O)COC2=CC(=O)c3c(O)cccc3C2=O)CC1,0.0013,ok
O=C1c2ccccc2C(=O)c2c1nnn2-c1ccc(-c2nn[nH]n2)cc1,0.0253,ok
Cc1c(C(=O)N2CCC(N)C2)c2c(n1Cc1ccccc1)C(=O)c1c(c(O)c3ccccc3c1O)C2=O,0.0103,ok
O=C1OCC2=C1C(c1ccccc1F)C1=C(N2)C(=O)c2ccccc2C1=O,,no_quinone_ring_found
O=C1c2ccccc2C(=O)c2c1nnn2-c1ccc(C(F)(F)F)c(Cl)c1,0.0239,ok
O=C(Nc1ccn(C2OC(CO)C(O)C2(F)F)c(=O)n1)c1ccc2c(c1)C(=O)c1ccccc1C2=O,0.0065,ok
NCCCCCCNC(=O)COC1=CC(=O)c2c(O)cccc2C1=O,0.0008,ok
COc1ccc2c(c1)C(=O)c1nnn(-c3ccc(F)c(Cl)c3)c1C2=O,0.0241,ok
NC1CCCN(C(=O)c2csc3c2C(=O)c2c(c(O)c4ccccc4c2O)C3=O)C1,0.0297,ok
O=C1OCC2=C1C(c1cccc(Br)c1)C1=C(N2)C(=O)c2ccccc2C1=O,,no_quinone_ring_found
CC(C)=CCC(OC(=O)c1cc2cccc(C(C)(C)C)c2o1)C1=CC(=O)c2c(O)ccc(O)c2C1=O,0.0019,ok
COc1ccc2cc(C(=O)OC(CC=C(C)C)C3=CC(=O)c4c(O)ccc(O)c4C3=O)oc2c1,0.0041,ok
O=C1OCC2=C1C(c1ccc(Br)cc1)C1=C(N2)C(=O)c2ccccc2C1=O,,no_quinone_ring_found
O=C1C=C(c2ccc(C(=O)N3CCCCC3)cc2)C(=O)c2ccccc21,0.0064,ok
Cc1[nH]c2c(c1C(=O)NC1CCNC1)C(=O)c1c(c(O)c3ccccc3c1O)C2=O,0.0213,ok
Cc1[nH]c2c(c1C(=O)NC1CCCNC1)C(=O)c1c(c(O)c3ccccc3c1O)C2=O,0.0002,ok
O=C1c2ccccc2C(=O)c2c1nnn2-c1ccc(Cl)c(F)c1,0.024,ok
COC1=C(Nc2ccc(F)c(C(F)(F)F)c2)C(=O)c2ccccc2C1=O,0.0196,ok
COc1cc(C)cc2c1C(=O)C(c1c(C)cc3c(OC)ccc(OC)c3c1OC)=CC2=O,0.0429,ok
O=C1C=C(c2cccc(OC(F)(F)F)c2)C(=O)c2ccccc21,0.0024,ok
Cc1[nH]c2c(c1C(=O)N1CCC(N)CC1)C(=O)c1c(c(O)c3ccccc3c1O)C2=O,0.0029,ok
O=C1c2ccccc2C(=O)c2c1nnn2-c1cccnc1,0.024,ok
Cc1[nH]c2c(c1C(=O)NC1CCNCC1)C(=O)c1c(c(O)c3ccccc3c1O)C2=O,0.0022,ok
NC1CCCN(C(=O)c2cc3c(s2)C(=O)c2c(c(O)c4ccccc4c2O)C3=O)C1,0.0021,ok
Cc1c(C(=O)N2CCC(N)C2)sc2c1C(=O)c1c(c(O)c3ccccc3c1O)C2=O,0.0027,ok
COc1cccc2c1C(=O)C1=C(C2=O)c2c(O)cc(C)cc2C(O)C1O,0.0724,ok
C#CCN(C)C1=C(Cl)C(=O)c2ccccc2C1=O,0.0113,ok
C#CCNC1=CC(=O)c2c(O)ccc(O)c2C1=O,0.0178,ok
NC1CCN(C(=O)c2cc3c(s2)C(=O)c2c(c(O)c4ccccc4c2O)C3=O)C1,0.0026,ok
O=C(NC1CCCNC1)c1cc2c(s1)C(=O)c1c(c(O)c3ccccc3c1O)C2=O,0.0224,ok
CCOC(=O)COc1cc(C)cc2c1C(=O)C=CC2=O,0.0066,ok
O=C(NC1CCNC1)c1cc2c(s1)C(=O)c1c(c(O)c3ccccc3c1O)C2=O,0.0015,ok
O=C(O)CNS(=O)(=O)c1cc2c(c(O)c1O)C(=O)c1ccccc1C2=O,0.0033,ok
CC(C)=CCC(OC(=O)C(C)C(F)(F)F)C1=CC(=O)c2c(O)ccc(O)c2C1=O,0.0111,ok
O=C(O)Cc1ccc(CNS(=O)(=O)c2cc3c(c(O)c2O)C(=O)c2ccccc2C3=O)cc1C(=O)O,0.0028,ok
O=C1c2ccccc2C(=O)c2c1cc(S(=O)(=O)NC(CO)C(=O)O)c(O)c2O,0.006,ok
C#CCCC1(CCN2CCC(Oc3cccc(-c4nc5c(o4)C(=O)c4ccccc4C5=O)c3)C2)N=N1,0.0003,ok
CC(C)=CCC(OC(=O)C(F)(F)C(F)(F)F)C1=CC(=O)c2c(O)ccc(O)c2C1=O,0.0026,ok
O=C(O)CNC(=O)CNC(=O)CNS(=O)(=O)c1cc2c(c(O)c1O)C(=O)c1ccccc1C2=O,0.0115,ok
COc1ccc(-n2cc(COC3=CC(=O)c4ccccc4C3=O)nn2)cc1F,0.0102,ok
COc1ccc(OC)c2c1C(=O)C=C(CNc1nc3cccc(C)c3s1)C2=O,0.0726,ok
CC1=C(NC2CCN(Cc3ccccc3)CC2)C(=O)c2ccccc2C1=O,0.0274,ok
O=C(O)CC(O)(CC(=O)N1CCN(S(=O)(=O)c2cc3c(c(O)c2O)C(=O)c2ccccc2C3=O)CC1)C(=O)O,0.0042,ok
O=C1c2ccccc2C(=O)c2c1cc(S(=O)(=O)N1CCCC(C(=O)O)C1)c(O)c2O,0.0024,ok
O=C(O)CCC(NC(=O)N1CCN(S(=O)(=O)c2cc3c(c(O)c2O)C(=O)c2ccccc2C3=O)CC1)C(=O)O,0.0032,ok
CC(C)=CCC(OC(=O)CC1CC1)C1=CC(=O)c2c(O)ccc(O)c2C1=O,0.0105,ok
CNCCCCNCCCNC(=O)c1c(C)oc2c1C(=O)c1ccccc1C2=O,0.0222,ok
O=C1c2ccccc2C(=O)c2c(NCCN3CCCC3CCl)cccc21,0.0185,ok
O=C1c2c(O)ccc(O)c2C(=O)c2c(NCCN3CCCCC3)ccc(NCCN3CCCCC3)c21,0.0545,ok
O=C1c2ccccc2C(=O)c2c(NCCN3CCCC3CO)cccc21,0.0227,ok
O=C1C(Cl)=C(NCCN2CCOCC2)C(=O)c2ccccc21,0.0054,ok
COC1=C(N2CCOCC2)C(=O)c2ccccc2C1=O,0.0095,ok
CCOCCCNC1=C(Cl)C(=O)c2ccccc2C1=O,0.0129,ok
CC1=C(Nc2ccc(C(=O)O)cc2)C(=O)c2ccccc2C1=O,0.0312,ok
O=C1c2c(O)ccc(O)c2C(=O)c2c(NCCN3CCCC(CCl)C3)ccc(NCCN3CCCC(CCl)C3)c21,0.0161,ok
O=C(O)C=CC(=O)Nc1ccc2c(c1)C(=O)c1ccccc1C2=O,0.0013,ok
COC1=CC(=O)c2c(cc(OC)c(C(C)O)c2O)C1=O,0.0041,ok
O=C1c2cccc(O)c2C(=O)c2c(O)cc(CN3CCCC3)cc21,0.0036,ok
CCOc1ccc(NC2=C(Cl)C(=O)c3ccccc3C2=O)cc1,0.0186,ok
O=C1C=C(C(O)c2ccc(Cl)cc2)C(=O)c2ccccc21,0.0174,ok
CC(=O)OC1=C(CC=C(C)C)C(=O)c2ccccc2C1=O,0.0397,ok
O=C1C(Cl)=C(Nc2ccc([N+](=O)[O-])cc2)C(=O)c2ccccc21,0.0344,ok
CCOC(=O)C(C(C)=O)C1=C(Cl)C(=O)c2ccccc2C1=O,0.0175,ok
Cc1oc2c(c1C(=O)c1ccccc1)C(=O)c1ccccc1C2=O,0.0081,ok
O=C1c2ccccc2C(=O)c2c1sc1nc3ccccc3n21,0.0,ok
CN(C)CCCNC1=CC(=O)c2ccccc2C1=O,0.0066,ok
COC1=CC(=O)c2c(cc(C)c(C(C)=O)c2OC(C)=O)C1=O,0.0106,ok
CC(C)(O)C1CC2=C(O1)C(=O)c1ccccc1C2=O,0.005,ok
CN(C)C1=C(Nc2ccccc2)C(=O)c2ccccc2C1=O,0.0555,ok
CCSc1c(C(=O)NC)ccc2c1C(=O)c1ccccc1C2=O,0.0276,ok
COC1=C(Nc2ccc(C)cc2)C(=O)c2ccccc2C1=O,0.0236,ok
Cc1cccc(OC2=C(Cl)C(=O)c3ccccc3C2=O)c1,0.0292,ok
CN(C1=C(N2CCCCC2)C(=O)c2ccccc2C1=O)c1ccccc1,0.022,ok
Cc1ccc(N2CCOCC2)c2c1C(=O)c1ccccc1C2=O,0.0721,ok
Cc1c(Cl)cccc1-c1ccc(C(=O)Nc2ccc3c(c2)C(=O)c2ccccc2C3=O)o1,0.0007,ok
O=C1C(Cl)=C(Nc2cccc(O)c2)C(=O)c2ccccc21,0.0144,ok
CCOC(=O)N1CCN(C2=C(NS(=O)(=O)c3ccc(C)cc3)C(=O)c3ccccc3C2=O)CC1,0.0269,ok
Cc1[nH]c2ccccc2c1CCNC(=O)c1ccc2c(c1[N+](=O)[O-])C(=O)c1ccccc1C2=O,0.0292,ok
O=C1CCN(c2cc(Nc3cccc(F)c3)c3c4c(onc24)-c2ccccc2C3=O)CC1,0.2282,ok
CC(=O)N(C1=C(N)C(=O)c2ccccc2C1=O)c1ccccc1,0.0566,ok
CCN1CCN(C2=C(NS(=O)(=O)c3ccc(NC(C)=O)cc3)C(=O)c3ccccc3C2=O)CC1,0.0384,ok
O=C(O)CCCNc1cc(N2CCN(C(=O)c3ccco3)CC2)c2noc3c2c1C(=O)c1ccccc1-3,0.0078,ok
COc1cc(OC)c2c(c1)C(=O)c1occc1C2=O,0.0,ok
COc1cccc2c1C(=O)c1ccoc1C2=O,0.0,ok
C=CCC1=C(Br)C(=O)c2ccccc2C1=O,0.0155,ok
O=C1c2ccccc2C(=O)c2c1cccc2N1CCN(CC=Cc2ccccc2)CC1,0.0264,ok
CC1(C)OC2=C(CC1O)C(=O)c1ccccc1C2=O,0.0075,ok
Cc1nsc2c1C(=O)c1ccccc1C2=O,0.0,ok
C=C1CCC2C(C)(C(=O)O)CCCC2(C)C1CCc1ccc2c(c1)C(=O)C=CC2=O,0.0007,ok
O=C1c2cccc(O)c2C(=O)c2c(O)cc(Cn3ccnc3)cc21,0.0044,ok
O=C1C2=C(OC(c3ccccc3)C2)C(=O)c2ccccc21,0.0024,ok
COC(=O)c1c(OCCN2CCCCC2)c2ccccc2c2oc3c(c12)C(=O)c1ccccc1C3=O,0.0132,ok
CCN(CC)c1cc(NC2CCCCC2)c2c3c(onc13)-c1ccccc1C2=O,0.0057,ok
CC(C)CNc1cc(NC2CCCCC2)c2c3c(onc13)-c1ccccc1C2=O,0.0053,ok
CCCCNc1cc(NC2CCCCC2)c2c3c(onc13)-c1ccccc1C2=O,0.0052,ok
O=C1c2ccccc2-c2onc3c(NCCO)cc(NC4CCCCC4)c1c23,0.0045,ok
CC(C)Nc1cc(N2CCN(C3CCCCC3)CC2)c2noc3c2c1C(=O)c1ccccc1-3,0.0021,ok
O=C1c2ccccc2-c2onc3c(N4CCN(C5CCCCC5)CC4)cc(NCCO)c1c23,0.0061,ok
CC1=CC2=C(CO1)C(=O)c1ccccc1C2=O,0.0,ok
CN(C)c1cc(NCCN2CCCC2)c2c3c(onc13)-c1ccccc1C2=O,0.0059,ok
O=C1c2ccccc2C(=O)c2c(OCCCCOc3ccccc3)cccc21,0.0226,ok
COC(=O)c1c(OCCN(C)C)c2ccccc2c2oc3c(c12)C(=O)c1ccccc1C3=O,0.0051,ok
CCN(CC)CCOc1c(C(=O)OC)c2c3c(oc2c2ccccc12)C(=O)c1ccccc1C3=O,0.0027,ok
O=C1c2cnc3c(c2C(=O)c2cccc(O)c21)C(=O)CCC3,0.0808,ok
CC(C)=CCOC1=CC(=O)c2cccc(O)c2C1=O,0.0015,ok
COC(=O)c1c(OCCN2CCCC2)c2ccccc2c2oc3c(c12)C(=O)c1ccccc1C3=O,0.015,ok
CC(C)=CCOC1=C(CC=C(C)C)C(=O)c2cccc(O)c2C1=O,0.0179,ok
COC1=C(CC=C(C)C)C(=O)c2c(O)cccc2C1=O,0.0148,ok
COC1=C(CC=C(C)C)C(=O)c2c(OC)cccc2C1=O,0.0606,ok
Nc1ncnc2c1ncn2Cc1cc(O)c2c(c1)C(=O)c1cccc(O)c1C2=O,0.0037,ok
O=C1c2cccc(O)c2C(=O)c2c(O)cc(Cn3ccc(=O)[nH]c3=O)cc21,0.0004,ok
O=C1c2cccc(O)c2C(=O)c2c(O)cc(Cn3cc(F)c(=O)[nH]c3=O)cc21,0.0013,ok
O=C1C=C(C(O)c2cccc(F)c2)C(=O)c2ccccc21,0.0184,ok
CCCCCCOc1cccc2c1C(=O)c1c(OCCCCCC)cc(Cn3cc(C)c(=O)[nH]c3=O)cc1C2=O,0.0768,ok
O=C1C=C(C(O)CCc2ccccc2)C(=O)c2ccccc21,0.0039,ok
O=C1C=C(C(O)c2cccc3ccccc23)C(=O)c2ccccc21,0.0063,ok
O=C1C=C(C(O)c2ccc(F)cc2)C(=O)c2ccccc21,0.0123,ok
COc1ccc(NC2=CC(=O)c3cccc(O)c3C2=O)cc1,0.0118,ok
Cc1cc(Cl)ccc1C(O)C1=CC(=O)c2ccccc2C1=O,0.0264,ok
CNC1=CC(=O)c2c(O)c3c(c(O)c2C1=O)CC(C)(O)C(O)C3O,0.0039,ok
CCCCCCc1cc2c(C)cc3c(c2oc1=O)C(=O)c1c(OC(C)C)cccc1C3=O,0.0066,ok
O=C1c2ccc3cc(CCl)cc(O)c3c2C(=O)c2cccc(O)c21,0.0583,ok
COC(=O)C=C(CC1=C(CCC(=O)CC2(C)OCCO2)C(=O)c2ccccc2C1=O)OC,0.0125,ok
Cc1cccc2c1C(=O)c1c(C)coc1C2=O,0.0,ok
CC1(C)CCC2=C(O1)C(=O)c1c(O)cccc1C2=O,0.0047,ok
COC1=CC(=O)c2cc3c(cc2C1=O)C(=O)c1occ2c1C3(C)CCC2,0.0069,ok
COC1=CC(=O)c2cc(C)cc(-c3c(OC)cc(OC)c4ccc(=O)oc34)c2C1=O,0.0388,ok
COC1=CC(=O)c2c(O)c3c(c(O)c2C1=O)OC1(Oc2c(cc4cc(C)oc(=O)c4c2O)CC1O)C3O,0.0307,ok
COc1cccc2c1C(=O)c1ccc3c(c1C2=O)C(=O)CC(C)C3O,0.1175,ok
CC12CCC(=O)c3coc(c31)C(=O)c1cc3c(cc12)C(=O)C1=C(NCCS1(=O)=O)C3=O,0.1843,ok
CC12CCC(=O)c3coc(c31)C(=O)c1cc3c(cc12)C(=O)C1=C(C3=O)S(=O)(=O)CCN1,0.1842,ok
COC1=CC(=O)c2cc3c(cc2C1=O)C1(C)CCCc2coc(c21)C3=O,0.0052,ok
Cc1cc(O)c2c(c1)C(=O)C=C(c1c(C)cc3c(c1O)C(=O)C=CC3=O)C2=O,0.0126,ok
CC(=O)OC(CCC(C)=CCCc1ccc2c(c1)C(=O)C(C)=CC2=O)C(C)(O)CCC=C(C)C,0.0005,ok
CC1=CC(=O)C2=C(O)c3c(O)cccc3C34Oc5c(ccc6c5C(=O)c5c(O)cc(C)cc5C6=O)C23C1C(C)O4,0.221,ok
CC(=O)OC1C(Oc2cc(O)c3c(c2)C(=O)c2cc(C)cc(O)c2C3=O)OC(C)C(O)C1OC(C)=O,0.0026,ok
CCCC12CC(OC(C)C1O)c1cc(Cl)c3c(c1N2)C(=O)c1ccc2cc(C)ccc2c1C3=O,0.1035,ok
Cc1cc(O)c2c(c1)C(O)C13Cc4cc(O)c5c(c4C1C=CC(O)C3(O)C2=O)C(=O)c1c(O)ccc(O)c1C5=O,0.2157,ok
COc1cc(OC)c2c(c1)C(=O)C1=C(COC(C)C1)C2=O,0.0224,ok
CC1OC2=C(C(=O)c3ccccc3C2=O)C1(C)C,0.0046,ok
Cc1cc(O)c2c(c1)C(O)C13Cc4cc(O)c5c(c4C1C=CC(O)C3(O)C2=O)C(=O)c1cccc(O)c1C5=O,0.1965,ok
CC(=O)OC1C(C)OC(Oc2cc(O)c3c(c2)C(=O)c2cc(C)cc(O)c2C3=O)C(O)C1OC(C)=O,0.0034,ok
CC(C)=CCC1=C(CC=C(C)C)C(=O)c2ccccc2C1=O,0.0155,ok
Cc1cc(O)c2c(c1)C1OC(=O)CN1C1=C2C(=O)c2cccc(OC3CC(O)C(O)C(C)O3)c2C1=O,,no_quinone_ring_found
CC1(C=O)CCCC2c3cc4c(cc3C(=O)CC21)C(=O)C=CC4=O,0.1862,ok
CC1(CO)CCCC2c3cc4c(cc3C=CC21)C(=O)C=CC4=O,0.002,ok
CCCC1C(=O)OC2c3cc(C)cc(O)c3C3=C(C(=O)c4c(OC5CC(O)C(O)C(C)O5)cccc4C3=O)N12,,no_quinone_ring_found
CC(=O)OCC1OC(Oc2cccc3c2C(=O)c2c(O)cc(C)cc2C3=O)C(O)C(O)C1O,0.023,ok
COC1=CC(=O)c2c(O)c(C(C)=O)c(C)c(O)c2C1=O,0.0057,ok
CCCCC1C(=O)OC2c3cc(C)cc(O)c3C3=C(C(=O)c4c(OC5CC(O)C(O)C(C)O5)cccc4C3=O)N12,,no_quinone_ring_found
Cc1cc(O)c2c(c1)C(=O)c1cc(O)c(-c3c(O)cc4c(O)c5c(cc4c3O)CC(C)(O)CC5=O)c(O)c1C2=O,0.0142,ok
O=C(C=Cc1ccc(O)cc1)OCc1cc(O)c2c(c1)C(=O)c1cccc(O)c1C2=O,0.0044,ok
CC(=O)OCCC(C=O)c1c(O)cc2c(c1O)C(=O)c1c(O)cc(O)cc1C2=O,0.0013,ok
COc1cc(OC(C)=O)c2c(c1)C(=O)C1=C(C2=O)C(OC(C)=O)C(OC(C)=O)C(C)(O)C1OC(C)=O,0.0408,ok
CCCCCC(OC1OC(C(O)CO)C(O)C1O)c1c(O)cc2c(c1O)C(=O)c1c(O)cc(O)cc1C2=O,0.0008,ok
COc1cc(O)c2c(c1)C(=O)c1cc(C)c(C(=O)OCC3OC(O)C(O)C(O)C3O)cc1C2=O,0.0011,ok
CCCCCC(O)c1c(OC2OC(C(O)CO)C(O)C2O)cc2c(c1O)C(=O)c1c(O)cc(O)cc1C2=O,0.0187,ok
O=C1c2cc(OC3OC(C(O)CO)C(O)C3O)cc(O)c2C(=O)c2c1cc1c(c2O)C2CCOC2O1,0.0026,ok
CC(=O)CCCC(OC1OC(C(O)CO)C(O)C1O)c1c(O)cc2c(c1O)C(=O)c1c(O)cc(O)cc1C2=O,0.0042,ok
COC1=CC(=O)c2c(cc(OC)c(C(C)OC)c2O)C1=O,0.0007,ok
COC1C(OC2CC(C)(O)Cc3cc4c(c(O)c32)C(=O)c2c(O)cccc2C4=O)OC(C)C(O)C1O,0.005,ok
CC(O)Cc1cc(O)c2c(c1)C(=O)c1c(O)c(O)cc(O)c1C2=O,0.0003,ok
COC(=O)C(NC(=O)c1cc(O)c2c(c1)C(=O)c1cc(O)cc(O)c1C2=O)C(C)C,0.0021,ok
CC(C)C(NC(=O)c1cc(O)c2c(c1)C(=O)c1cc(O)cc(O)c1C2=O)C(=O)O,0.0034,ok
CC(C)C(NC(=O)c1cc(O)c2c(c1)C(=O)c1cc(O)c(Cl)c(O)c1C2=O)C(=O)O,0.0053,ok
CC(NC(=O)c1cc(O)c2c(c1)C(=O)c1cc(O)cc(O)c1C2=O)C(=O)O,0.0028,ok
CC(C)CC(NC(=O)c1cc(O)c2c(c1)C(=O)c1cc(O)c(Cl)c(O)c1C2=O)C(=O)O,0.0044,ok
CNc1cc(=O)c2c(O)c3c(=O)c4c5c(c(OC)cc4c(=O)c3cc2c1=O)C(=O)OC5,0.0109,ok
COc1c2c(cc3c1C(=O)c1ccccc1C3=O)OC(C)(C)OC2,0.0166,ok
COc1c(O)cc2c(c1O)C(=O)c1c(coc1C)C2=O,0.0007,ok
COc1cc2c(=O)c3cc4c(=O)c(OC)cc(=O)c4c(O)c3c(=O)c2c2c1C(=O)OC2,0.0,ok
Cc1occ2c1C(=O)c1c(cc(O)c(O)c1O)C2=O,0.0,ok
COc1cc2c(c(O)c1O)C(=O)c1c(coc1C)C2=O,0.0,ok
COc1cc(O)c2c(c1O)C(=O)C1=C(C2=O)C(O)CC(C)(O)C1,0.0078,ok
COc1cc(O)c2c(c1O)C(=O)C1=C(CCC(C)(O)C1)C2=O,0.005,ok
COc1cc(O)c2c(c1)C(=O)C(C)=CC2=O,0.0,ok
COc1cc(O)c2c(c1)C(=O)C1=C(C2=O)C(O)C(O)C(C)(O)C1,0.0129,ok
CC(O)CCC(CO)c1c(O)cc2c(c1O)C(=O)c1c(O)cc(O)cc1C2=O,0.0019,ok
CCCc1cc(OC2OC(C)C(O)C(O)C2O)cc2c1C(=O)c1c(O)cc(O)cc1C2=O,0.0243,ok
COc1c2c(c(O)c3c1C(=O)c1c(O)cccc1C3=O)-c1c(cc3c(c1O)C(=O)OC(C)(O)C3)CC2,0.017,ok
COc1c2c(c(O)c3c1C(=O)c1c(O)cccc1C3=O)-c1c(cc3c(c1O)C(=O)OC(C)(OC)C3)CC2,0.0765,ok
CCC(C)C(NC(=O)c1cc(O)c2c(c1)C(=O)c1cc(O)cc(O)c1C2=O)C(=O)OC,0.003,ok
CCC(C)C(NC(=O)c1cc(O)c2c(c1)C(=O)c1cc(O)cc(O)c1C2=O)C(=O)O,0.0049,ok
CCC(C)C(NC(=O)c1cc(O)c2c(c1)C(=O)c1cc(O)c(Cl)c(O)c1C2=O)C(=O)O,0.0035,ok
Cc1cc(O)c2c(c1)C(=O)c1cc(OC3OC(CO)C(O)C3O)cc(O)c1C2=O,0.0004,ok
CC(=O)OC1C(CO)OC(Oc2cc(O)c3c(c2)C(=O)c2cc(C)cc(O)c2C3=O)C1OC(C)=O,0.0136,ok
CC(=O)OCC1OC(Oc2cc(O)c3c(c2)C(=O)c2cc(C)cc(O)c2C3=O)C(OC(C)=O)C1OC(C)=O,0.0049,ok
COc1cc(O)c2c(c1)C(=O)C1=C(C2=O)C(OCC2C(=O)CCC2C)OC(C)=C1,0.0116,ok
CCc1cc(O)c2c3c([nH]c(=O)c2c1)C(=O)c1c(O)cccc1C3=O,0.023,ok
CCc1cc(O)c2c(c1C(C)=O)C(=O)c1cccc(O)c1C2=O,0.0422,ok
CNC1CCC(c2ccc3c(c2O)C(=O)c2cc(SC)c4cc(C)cc(O)c4c2C3=O)OC1C,0.0731,ok
CC12CCC(OC1=O)c1c2cc(O)c2c1C(=O)c1oc(CO)cc1C2=O,0.3413,ok
COc1nsc2c1C(=O)c1c(O)ccc(C(=O)O)c1C2=O,0.0316,ok
O=C1c2cc(S(=O)(=O)O)ccc2C(=O)c2c1cccc2[N+](=O)[O-],0.0204,ok
CN(C)CCNc1ccc(NCCN(C)C)c2c1C(=O)c1ccccc1C2=O,0.0198,ok
O=C1c2ccccc2C(=O)c2c(NCCNCCO)ccc(O)c21,0.0227,ok
CN(C)CCCCNc1ccc(NCCCCN(C)C)c2c1C(=O)c1c(O)ccc(O)c1C2=O,0.0568,ok
O=C1c2ccccc2C(=O)c2c(NCCCNCCO)ccc(NCCCNCCO)c21,0.0167,ok
Nc1cc2c(c(O)c1O)C(=O)c1ccccc1C2=O,0.0021,ok
O=C1c2ccccc2C(=O)c2c(NCC3CO3)ccc(NCC3CO3)c21,0.0142,ok
O=C1c2cccc(O)c2C(=O)c2c(O)cc(CN(CCO)CCO)cc21,0.0051,ok
O=C1c2cccc(O)c2C(=O)c2c(NCCNCCO)ccc(NCCNCCO)c21,0.0222,ok
Cc1c(O)cc2c(c1O)C(=O)c1cccc(O)c1C2=O,0.0,ok
COc1cccc2c1C(=O)c1c(O)c3c(c(O)c1C2=O)CC(O)(C(=O)CO)CC3OC1CC(N)C(OC)C(C)O1,0.0058,ok
O=C1c2cccc(O)c2C(=O)c2c(O)cc(CNCCCl)cc21,0.0015,ok
CN(C)CCNc1ccc(O)c2c1C(=O)c1ccccc1C2=O,0.0192,ok
O=C1c2cccc(O)c2C(=O)c2c(O)cc(CBr)cc21,0.003,ok
O=C1c2ccccc2C(=O)c2c(OCC3CO3)ccc(OCC3CO3)c21,0.0082,ok
CC(=O)C1(O)Cc2c(O)c3c(c(O)c2C(O)C1)C(=O)c1c(O)cccc1C3=O,0.0019,ok
O=C1c2ccccc2C(=O)c2c(NCCN3CCCCC3)ccc(NCCN3CCCCC3)c21,0.0624,ok
CCCCC1=CC(=O)c2ccccc2C1=O,0.0053,ok
Nc1cccc2c1C(=O)c1ccc(Cl)cc1C2=O,0.0253,ok
CCNC1=C(Cl)C(=O)c2ccccc2C1=O,0.0066,ok
O=C1c2ccccc2C(=O)c2cc(S(=O)(=O)Cl)ccc21,0.0039,ok
CC1=C(SCC(=O)O)C(=O)c2ccccc2C1=O,0.0057,ok
O=C1c2ccccc2C(=O)c2c1ccc(C(=O)O)c2-c1ccc2ccccc2c1,0.0119,ok
Cc1nc2c(n1-c1ccc(Br)cc1)C(=O)c1ccccc1C2=O,0.0165,ok
O=C1C2=C(SCCS2)C(=O)c2ccccc21,0.0022,ok
O=C1c2ccccc2C(=O)c2c1cccc2-n1nnc2ccccc21,0.0849,ok
Nc1c(C(=O)O)cc(Br)c2c1C(=O)c1ccccc1C2=O,0.0771,ok
CC(=O)Oc1ccc(OC(C)=O)c2c1C(=O)C=CC2=O,0.0331,ok
Nc1c(C(=O)Nc2ccc3c(c2)C(=O)c2ccccc2C3=O)ccc2c1C(=O)c1ccccc1C2=O,0.0031,ok
Cc1nc2c(nc1C)C(=O)c1ccccc1C2=O,0.0,ok
O=C1c2ccccc2C(=O)c2cc(S(=O)(=O)Nc3ccccc3)ccc21,0.0098,ok
CC1(C)CCC(C2=CC(=O)c3c(O)ccc(O)c3C2=O)O1,0.015,ok
CN=c1sc2c(n1C)C(=O)c1ccccc1C2=O,0.0,ok
Cc1cc(O)c2c(c1)C(=O)C=C(Br)C2=O,0.0006,ok
Cc1cc2c(cc1C)C(=O)c1ncccc1C2=O,0.0,ok
O=Cc1cc2c(o1)C(=O)c1ccccc1C2=O,0.0,ok
COC(=O)c1ccc(NCC2=CC(=O)c3ccccc3C2=O)cc1,0.0017,ok
N#Cc1c(O)c2c(c(O)c1C#N)C(=O)c1ccccc1C2=O,0.0,ok
O=C(CCN(CCO)CCO)Nc1ccc2c(c1)C(=O)c1ccc(NC(=O)CCN(CCO)CCO)cc1C2=O,0.0023,ok
CCC1CC(O)c2c(O)c3c(c(O)c2C1O)C(=O)c1cccc(O)c1C3=O,0.0025,ok
CN(C)CCCNc1cc(O)c2c(c1O)C(=O)c1ccccc1C2=O,0.0006,ok
O=C1c2ccccc2C(=O)c2c1cccc2N(CCO)CCO,0.0377,ok
O=C1c2ccccc2C(=O)c2c3c(cc(NCCNCCO)c21)N(CCO)CCN3,0.0284,ok
O=C1c2c(O)ccc(O)c2C(=O)c2c(NCCCO)ccc(NCCCO)c21,0.0597,ok
CC(=O)Oc1ccc(O)c2c1C(=O)C=CC2=O,0.0156,ok
Cc1ccc(Cn2nnc3c2C(=O)c2ccccc2C3=O)cc1,0.008,ok
O=C1C=C(Cc2ccc(F)cc2)C(=O)c2ccccc21,0.0,ok
COc1c2c(c(O)c3c1C(=O)c1c(cc(O)c(C)c1O)C3=O)-c1c(cc3c(c1O)C(=O)OC3O)CC2,0.0081,ok
O=C1C(Cl)=C(N2CCC(C(=O)O)CC2)C(=O)c2ccccc21,0.0229,ok
O=C1c2ccccc2C(=O)c2c1oc1cc(O)ccc21,0.0,ok
O=C1c2ccccc2C(=O)c2c1oc1c3c(ccc21)OCN(CCCn1ccnc1)C3,0.0014,ok
O=C1c2ccccc2-c2onc3c(Oc4ccccc4)cc(O)c1c23,0.0013,ok
CC(=O)NC1=C(c2ccccc2)C(=O)c2ccccc2C1=O,0.0925,ok
O=C(Oc1cccc2c1C(=O)C=CC2=O)c1ccccc1,0.018,ok
O=C1c2ccccc2C(=O)c2c1cc(NC1CCCCC1)c1nsnc21,0.0069,ok
CCOC(=O)C1=C(Cc2ccc(Cl)cc2)C(=O)c2ccccc2C1=O,0.0156,ok
O=C1C(Nc2cccc(C(F)(F)F)c2)=C(N2CCOCC2)C(=O)c2ccccc21,0.019,ok
CCOc1ccc(NC2=C(N3CCOCC3)C(=O)c3ccccc3C2=O)cc1,0.0211,ok
O=C1C(Nc2ccc(Br)cc2)=C(N2CCCCC2)C(=O)c2ccccc21,0.0201,ok
CCC1=C(C)C(=O)c2ccccc2C1=O,0.0019,ok
O=C1C(Nc2cccc(Cl)c2)=C(N2CCCCC2)C(=O)c2ccccc21,0.0361,ok
NCCNCCNc1cccc2c1C(=O)c1ccccc1C2=O,0.0184,ok
O=C1C(Nc2ccccc2)=C(N2CCOCC2)C(=O)c2ccccc21,0.0648,ok
CN(C1=CC(=O)c2ccccc2C1=O)c1ccccc1,0.0097,ok
O=C(O)c1cccc(Nc2cc(N3CCCCCC3)c3noc4c3c2C(=O)c2ccccc2-4)c1,0.0038,ok
COc1cccc2c1C(=O)c1c(O)ccc(O)c1C2=O,0.0,ok
CC1CC(C)CN(c2cc(Nc3cccc(C(=O)O)c3)c3c4c(onc24)-c2ccccc2C3=O)C1,0.0025,ok
O=C(O)c1ccc([N+](=O)[O-])c2c1C(=O)c1ccccc1C2=O,0.0721,ok
O=C1C=CC(=O)c2c(Cl)ccc(Cl)c21,0.0,ok
O=C1C(NS(=O)(=O)c2ccc(Br)cc2)=C(N2CCCCC2)C(=O)c2ccccc21,0.0429,ok
CCOC(=O)N1CCN(C2=C(NS(=O)(=O)c3ccc(Br)cc3)C(=O)c3ccccc3C2=O)CC1,0.0298,ok
O=C1c2ccccc2C(=O)c2c1ncn2-c1ccccc1,0.0262,ok
CN1CCN(c2cccc3c2C(=O)c2ccccc2C3=O)CC1,0.049,ok
Cc1ccc(-n2c(-c3ccc(F)cc3)nc3c2C(=O)c2ccccc2C3=O)cc1,0.0168,ok
N#CC1=C(N)OC2=C(C(=O)c3ccccc3C2=O)C1c1ccc([N+](=O)[O-])cc1,0.0195,ok
N#CC1=C(N)OC2=C(C(=O)c3ccccc3C2=O)C1c1ccc(O)cc1,0.034,ok
CCN1CCN(C2=C(NS(=O)(=O)c3ccc(Br)cc3)C(=O)c3ccccc3C2=O)CC1,0.0254,ok
O=C(O)c1ccc(NS(=O)(=O)c2ccc3c(c2)C(=O)c2ccccc2C3=O)cc1,0.0092,ok
O=C(O)c1cccc(NS(=O)(=O)c2ccc3c(c2)C(=O)c2ccccc2C3=O)c1,0.0098,ok
O=C1C=C(Nc2cnccn2)C(=O)c2ccccc21,0.0186,ok
O=C1c2ccccc2C(=O)c2cc(S(=O)(=O)NCCO)ccc21,0.0073,ok
CCCCC1=C(C)C(=O)c2ccccc2C1=O,0.008,ok
Cc1cc2c(o1)C(=O)c1ccccc1C2=O,0.0,ok
CC1=C(CCCC(=O)O)C(=O)c2ccccc2C1=O,0.0019,ok
CC1=C(CCCCC(=O)O)C(=O)c2ccccc2C1=O,0.0018,ok
O=C(O)c1cc(OCc2ccccc2)c2c(c1)C(=O)c1cccc(OCc3ccccc3)c1C2=O,0.0791,ok
COc1cc(OC)c2c(c1)C(=O)c1cc(C(Br)Br)cc(OC)c1C2=O,0.0778,ok
O=C1C=C(c2ccc(O)cc2)C(=O)c2ccccc21,0.0026,ok
O=C1C=CC(=O)c2c1cccc2-c1ccccc1,0.0,ok
O=C1C(Nc2ccccc2)=C(c2ccccc2)C(=O)c2ccccc21,0.0375,ok
O=C(CCN1CCOCC1)Nc1ccc(NC(=O)CCN2CCOCC2)c2c1C(=O)c1ccccc1C2=O,0.0147,ok
COc1ccc2c(c1)C(=O)C=CC2=O,0.0,ok
CC(=O)c1cccc2c1C(=O)C=CC2=O,0.0056,ok
Cc1ccc2c(c1)C(=O)c1cc(O)cc(O)c1C2=O,0.0006,ok
CC(=O)OCC1=CC(=O)c2ccccc2C1=O,0.0123,ok
O=C1C=C(Nc2ccc(S(=O)(=O)Nc3ccccn3)cc2)C(=O)c2ccccc21,0.0125,ok
CS(=O)C1=CC(=O)c2ccccc2C1=O,0.0034,ok
COc1cccc2c1C(=O)c1c(O)ccc([N+](=O)[O-])c1C2=O,0.0678,ok
Nc1c(S(=O)(=O)O)cc(Nc2ccc(Cl)cc2)c2c1C(=O)c1ccccc1C2=O,0.0296,ok
CCN(CC)Cc1cc(OC)c2c(c1)C(=O)c1cc(OC)cc(OC)c1C2=O,0.0793,ok
CCN(CC)Cc1cc(O)c2c(c1)C(=O)c1cc(OC)cc(O)c1C2=O,0.0008,ok
COc1cc(O)c2c(c1)C(=O)c1cc(CN(CCO)CCO)cc(O)c1C2=O,0.0009,ok
CN(C)C1=CC(=O)c2c(O)cccc2C1=O,0.0256,ok
COc1cccc2c1C(=O)c1c(OC)cc(CN(CCCl)CCCl)cc1C2=O,0.0873,ok
COc1cc(OC)c2c(c1)C(=O)c1cc(CN(CCCl)CCCl)cc(OC)c1C2=O,0.0757,ok
CN(C)C1=CC(=O)c2cccc(O)c2C1=O,0.0103,ok
O=C1C(N2CC2)=C(N2CC2)C(=O)c2c(O)cccc21,0.0423,ok
CCCCCCCC1=C(C)C(=O)c2ccccc2C1=O,0.0017,ok
CCNCc1cc(OC)c2c(c1)C(=O)c1cccc(OC)c1C2=O,0.0791,ok
CCNCc1cc(OC)c2c(c1)C(=O)c1cc(OC)cc(OC)c1C2=O,0.0764,ok
NCc1cc(O)c2c(c1)C(=O)c1cccc(O)c1C2=O,0.0004,ok
CNC1=CC(=O)c2c(O)cccc2C1=O,0.0048,ok
COc1cc(O)c2c(c1)C(=O)c1cc(CNCCCl)cc(O)c1C2=O,0.0004,ok
COc1ccccc1NC1=CC(=O)c2ccccc2C1=O,0.0234,ok
COC(=O)c1cccc2c1C(=O)C=CC2=O,0.0218,ok
O=C1C(Cl)=C(C2=C(Cl)C(=O)c3ccccc3C2=O)C(=O)c2ccccc21,0.0138,ok
CCCOc1cc(O)c2c(c1)C(=O)c1cc(C)cc(O)c1C2=O,0.0006,ok
Cc1ccc(OC2=CC(=O)c3ccccc3C2=O)cc1,0.0064,ok
O=C1C(Sc2ccccc2)=C(Sc2ccccc2)C(=O)c2ccccc21,0.0532,ok
CN1CCN(CCC(=O)Nc2ccc3c(c2)C(=O)c2ccc(NC(=O)CCN4CCN(C)CC4)cc2C3=O)CC1,0.0004,ok
CC1=C(SCCC(=O)O)C(=O)c2ccccc2C1=O,0.0052,ok
CCCSC1=CC(=O)c2ccccc2C1=O,0.004,ok
CCC1=C(OC)C(=O)c2ccccc2C1=O,0.0069,ok
CCOc1cccc2c1C(=O)C=C(C)C2=O,0.0163,ok
COc1ccc(OC2=CC(=O)c3ccccc3C2=O)cc1,0.0072,ok
O=C(O)CCCNc1cc(N2CCN(C3CCCCC3)CC2)c2noc3c2c1C(=O)c1ccccc1-3,0.0038,ok
CCCCCCC1=C(OC)C(=O)c2ccccc2C1=O,0.0075,ok
CC(=O)CCC1=C(C)C(=O)c2ccccc2C1=O,0.0116,ok
C=CC(O)C1=CC(=O)c2ccccc2C1=O,0.0088,ok
CN(C)CCNc1cc(N2CCCC2)c2noc3c2c1C(=O)c1ccccc1-3,0.0066,ok
COc1cc(C(O)CC=C(C)C)c(OC)c2c1C(=O)C=CC2=O,0.0339,ok
CC(=CC1=CC(=O)c2ccccc2C1=O)C(=O)O,0.0247,ok
CC(=CC1=C(F)C(=O)c2ccccc2C1=O)C(=O)O,0.02,ok
Nc1c(S(=O)(=O)O)cc(Nc2cccc3ccccc23)c2c1C(=O)c1ccccc1C2=O,0.0451,ok
CC(=CC1=C(Br)C(=O)c2ccccc2C1=O)C(=O)O,0.0365,ok
COCCC(=CC1=C(C)C(=O)c2ccccc2C1=O)C(=O)O,0.0242,ok
CCSC(CC=C(C)C)c1cc(OC)c2c(c1OC)C(=O)C=CC2=O,0.0431,ok
COc1ccc(C2=C(NC(=O)c3ccccc3OC)C(=O)c3ccccc3C2=O)cc1,0.0977,ok
CC1(C)OC2=C(CC1Br)C(=O)c1ccccc1C2=O,0.0138,ok
CCCCOC(=O)Oc1cccc2c1C(=O)c1c(OC(=O)OCCCC)cccc1C2=O,0.0073,ok
CC(=O)c1cccc2c1C(=O)c1c(O)cccc1C2=O,0.0064,ok
CC(=CCCC(C)=CCC1=C(C)C(=O)c2ccccc2C1=O)CO,0.004,ok
O=C1c2ccccc2C(=O)c2c1[nH]c1ccc(F)cc21,0.0,ok
COC(=O)NC(CCSC)C(=O)Oc1ccc(Nc2nc3c(s2)C(=O)c2ccccc2C3=O)cc1,0.0012,ok
COc1ccc(C2=C(NC(=O)c3ccc(Cl)cc3)C(=O)c3ccccc3C2=O)cc1,0.0947,ok
COc1ccc(C(=O)NC2=C(c3ccc(OC)cc3)C(=O)c3ccccc3C2=O)cc1,0.0346,ok
COc1ccc(C2=C(NC(C)=O)C(=O)c3ccccc3C2=O)cc1,0.0891,ok
COc1ccc(C2=C(NC(=O)c3ccc4ccccc4c3)C(=O)c3ccccc3C2=O)cc1,0.1007,ok
CC(=O)NC1=C(c2cccc(Cl)c2)C(=O)c2ccccc2C1=O,0.0932,ok
CC(=O)NC1=C(c2ccc(Oc3ccccc3)cc2)C(=O)c2ccccc2C1=O,0.0912,ok
O=C(NC1=C(c2ccccc2)C(=O)c2ccccc2C1=O)c1ccccc1,0.0998,ok
COc1cccc(C2=C(NC(=O)c3ccccc3)C(=O)c3ccccc3C2=O)c1,0.1029,ok
COc1ccc(C2=C(NC(=O)c3ccccc3Cl)C(=O)c3ccccc3C2=O)cc1,0.0303,ok
O=C(NC1=C(c2ccc(Oc3ccccc3)cc2)C(=O)c2ccccc2C1=O)c1ccccc1,0.0986,ok
COc1ccc(C2=C(NC(=O)c3cccc(Cl)c3)C(=O)c3ccccc3C2=O)cc1,0.0953,ok
CC1(C)OC2=C(C(=O)c3ccccc3C2=O)C1N=[N+]=[N-],0.0109,ok
O=C1C2=C(C(=O)c3cc4c(cc31)CCCC4)S(=O)(=O)CCN2,0.0253,ok
O=C(O)CCC1=C(Br)C(=O)c2ccccc2C1=O,0.0057,ok
CCCCNC1=C(F)C(=O)c2c(F)c(F)c(F)c(NCCCC)c2C1=O,0.0145,ok
Cc1noc(NS(=O)(=O)c2ccc(NC3=C(Cl)C(=O)c4ccccc4C3=O)cc2)c1C,0.0163,ok
COCCC(=CC1=C(Cl)C(=O)c2ccccc2C1=O)C(=O)O,0.0318,ok
O=C1C=C(NC(Cc2ccccc2)C(=O)O)C(=O)c2ccccc21,0.0096,ok
COc1ccc(OC)c2c1C(=O)C=C(SCCC(=O)O)C2=O,0.0791,ok
O=C(c1ccccc1)c1noc2c1C(=O)c1ccccc1C2=O,0.0026,ok
Cc1cc(C)cc(NC2=C(NS(=O)(=O)c3ccccc3)C(=O)c3ccccc3C2=O)c1,0.0244,ok
CC(C)(C)NC1=C(F)C(=O)c2c(F)c(F)c(F)c(F)c2C1=O,0.0092,ok
COC1=C(F)C(=O)c2c(F)c(F)c(F)c(F)c2C1=O,0.0,ok
O=C1C(NS(=O)(=O)c2ccccc2)=C(c2ccco2)C(=O)c2ccccc21,0.0453,ok
O=C1C(NS(=O)(=O)c2ccccc2)=C(c2ccc(Cl)cc2)C(=O)c2ccccc21,0.0421,ok
O=Cc1cccc(C2=C(NS(=O)(=O)c3ccccc3)C(=O)c3ccccc3C2=O)c1,0.0467,ok
O=C1C(NS(=O)(=O)c2ccccc2)=C(Oc2ccccc2)C(=O)c2ccccc21,0.0184,ok
CC(=CCC1=C(C)C(=O)c2ccccc2C1=O)CCC=C(C)Cc1ccccc1,0.0164,ok
CCCSc1nc2c3c(ccc2[nH]1)C(=O)c1ccccc1C3=O,0.001,ok
CCSc1nc2c3c(ccc2[nH]1)C(=O)c1ccccc1C3=O,0.0009,ok
CCCCCCCCCCCCCCNC(=O)CC1=C(C)C(=O)c2ccccc2C1=O,0.0048,ok
CN(C)Cc1nc2c3c(ccc2[nH]1)C(=O)c1ccccc1C3=O,0.0003,ok
CCN(C)Cc1nc2c3c(ccc2[nH]1)C(=O)c1ccccc1C3=O,0.0027,ok
CC(C)N(C)Cc1nc2c3c(ccc2[nH]1)C(=O)c1ccccc1C3=O,0.009,ok
CC(C)=CCCC(C)=CCC1=C(CC=C(C)CCC=C(C)C)C(=O)c2ccccc2C1=O,0.0185,ok
O=C1c2ccccc2C(=O)c2c1ccc1[nH]c(CN(Cc3ccccn3)Cc3ccccn3)nc21,0.0042,ok
O=C1c2ccccc2C(=O)c2c1ccc1[nH]c(CN3CCSCC3)nc21,0.0002,ok
O=C1c2ccccc2C(=O)c2c1ccc1[nH]c(CNCc3ccc(C(F)(F)F)cc3)nc21,0.0078,ok
O=C1c2ccccc2C(=O)c2c1ccc1[nH]c(CCCl)nc21,0.0,ok
CCN1CCN(Cc2nc3c4c(ccc3[nH]2)C(=O)c2ccccc2C4=O)CC1,0.001,ok
O=C(CCl)Nc1ccc2c(c1NC(=O)CCl)C(=O)c1ccccc1C2=O,0.0104,ok
Nc1c(NC(=O)CCl)ccc2c1C(=O)c1ccccc1C2=O,0.0009,ok
O=C(CCCCl)Nc1ccc2c(c1NC(=O)CCCCl)C(=O)c1ccccc1C2=O,0.0002,ok
Cc1ccc(C(=O)Nc2ccc3c(c2NC(=O)c2ccc(C)cc2)C(=O)c2ccccc2C3=O)cc1,0.0091,ok
O=C(CCl)Nc1ccc2c(c1NC(=O)CCCl)C(=O)c1ccccc1C2=O,0.0009,ok
O=C(CCl)Nc1ccc2c(c1NC(=O)CCCCl)C(=O)c1ccccc1C2=O,0.001,ok
Cc1ccccc1C(=O)Nc1c(NC(=O)CCl)ccc2c1C(=O)c1ccccc1C2=O,0.0065,ok
Cc1cccc(C(=O)Nc2c(NC(=O)CCl)ccc3c2C(=O)c2ccccc2C3=O)c1,0.0077,ok
O=C(CCl)Nc1ccc2c(c1NC(=O)c1cccc(F)c1)C(=O)c1ccccc1C2=O,0.0012,ok
O=C(CCl)Nc1ccc2c(c1NC(=O)c1ccc(F)cc1)C(=O)c1ccccc1C2=O,0.0073,ok
O=C(CCl)Nc1ccc2c(c1NC(=O)c1ccccc1Cl)C(=O)c1ccccc1C2=O,0.0058,ok
O=C(CCl)Nc1ccc2c(c1NC(=O)c1cccc(Cl)c1)C(=O)c1ccccc1C2=O,0.0007,ok
O=C(CCl)Nc1ccc2c(c1NC(=O)c1ccccc1C(F)(F)F)C(=O)c1ccccc1C2=O,0.0044,ok
O=C(CCl)Nc1ccc2c(c1NC(=O)c1cccc(C(F)(F)F)c1)C(=O)c1ccccc1C2=O,0.0044,ok
O=C(CCl)Nc1ccc2c(c1NC(=O)c1ccc(C(F)(F)F)cc1)C(=O)c1ccccc1C2=O,0.0075,ok
O=C(CCl)Nc1ccc2c(c1NC(=O)c1ccco1)C(=O)c1ccccc1C2=O,0.0041,ok
O=C(CCl)Nc1ccc2c(c1NC(=O)c1ccno1)C(=O)c1ccccc1C2=O,0.0037,ok
Cc1cc(C(=O)Nc2c(NC(=O)CCl)ccc3c2C(=O)c2ccccc2C3=O)c(C)o1,0.0043,ok
O=C(CCl)Nc1ccc2c(c1NC(=O)CSc1ccccc1)C(=O)c1ccccc1C2=O,0.0119,ok
Cc1ccc(C(=O)Nc2c(NC(=O)CN(C)C)ccc3c2C(=O)c2ccccc2C3=O)cc1,0.0128,ok
O=C(O)c1ccc2c(c1O)C(=O)c1c(O)cccc1C2=O,0.001,ok
O=C1C=C(NC2CCCCC2)C(=O)c2ccccc21,0.0088,ok
Cc1ccc(C(=O)Nc2c(NC(=O)CN(C)CCc3ccccn3)ccc3c2C(=O)c2ccccc2C3=O)cc1,0.0128,ok
Cc1ccc(C(=O)Nc2c(NC(=O)CN3CCN(CCO)CC3)ccc3c2C(=O)c2ccccc2C3=O)cc1,0.0179,ok
O=C1c2ccccc2C(=O)c2oc(Cc3ccccc3)cc21,0.0015,ok
CCCCCCCCCCS(=O)C1=CC(=O)c2c(OC)ccc(OC)c2C1=O,0.0982,ok
CC(C)NCCC(=O)Nc1cccc2c1C(=O)c1c(NC(=O)CCNC(C)C)cccc1C2=O,0.0384,ok
CCCCCCC1=C(C)C(=O)c2ccccc2C1=O,0.0102,ok
CCCCCCCCC1=C(C)C(=O)c2ccccc2C1=O,0.0021,ok
CCCCCSC1=CC(=O)c2ccccc2C1=O,0.0038,ok
O=C1c2ccccc2C(=O)c2c1ccc1[nH]c(CN3CCC(CCCC4CCNCC4)CC3)nc21,0.0008,ok
Cc1cc(C)cc(NC2=C(N(C)S(=O)(=O)c3ccccc3)C(=O)c3ccccc3C2=O)c1,0.0132,ok
O=C(O)c1ccc2c(c1)C(=O)c1cccc(O)c1C2=O,0.0,ok
CCCCCCCCSC1=CC(=O)c2ccccc2C1=O,0.0038,ok
O=C(O)CNC1=CC(=O)c2ccccc2C1=O,0.0146,ok
O=C1C(Cl)=C(N2C(=O)c3ccccc3C2=O)C(=O)c2ccccc21,0.0453,ok
O=C1C(Cl)=C(N(C(=O)CCl)C(=O)CCl)C(=O)c2ccccc21,0.0128,ok
O=C1C=C(Nc2cccc3ccccc23)C(=O)c2ccccc21,0.0106,ok
O=C1C(Cl)=C(N(C(=O)c2cccc(Cl)c2)C(=O)c2cccc(Cl)c2)C(=O)c2ccccc21,0.0071,ok
CCCCCCCCCSC1=CC(=O)c2ccccc2C1=O,0.0039,ok
NS(=O)(=O)c1cccc2c1C(=O)C=CC2=O,0.0378,ok
CCCCCCCCCCCS(=O)C1=CC(=O)c2c(OC)ccc(OC)c2C1=O,0.0706,ok
CCCCCCCCCCCCSC1=CC(=O)c2ccccc2C1=O,0.006,ok
CCCSc1cc2c(c3nsnc13)C(=O)c1ccccc1C2=O,0.0059,ok
CC1(C)CC(N=[N+]=[N-])C2=C(O1)C(=O)c1ccccc1C2=O,0.0181,ok
Cc1ccc(C)c(Sc2cc3c(c4nsnc24)C(=O)c2ccccc2C3=O)c1,0.0005,ok
NC(=O)c1cccc2c1C(=O)C=CC2=O,0.0131,ok
CC(=O)c1cccc2c1C(=O)c1cccc(OCc3ccccc3)c1C2=O,0.073,ok
CCOc1cccc2c1C(=O)c1c(OCC)cc(NC(=O)CN=[N+]=[N-])cc1C2=O,0.0794,ok
C=CC(=O)Nc1cc(OCCC)c2c(c1)C(=O)c1cccc(OCCC)c1C2=O,0.0946,ok
O=C1c2ccccc2C(=O)c2c1cc(Sc1cccc(F)c1)c1nsnc21,0.0024,ok
O=C1c2ccccc2C(=O)c2c1cc(Sc1ccc(F)cc1)c1nsnc21,0.002,ok
[N-]=[N+]=NCC(=O)Nc1cc(OCc2ccccc2)c2c(c1)C(=O)c1cccc(OCc3ccccc3)c1C2=O,0.0814,ok
O=C1c2ccccc2C(=O)c2c1cc(SCc1ccccc1Cl)c1nsnc21,0.001,ok
CC(C)(C)c1ccc(Sc2cc3c(c4nsnc24)C(=O)c2ccccc2C3=O)cc1,0.0008,ok
O=C1c2ccccc2C(=O)c2c1cc(Sc1cccs1)c1nsnc21,0.001,ok
O=C1c2ccccc2C(=O)c2c1cc(S(=O)(=O)c1cccs1)c1nsnc21,0.0066,ok
O=C1c2ccccc2C(=O)c2c1cc(S(=O)(=O)c1ccc3ccccc3c1)c1nsnc21,0.006,ok
O=C1c2ccccc2C(=O)c2c1cc(S(=O)(=O)Cc1ccccc1Cl)c1nsnc21,0.0029,ok
CC(C)Nc1cc2c(c3nsnc13)C(=O)c1ccccc1C2=O,0.0071,ok
CC(C)CNc1cc2c(c3nsnc13)C(=O)c1ccccc1C2=O,0.0004,ok
O=C1c2ccccc2C(=O)c2c1cc(NCc1ccccc1)c1nsnc21,0.0064,ok
C=CCOc1cccc2c1C(=O)C=CC2=O,0.0168,ok
O=C1c2ccccc2C(=O)c2c1cc(N1CCCCC1)c1nsnc21,0.0066,ok
CN1CCN(c2cc3c(c4nsnc24)C(=O)c2ccccc2C3=O)CC1,0.0078,ok
COc1cccc(NC2=CC(=O)c3ccccc3C2=O)c1,0.0114,ok
O=C1C(Nc2ccccc2)=CC(=O)c2c(O)cccc21,0.0292,ok
O=C1c2ccccc2C(=O)c2c1cc(Cl)c1nsnc21,0.0,ok
O=C1c2ccccc2C(=O)c2c1cc(SCCc1ccccc1)c1nsnc21,0.0112,ok
Cc1cccc(C)c1Sc1cc2c(c3nsnc13)C(=O)c1ccccc1C2=O,0.0025,ok
CC(C)(C)c1ccc(CSc2cc3c(c4nsnc24)C(=O)c2ccccc2C3=O)cc1,0.0063,ok
O=C1c2ccccc2C(=O)c2c1cc(SCc1ccc(Cl)cc1)c1nsnc21,0.0068,ok
O=C1C(NS(=O)(=O)c2ccccc2)=C(c2ccccc2Cl)C(=O)c2ccccc21,0.0494,ok
O=C1C(NS(=O)(=O)c2ccccc2)=C(c2cccc(Cl)c2)C(=O)c2ccccc21,0.0319,ok
O=Cc1ccc(C2=C(NS(=O)(=O)c3ccccc3)C(=O)c3ccccc3C2=O)cc1,0.0482,ok
O=C1C(NS(=O)(=O)c2ccccc2)=C(c2ccoc2)C(=O)c2ccccc21,0.0481,ok
O=Cc1cccc(C2=C(NC(=O)c3ccccc3)C(=O)c3ccccc3C2=O)c1,0.0375,ok
Cc1cc(C)cc(NC2=C(NS(=O)(=O)c3ccccc3)C(=O)c3cccc([N+](=O)[O-])c3C2=O)c1,0.0912,ok
CC(=O)Oc1cc(OC(C)=O)c2c(c1)C(=O)c1cc(C(=O)O)cc(OC(C)=O)c1C2=O,0.0106,ok
Cc1cc(C)cc(NC2=C(NS(=O)(=O)c3ccccc3)C(=O)c3cccc(N)c3C2=O)c1,0.035,ok
CC(C)c1ccc(C2=CC(=O)c3ccccc3C2=O)cc1,0.0034,ok
CC(=CCC1=C(C)C(=O)c2ccccc2C1=O)CCC=C(C)Cc1cccc(C)c1,0.0035,ok
O=C(Cc1ccccc1)c1cc2c(s1)C(=O)c1c(O)cccc1C2=O,0.0,ok
CC(=CCC1=C(C)C(=O)c2ccccc2C1=O)CCC=C(C)Cc1cccc2ccccc12,0.0253,ok
O=C(c1ccc(Cl)cc1)c1cc2c(s1)C(=O)c1c(O)cccc1C2=O,0.0019,ok
COc1ccc(C(=O)c2cc3c(s2)C(=O)c2c(O)cccc2C3=O)cc1,0.0055,ok
COc1ccc(C(=O)c2cc3c(s2)C(=O)c2c(O)cccc2C3=O)c(O)c1,0.0021,ok
CCC(=O)c1cc2c(s1)C(=O)c1c(OC)cccc1C2=O,0.0001,ok
COc1cccc2c1C(=O)c1sc(C(=O)c3cccnc3)cc1C2=O,0.0082,ok
CCOC(=O)c1cc2c(s1)C(=O)c1c(OC)cccc1C2=O,0.0,ok
O=C1C(Cl)=C(Nc2cccc3cccnc23)C(=O)c2ccccc21,0.0547,ok
CC(=O)Nc1ccc(OC2=CC(=O)c3ccccc3C2=O)cc1,0.0094,ok
COc1ccc(NC2=CC(=O)c3ccccc3C2=O)cc1OC,0.0114,ok
O=C1C=C(Oc2ccc(F)cc2)C(=O)c2ccccc21,0.0062,ok
O=C1C(Oc2ccc(F)cc2)=CC(=O)c2c(O)cccc21,0.0062,ok
COc1ccc(OC2=CC(=O)c3c(O)cccc3C2=O)cc1,0.0059,ok
COc1ccc(OC2=CC(=O)c3cccc(O)c3C2=O)cc1,0.0056,ok
O=C(Nc1nc2ccccc2[nH]1)c1ccc(CNC2=C(Cl)C(=O)c3ccccc3C2=O)cc1,0.0087,ok
O=C(Nc1ccc2ncccc2c1)c1ccc(CNC2=C(Cl)C(=O)c3ccccc3C2=O)cc1,0.0126,ok
CCCCCCCCCCCC(=O)Oc1cccc2c1C(=O)C=C(C)C2=O,0.0156,ok
O=C1C(Cl)=C(C2=C(N3CC3)C(=O)c3ccccc3C2=O)C(=O)c2ccccc21,0.0107,ok
CN(C)C1=C(C2=C(N(C)C)C(=O)c3ccccc3C2=O)C(=O)c2ccccc2C1=O,0.0023,ok
NCCNC(=O)c1cc2c(NCCN)c3c(c(NCCN)c2o1)C(=O)c1ccccc1C3=O,0.0511,ok
O=C(Nc1cnccn1)c1ccc(CNC2=C(Cl)C(=O)c3ccccc3C2=O)cc1,0.013,ok
CN(C)CCNc1cc(N2CCN(c3ncccn3)CC2)c2noc3c2c1C(=O)c1ccccc1-3,0.007,ok
O=C1c2ccccc2-c2onc3c(N4CCN(c5ccccc5)CC4)cc(NCCN4CCCC4)c1c23,0.0074,ok
O=C1c2ccsc2C(=O)c2c(O)ccc(O)c21,0.0,ok
COc1c2c(c(O)c3c1C(=O)c1c(cc(O)c(C)c1O)C3=O)-c1c(cc3cnn(CC(=O)O)c(=O)c3c1O)CC2,0.008,ok
CCCn1ncc2cc3c(c(O)c2c1=O)-c1c(O)c2c(c(OC)c1CC3)C(=O)c1c(cc(O)c(C)c1O)C2=O,0.0078,ok
COC(=O)c1c(C(C)C)cc(O)c2c1C(=O)c1c(c(O)c3c(O)cccc3c1O)C2=O,0.0091,ok
Cc1cc2c(s1)C(=O)c1ccccc1C2=O,0.0,ok
CC(c1cc2c(o1)C(=O)c1ccccc1C2=O)N(CCO)CCO,0.0029,ok
CCN1CCN(C(C)c2cc3c(o2)C(=O)c2ccccc2C3=O)CC1,0.0002,ok
CC(=CCC1=C(C)C(=O)c2ccccc2C1=O)CCC=C(C)CNc1ccccc1,0.0028,ok
CC(c1cc2c(o1)C(=O)c1ccccc1C2=O)N(C)C,0.0014,ok
CC(c1cc2c(o1)C(=O)c1ccccc1C2=O)N1CCNCC1,0.0009,ok
CC(c1cc2c(o1)C(=O)c1ccccc1C2=O)N1CCN(CCO)CC1,0.0003,ok
CC(c1cc2c(o1)C(=O)c1ccccc1C2=O)N1CCN(C)CC1,0.0004,ok
CC(c1cc2c(o1)C(=O)c1ccccc1C2=O)n1cccc1,0.0024,ok
CC(c1cc2c(o1)C(=O)c1ccccc1C2=O)N1CCCC1,0.0018,ok
O=C1C=C(NC(Cc2ccccc2)C(=O)Nc2ccc(C(F)(F)F)cc2)C(=O)c2ccccc21,0.0025,ok
O=C(NCCO)c1cc(OCc2ccccc2)c2c(c1)C(=O)c1cccc(OCc3ccccc3)c1C2=O,0.0324,ok
COc1cc(NC(=O)C(Cc2ccccc2)NC2=CC(=O)c3ccccc3C2=O)cc(OC)c1,0.0056,ok
CC1=C(CCC(C)O)C(=O)c2ccccc2C1=O,0.007,ok
O=C1C(Cl)=C(N2CCCCC2)C(=O)c2c(O)ccc(O)c21,0.1022,ok
O=C1c2ccccc2C(=O)c2c(O)c(C(O)c3ccc(Cl)cc3Cl)cc(O)c21,0.0032,ok
O=C1c2ccccc2C(=O)c2[nH]c(-c3ccncc3Cl)nc21,0.0,ok
COc1ccc(OC)c2c1C(=O)C=C(CNc1nc3ccccc3s1)C2=O,0.0592,ok
O=C1c2ccccc2C(=O)c2[nH]c(-c3ccnc4ccccc34)nc21,0.001,ok
CCNC(C)c1cc2c(o1)C(=O)c1ccccc1C2=O,0.0008,ok
Nc1ncc(-c2nc3c([nH]2)C(=O)c2ccccc2C3=O)cn1,0.0004,ok
COc1cc(-c2nc3c([nH]2)C(=O)c2ccccc2C3=O)ccn1,0.0,ok
O=C1c2ccccc2C(=O)c2[nH]c(-c3cnc[nH]3)nc21,0.0,ok
CS(=O)(=O)Nc1cc2c(c(O)c1O)C(=O)c1ccccc1C2=O,0.0071,ok
CCCCS(=O)(=O)Nc1cc2c(c(O)c1O)C(=O)c1ccccc1C2=O,0.007,ok
O=C1c2ccccc2C(=O)c2c1cc(NS(=O)(=O)C1CCCCC1)c(O)c2O,0.0071,ok
O=C1c2ccccc2C(=O)c2c1cc(NS(=O)(=O)c1cccc3ccccc13)c(O)c2O,0.003,ok
COc1ccc(S(=O)(=O)Nc2cc3c(c(O)c2O)C(=O)c2ccccc2C3=O)cc1OC,0.0015,ok
COc1ccc(S(=O)(=O)Nc2cc3c(c(O)c2O)C(=O)c2ccccc2C3=O)c(OC)c1,0.0164,ok
O=C1c2ccccc2C(=O)c2c1cc(NS(=O)(=O)c1cccc3cccnc13)c(O)c2O,0.0066,ok
COc1cc(NC2=CC(=O)c3ccccc3C2=O)cc(OC)c1OC,0.0108,ok
CC(=O)Oc1cccc2c1C(=O)c1ccc(C(=O)O)cc1C2=O,0.0221,ok
O=C1c2ccccc2C(=O)c2c1[nH]c1ccc(Cl)cc21,0.0,ok
CC1CC(C)CN(c2ccc(S(=O)(=O)Nc3cc4c(c(O)c3O)C(=O)c3ccccc3C4=O)cc2)C1,0.0012,ok
O=C1c2ccccc2C(=O)c2c(NC(=O)C(F)(F)F)cccc21,0.0,ok
Nc1c(Br)cc(Br)c2c1C(=O)c1c(Br)cc(Br)c(N)c1C2=O,0.1367,ok
O=C1c2ccccc2C(=O)c2c1cccc2N1CCCCC1,0.0521,ok
CCCCCC(OC)c1c(O)cc2c(c1O)C(=O)c1c(O)cc(O)cc1C2=O,0.0016,ok
CCCCNC1=C(Cl)C(=O)c2ccccc2C1=O,0.0124,ok
O=C1c2ccccc2C(=O)c2c(Cl)c(Cl)c(Cl)c(Cl)c21,0.0,ok
CC1=C(C2=C(C)C(=O)c3ccccc3C2=O)C(=O)c2ccccc2C1=O,0.0259,ok
COC1=C(C)C(=O)c2c(C(C)C)cc(O)c(C=O)c2C1=O,0.1458,ok
Cc1cc2c(c(O)c1C(=O)O)-c1c(cc3c(c1O)C(=O)c1cc(O)cc(O)c1C3=O)C(O)C2O,0.0146,ok
COC1=C(C)C(=O)c2c(cc3c(c2O)C(C)(CCC=C(C)C)C(C)O3)C1=O,0.0096,ok
COC1=C(C)C(=O)c2ccc3c(c2C1=O)C=CC(C)(CCC=C(C)C)O3,0.0621,ok
COc1cc2c(cc1O)C(=O)C(C)=C(C)C2=O,0.0028,ok
COC1=C(C)C(=O)c2ccc3c(c2C1=O)C=CC(C)(CCCC(C)(C)O)O3,0.0574,ok
COc1c(O)ccc2c1C(=O)c1ccc(C)c(O)c1C2=O,0.0285,ok
CC(=O)c1c(O)cc(O)c(-c2c(C)cc(O)c3c2C(=O)c2cccc(O)c2C3=O)c1O,0.0411,ok
CC1=CCc2c1cc1c(c2C)C(=O)c2ccccc2C1=O,0.0,ok
COc1cc(O)c2c(c1)C(=O)c1c(cc3c(c1O)-c1c(cc(C)c(C(=O)O)c1O)C(O)C3O)C2=O,0.0146,ok
COC(=O)Cc1cc2c(c(O)c1C(C)=O)C(=O)c1c(O)cccc1C2=O,0.0018,ok
CC(=O)CCc1ccc2c(c1C)C(=O)c1ccccc1C2=O,0.0048,ok
COc1ccc2c(c1)C(=O)c1c(ccc(CCC(C)=O)c1C)C2=O,0.0274,ok
C=C(C)C1OC2=C(C(=O)c3ccccc3C2=O)C1O,0.0133,ok
CC(O)c1c(O)cc2c(c1O)C(=O)c1c(O)cc(O)cc1C2=O,0.0021,ok
CC1=CC(=O)c2ccc(C)c(Cl)c2C1=O,0.0,ok
COC1=C(c2c(OC)cc3cc4cc(C)oc(=O)c4c(O)c3c2O)C(=O)c2c(O)cc(C)cc2C1=O,0.0002,ok
O=C1c2cc(CO)cc(O)c2C(=O)c2c1cc(O)c(Cl)c2O,0.006,ok
CC1CCC(O)C(C)(O)C1(C)CCc1ccc2c(c1)C(=O)C=CC2=O,0.0001,ok
COC1=CC(=O)c2c(O)c3c(c(O)c2C1=O)CC(C)(O)CC3O,0.0021,ok
C=C(C)C1CC2=C(O1)C(=O)c1c(OC)cccc1C2=O,0.0121,ok
COc1cc(O)c2c(c1)C(=O)C(CC(C)=O)=C(C)C2=O,0.0139,ok
COc1cccc2c1C(=O)C1=C(C(=O)CC(C)(C)O1)C2=O,0.0843,ok
COC1=C(OC)C(=O)c2c(cc3c(nc(N)n3C)c2-c2ccc(OC)cc2)C1=O,0.0976,ok
COC1=CC(=O)c2c(cc3c4c(cc5c(c24)OCO5)CCN3C)C1=O,0.1104,ok
COc1c(C)cc(O)c2c1C(=O)c1cccc(O)c1C2=O,0.015,ok
C=C(C)C(O)CC1=C(OC)C(=O)c2c(OC)cccc2C1=O,0.0628,ok
CC(=O)c1c(O)cc(OC2OCC(O)C(O)C2O)c(-c2c(C)cc(O)c3c2C(=O)c2cccc(O)c2C3=O)c1O,0.0994,ok
CCCC(=O)c1c(O)cc(O)c2c1C(=O)c1cc(OC)cc(OC)c1C2=O,0.0651,ok
CC1=CC(=O)c2c(c(-c3ccc4c(c3O)C(=O)c3c(O)cc(C)cc3C4=O)c3cccc(O)c3c2O)C1=O,0.0458,ok
COC1=CC(=O)c2ccc3cc(OC)c(OC)c(OC)c3c2C1=O,0.1303,ok
COc1cc(OC(C)=O)c2c(c1)C(=O)c1cc(C)cc(OC(C)=O)c1C2=O,0.0094,ok
CC1=CC(=O)c2c(ccc(C(C)c3ccc4c(c3O)C(=O)C=C(C)C4=O)c2O)C1=O,0.0005,ok
COc1cc(OC)c2c(c1)C(=O)C1=C(C2=O)C(O)OC(C)=C1,0.0464,ok
COc1cc(O)cc2c1C(=O)c1c(cc(C)c(C(=O)OCC(O)CO)c1O)C2=O,0.0007,ok
COc1cc(O)c2c(c1)C(=O)C1=C(C2=O)C(OC)OC(C)=C1,0.0183,ok
COc1cc(O)c2c(c1)C(=O)C1=C(C2=O)C(O)OC(C)=C1,0.0149,ok
COC1=CC(=O)c2ccc3cc(OC)c(OC)c(O)c3c2C1=O,0.0985,ok
Cc1cc(O)c2c(c1)C(=O)c1c(cc(C)c(C3CC(O)C4=C(C(=O)C5=C(C4=O)C(O)CCC5O)C3O)c1O)C2=O,0.0019,ok
COC1=CC(=O)c2ccc3cc(OC)c(O)c(OC)c3c2C1=O,0.1149,ok
COC1=CC(=O)c2c(cc3oc4cc(OC)cc(C)c4c(=O)c3c2O)C1=O,0.0,ok
O=C1c2cccc(O)c2C(=O)c2c(OC3OC(CO)C(O)C(O)C3O)cc(CO)cc21,0.0222,ok
Cc1c2c(cc3c1C(=O)C=C(C(C)C)C3=O)C(C)(C)CCC2,0.0214,ok
CNC1CC(c2c(O)c3c(c4c(O)cc(C)cc24)C(=O)c2cccc(O)c2C3=O)OC(C)C1O,0.0886,ok
C=C1CCCC(C)(C)C1CCc1ccc2c(c1)C(=O)C=C(OC)C2=O,0.0059,ok
CCCc1ccc2c(c1)C(=O)c1cc3cccc(OC)c3cc1C2=O,0.0003,ok
COc1c(O)cc2c(c1OC)C(=O)c1ccc(C)cc1C2=O,0.0247,ok
COc1ccc2c(c1OC)C(=O)c1ccc(C)cc1C2=O,0.027,ok
Cc1c(O)c(C(=O)CC(C)C)c2c(c1O)C(=O)c1cccc(O)c1C2=O,0.0314,ok
CCCCCC(OCCCC)c1c(O)cc2c(c1O)C(=O)c1c(cc(O)c(Cl)c1O)C2=O,0.0011,ok
COc1ccc2c(c1O)C(=O)c1ccc(C)cc1C2=O,0.0006,ok
O=C1c2ccc(O)cc2C(=O)c2c(O)cc(CO)cc21,0.0002,ok
CC1(C)OC2=C(CC1Cl)C(=O)c1c(O)cc(O)cc1C2=O,0.0031,ok
Cc1occ2c1C(=O)c1c(ccc(O)c1O)C2=O,0.0,ok
Nc1c(C=O)ccc2c1C(=O)c1ccccc1C2=O,0.0293,ok
COC1=C(C(C)C)C(=O)c2c(O)cc3c(c2C1=O)C=CC(=NO)C3(C)C,0.1122,ok
Nc1c(CO)ccc2c1C(=O)c1ccccc1C2=O,0.0244,ok
O=C1C=C(S(=O)(=O)O)C(=O)c2ccccc21,0.0046,ok
CCC1=CC(=O)c2ccccc2C1=O,0.0,ok
O=c1ccc(=O)c2c(=O)c3ccccc3c(=O)c1=2,0.0,ok
O=C1C(Cl)=C(NCCO)C(=O)c2ccccc21,0.0183,ok
O=C1c2ccc3ccccc3c2C(=O)c2ccc3ccccc3c21,0.0,ok
O=C1C=CC(=O)c2cc(CO)ccc21,0.0025,ok
O=C1C=C(CCl)C(=O)c2ccccc21,0.0168,ok
Nc1c(Cl)cc2c(c1Br)C(=O)c1ccccc1C2=O,0.0353,ok
CNC1=C(Cl)C(=O)c2ccccc2C1=O,0.0091,ok
O=c1c2ccccc2c(=O)c2c1c1c(=O)c3ccccc3c(=O)c1c1c(=O)c3ccccc3c(=O)c21,0.143,ok
CCN(CC)CCNc1ccc(NCCN(CC)CC)c2c1C(=O)c1c(O)ccc(O)c1C2=O,0.0499,ok
CCCNC1=C(Cl)C(=O)c2ccccc2C1=O,0.0105,ok
O=C1c2ccccc2C(=O)c2cscc21,0.0,ok
O=C1C(Cl)=C(Nc2ccc(Cl)cc2)C(=O)c2ccccc21,0.0167,ok
O=C1c2ccccc2C(=O)c2[nH]ncc21,0.0,ok
COc1ccc(OC)c2c1C(=O)C=CC2=O,0.0444,ok
CC(C)=CCC1=C(Cl)C(=O)c2ccccc2C1=O,0.0185,ok
O=C1c2ccccc2C(=O)c2c1oc1c2ccc2ccccc21,0.0,ok
CCOC1=CC(=O)c2ccccc2C1=O,0.0,ok
CC(=O)NC1=C(N)C(=O)c2ccccc2C1=O,0.0871,ok
NC1=CC(=O)c2c(O)ccc(O)c2C1=O,0.0327,ok
Cc1ccc(Cl)c2c1C(=O)c1ccccc1C2=O,0.0513,ok
O=C1c2ccccc2C(=O)c2c1oc(=O)c1ccccc21,0.0,ok
O=C1c2cccnc2C(=O)c2c(O)ccc(O)c21,0.0,ok
CCN(CC)CC(=O)Nc1ccc2c(c1)C(=O)c1ccc(NC(=O)CN(CC)CC)cc1C2=O,0.0004,ok
O=C1c2ccccc2C(=O)c2c(O)c3c(c(O)c21)CCCC3,0.033,ok
Cc1ccc(C)c2c1C(=O)c1c(C)ccc(C)c1C2=O,0.1369,ok
Cc1ccc(O)c2c1C(=O)c1ccccc1C2=O,0.0,ok
O=C1c2ccccc2C(=O)c2n[nH]nc21,0.0,ok
O=C1c2ccccc2C(=O)c2c1cc(Sc1ccccc1)c1nsnc21,0.001,ok
O=C1C(c2ccccc2)=C(c2ccccc2)C(=O)c2ccccc21,0.0045,ok
O=C1C=C(Sc2ccccc2)C(=O)c2ccccc21,0.0061,ok
O=C1c2cccc(O)c2C(=O)c2c1cc(CO)c(-c1c(CO)cc3c(c1O)C(=O)c1c(O)cccc1C3=O)c2O,0.0011,ok
O=C1C=C(N2CCOCC2)C(=O)c2ccccc21,0.0214,ok
O=C1C=C(Br)C(=O)c2c(O)cccc21,0.0,ok
O=C1C=C(C2=CC(=O)c3ccccc3C2=O)C(=O)c2ccccc21,0.0,ok
Cc1ccc2c(c1)C(=O)c1cc(C)ccc1C2=O,0.0006,ok
Cc1ccc(OC2=C(Cl)C(=O)c3ccccc3C2=O)cc1,0.0285,ok
[N-]=[N+]=NC1=C(Cl)C(=O)c2ccccc2C1=O,0.0056,ok
COc1cc(C(=O)c2c(C(F)(F)F)oc3c2C(=O)c2ccccc2C3=O)cc(OC)c1OC,0.0089,ok
COc1ccc(NC2=C(Cl)C(=O)c3ccccc3C2=O)cc1,0.0183,ok
CCC(=O)Oc1cccc2c1C(=O)c1cccc(OC(=O)CC)c1C2=O,0.0078,ok
CCCCOC1=C(C)C(=O)c2ccccc2C1=O,0.0067,ok
CC(=O)NCCNc1ccc(NCCNC(C)=O)c2c1C(=O)c1ccncc1C2=O,0.0414,ok
O=C(CCc1ccccc1)Oc1cccc2c1C(=O)c1cccc(OC(=O)CCc3ccccc3)c1C2=O,0.006,ok
CC(C)(C)C(=O)Oc1cccc2c1C(=O)c1cccc(OC(=O)C(C)(C)C)c1C2=O,0.0537,ok
CCCCOC1=CC(=O)c2ccccc2C1=O,0.0063,ok
O=C1C2=C(C(=O)c3ccccc31)C(O)OCC2,0.0194,ok
Cc1cnc2c(c1)C(=O)c1ccccc1C2=O,0.0006,ok
O=C1C=C(Nc2cccc(F)c2)C(=O)c2ccccc21,0.0113,ok
COCCNCCNc1ccc(NCCNCCOC)c2c1C(=O)c1ccncc1C2=O,0.0149,ok
O=C(Oc1cccc2c1C(=O)c1cccc(OC(=O)c3ccccc3Cl)c1C2=O)c1ccccc1Cl,0.0395,ok
CCCC(=O)Oc1cccc2c1C(=O)c1cccc(OC(=O)CCC)c1C2=O,0.0078,ok
O=C(C1=CC(=O)c2ccccc2C1=O)c1ccccc1,0.0089,ok
O=C(Oc1cccc2c1C(=O)c1cccc(OC(=O)c3ccc(Cl)cc3)c1C2=O)c1ccc(Cl)cc1,0.009,ok
Cc1cccc(C(=O)Oc2cccc3c2C(=O)c2cccc(OC(=O)c4cccc(C)c4)c2C3=O)c1,0.0095,ok
Cc1ccccc1C(=O)Oc1cccc2c1C(=O)c1cccc(OC(=O)c3ccccc3C)c1C2=O,0.0661,ok
CCCCCC(=O)Oc1cccc2c1C(=O)c1cccc(OC(=O)CCCCC)c1C2=O,0.0101,ok
Cc1ccc(C(=O)Oc2cccc3c2C(=O)c2cccc(OC(=O)c4ccc(C)cc4)c2C3=O)cc1,0.0534,ok
O=C(Oc1cccc2c1C(=O)c1cccc(OC(=O)c3ccc(Cl)cc3Cl)c1C2=O)c1ccc(Cl)cc1Cl,0.0349,ok
COc1c(C)cc2c(c1O)C(=O)c1c(O)cccc1C2=O,0.0019,ok
Cc1ccc2c(c1)C(=O)c1c(O)ccc(O)c1C2=O,0.0005,ok
O=C1c2ccccc2C(=O)c2[nH]ccc21,0.0,ok
CC(O)c1cc(O)c2c(c1O)C(=O)c1ccccc1C2=O,0.0054,ok
NC1=C(C2=C(N)C(=O)c3ccccc3C2=O)C(=O)c2ccccc2C1=O,0.0081,ok
O=C1C=C(C(F)(F)F)C(=O)c2ccccc21,0.0,ok
COc1c(C)c(C)c(OC)c2c1C(=O)c1ccccc1C2=O,0.0648,ok
O=C1c2ccccc2C(=O)c2[nH]c(-c3ccccc3)nc21,0.0,ok
CCCCCCCCCCC1=C(C)C(=O)c2ccccc2C1=O,0.0056,ok
COc1cc2c(cc1OC)C(=O)c1cc(OC)c(OC)cc1C2=O,0.0,ok
O=C1c2ccccc2C(=O)c2cc(Br)c(O)cc21,0.0,ok
COc1cc(C)cc2c3c([nH]c12)C(=O)c1ccccc1C3=O,0.0001,ok
O=C1c2ccccc2C(=O)c2c1cc(S(=O)(=O)c1ccccc1)c1nsnc21,0.0065,ok
O=C(CN1CCOCC1)Nc1ccc2c(c1)C(=O)c1ccc(NC(=O)CN3CCOCC3)cc1C2=O,0.0009,ok
COc1cccc2c1C(=O)c1c(OC)cc(CO)cc1C2=O,0.0773,ok
COc1cc(C)cc2c1C(=O)c1c(OC)cc(O)cc1C2=O,0.078,ok
CC1=C(C(=O)c2ccc(C(F)(F)F)cc2)C(=O)c2ccccc2C1=O,0.0084,ok
O=C1C(Cc2ccc(Br)cc2)=C(C(F)F)C(=O)c2ccccc21,0.0432,ok
COc1ccc(-c2nc3c([nH]2)C(=O)c2ccccc2C3=O)cc1,0.0,ok
O=C(Oc1cccc2c1C(=O)c1cccc(OC(=O)c3ccccc3)c1C2=O)c1ccccc1,0.0532,ok
O=C(C1=CC(=O)c2ccccc2C1=O)c1cccc(F)c1,0.0078,ok
O=C(C1=CC(=O)c2ccccc2C1=O)c1cccc(Cl)c1,0.0078,ok
O=C(C1=CC(=O)c2ccccc2C1=O)c1ccc(Cl)cc1,0.0082,ok
O=C(C1=CC(=O)c2ccccc2C1=O)c1ccc(F)cc1,0.0083,ok
Nc1cccc2c1C(=O)c1sccc1C2=O,0.0179,ok
CCc1c(O)c2c(c(O)c1OC)C(=O)C(OC)=C(OC)C2=O,0.0124,ok
Nc1ccc2c(c1Cl)C(=O)c1ccccc1C2=O,0.0177,ok
O=C1c2ccc(S(=O)(=O)O)cc2C(=O)c2cc(S(=O)(=O)O)ccc21,0.0043,ok
Nc1c(Cl)ccc2c1C(=O)c1ccccc1C2=O,0.0293,ok
Nc1cc(S(=O)(=O)O)c(O)c2c1C(=O)c1c(O)c(S(=O)(=O)O)cc(N)c1C2=O,0.0542,ok
Nc1c(Cl)cc(Cl)c2c1C(=O)c1ccccc1C2=O,0.067,ok
C=CS(=O)(=O)c1ccc(Nc2cc(S(=O)(=O)O)c(N)c3c2C(=O)c2ccccc2C3=O)cc1,0.049,ok
O=C1c2c([N+](=O)[O-])cc(S(=O)(=O)O)c(O)c2C(=O)c2c([N+](=O)[O-])cc(S(=O)(=O)O)c(O)c21,0.0788,ok
COc1cc2c(c(O)c1OC)C(=O)c1c(cc(C)c(O)c1OC)C2=O,0.009,ok
O=C1c2ccccc2C(=O)c2c1cc(O)c(C(=O)O)c2O,0.0003,ok
COC1=CC(=O)c2c(O)c(OC)c(OC)c(O)c2C1=O,0.0125,ok
O=C1c2ccccc2C(=O)c2c(O)cc(CO)cc21,0.0001,ok
CCC1(O)CCc2c(O)c3c(c(O)c2C1OC1CC(N(C)C)C(O)C(C)O1)C(=O)c1cccc(O)c1C3=O,0.0133,ok
COc1cc(O)c2c(c1)C(=O)c1cc(C)c(O)c(O)c1C2=O,0.0,ok
COc1cc(OC)c2c(c1O)C(=O)c1cc(C)ncc1C2=O,0.0414,ok
Cc1cc(O)c2c(c1)C(=O)c1cc(C(=O)O)cc(O)c1C2=O,0.0006,ok
Cc1cc(O)cc2cc3c(c(O)c12)C(=O)c1c(O)cc(O)cc1C3=O,0.0,ok
COc1c(C)ccc2c1C(=O)c1ccccc1C2=O,0.014,ok
CCOCc1c(O)cc2c(c1OC)C(=O)c1ccccc1C2=O,0.008,ok
COc1cc2c(c(OC)c1OC)C(=O)c1c(cc(C)c(OC3OC(CO)C(O)C(O)C3O)c1OC)C2=O,0.0925,ok
O=C1c2ccccc2C(=O)c2c1ccc1c2OCCO1,0.0036,ok
CC(C)=CCCC(C)=CCOc1cc(O)c2c(c1)C(=O)c1cc(C)cc(O)c1C2=O,0.0005,ok
COc1ccc2c(c1OC)C(=O)c1oc(C(C)=O)cc1C2=O,0.0108,ok
Cc1cc2c(c(O)c1-c1c(C)cc3c(c1O)C(=O)c1c(O)cc(O)cc1C3=O)C(=O)c1c(O)cc(O)cc1C2=O,0.0025,ok
CCCCC(=O)c1c(CC(=O)OC)cc2c(c1O)C(=O)c1c(O)cccc1C2=O,0.0024,ok
Cc1c(O)c(O)cc2c1C(=O)c1ccccc1C2=O,0.0,ok
COc1c(CO)c(O)cc2c1C(=O)c1cccc(O)c1C2=O,0.0085,ok
Cc1cc(O)c2c(c1)C(=O)c1c(oc3c1c(=O)oc1cccc(C)c13)C2=O,0.0005,ok
Cc1cc(O)c2c(c1)C1OC(=O)C(CO)N1C1=C2C(=O)c2cccc(OC3CC(O)C(O)C(C)O3)c2C1=O,,no_quinone_ring_found
CC(=O)c1c(C)cc2c(c1O)C(=O)c1c(O)cc(O)cc1C2=O,0.0018,ok
COc1ccc2c(c1)C(=O)c1cc(C)ccc1C2=O,0.0006,ok
COc1ccc(OC)c2c1C(=O)C=C(C)C2=O,0.0563,ok
COc1ccc2c(c1OC)C(=O)C=C(C)C2=O,0.0202,ok
COc1c(C=O)c(O)c(O)c2c1C(=O)c1ccccc1C2=O,0.0112,ok
COc1cc2c(c(O)c1CC(=O)C(C)C)C(=O)c1c(O)cc(C)cc1C2=O,0.0011,ok
COc1cc2c(c(O)c1C)C(=O)c1c(O)cc(C)cc1C2=O,0.0016,ok
COc1cc(O)c2c(c1O)C(=O)c1cc(C)c(O)cc1C2=O,0.0,ok
CCc1cc(NCCO)c2c(O)c3c(c(O)c2c1C(=O)OC)C(=O)c1cccc(O)c1C3=O,0.0004,ok
O=C(O)c1cc(O)c2c(c1)C(=O)c1c(O)cccc1C2=O,0.0,ok
Cc1cc(O)c2c(c1)C(=O)C1=C(C2=O)C(O)C(O)C(O)C1,0.0076,ok
CC(O)C(O)c1cc(O)c2c(c1)C(=O)c1cc(O)cc(O)c1C2=O,0.0043,ok
CC1(C)CC(O)C2=C(O1)C(=O)c1c(O)cccc1C2=O,0.0128,ok
COCc1c(O)cc2c(c1O)C(=O)c1cccc(O)c1C2=O,0.0008,ok
COC(=O)C1c2c(O)c3c(c(O)c2C(O)CC1(C)O)C(=O)c1c(O)cccc1C3=O,0.0057,ok
Cc1cc(O)c2c(c1)C(O)C13Cc4cc(O)c5c(O)c6c(cc5c4C1C=CC(O)C3OC2=O)C(=O)C=CC6=O,,no_quinone_ring_found
CCCCCC(OCCCC)c1c(O)cc2c(c1O)C(=O)c1c(O)cc(O)cc1C2=O,0.0004,ok
CC1OC(OC23C(=O)C(O)C(C)(O)CC2(O)C=CC2=C3C(=O)c3cccc(O)c3C2=O)CCC1O,0.2785,ok
COC(=O)C(O)C(C)(O)Cc1ccc2c(c1O)C(=O)c1cccc(O)c1C2=O,0.0014,ok
COc1c(O)c2c(c3c1OC1(O)C3(O)OC(C)C1(C)C)C(=O)C(C)=CC2=O,0.0308,ok
CC(=O)Cc1cc(O)c2c(c1)C(=O)c1cc(O)cc(O)c1C2=O,0.0038,ok
O=C(O)c1cc(O)c2c(c1)C(=O)c1cc(O)c(O)c(O)c1C2=O,0.0,ok
CC(=O)C(O)c1cc(O)c2c(c1)C(=O)c1cc(O)cc(O)c1C2=O,0.0061,ok
CCc1cc(O)c2c3c(c(O)cc2c1)C(=O)c1c(O)cccc1C3=O,0.0662,ok
O=C1c2ccccc2C(=O)c2c(NC(=O)C(F)(F)C(F)(F)C(F)(F)F)cccc21,0.0015,ok
COc1cc(O)c2c(c1O)C(=O)C1=C(C2=O)C(O)C2(CCc3cc4cc(C(=O)O)oc(=O)c4c(O)c3O2)O1,0.0084,ok
Cc1cc(O)c2c(c1)C(=O)C(c1c(O)c3c(C)cccc3oc1=O)=C(c1c(O)c3c(C)cccc3oc1=O)C2=O,0.0146,ok
Nc1cc2c(cc1O)C(=O)c1ccccc1C2=O,0.0013,ok
COc1cccc2c1C(=O)c1ccc3c(c1C2=O)C(=O)C(O)C(C)C3OC(C)=O,0.1047,ok
COc1cc2c(c(O)c1OC)C(=O)c1c(O)cc(C)c(OC)c1C2=O,0.0198,ok
O=C1c2cccc(Br)c2C(=O)c2cccc(Br)c21,0.0,ok
O=C1c2ccc(Br)cc2C(=O)c2ccc(Br)cc21,0.0,ok
O=C1c2cccc(F)c2C(=O)c2cccc(F)c21,0.0,ok
N#CCCOCCOc1cc(O)c2c(c1N)C(=O)c1ccccc1C2=O,0.0291,ok
COc1ccc(C(=O)Nc2ccc(O)c3c2C(=O)c2c(O)ccc(NC(=O)c4ccc(OC)cc4)c2C3=O)cc1,0.0024,ok
COCCOCCOc1cc(O)c2c(c1N)C(=O)c1ccccc1C2=O,0.0313,ok
CC(C)Nc1ccc(O)c2c1C(=O)c1c(O)ccc(N)c1C2=O,0.05,ok
CCCCC(CC)Cc1cc(O)c2c(c1O)C(=O)c1ccccc1C2=O,0.0015,ok
CC(C)=CCc1c(O)cc2c(c1O)C(=O)c1c(O)cc(C)cc1C2=O,0.0007,ok
COc1c(C)ccc2c1C(=O)c1ccc(O)cc1C2=O,0.0137,ok
Nc1ccccc1C(=O)OCCCCCCOc1cc(O)c2c(c1N)C(=O)c1ccccc1C2=O,0.0311,ok
CNc1ccc(Nc2ccccc2)c2c1C(=O)c1ccccc1C2=O,0.025,ok
Nc1ccc(NC2CCCCC2)c2c1C(=O)c1ccccc1C2=O,0.0244,ok
Cc1cc(O)c2c3c(n(C#N)c2c1)C(=O)c1c(O)cccc1C3=O,0.0002,ok
CC(=O)OCCC1c2c(cc3c(c2O)C(=O)c2c(O)cc(O)cc2C3=O)OC1O,0.001,ok
COC1=C(C)C(=O)c2c(cc(O)c3c2OC(C)C3(C)C(O)CC=C(C)C)C1=O,0.0087,ok
COC1=C(C)C(=O)c2c(cc(O)c3c2OC(C)C3(C)C2CC=C(C)C(O)O2)C1=O,0.0143,ok
COC1=C(C)C(=O)c2c(cc(O)c3c2OC(C)C3(C)C(O)CC=C(CO)CO)C1=O,0.0134,ok
COc1ccc(O)c2c1C(=O)c1ccc3c(c1C2=O)C(=O)CC(C)C3,0.109,ok
CC1=CC(=O)c2c(C)ccc(C(C)C)c2C1=O,0.0728,ok
COc1ccc(O)c2c1C(=O)c1ccc3c(c1C2=O)C(O)CC(C)C3,0.0674,ok
COc1cc(O)c(OC)c2c1C(=O)c1ccccc1C2=O,0.0576,ok
COC(=O)c1c(O)cc2c(c1O)C(=O)c1ccccc1C2=O,0.0,ok
CCC1(O)CC(O)c2c(O)c3c(c(O)c2C1O)C(=O)c1cccc(O)c1C3=O,0.0048,ok
COc1c(O)c(C)cc2c1C(=O)c1ccccc1C2=O,0.0269,ok
CC(=O)CCC1COc2cc3c(c(O)c21)C(=O)c1c(O)cc(O)cc1C3=O,0.0012,ok
COc1cc(O)c2c(c1)C(=O)c1cc(C)ccc1C2=O,0.0006,ok
CCC1(O)CCc2c(cc3c(c2O)C(=O)c2c(O)ccc(O)c2C3=O)C1C(=O)OC,0.002,ok
O=C1c2cccc(O)c2C(=O)c2ccoc21,0.0,ok
CCC1(O)CC(O)c2c(O)c3c(c(O)c2C1C(=O)OC)C(=O)c1c(O)ccc(O)c1C3=O,0.0044,ok
COc1cc(O)cc2c1C(=O)c1c(O)cc(C)c(O)c1C2=O,0.0,ok
O=C(O)c1c(O)c(O)c2c(c1O)C(=O)c1ccccc1C2=O,0.0009,ok
Cc1cc2c(oc1=O)C(=O)c1c(O)cccc1C2=O,0.0,ok
COc1c(O)cc(O)c2c1C(=O)c1ccccc1C2=O,0.0089,ok
Cc1ccc2c(c1)C(=O)c1cccc(O)c1C2=O,0.0006,ok
O=C1c2ccccc2C(=O)c2c1cc(O)c(Cc1ccccc1)c2O,0.0021,ok
Cc1cc(O)c2c(c1)C(=O)C(C1=CC(=O)c3c(O)cc(C)cc3C1=O)=CC2=O,0.0238,ok
COc1cc(O)c2c(c1)C(=O)c1cc(CO)cc(O)c1C2=O,0.0002,ok
Cc1cc(O)cc2c1C(=O)c1c(O)cccc1C2=O,0.0,ok
COC1=CC(=O)c2c(O)c3c(c(O)c2C1=O)CC1(C)OC(C(=O)O)CC3O1,0.008,ok
COC1=CC(=O)c2ccc3cccc(O)c3c2C1=O,0.0906,ok
COC(=O)c1ccc2c(c1)C(=O)c1ccccc1C2=O,0.0,ok
COC(=O)c1c(O)cc2c(c1C)C(=O)c1c(O)cc(O)cc1C2=O,0.0282,ok
COc1cc(O)c2c(c1)C(=O)c1cc(C)c(C=CC(C)C)c(O)c1C2=O,0.0004,ok
COC1=C(C)C(=O)c2c(cc(O)c3c2OC(C)C3(C)CCC=C(C)CO)C1=O,0.0068,ok
COc1c(O)c2ccccc2c2oc3c(c12)C(=O)c1ccccc1C3=O,0.0059,ok
CC12CCC(O)C(O1)c1c(cc3c(c1O)C(=O)c1c(O)cc(O)cc1C3=O)O2,0.0029,ok
CCC1CC(=O)c2c(cc(O)c3c2C(=O)c2cccc(O)c2C3=O)C1,0.2372,ok
O=C1c2cc(O)cc(O)c2C(=O)c2c1cc(O)c(C1CCOC1=O)c2O,0.0029,ok
CC(C)=CCCC(C)=CCC1=C(C)C(=O)c2c(O)cc(O)cc2C1=O,0.0166,ok
COc1ccc(O)c2c1C(=O)c1ccc3c(c1C2=O)C(O)CC(C)(O)C3,0.0666,ok
COc1cc2c(c(O)c1O)C(=O)c1ccc(C)cc1C2=O,0.0006,ok
CCC(=O)CC(=O)c1c(CC(=O)O)cc2c(c1O)C(=O)c1c(O)cccc1C2=O,0.0013,ok
C=CC(C)(CO)c1c(O)cc2c(c1O)C(=O)C1=C(C2=O)C2CC(C)C(OC(=O)C(C)C)CC2C(C)(C)O1,0.0507,ok
O=C1c2cc(O)ccc2C(=O)c2c(O)cc(O)cc21,0.0,ok
COc1cccc2c1C(=O)c1ccc3c(c1C2=O)C(O)CC(C)C3O,0.0797,ok
CCOC(=O)c1c(O)cc2c(c1O)C(=O)c1ccccc1C2=O,0.0001,ok
CC1(O)Cc2c(O)c3c(c(O)c2C(O)C1)C(=O)c1c(O)cccc1C3=O,0.002,ok
COc1cccc2c1C(=O)c1c(cc3cc(C)cc(OC)c3c1O)C2=O,0.0028,ok
COc1cccc2c1C(=O)C(c1c(O)cc(OC)c3c(O)cc(C)cc13)=C(C)C2=O,0.097,ok
COc1cc2c(c(O)c1CO)C(=O)c1ccccc1C2=O,0.0026,ok
COc1cccc2c1C(=O)c1ccc3c(c1C2=O)C(O)CC(C)C3OC(=O)C(C)C,0.0683,ok
O=C1C2=C(COC=C2)C(=O)c2ccccc21,0.0,ok
COc1cc2c(c(OC)c1O)C(=O)c1cc(C=O)ccc1C2=O,0.031,ok
Cc1cc(O)c2c(c1)C(=O)c1c(Cl)c(O)c(Cl)c(O)c1C2=O,0.0044,ok
COC1=CC(=O)c2c(O)c3c(c(O)c2C1=O)OC1(Oc2c(cc4cc(C)oc(=O)c4c2O)C(O)C1O)C3O,0.0227,ok
CC(=O)CCC(C(=O)O)c1c(O)cc2c(c1O)C(=O)c1c(O)cc(O)cc1C2=O,0.0088,ok
CCC1CC(=O)c2c(cc(O)c3c2C(=O)c2cccc(OC)c2C3=O)C1,0.2341,ok
CC1(CO)OC2=C(C(=O)c3cc(O)cc(O)c3C2=O)c2cc(CO)ccc21,0.0475,ok
COC1=CC(=O)c2cc(Cc3ccc(O)c(OC)c3)c(C)c(-c3ccc(O)c(OC)c3)c2C1=O,0.0488,ok
O=C1c2cc(O)cc(O)c2C(=O)c2c1cc(O)c(C(CCO)C(=O)O)c2O,0.0007,ok
CC1=C(CCO)C(=O)c2c(O)cccc2C1=O,0.0291,ok
CCCc1c(C(=O)OC)c(OC)cc2c1C(=O)c1c(O)cccc1C2=O,0.0234,ok
COC1=C(OC)C(=O)c2c(cc3ccccc3c2O)C1=O,0.0117,ok
CCCC1OC(C)=Cc2cc3c(c(O)c21)C(=O)C(C1OCC(O)C(CO)O1)=CC3=O,0.0175,ok
Cc1cc(O)c2c(c1)C(=O)c1cc(OCC=C(CO)CO)cc(O)c1C2=O,0.0021,ok
CC(=CCOc1cc(O)c2c(c1)C(=O)c1cc(C)cc(O)c1C2=O)CO,0.0011,ok
COC1=CC(=O)c2c(ccc3cc(O)c(OC)cc23)C1=O,0.014,ok
COC(=O)c1cc(O)c2c(c1)C(=O)c1ccccc1C2=O,0.0,ok
COC1=CC(=O)c2cc3c4c(cc(OC)c(OC)c4c2C1=O)CCN3,0.1297,ok
COCc1c(O)cc2c(c1O)C(=O)c1ccc(O)cc1C2=O,0.0009,ok
COc1cc(O)c2c(c1)C(=O)c1cc(C)c(C(=O)O)c(O)c1C2=O,0.0006,ok
COc1c(CO)c(O)cc2c1C(=O)c1ccc(O)cc1C2=O,0.0183,ok
Cc1cccc2c1C(=O)c1c(CO)coc1C2=O,0.0124,ok
COc1c(C)c(O)cc2c1C(=O)c1ccc(O)cc1C2=O,0.0164,ok
COc1cc(O)cc2cc3c(c(O)c12)C(=O)C=C(C)C3=O,0.0,ok
COc1cc(OC)c2c(c1)C(=O)c1cc3c(c(O)c1C2=O)C(=O)OC3C,0.0003,ok
CC(=O)c1c(O)cc2c(c1O)C(=O)c1c(O)cc(O)cc1C2=O,0.001,ok
COC(=O)c1c(O)cc2c(c1OC)C(=O)c1ccccc1C2=O,0.0302,ok
COc1cc2c(cc1CO)C(=O)c1cc(O)cc(O)c1C2=O,0.0009,ok
Cc1c(O)cc2c(c1O)C(=O)C1=C(C2=O)C2=CC(C)(O)CCC2C(C)(C)O1,0.0419,ok
Cc1c2c(c(C(C)O)n1CCO)C(=O)c1cccc(O)c1C2=O,0.0032,ok
O=C1c2cccc(O)c2C(=O)c2c(CO)cc(O)cc21,0.0096,ok
COC1=C(C)C(=O)c2c(cc(O)c(CC=C(C)C)c2O)C1=O,0.0076,ok
COc1cc(O)c2c(c1)C(=O)c1cc(C(=O)O)cc(O)c1C2=O,0.0,ok
COc1ccc2c(c1OC)C(=O)c1cc(O)c(C)c(OC)c1C2=O,0.0733,ok
CC(=O)c1c2c(c(C)n1-c1ccccc1C(=O)O)C(=O)c1c(O)cccc1C2=O,0.0081,ok
COc1cc2c(c(O)c1OC)C(=O)c1cc(C)ccc1C2=O,0.0011,ok
COc1cc(O)c2c(c1)C(=O)C1=C(COC1OC)C2=O,0.0149,ok
COc1ccc2c(c1OC)C(=O)c1cc(O)c(C)c(O)c1C2=O,0.0283,ok
COc1cc2c(c(O)c1CC=C(C)C)C(=O)c1c(O)cc(C)cc1C2=O,0.0008,ok
COc1cc(O)c2c(c1)C(=O)c1cc3c(c(O)c1C2=O)C(=O)OC(C)C3,0.0033,ok
CCc1cc2c(c(O)c1C(=O)O)C(=O)c1c(OC)cc(OC)cc1C2=O,0.0004,ok
Cc1cc(O)c2c(c1)C(=O)c1ccc(O)cc1C2=O,0.0006,ok
Cc1cc(O)c2c(c1)C(=O)C(C1=CC(=O)c3cc(C)cc(O)c3C1=O)=CC2=O,0.0263,ok
COc1cc(C)c(O)c2c1C(=O)c1ccccc1C2=O,0.0,ok
COc1c(C(C)=O)c(O)cc(O)c1-c1c(C)cc(O)c2c1C(=O)c1cccc(O)c1C2=O,0.0511,ok
COc1cc2c(c(OC)c1OC)C(=O)c1ccccc1C2=O,0.0206,ok
COC(=O)CC1CC2=C(C(=O)c3c(O)cccc3C2=O)C(C)O1,0.03,ok
COc1cc(C)cc2c1C(=O)c1ccccc1C2=O,0.0061,ok
CCC1(O)Cc2c(O)c3c(c(O)c2C(O)C1)C(=O)c1c(OC)cccc1C3=O,0.0041,ok
CCOC1=CC(=O)c2c(O)cccc2C1=O,0.0,ok
COc1ccc2c(c1)C(=O)c1cc(C(C)=O)oc1C2=O,0.0,ok
CCC(=O)CCc1c(CC(=O)OC)cc2c(c1O)C(=O)c1c(O)cccc1C2=O,0.0045,ok
COc1cc(O)c2c(c1)C(=O)c1cc(CC(C)=O)cc(O)c1C2=O,0.0037,ok
COc1cc2c(c(OC)c1O)C(=O)c1ccccc1C2=O,0.0303,ok
CCOC(=O)c1ccc2c(c1O)C(=O)c1ccccc1C2=O,0.0,ok
COc1cc(O)c2c(c1)C(=O)c1cc(C=O)cc(O)c1C2=O,0.0,ok
O=C(O)c1cc2c(cc1O)C(=O)c1ccccc1C2=O,0.0024,ok
COc1cc2c(c(O)c1Cl)C(=O)c1c(O)cc(C)cc1C2=O,0.0006,ok
COC(=O)c1c(C)cc2c(c1O)C(=O)c1c(cc(O)c(CC=C(C)C)c1O)C2=O,0.0006,ok
COC(=O)c1c(C)cc2c(c1O)C(=O)c1c(cc3c(c1O)C=CC(C)(C)O3)C2=O,0.0007,ok
COC(=O)c1c(COC(C)=O)cc2c(c1O)C(=O)c1c(cc3c(c1O)C=CC(C)(C)O3)C2=O,0.0016,ok
COc1cc(=O)c2ccc3c(=O)cc(OC)c(=O)c3c2c1=O,0.1006,ok
O=C1c2cc(CO)ccc2C(=O)c2c(O)cccc21,0.001,ok
Cc1cc2c(c(C)n1)C(=O)c1c(O)cccc1C2=O,0.0,ok
Cc1cc2c([nH]1)C(=O)c1c(O)cccc1C2=O,0.0,ok
COc1ccc2c(c1)C(=O)c1cc(O)c(C)c(O)c1C2=O,0.0,ok
COC1=CC(=O)c2c(O)c3c(c(-c4ccc5c(c4O)C(=O)c4c(O)cc(C)cc4C5=O)c2C1=O)CC(C)OC3C,0.0613,ok
COc1cc(O)cc2c1C(=O)c1c(O)c(C(=O)O)c(C)c(O)c1C2=O,0.0927,ok
COc1cc(O)cc2c1C(=O)c1c(cc(C)c(C(=O)O)c1O)C2=O,0.0005,ok
COc1cc(O)c2c(O)c3c(cc2c1)C(=O)C(C)=CC3=O,0.0,ok
CCCCc1cc(O)cc2c1C(=O)c1c(O)ccc(O)c1C2=O,0.048,ok
Cc1c(O)cc2c(c1O)C(=O)c1ccc(O)c(O)c1C2=O,0.001,ok
CC1=C(CC2=CC(=O)c3c(O)cccc3C2=O)C(=O)c2c(O)cccc2C1=O,0.0183,ok
CCC1(O)CCc2c(cc3c(c2O)C(=O)c2c(O)cccc2C3=O)C1C(=O)OC,0.0145,ok
CCC(=O)c1c(CC(=O)OC)cc2c(c1O)C(=O)c1c(O)cccc1C2=O,0.0035,ok
Cc1cc(O)c2c(c1)C1OC(=O)C(C)N1C1=C2C(=O)c2cccc(OC3CC(O)C(O)C(C)O3)c2C1=O,,no_quinone_ring_found
O=C1C(O)=C(O)C(=O)c2c(O)c(O)cc(O)c21,0.0,ok
CC1(C)CC(C2CC(C)(C)OC3=C2C(=O)c2ccccc2C3=O)C2=C(O1)C(=O)c1ccccc1C2=O,0.0623,ok
COc1cc(C2=CC(=O)c3c(O)cc(C)cc3C2=O)c(O)c2cc(C)cc(O)c12,0.0105,ok
CCCCCC(OC)c1c(O)cc2c(c1O)C(=O)c1c(OC)cc(OC)cc1C2=O,0.0016,ok
CNc1cc(Nc2ccccc2)c2c3c(onc13)-c1ccccc1C2=O,0.0038,ok
Cc1ccc(Nc2ccc3noc4c3c2C(=O)c2ccccc2-4)cc1,0.0034,ok
O=C1c2ccc(Cl)cc2C(=O)c2ccc(Cl)cc21,0.0,ok
N#Cc1c(N)oc2c3c(c(O)cc12)C(=O)c1ccccc1C3=O,0.0085,ok
COc1cccc2c1C(=O)c1c(O)c3c(c(O)c1C2=O)CC(O)(C(C)=O)CC3OC1CC(N=[N+]=[N-])C(O)C(C)O1,0.0064,ok
O=C1c2ccccc2C(=O)c2cc(Cl)c(Cl)cc21,0.0,ok
CC(=O)Oc1cccc2c1C(=O)c1ccccc1C2=O,0.0198,ok
Cc1ccc2c(c1)C(=O)c1ccc(C)cc1C2=O,0.0003,ok
COc1cccc2c1C(=O)c1cccc(O)c1C2=O,0.0,ok
CCOC(=O)C1=C(Cc2ccc(C)cc2)C(=O)c2ccccc2C1=O,0.0425,ok
CC(=O)N(C)C1=C(N2CCCCC2)C(=O)c2ccccc2C1=O,0.0357,ok
O=C1c2c(O)c(O)c(O)c(O)c2C(=O)c2c(O)c(O)c(O)c(O)c21,0.0,ok
NC1=C(NC(=O)c2ccccc2)C(=O)c2ccccc2C1=O,0.0243,ok
CN1CCN(C2=C(NC(=O)c3ccccc3)C(=O)c3ccccc3C2=O)CC1,0.095,ok
CCN1CCN(C2=C(NC(=O)c3ccccc3)C(=O)c3ccccc3C2=O)CC1,0.0954,ok
C=CCNC1=C(N2CCCCC2)C(=O)c2ccccc2C1=O,0.0094,ok
CC(=O)N(C)C1=C(N2CCN(C)CC2)C(=O)c2ccccc2C1=O,0.0822,ok
CCN1CCN(C2=C(N(C)C(C)=O)C(=O)c3ccccc3C2=O)CC1,0.0961,ok
CCN1CCN(C2=C(Nc3ccccc3)C(=O)c3ccccc3C2=O)CC1,0.0332,ok
CN1CCN(C2=C(NC(=O)c3ccc(Br)cc3)C(=O)c3ccccc3C2=O)CC1,0.0988,ok
CCN(CC)CCCNC1=C(N(C)C(C)=O)C(=O)c2ccccc2C1=O,0.0734,ok
CCN1CCN(C2=C(NC(=O)c3ccc(Br)cc3)C(=O)c3ccccc3C2=O)CC1,0.0811,ok
NC1=C(NS(=O)(=O)c2cccs2)C(=O)c2ccccc2C1=O,0.0329,ok
O=C1C=C(NS(=O)(=O)c2ccc(Br)cc2)C(=O)c2ccccc21,0.0094,ok
CC1=C(Nc2ccc(Cl)cc2)C(=O)c2ccccc2C1=O,0.0314,ok
O=C1C=C(Nc2ccc([N+](=O)[O-])c(C(F)(F)F)c2)C(=O)c2ccccc21,0.0106,ok
O=C1C(Nc2ccc(F)cc2F)=C(N2CCCC2)C(=O)c2ccccc21,0.021,ok
O=C1C(Nc2ccc(F)cc2F)=C(N2CCCCC2)C(=O)c2ccccc21,0.0302,ok
O=C1C=C(Nc2ccc(Cl)c(C(F)(F)F)c2)C(=O)c2ccccc21,0.027,ok
O=c1c2cc(Cl)ccc2c(=O)c2c1sc1c(=O)c3ccc(Cl)cc3c(=O)c12,0.0,ok
O=c1c2cccc(O)c2c(=O)c2c1sc1c(=O)c3c(O)cccc3c(=O)c12,0.0175,ok
Nc1cccc2c(=O)c3c(sc4c(=O)c5cccc(N)c5c(=O)c43)c(=O)c12,0.0161,ok
O=C(Nc1ccc2c(=O)c3sc4c(=O)c5ccc(NC(=O)C(F)(F)F)cc5c(=O)c4c3c(=O)c2c1)C(F)(F)F,0.0236,ok
O=c1c2ccccc2c(=O)c2c1sc1c(=O)c3ccc(Cl)cc3c(=O)c12,0.0,ok
O=c1c2ccccc2c(=O)c2c1sc1c(=O)c3cc(Cl)ccc3c(=O)c12,0.0,ok
O=C(Nc1cccc2c(=O)c3c(sc4c(=O)c5cccc(NC(=O)C(F)(F)F)c5c(=O)c43)c(=O)c12)C(F)(F)F,0.0341,ok
O=C(Nc1ccc2c(=O)c3c(sc4c(=O)c5cc(NC(=O)C(F)(F)F)ccc5c(=O)c43)c(=O)c2c1)C(F)(F)F,0.0259,ok
CCc1ccc2c(c1[N+](=O)[O-])C(=O)c1ccccc1C2=O,0.0031,ok
O=C(Nc1ccc2c(=O)c3c(sc4c(=O)c5ccc(NC(=O)C(F)(F)F)cc5c(=O)c43)c(=O)c2c1)C(F)(F)F,0.0261,ok
Cc1c(O)c2c(c(O)c1Br)C(=O)C=CC2=O,0.0,ok
O=C1c2ccccc2C(=O)c2c1ccc1c(=O)o[nH]c21,0.0227,ok
O=C1c2ccccc2C(=O)c2nc(-c3ccccc3)c(-c3ccccc3)nc21,0.0032,ok
CC(=O)N(C)C1=C(Cl)C(=O)c2ccccc2C1=O,0.0727,ok
Nc1c(C(=O)O)cc([N+](=O)[O-])c2c1C(=O)c1ccccc1C2=O,0.0659,ok
Nc1c2c(=O)[nH]c(=O)c2c(N)c2c(=O)c3ccccc3c(=O)c12,,no_quinone_ring_found
O=C1c2ccccc2C(=O)c2c1oc(C(F)(F)F)c2C(=O)c1ccc2ccccc2c1,0.0104,ok
Nc1ccc(Nc2cc(S(=O)(=O)O)c(N)c3c2C(=O)c2ccccc2C3=O)cc1,0.047,ok
Nc1cc(S(=O)(=O)c2ccccc2)c(N)c2c1C(=O)c1ccccc1C2=O,0.0652,ok
COc1cc(O)c2c(c1)C(=O)c1cc3c(c(O)c1C2=O)C(O)C(OC)C(C)(O)C3O,0.0051,ok
CC(=O)NC(CSC1=C(C)C(=O)c2ccccc2C1=O)C(=O)O,0.0205,ok
CC12CCC(O1)C(C)(C)C2CCc1ccc2c(c1)C(=O)C=CC2=O,0.0012,ok
CC(C)CCNC1=C(Cl)C(=O)c2ccccc2C1=O,0.012,ok
Nc1cccc2c1C(=O)c1c(c(O)c3ccccc3c1O)C2=O,0.025,ok
CC(Nc1ccc(NCCN2CCCC(CO)C2)c2c1C(=O)c1c(O)ccc(O)c1C2=O)N(C)C,0.1149,ok
COc1c2c(c(O)c3c1C(OC(C)=O)Cc1cc4c(c(O)c1-3)C(=O)OC(C)C4)C(=O)c1cccc(O)c1C2=O,0.2025,ok
COc1cccc2c1C(=O)c1c(O)c3c(c(O)c1C2=O)CC(O)(C(C)O)CC3OC1CC(NC=O)C(O)C(C)O1,0.002,ok
COc1c2c(c(O)c3c1C(O)Cc1cc4c(c(O)c1-3)C(=O)OC(C)C4)C(=O)c1cccc(O)c1C2=O,0.2016,ok
CCCCCc1cc(O)c2c(ccc3c(O)c4c(cc32)C(=O)c2cc(O)cc(O)c2C4=O)c1,0.0,ok
CCCCCc1cc2ccc3c(O)c4c(cc3c2c(O)c1C(=O)O)C(=O)c1cc(O)cc(O)c1C4=O,0.0001,ok
COc1c(C)ccc2c1C(=O)c1c(O)c3c(c(O)c1C2=O)CC(C)(O)CC3OC1OC(C)C(OC)C(OC)C1O,0.0972,ok
CCC(=O)OC1c2c(c3c(=O)c4cccc(O)c4c(=O)c=3c2=[N+]=[N-])C(O)C(OC(C)=O)C1(C)O,0.0153,ok
Nc1ccc2c(c1S)C(=O)c1ccccc1C2=O,0.0023,ok
COc1cccc2c1C(=O)c1c(O)c3c(c(O)c1C2=O)CC(O)(C(C)=O)CC3OC1CC(NC=O)C(O)C(C)O1,0.0068,ok
CC(=O)OC1c2c(c3c(=O)c4cccc(O)c4c(=O)c=3c2=[N+]=[N-])C(O)C(OC(C)=O)C1(C)OC(=O)C(C)C,0.0191,ok
CC(C)(C)NC1=CC(=O)c2ccccc2C1=O,0.0055,ok
CCN(CC)Cc1c(OC)ccc2c1C(=O)c1ccccc1C2=O,0.01,ok
Nc1c(NC(=O)c2ccccc2)ccc2c1C(=O)c1ccccc1C2=O,0.0008,ok
Nc1c(SCc2ccccc2)cc(O)c2c1C(=O)c1ccccc1C2=O,0.0337,ok
O=C1C(Cl)=C(CCO)C(=O)c2ccccc21,0.0151,ok
O=C1c2ccccc2C(=O)c2c(Sc3ccccc3)ccc(O)c21,0.0564,ok
CCCCCCCCCCCCC1=C(Cl)C(=O)c2ccccc2C1=O,0.0165,ok
CC1=C(CN2CCCCC2)C(=O)c2ccccc2C1=O,0.0275,ok
CCC1=Cc2c(O)c3c(c(O)c2C(OC2CC(N)C(O)C(C)O2)C1)C(=O)c1c(O)cccc1C3=O,0.0019,ok
Cc1cc2c(cc1C)C(=O)c1n[nH]nc1C2=O,0.0,ok
COc1cccc2c1C(=O)c1c(O)c3c(c(O)c1C2=O)CC(O)(C(=O)CCl)CC3OC1CC(N)C(O)C(C)O1,0.0132,ok
CC(=O)OC1CC(C)OC2(OC3CC(=O)OC3C3=C2C(=O)c2c(O)cccc2C3=O)C1O,,no_quinone_ring_found
CC(=O)OC1CC(C)OC2(OC(CC(=O)O)CC3=C2C(=O)c2c(O)cccc2C3=O)C1O,0.0173,ok
COC(=O)C1c2cc3c(c(O)c2C(OC2CC(N(C)C)C(O)C(C)O2)CC1(C)O)C(=O)c1c(O)cccc1C3=O,0.0069,ok
O=C1c2cccc(O)c2C(=O)c2c(OC3OC(CO)C(O)C(O)C3O)cccc21,0.0015,ok
COC(=O)CC1Cc2c(O)c3c(c(O)c2C(C)O1)C(=O)C1=C(C3=O)C2CC(O)C1(O)C(C)O2,0.0234,ok
COc1cccc2c1C(=O)c1c(O)c3c(c(O)c1C2=O)CC(O)(C(C)=O)CC3OC1OC(C)C(O)C(N)C1O,0.0145,ok
CC(=O)OCC1OC(OC2=CC(=O)c3c(O)cccc3C2=O)C(OC(C)=O)C(OC(C)=O)C1OC(C)=O,0.0031,ok
CC(=O)OCC1OC(OC2=CC(=O)c3cccc(O)c3C2=O)C(OC(C)=O)C(OC(C)=O)C1OC(C)=O,0.004,ok
CC1=C(C)C(=O)c2c(OC(=O)c3ccccc3)ccc(OC(=O)c3ccccc3)c2C1=O,0.0835,ok
CC1OC(OC2CC(O)(C(=O)O)Cc3c(O)c4c(c(O)c32)C(=O)c2c(O)cccc2C4=O)CC(N)C1O,0.0048,ok
CC1OC(OC2CC(O)(C(=O)CO)Cc3cc4c(c(O)c32)C(=O)c2c(O)cccc2C4=O)CC(N)C1O,0.0017,ok
C=CCc1ccc2c(c1OC)C(=O)c1c(OC)cccc1C2=O,0.0624,ok
CCC(=O)Nc1cc(OC)c(N)c2c1C(=O)c1ccccc1C2=O,0.0404,ok
COCCOc1cc(Nc2ccccc2)c2c(c1N)C(=O)c1ccccc1C2=O,0.0322,ok
CN(C(=O)CC#N)c1ccc(Br)c2c1C(=O)c1ccccc1C2=O,0.1108,ok
Cc1[nH]n2c(=O)c3cc(Cl)ccc3nc2c1N=Nc1cccc2c1C(=O)c1ccccc1C2=O,0.0191,ok
COc1cccc2c1C(=O)c1c(c(O)c3cc(O)ccc3c1O)C2=O,0.0,ok
Cc1cc(Nc2cc(S(=O)(=O)O)c(N)c3c2C(=O)c2ccccc2C3=O)cc(S(=O)(=O)NCCO)c1C,0.0299,ok
CCCCCCn1c(O)c(C#N)c(C)c(N=Nc2cccc3c2C(=O)c2ccccc2C3=O)c1=O,0.0148,ok
CC(=O)Oc1ccc(OC(C)=O)c2c1C(=O)C(Cl)=C(Cl)C2=O,0.0174,ok
O=C(O)c1cc2c(cc1C(=O)O)C(=O)c1ccccc1C2=O,0.0022,ok
O=C1C(Oc2ccccc2)=C(Oc2ccccc2)C(=O)c2ccccc21,0.0212,ok
O=C(Cl)c1ccc2c(c1)C(=O)c1ccccc1C2=O,0.0,ok
CC(=O)OC1=C(CC(C)C)C(=O)c2ccccc2C1=O,0.023,ok
O=C1C(Cl)=C(Nc2cccc([N+](=O)[O-])c2)C(=O)c2ccccc21,0.0328,ok
CCOc1ccc(C(=O)Nc2cccc3c2C(=O)c2ccccc2C3=O)cc1,0.0043,ok
COc1ccc(C(=O)Nc2cccc3c2C(=O)c2ccccc2C3=O)cc1,0.0043,ok
CC1=C(C=CC(C)(CCCC(C)CCCC(C)CCCC(C)C)OO)C(=O)c2ccccc2C1=O,0.0124,ok
Nc1ccc(O)c2c1C(=O)c1c(O)ccc(Nc3cccc(S(N)(=O)=O)c3)c1C2=O,0.0394,ok
Nc1c(SCCO)cc(NC2CCCCC2)c2c1C(=O)c1ccccc1C2=O,0.0609,ok
O=C1C(Cl)=C(N2CCN(c3ccccc3)CC2)C(=O)c2ccccc21,0.0123,ok
CC(C)(C)C1=CC(=O)c2ccc(C(C)(C)C)cc2C1=O,0.0,ok
O=C1c2c(O)ccc(O)c2C(=O)c2c(F)c(F)c(F)c(F)c21,0.0,ok
CCCCCCCCCCCCCCCCCCNC1=CC(=O)c2ccccc2C1=O,0.0221,ok
COc1ccc(NC(=O)c2ccccc2)c2c1C(=O)c1ccccc1C2=O,0.0418,ok
COc1cccc(Nc2ccc(N)c3c2C(=O)c2ccccc2C3=O)c1,0.0454,ok
Nc1c(Br)cc(Nc2ccccc2)c2c1C(=O)c1ccccc1C2=O,0.0494,ok
Nc1cc(Nc2cc(S(=O)(=O)O)c(N)c3c2C(=O)c2ccccc2C3=O)ccc1S(=O)(=O)O,0.0302,ok
COc1ccc(Nc2ccc(Nc3ccc(OC)cc3)c3c2C(=O)c2ccccc2C3=O)cc1,0.011,ok
Nc1ccc(Sc2nc3ccccc3s2)c2c1C(=O)c1ccccc1C2=O,0.0946,ok
Cc1cc(-c2cc(N)c3c(c2O)C(=O)c2c(N)ccc(O)c2C3=O)ccc1O,0.0539,ok
Nc1ccc(O)c2c1C(=O)c1c(O)ccc(Nc3ccccc3)c1C2=O,0.0676,ok
Cc1ccc(Nc2ccc(NC(C)C)c3c2C(=O)c2ccccc2C3=O)cc1,0.0404,ok
CCCCc1ccc(Nc2cc(S(=O)(=O)O)c(N)c3c2C(=O)c2ccccc2C3=O)cc1,0.0319,ok
COCCCn1c(=N)c2c(N)c3c(=O)c4ccccc4c(=O)c3c(N)c2c1=O,0.0199,ok
CC(C)(C)c1ccc(Nc2ccc(Nc3ccc(C(C)(C)C)cc3)c3c2C(=O)c2c(O)ccc(O)c2C3=O)cc1,0.0786,ok
Nc1cc(S(=O)(=O)Oc2ccccc2)c(N)c2c1C(=O)c1ccccc1C2=O,0.0567,ok
CCOc1ccc(-c2cc(N)c3c(c2O)C(=O)c2c(N)ccc(O)c2C3=O)cc1,0.0547,ok
O=C1c2ccccc2C(=O)c2c(NCCc3ccccc3)ccc(NCCc3ccccc3)c21,0.0534,ok
COCCOc1cc(O)c2c(c1N)C(=O)c1ccccc1C2=O,0.0339,ok
O=C1c2ccccc2C(=O)c2c(Nc3ccc(S(=O)(=O)c4ccccc4)cc3)cccc21,0.0093,ok
CC(C)CNc1ccc(NCC(C)C)c2c1C(=O)c1ccccc1C2=O,0.0606,ok
CC(C)CCc1ccc2c(c1)C(=O)c1ccccc1C2=O,0.0003,ok
Nc1ccc(Nc2ccc(C(=O)O)cc2)c2c1C(=O)c1ccccc1C2=O,0.0244,ok
CCc1cccc(CC)c1Nc1ccc(Nc2c(CC)cccc2CC)c2c1C(=O)c1ccccc1C2=O,0.0527,ok
O=C1c2cccc(Sc3ccccc3)c2C(=O)c2cccc(Sc3ccccc3)c21,0.1066,ok
Nc1c(Br)cc(O)c2c1C(=O)c1c(N)c(Br)cc(O)c1C2=O,0.0148,ok
O=C1c2ccccc2C(=O)c2c(NCCCO)ccc(NCCO)c21,0.0569,ok
CC(=O)Nc1cccc(Nc2cc(S(=O)(=O)O)c(N)c3c2C(=O)c2ccccc2C3=O)c1,0.049,ok
O=C1c2ccccc2C(=O)c2c(NCCCO)ccc(NCCCO)c21,0.0173,ok
COCCNc1cc(O)c2c(c1O)C(=O)c1ccccc1C2=O,0.0005,ok
CC(C)OCCCn1c(=O)c2c(N)c3c(=O)c4ccccc4c(=O)c3c(N)c2c1=O,,no_quinone_ring_found
CC(C)OC(=O)c1cc(N)c2c(c1N)C(=O)c1ccccc1C2=O,0.0616,ok
CC(C)Nc1nc(Nc2cc(Br)c(N)c3c2C(=O)c2ccccc2C3=O)nc(-c2ccccc2)n1,0.0386,ok
Nc1ccc(O)c2c1C(=O)c1c(O)c(Br)cc(N)c1C2=O,0.0531,ok
O=C1c2c(O)ccc(Nc3ccccc3)c2C(=O)c2c(O)ccc(Nc3ccccc3)c21,0.0296,ok
Nc1c(Br)cc(O)c2c1C(=O)c1c(O)cc(Br)c(N)c1C2=O,0.0981,ok
Nc1ccc(O)c2c1C(=O)c1c(O)c(Br)c(Br)c(N)c1C2=O,0.0593,ok
O=C1c2c(O)ccc(Nc3ccccc3)c2C(=O)c2c(Nc3ccccc3)ccc(O)c21,0.0341,ok
CCOCCCn1c(=O)c2c(N)c3c(=O)c4ccccc4c(=O)c3c(N)c2c1=O,,no_quinone_ring_found
CCOc1ccc(-c2cc(O)c3c(c2N)C(=O)c2c(O)ccc(N)c2C3=O)cc1,0.0125,ok
CNc1c(Cl)c(Cl)c(NC)c2c1C(=O)c1ccccc1C2=O,0.0187,ok
COCCNc1nc(NCCOC)c(N=Nc2cccc3c2C(=O)c2ccccc2C3=O)c(C)c1C#N,0.0205,ok
COc1ccc(Nc2ccc(O)c3c2C(=O)c2c([N+](=O)[O-])ccc(O)c2C3=O)cc1,0.0565,ok
CC(O)c1cccc(Nc2ccc(O)c3c2C(=O)c2c([N+](=O)[O-])ccc(O)c2C3=O)c1,0.0563,ok
CC(=O)Nc1ccc(Nc2ccc(Nc3ccc(NC(C)=O)cc3)c3c2C(=O)c2ccccc2C3=O)cc1,0.0109,ok
CN(C)CCCn1c(=O)c2c(N)c3c(=O)c4ccccc4c(=O)c3c(N)c2c1=O,,no_quinone_ring_found
CCCOCCCn1c(=O)c2c(N)c3c(=O)c4ccccc4c(=O)c3c(N)c2c1=O,,no_quinone_ring_found
CCCCCNc1ccc(NC)c2c1C(=O)c1ccccc1C2=O,0.0619,ok
COC(=O)c1c(O)cc2cc3c(c(O)c2c1C)C(=O)c1c(O)cc(OC)cc1C3=O,0.0016,ok
Nc1c(S(=O)(=O)O)cc2c(c1O)C(=O)C(=O)C(S(=O)(=O)O)=C2,0.0114,ok
O=C1C2=C(Cc3cc4c(nc3=C2)CC2=C(C=4)C(=O)c3c(Cl)cccc3C2=O)C(=O)c2ccccc21,0.0,ok
O=C1C(=O)c2c(cc(S(=O)(=O)O)c(O)c2O)C=C1S(=O)(=O)O,0.0088,ok
COc1cc(OC)c2c(c1)-c1cc(OC)cc(OC)c1C(=O)C2=O,0.1645,ok
O=C1C(=O)c2ccccc2C(O)=C1C(Nc1ccccc1)c1ccc([N+](=O)[O-])cc1,0.0795,ok
O=C1C(=O)c2ccccc2C(O)=C1C(Nc1ccccc1)c1ccccc1,0.0691,ok
COc1cc2c(cc1OC)-c1c(cc(OC)c(OC)c1OC)C(=O)C2=O,0.1116,ok
COc1ccc2c(c1)C(=O)C(=O)c1cc3c(cc1-2)OCCO3,0.0462,ok
COc1ccc2c(c1)C(=O)C(=O)c1c-2cc(OC)c(OC)c1C,0.1227,ok
CC(=O)CC1=C(O)c2c(O)cc(O)cc2C(=O)C1=O,0.0206,ok
CC(=O)C(C1=C(O)c2c(O)cc(O)cc2C(=O)C1=O)c1c[nH]c2ccccc12,0.0664,ok
CC1=C(C#N)C(c2ccccc2)C2=C(N1)c1ccccc1C(=O)C2=O,0.0835,ok
CC1=C(C#N)C(c2ccc(Cl)cc2)C2=C(N1)c1ccccc1C(=O)C2=O,0.0795,ok
CC1=C(C#N)C(c2ccc(C#N)cc2)C2=C(N1)c1ccccc1C(=O)C2=O,0.0199,ok
CC1=C(C#N)C(c2ccc(Br)cc2)C2=C(N1)c1ccccc1C(=O)C2=O,0.0805,ok
CC1=C(C#N)C(c2ccc(C)cc2)C2=C(N1)c1ccccc1C(=O)C2=O,0.0837,ok
NC(=O)C1=Cc2cc3cc4ccccc4cc3cc2C(=O)C1=O,0.0,ok
CC1=C(C#N)C(c2cccc(Cl)c2Cl)C2=C(N1)c1ccccc1C(=O)C2=O,0.0588,ok
O=C1C(=O)c2cc3ccccc3cc2C=C1C1=Cc2cc3ccccc3cc2C(=O)C1=O,0.0183,ok
O=C1C=C(Nc2cnc3ccccc3c2)c2ccccc2C1=O,0.0519,ok
Cc1cc(C)c2c(c1)C=CC(=O)C2=O,0.0012,ok
O=C1C(=O)c2ccccc2C(O)=C1CC=Cc1ccccc1,0.0913,ok
O=C1C(=O)c2ccc3ccccc3c2C=C1C(=O)c1ccccc1,0.0835,ok
O=c1c(Br)c2c(Br)cc3cccc4ccc(c1=O)c2c43,0.0,ok
c1cc2cccc3c2c(c1)c1cccc2cc4ooc4c3c21,,no_quinone_ring_found
O=c1c(Cl)c2cc(Cl)c3ccc(Cl)c4cc(Cl)c(c1=O)c2c34,0.0,ok
O=c1cc2c3cccc4cc5c6ccccc6ccc5c(c5cccc(c1=O)c25)c43,0.078,ok
O=c1cc2c3cccc4cccc(c43)c3c4ccc5cc6ccccc6cc5c4cc(c1=O)c23,0.0471,ok
CC1=Cc2cc3cc4ccccc4cc3cc2C(=O)C1=O,0.0001,ok
O=C1C=c2cc3ccc4c5c(ccc4c3cc2=CC1)C(=O)C(=O)C=C5,0.0,ok
O=C1C(=O)c2cc3cc4cc5ccccc5cc4cc3cc2C=C1Oc1ccccc1,0.0545,ok
O=C1C=Cc2cc3c(Cl)c4ccccc4c(Oc4ccccc4)c3cc2C1=O,0.0031,ok
Nc1c2ccccc2c(Oc2ccccc2)c2cc3c(cc12)C=CC(=O)C3=O,0.0036,ok
O=c1c(=O)c2c3cc1c1c2ccc2cccc3c21,0.3621,ok
c1ccc2cc3cc4cc5c(ccc6ooc65)cc4cc3cc2c1,,no_quinone_ring_found
CC(=O)C1=Cc2cc3c(NCl)c4ccccc4cc3cc2C(=O)C1=O,0.0264,ok
Cc1cc2c(c(O)c1C)C(O)=CC(=O)C2=O,0.002,ok
c1ccc(-c2c3ccccc3c(-c3ccccc3)c3c2ccc2ooc23)cc1,,no_quinone_ring_found
O=C1C(=O)c2c(ccc3cc4ccccc4cc23)C=C1[N+](=O)[O-],0.1152,ok
Nc1cccc2c1C(O)=CC(=O)C2=O,0.0362,ok
O=c1c(Br)cc2ccc3c4cc5cccc6c7cccc8cccc(c87)c(c4ccc3c2c1=O)c56,0.1116,ok
O=C1C=Cc2c(ccc3c2ccc2nc4ccccc4cc23)C1=O,0.0,ok
NC1=Cc2ccc3nc4ccccc4cc3c2C(=O)C1=O,0.0872,ok
O=C1C=Cc2cc3c(Nc4ccccc4)c4ccccc4cc3cc2C1=O,0.0005,ok
CCCCNc1c2ccccc2cc2cc3c(cc12)C=CC(=O)C3=O,0.0014,ok
CC(=O)Nc1c2ccccc2cc2cc3c(cc12)C=CC(=O)C3=O,0.0025,ok
CCCCc1c2ccccc2cc2cc3c(cc12)C=C(N)C(=O)C3=O,0.0265,ok
Cc1c(O)c2c(c(O)c1CBr)C(O)=C(Br)C(=O)C2=O,0.0086,ok
O=C1C(=O)c2c(O)c(Cl)c(Cl)c(O)c2C(O)=C1Br,0.0273,ok
Nc1c2c(cc3ccccc13)C(=O)C(=O)C=C2,0.0063,ok
Cc1c(O)c2c(c(O)c1CBr)C(=O)C(=O)C(Br)=C2O,0.0023,ok
O=C1C(=O)c2c(cc([N+](=O)[O-])cc2[N+](=O)[O-])-c2cc([N+](=O)[O-])ccc21,0.1134,ok
O=C1C(=O)c2c(cc([N+](=O)[O-])cc2[N+](=O)[O-])-c2cc([N+](=O)[O-])cc([N+](=O)[O-])c21,0.1381,ok
O=C1C(=O)c2c(cccc2[N+](=O)[O-])-c2cccc([N+](=O)[O-])c21,0.1348,ok
Cc1c2ccccc2c(C)c2c1ccc1ooc12,,no_quinone_ring_found
c1ccc2cc3cc4c(ccc5ooc54)cc3cc2c1,,no_quinone_ring_found
O=C1C=Cc2cc3ccc4cc5ccccc5cc4c3cc2C1=O,0.0,ok
COC(=O)c1c2c(n(C)c1Cc1ccccc1)-c1ccccc1C(=O)C2=O,0.0811,ok
CCCCn1c(Cc2ccccc2)c(C(=O)OC)c2c1-c1ccccc1C(=O)C2=O,0.0915,ok
O=C1C(=O)c2cc(CBr)[nH]c2-c2ccccc21,0.0012,ok
COC(=O)c1c(Cc2ccccc2)[nH]c2c1C(=O)C(=O)c1ccccc1-2,0.0329,ok
O=C1C(=O)c2c(C(=O)O)c[nH]c2-c2ccccc21,0.0377,ok
Cc1[nH]c2c(c1C(=O)O)C(=O)C(=O)c1ccccc1-2,0.0377,ok
O=C(O)CC(=O)NC1=C(O)c2ccccc2C(=O)C1=O,0.0011,ok
O=C1C(=O)c2oc(-c3ccccc3)cc2-c2ccccc21,0.0,ok
O=C1C(=O)c2occc2-c2ccccc21,0.0,ok
CCOC(=O)c1c(C)[nH]c2c1C(=O)C(=O)c1ccccc1-2,0.0341,ok
O=C1C=Cc2c(ccc3c2ccc2nc4ccccc4nc23)C1=O,0.0,ok
O=C1C=Cc2c(ccc3c2cc(Cl)c2nc4ccccc4nc23)C1=O,0.0,ok
CCC1=C(O)c2c(O)c(CC)c(O)c(OC)c2C(=O)C1=O,0.114,ok
CC(C)(C)c1cc2c(o1)C(=O)C(=O)c1cc3cccc(O)c3c(O)c1-2,0.0,ok
CCOC(=O)c1ccc2c(c1)-c1c(C(=O)OCC)c(C)n(C)c1C(=O)C2=O,0.0756,ok
COc1c(C)c(O)c2c(c1O)C(=O)C(=O)C=C2O,0.0029,ok
O=C1C=C(O)c2c(O)c(O)c(Cl)c(O)c2C1=O,0.0,ok
CC(C)=CCCC1(C)C=Cc2c(O)c3c(c(O)c2O1)C(=O)C(=O)C=C3O,0.0089,ok
O=C1C(=O)c2cc([N+](=O)[O-])cc(O)c2-c2ccc([N+](=O)[O-])cc21,0.1063,ok
CC(CO)C1=C(O)c2ccc3c(c2C(=O)C1=O)CCC(O)C3(C)O,0.1357,ok
O=C1C(=O)c2ccc3cccc([N+](=O)[O-])c3c2C([N+](=O)[O-])=C1[N+](=O)[O-],0.1533,ok
CCOC(=O)C1=C(CC)c2ccc3cc(OC)ccc3c2C(=O)C1=O,0.1272,ok
COC1=CC(=O)C(=O)c2c1ccc1c(OC)c(OC)c(OC)cc21,0.1035,ok
O=C1C=Cc2c(cc3ccccc3c2O)C1=O,0.0004,ok
O=C1C=Cc2cc3ccccc3c(O)c2C1=O,0.0,ok
O=C1C=Cc2cc3cccc(O)c3cc2C1=O,0.0018,ok
CCCCNC1=C([N+](=O)[O-])C(C2=C(O)c3ccccc3C(=O)C2=O)c2cc(Cl)ccc2O1,0.0611,ok
CNC1=C([N+](=O)[O-])C(C2=C(O)c3ccccc3C(=O)C2=O)c2cc(Br)cc(Br)c2O1,0.0604,ok
CNC1=C([N+](=O)[O-])C(C2=C(O)c3ccccc3C(=O)C2=O)c2cc(OC)ccc2O1,0.0658,ok
CCOc1cccc2c1OC(NC)=C([N+](=O)[O-])C2C1=C(O)c2ccccc2C(=O)C1=O,0.0663,ok
CCCCNC1=C([N+](=O)[O-])C(C2=C(O)c3ccccc3C(=O)C2=O)c2ccccc2O1,0.0642,ok
CNC1=C([N+](=O)[O-])C(C2=C(O)c3ccccc3C(=O)C2=O)c2cc(Cl)ccc2O1,0.0634,ok
CCCCNC1=C([N+](=O)[O-])C(C2=C(O)c3ccccc3C(=O)C2=O)c2cc(Br)cc(Br)c2O1,0.0677,ok
CCCCNC1=C([N+](=O)[O-])C(C2=C(O)c3ccccc3C(=O)C2=O)c2cccc(OCC)c2O1,0.0691,ok
COc1ccc(CNC2=C([N+](=O)[O-])C(C3=C(O)c4ccccc4C(=O)C3=O)c3ccccc3O2)cc1,0.0997,ok
CNC1=C([N+](=O)[O-])C(C2=C(O)c3ccccc3C(=O)C2=O)c2cc(Cl)cc(Br)c2O1,0.0853,ok
CNC1=C([N+](=O)[O-])C(C2=C(O)c3ccccc3C(=O)C2=O)c2cc(Cl)cc(Cl)c2O1,0.0854,ok
CNC1=C([N+](=O)[O-])C(C2=C(O)c3ccccc3C(=O)C2=O)c2cc(Br)ccc2O1,0.1414,ok
CNC1=C([N+](=O)[O-])C(C2=C(O)c3ccccc3C(=O)C2=O)c2cc([N+](=O)[O-])ccc2O1,0.0857,ok
CCCCNC1=C([N+](=O)[O-])C(C2=C(O)c3ccccc3C(=O)C2=O)c2cccc(OC)c2O1,0.1034,ok
O=c1c(=O)c2c(ccc3nnc(=O)c32)c2cnncc12,0.0001,ok
CNC1=C([N+](=O)[O-])C(C2=C(O)c3ccccc3C(=O)C2=O)c2cccc(OC)c2O1,0.074,ok
CCCCNC1=C([N+](=O)[O-])C(C2=C(O)c3ccccc3C(=O)C2=O)c2cc(Cl)cc(Br)c2O1,0.0461,ok
O=C1C=Cc2ccc3c(c2C1=O)Cc1cc2ccccc2cc1O3,0.0,ok
O=C1C=Cc2ccc3nc4ccccc4nc3c2C1=O,0.0,ok
COc1ccc(C2C(C#N)=C(C)NC3=C2C(=O)C(=O)c2ccccc23)cc1,0.0797,ok
O=C1C=C(C2(CO)CO2)c2ccccc2C1=O,0.0087,ok
CC1=C(Nc2ccccc2)c2ccccc2C(=O)C1=O,0.0727,ok
NCc1conc1C1=CC(=O)C(=O)c2ccccc21,0.0034,ok
Cc1cc2c3c(c1)c(=O)c(=O)c1c([N+](=O)[O-])c(C)cc(c1-3)c(=O)c2=O,0.0833,ok
CCOC(=O)c1ccc2c(c1)C=CC(=O)C2=O,0.0,ok
Cc1ccccc1C(=O)c1ccc2c(c1)C=CC(=O)C2=O,0.0012,ok
O=C1C=Cc2c(c3c(c4ccccc24)-c2ccccc2C3)C1=O,0.0038,ok
O=C1C=Cc2c(c3nc4ccccc4nc3c3ccccc23)C1=O,0.0,ok
CC1COC2=C1C(=O)C(=O)c1c2ccc2c1CCCC2(C)O,0.052,ok
O=C1C=C(Cl)c2cccc(O)c2C1=O,0.0,ok
CCCCNC1=C(NCCCC)c2cc3ccccc3cc2C(=O)C1=O,0.0936,ok
O=C1C(=O)c2c(O)c(Cl)c(Cl)c(Cl)c2C(Cl)=C1Cl,0.1506,ok
Cn1c(N)c(C2=CC(=O)C(=O)c3ccccc32)c(=O)[nH]c1=O,0.0213,ok
Nc1c(C2=CC(=O)C(=O)c3ccccc32)c(=O)[nH]c(=O)n1-c1ccccc1,0.0133,ok
Nc1c(C2=CC(=O)C(=O)c3ccccc32)c(=O)[nH]c(=O)n1Cc1ccccc1,0.0203,ok
Nc1[nH]c(=O)[nH]c(=O)c1C1=CC(=O)C(=O)c2ccccc21,0.0097,ok
Cn1c(N)c(C2=CC(=O)C(=O)c3ccccc32)c(=O)[nH]c1=S,0.021,ok
Cn1c(NCCc2ccccc2)c(C2=CC(=O)C(=O)c3ccccc32)c(=O)n(C)c1=O,0.0114,ok
COc1ccc(CNc2c(C3=CC(=O)C(=O)c4ccccc43)c(=O)n(C)c(=O)n2C)cc1,0.012,ok
Cn1c(NCc2ccccc2)c(C2=CC(=O)C(=O)c3ccccc32)c(=O)n(C)c1=O,0.0065,ok
Nc1c(C2=CC(=O)C(=O)c3ccccc32)c(=O)[nH]c(=S)n1-c1ccccc1,0.0194,ok
CCOc1ccc2c(c1)C(=O)C(=O)C=C2,0.0003,ok
Cc1ccc(NC2=CC(=O)C(=O)c3ccc(Br)cc32)cc1,0.0769,ok
COc1ccc(C2=NN(C)C3=C(C(=O)C(=O)c4ccccc43)C2c2ccc(OC)cc2)cc1,0.1196,ok
CN1N=C(c2ccc(Br)cc2)C(c2ccc(Br)cc2)C2=C1c1ccccc1C(=O)C2=O,0.1209,ok
CN1N=CCC2=C1c1ccccc1C(=O)C2=O,0.1161,ok
CN1N=C(c2ccc3ccccc3c2)C(c2ccc3ccccc3c2)C2=C1c1ccccc1C(=O)C2=O,0.1192,ok
CN1N=C(c2cc(O)ccc2[N+](=O)[O-])C(c2cc(O)ccc2[N+](=O)[O-])C2=C1c1ccccc1C(=O)C2=O,0.1115,ok
Cc1[nH]n(-c2ccccc2)c(=O)c1C(C1=C(O)c2ccccc2C(=O)C1=O)c1ccccc1,,no_quinone_ring_found
CN1N=C(c2ccc(S(C)(=O)=O)cc2)C(c2ccc(S(C)(=O)=O)cc2)C2=C1c1ccccc1C(=O)C2=O,0.1185,ok
Cn1c(N)c(C(C2=C(O)c3ccccc3C(=O)C2=O)c2cccc(O)c2)c(=O)n(C)c1=O,0.0993,ok
Cn1c(N)c(C(C2=C(O)c3ccccc3C(=O)C2=O)c2ccc3ccccc3c2)c(=O)n(C)c1=O,0.0792,ok
C=C1CCC2C(C)(C(=O)O)CCCC2(C)C1Cc1c(C)ccc2c1C(=O)C(=O)C=C2O,0.1312,ok
CCc1c(O)c(O)c2c(c1O)C(O)=C([N+](=O)[O-])C(=O)C2=O,0.0788,ok
CCOc1c(O)c2c(c(O)c1CC)C(O)=C([N+](=O)[O-])C(=O)C2=O,0.0915,ok
NC1CCCCC1C1=C(O)c2ccccc2C(=O)C1=O,0.0844,ok
COc1ccc(C(=O)CCC2=CC(=O)C(=O)c3ccccc32)cc1OC,0.0101,ok
COc1cc2c(c(C(C)C)c1)C=C(C)C(=O)C2=O,0.0288,ok
Cc1ccc2c(c1)C(=O)C(=O)c1c-2ccc(C)c1C,0.1224,ok
CCOC(=O)c1cc2c([nH]1)-c1c(C(=O)OC)cc(C(=O)OC)cc1C(=O)C2=O,0.0269,ok
CCCSC1=CC(=O)C(=O)c2ccccc21,0.0137,ok
Cc1ccccc1SC1=CC(=O)C(=O)c2ccccc21,0.0329,ok
O=C1C=C(Nc2ccn[nH]2)c2ccccc2C1=O,0.0551,ok
O=C1C=C(Cl)c2ccc(C(c3ccccc3)(c3ccccc3)c3ccccc3)cc2C1=O,0.0072,ok
CC(C)=CCCc1c(C)ccc2c1C(=O)C(=O)C=C2,0.0654,ok
CCOC(=O)c1c(C2=CC(=O)C(=O)c3ccccc32)c(C)n(C)c1C,0.0104,ok
COc1cc2cc3c(cc2c(C)c1OC)C=CC(=O)C3=O,0.0002,ok
CC(=O)NC(CSC1=CC(=O)C(=O)c2ccccc21)C(=O)O,0.043,ok
COc1cc2cc3c(cc2c(C)c1OC)C=C(C)C(=O)C3=O,0.0002,ok
CCOC(=O)c1cccc2c1C=C(C)C(=O)C2=O,0.0093,ok
N#Cc1ccc(NC2=CC(=O)C(=O)c3ccccc32)cc1,0.0501,ok
NC(CSC1=CC(=O)C(=O)c2ccccc21)C(=O)O,0.0074,ok
CCOC(=O)c1c(C)[nH]c(C)c1C1=CC(=O)C(=O)c2ccccc21,0.012,ok
Cc1ncc(CNC2=CC(=O)C(=O)c3ccccc32)c(N)n1,0.0575,ok
CCCCCCCCCCCCNC1=CC(=O)C(=O)c2ccccc21,0.0596,ok
CC1(C)OCC(C2=Cc3ccccc3C(=O)C2=O)CO1,0.0047,ok
O=C1C=C(N2CCCCC2=NO)c2ccccc2C1=O,0.0042,ok
COc1cc(NC2=CC(=O)C(=O)c3ccccc32)c2ncccc2c1,0.035,ok
COc1ccc2c(c1)C(=O)C(=O)c1cc3c(cc1-2)OCO3,0.0453,ok
COc1ccc2c(c1)C(=O)C(=O)c1c(OC)ccc(OC)c1-2,0.1555,ok
COc1ccc2cc3c(cc2c1)C(=O)C(=O)C=C3,0.0,ok
O=C1C(=O)c2ccccc2C(O)=C1CCC(=O)c1ccccc1,0.0105,ok
COc1cc2c(cc1C)C(=O)C(=O)c1c(O)cc(C)cc1-2,0.0491,ok
COc1cc(Br)cc2c1C(=O)C(=O)c1c(OC)cc(Br)cc1-2,0.1606,ok
CCc1ccc2c(c1C1=C(O)c3ccccc3C(=O)C1=O)C(=O)c1ccccc1C2=O,0.0536,ok
CC(=O)c1c(O)cc2c(c1C)C(O)=CC(=O)C2=O,0.0569,ok
CC1=C2SCC(C)(O)c3ccc(C)c(c32)C(=O)C1=O,0.1343,ok
CC1=CSC2=C(C)C(=O)C(=O)c3c(C)ccc1c32,0.1441,ok
COc1cc2c(cc1OC)C(C)=CC(=O)C2=O,0.0,ok
CC1=C2c3c(ccc(C)c3C(=O)C1=O)C(C)(O)CS2(=O)=O,0.1141,ok
CC1=C2SCC(C)c3ccc(C)c(c32)C(=O)C1=O,0.1352,ok
COc1cccc2c1C(=O)C(=O)C=C2C,0.0734,ok
CC(=O)Oc1cccc2c1C(=O)C(=O)C=C2C,0.0352,ok
CC1=CC(=O)C(=O)c2c(C)ccc(C)c21,0.1341,ok
CC1=CC(=O)C(=O)c2c1ccc(C)c2C,0.0817,ok
Cc1cc(O)c(C(C)C)c2c1C(=O)C(=O)C=C2,0.093,ok
CC1=COC2=C(C)C(=O)C(=O)c3c(C)cc(C)c1c32,0.0912,ok
CC1=C2OC=C(CO)c3c(C)cc(C)c(c32)C(=O)C1=O,0.0928,ok
COC(=O)c1cc(C)c2c3c1C(C)=COC3=C(C)C(=O)C2=O,0.0864,ok
Cc1ccc(C(C)C)c2c1C(=O)C(=O)C=C2,0.0761,ok
COC(OC)c1cc(C)c2c3c1C(C)=COC3=C(C)C(=O)C2=O,0.0922,ok
NC1=C(O)c2c(O)ccc(O)c2C(=O)C1=O,0.0388,ok
Cc1cccc2c3c(ccc12)-c1occc1C(=O)C3=O,0.0427,ok
O=c1c(O)c2c3c(O)c(O)cc4cccc(c5c(O)c(O)c(O)c(c1=O)c52)c43,0.1276,ok
O=c1c(O)c2c3cccc4cccc(c5ccc(O)c(c1=O)c52)c43,0.0768,ok
CN1N=C(c2ccc(O)cc2)C(c2ccc(O)cc2)C2=C1c1ccccc1C(=O)C2=O,0.1276,ok
CC1=C(C)C(O)=C(C2=C(O)c3ccccc3C(=O)C2=O)C(=O)C1=O,0.0841,ok
CC(C)C(O)=CC1=C(O)c2ccccc2C(=O)C1=O,0.045,ok
O=C1C(=O)c2c(O)ccc(O)c2C(O)=C1[N+](=O)[O-],0.079,ok
COc1cc(C2=NN(C)C3=C(C(=O)C(=O)c4ccccc43)C2c2ccc(O)c(OC)c2)ccc1O,0.1265,ok
O=C1C(=O)c2c(c(-c3ccccc3)c3ccccc3c2-c2ccccc2)C=C1O,0.0944,ok
CC1CC(C2=C(O)c3ccccc3C(=O)C2=O)Nc2[nH]c(=O)[nH]c(=O)c21,0.0713,ok
COc1ccc(C2CC(C3=C(O)c4ccccc4C(=O)C3=O)Nc3[nH]c(=O)[nH]c(=O)c32)cc1,0.1234,ok
Cn1c2c(c(=O)n(C)c1=O)C(c1ccccc1)CC(C1=C(O)c3ccccc3C(=O)C1=O)N2,0.0404,ok
O=C1C(=O)c2ccccc2C(O)=C1C1CC(c2ccccc2[N+](=O)[O-])c2c([nH]c(=O)[nH]c2=O)N1,0.0683,ok
Cn1c2c(c(=O)n(C)c1=O)C(c1ccc(Br)cc1)CC(C1=C(O)c3ccccc3C(=O)C1=O)N2,0.0653,ok
COc1ccc(C2CC(C3=C(O)c4ccccc4C(=O)C3=O)Nc3c2c(=O)n(C)c(=O)n3C)cc1,0.1001,ok
Cn1c2c(c(=O)n(C)c1=O)C(c1ccc([N+](=O)[O-])cc1)CC(C1=C(O)c3ccccc3C(=O)C1=O)N2,0.0702,ok
Cn1c2c(c(=O)n(C)c1=O)C(c1ccccc1[N+](=O)[O-])CC(C1=C(O)c3ccccc3C(=O)C1=O)N2,0.0539,ok
COC(=O)C1(C2=C(O)c3ccccc3C(=O)C2=O)C(=C(O)c2ccccc2)C(=O)C(=O)N1c1ccc(C)cc1,0.0847,ok
O=C1C(=O)c2ccc3c(ccc4cc5cc6ccccc6cc5cc43)c2C2=C1c1ccccc1C2,0.0,ok
CCC1=C(O)c2c(O)c(C)c(O)c(O)c2C(=O)C1=O,0.0078,ok
COC(=O)c1ccccc1C1=C(O)c2ccccc2C(=O)C1=O,0.0611,ok
CC(c1c(O)c(O)c2c(c1O)C(=O)C(=O)C(O)=C2O)c1c(O)c(O)c2c(c1O)C(=O)C(=O)C(O)=C2O,0.0036,ok
CC1CCC2=C(O1)c1cccc(O)c1C(=O)C2=O,0.0042,ok
CCCC1CCC2=C(O1)c1cccc(O)c1C(=O)C2=O,0.0042,ok
Cc1ccc(NC(C2=C(O)c3ccccc3C(=O)C2=O)c2cccc(C)c2)cc1,0.0739,ok
O=C1C(=O)c2ccccc2C(O)=C1C(C[N+](=O)[O-])c1ccc(Br)cc1,0.0972,ok
C=CCC1=C(O)c2c(OC)c(OC)cc(OC)c2C(=O)C1=O,0.1418,ok
C#CCC1=C(O)c2ccccc2C(=O)C1=O,0.0838,ok
CC(=O)OCC(C(C1=C(O)c2ccccc2C(=O)C1=O)c1ccccc1)[N+](=O)[O-],0.0994,ok
O=C1C=C(C2C=CCCC2)c2ccccc2C1=O,0.0409,ok
COC(=O)CC(C)C1=C(O)c2ccccc2C(=O)C1=O,0.0388,ok
CC(O)(CO)C1CC2=C(O1)c1ccccc1C(=O)C2=O,0.0037,ok
CCCSc1sc2c(c1C(=O)c1ccco1)-c1ccccc1C(=O)C2=O,0.0695,ok
CCCCCc1c(O)c(O)c2c(c1O)C(=O)C(=O)C(O)=C2O,0.0,ok
O=c1ccc2ccc3sc4ccccc4[nH]c3c2c1=O,0.0,ok
O=c1ccc2ccc3[nH]c4ccccc4oc3c2c1=O,0.0172,ok
O=c1ccc2c(ccc3sc4ccccc4[nH]c32)c1=O,0.0297,ok
Cn1c(N)c(C(C2=C(O)c3ccccc3C(=O)C2=O)c2ccccc2)c(=O)n(C)c1=O,0.0541,ok
Cn1c(N)c(C(C2=C(O)c3ccccc3C(=O)C2=O)c2ccc(Cl)cc2)c(=O)n(C)c1=O,0.1025,ok
COc1ccc(C(C2=C(O)c3ccccc3C(=O)C2=O)c2c(N)n(C)c(=O)n(C)c2=O)cc1,0.1416,ok
CC(C)C(C1=C(O)c2ccccc2C(=O)C1=O)c1c(N)n(C)c(=O)n(C)c1=O,0.0885,ok
Cn1c(N)c(C(C2=C(O)c3ccccc3C(=O)C2=O)c2cccc3ccccc23)c(=O)n(C)c1=O,0.0588,ok
Cn1c2c(c(=O)n(C)c1=O)C1(C(=O)Nc3ccccc31)C1=C(N2)c2ccccc2C(=O)C1=O,0.0516,ok
Cc1ccc2c(c1)C1(C(=O)N2)C2=C(Nc3c1c(=O)n(C)c(=O)n3C)c1ccccc1C(=O)C2=O,,no_quinone_ring_found
COc1ccccc1C(C1=C(O)c2ccccc2C(=O)C1=O)C1=C(O)c2ccccc2C(=O)C1=O,0.0518,ok
O=C1C(=O)c2ccccc2C(O)=C1C(C1=C(O)c2ccccc2C(=O)C1=O)c1cccc(Cl)c1,0.0264,ok
Cc1nc2c3c(ccc2s1)NC1=C(C(=O)C(=O)c2ccccc21)C3c1ccc(Cl)cc1,0.0921,ok
Cc1nc2c3c(ccc2s1)NC1=C(C(=O)C(=O)c2ccccc21)C3c1ccc(Br)cc1,0.0925,ok
Cc1nc2c3c(ccc2s1)NC1=C(C(=O)C(=O)c2ccccc21)C3c1ccc([N+](=O)[O-])cc1,0.0923,ok
Cc1nc2c3c(ccc2s1)NC1=C(C(=O)C(=O)c2ccccc21)C3c1cccc(Br)c1,0.0916,ok
Cc1nc2c3c(ccc2s1)NC1=C(C(=O)C(=O)c2ccccc21)C3c1cccc([N+](=O)[O-])c1,0.0905,ok
Cc1nc2c3c(ccc2s1)NC1=C(C(=O)C(=O)c2ccccc21)C3c1ccccc1Cl,0.0998,ok
Cc1nc2c3c(ccc2s1)NC1=C(C(=O)C(=O)c2ccccc21)C3c1ccc(O)c([N+](=O)[O-])c1,0.0631,ok
Cc1nc2c3c(ccc2s1)NC1=C(C(=O)C(=O)c2ccccc21)C3c1ccccc1,0.0939,ok
Cc1ccc(C2C3=C(Nc4ccc5sc(C)nc5c42)c2ccccc2C(=O)C3=O)cc1,0.0459,ok
COc1ccc(C2C3=C(Nc4ccc5sc(C)nc5c42)c2ccccc2C(=O)C3=O)cc1,0.0488,ok
COc1ccc(C2C3=C(Nc4ccc5sc(C)nc5c42)c2ccccc2C(=O)C3=O)cc1OC,0.09,ok
Cc1nc2c3c(ccc2s1)NC1=C(C(=O)C(=O)c2ccccc21)C3c1ccc2c(c1)OCO2,0.0527,ok
CC1C(N=[N+]=[N-])C2=C(OC1(C)C)c1ccccc1C(=O)C2=O,0.0354,ok
Cn1c(N)c(CC2=C(O)c3ccccc3C(=O)C2=O)c(=O)n(C)c1=O,0.027,ok
CN1C2=C(C(=O)C(=O)c3cccc(-c4ccccc4)c32)C2(O)C(=O)c3ccccc3C12O,0.1321,ok
Cc1cccc(N2C3=C(C(=O)C(=O)c4ccccc43)C3(O)C(=O)c4ccccc4C23O)c1,0.0837,ok
CC(C=O)=CCC1=C(O)c2ccccc2C(=O)C1=O,0.0272,ok
CC(C=O)CCC1=C(O)c2ccccc2C(=O)C1=O,0.0124,ok
COC(=O)c1ccc2c(c1)C(=O)C(=O)C(C)=C2O,0.065,ok
COC(=O)c1ccc2c(c1)C(=O)C(=O)C=C2O,0.0,ok
COC(OC)C(C)CCC1=C(O)c2ccccc2C(=O)C1=O,0.0368,ok
COC1=CC(=O)C(=O)c2c(OC)c3c(c(OC)c21)C(OC)OC(C)C3,0.103,ok
CCOC(=O)c1c(-c2ccccc2)[nH]c(-c2ccccc2)c1C1=C(O)c2ccccc2C(=O)C1=O,0.0384,ok
COC(=O)C1=C(c2c(Nc3ccccc3Br)ccc3ccccc23)c2ccccc2C(=O)C1=O,0.0661,ok
CCOC(=O)C1=C(c2c(N)ccc3ccccc23)c2ccccc2C(=O)C1=O,0.0591,ok
COC(=O)C1=C(c2c(Nc3ccccc3)ccc3ccccc23)c2cc(-c3ccccc3)ccc2C(=O)C1=O,0.0605,ok
CCOC(=O)C1=C(c2c(N)ccc3cc4ccccc4cc23)c2ccccc2C(=O)C1=O,0.0293,ok
O=C1C(=O)c2ccccc2C2=C1C(c1ccccc1)c1cc3c(cc1O2)OCO3,0.0551,ok
O=C1C(=O)c2ccccc2C2=C1C(c1cccs1)c1cc3c(cc1O2)OCO3,0.0488,ok
Cc1ccc(NC2=C=C=c3ccccc3=C2C2=CC(=O)C(=O)c3ccccc32)cc1,0.0118,ok
CCc1c(O)c2c(c(O)c1Cl)C(=O)C(=O)C(OC)=C2O,0.0518,ok
CCc1c(O)c2c(c(O)c1Cl)C(O)=C(OC)C(=O)C2=O,0.0473,ok
O=C1C(=O)c2ccccc2C(O)=C1C1(Nc2nccs2)C(=O)c2ccccc2C1=O,0.1005,ok
O=C1C(=O)c2ccccc2C(O)=C1C1(Nc2ccncc2)C(=O)c2ccccc2C1=O,0.0702,ok
O=C1C(=O)c2ccccc2C(O)=C1C1(Nc2ncccn2)C(=O)c2ccccc2C1=O,0.0803,ok
O=C1C(=O)c2ccccc2C(O)=C1C1(Nc2ccccn2)C(=O)c2ccccc2C1=O,0.0661,ok
O=C1C(=O)c2ccccc2C(O)=C1C1(Nc2cccnc2)C(=O)c2ccccc2C1=O,0.0644,ok
Cc1cccc(NC2(C3=C(O)c4ccccc4C(=O)C3=O)C(=O)c3ccccc3C2=O)n1,0.1005,ok
O=C1C(=O)c2ccccc2C(O)=C1C1(Nc2ncccc2O)C(=O)c2ccccc2C1=O,0.0671,ok
Cc1cccnc1NC1(C2=C(O)c3ccccc3C(=O)C2=O)C(=O)c2ccccc2C1=O,0.1086,ok
Cc1ccnc(NC2(C3=C(O)c4ccccc4C(=O)C3=O)C(=O)c3ccccc3C2=O)c1,0.0467,ok
O=C1OCC(O)=C1C(C1=C(O)c2ccccc2C(=O)C1=O)c1ccccc1,,no_quinone_ring_found
O=C1OCC(O)=C1C(C1=C(O)c2ccccc2C(=O)C1=O)c1ccc(Cl)cc1,,no_quinone_ring_found
O=C1OCC(O)=C1C(C1=C(O)c2ccccc2C(=O)C1=O)c1ccc(Br)cc1,,no_quinone_ring_found
O=C1OCC(O)=C1C(C1=C(O)c2ccccc2C(=O)C1=O)c1cccc(Br)c1,,no_quinone_ring_found
COc1ccc(C(C2=C(O)COC2=O)C2=C(O)c3ccccc3C(=O)C2=O)cc1,,no_quinone_ring_found
COc1cccc(C(C2=C(O)COC2=O)C2=C(O)c3ccccc3C(=O)C2=O)c1,,no_quinone_ring_found
O=C1OCC(O)=C1C(C1=C(O)c2ccccc2C(=O)C1=O)c1cccc([N+](=O)[O-])c1,,no_quinone_ring_found
O=C1OCC(O)=C1C(C1=C(O)c2ccccc2C(=O)C1=O)c1ccccc1[N+](=O)[O-],,no_quinone_ring_found
O=C1C(=O)c2ccccc2C=C1C12CC3CC(CC(C3)C1)C2,0.0034,ok
NC1=CC(=O)C(=O)c2c(O)ccc(O)c21,0.0459,ok
O=C1OCC(O)=C1C(C1=C(O)c2ccccc2C(=O)C1=O)c1ccc2ccccc2c1,,no_quinone_ring_found
O=C1C=C(c2c(O)ccc3ccc(O)cc23)c2ccc(O)cc2C1=O,0.0061,ok
O=C1C=C(c2c(O)ccc3ccc(Br)cc23)c2ccc(Br)cc2C1=O,0.0078,ok
O=C1C(=O)c2ccccc2C(O)=C1CC1=C(O)c2cccc(O)c2C(=O)C1=O,0.0748,ok
COc1ccc2c(c1)-c1c(ccc3ccc4ccc5ccccc5c4c13)C(=O)C2=O,0.1462,ok
O=c1c(O)c2ccc3cccc4ccc(c1=O)c2c34,0.0,ok
O=C1C(=O)c2ccccc2C(O)=C1C(Nc1cccc(Cl)c1)c1ccccc1,0.0784,ok
O=C1C(=O)c2ccccc2C(c2c(O)c(Br)cc3ccccc23)=C1Br,0.0834,ok
[C-]#[N+]CC1=CC(=O)C(=O)c2ccc(OC)c(OC)c21,0.033,ok
N#CC(C#N)C1(O)C(=O)c2cccc3c2-c2c(cccc21)C(=O)C3=O,0.1371,ok
N#CC(C#N)=C1C(=O)c2cccc3c2-c2c(cccc21)C(=O)C3=O,0.0,ok
N#CC(C#N)=C1N=c2c(c3cccc4c(=O)c(=O)c5cccc2c5c43)=C1C#N,0.0,ok
O=c1c(=O)c2ccc(-c3ccccc3)c3c2-c2c1cccc2c(=O)c3=O,0.0439,ok
O=C1C=Cc2ccc3cc4ccccc4nc3c2C1=O,0.0,ok
O=c1c(=O)c2cc(O)cc3ccc4cccc1c4c32,0.0,ok
CC1=C(c2ccccc2)c2ccc(C)cc2C(=O)C1=O,0.0007,ok
Cc1ccc2c(c1)C(=O)C(=O)C(CCBr)=C2c1ccccc1,0.0824,ok
CCOC(=O)C1=C(c2ccccc2)c2ccc(C)cc2C(=O)C1=O,0.0059,ok
Cc1ccc2c(c1)C(=O)C(=O)C(Br)=C2c1ccccc1,0.0637,ok
Cc1cccc2c1C(c1ccccc1)=C(c1ccccc1)C(=O)C2=O,0.1513,ok
Cc1ccc2c(c1)C(c1ccccc1)=C(c1ccccc1)C(=O)C2=O,0.0716,ok
O=C1C(=O)c2ccccc2C(O)=C1C=C(c1ccccc1)c1cccs1,0.0432,ok
O=C1C(=O)c2c(oc(-c3ccccc3)c2-c2ccccc2)-c2ccccc21,0.003,ok
O=C1C(=O)c2c(oc(-c3ccc(Cl)cc3)c2-c2ccc(Cl)cc2)-c2ccccc21,0.0026,ok
O=c1c(O)c2ccc3cccc4cc(O)c(c1=O)c2c34,0.0,ok
O=c1c([N+](=O)[O-])c2c([N+](=O)[O-])cc3cccc4ccc(c1=O)c2c43,0.1128,ok
O=c1c(=O)c2nc3c(=O)c4nc5c(nc4c(=O)c3nc2c2ccccc12)c(=O)c(=O)c1ccccc15,0.0,ok
CCc1c(O)c2c(c(O)c1ONC(N)=O)C(O)=C(O)C(=O)C2=O,0.0031,ok
CCc1c(O)c2c(c(O)c1ONC(N)=O)C(=O)C(=O)C(OC)=C2O,0.0585,ok
COc1c(O)c2c(c(O)c1OC)C(O)=C(O)C(=O)C2=O,0.0024,ok
CCc1c(O)c2c(c(O)c1OC)C(=O)C(=O)C(OC)=C2O,0.0681,ok
COc1c(O)cc2c(c1O)C(=O)C(=O)C(C=CC=CC(C)=O)=C2O,0.0745,ok
O=C1C(=O)c2c(O)c(Cl)c(Cl)c(O)c2C(O)=C1CBr,0.1055,ok
CCCC1=C(O)c2c(O)cc(OC)c(O)c2C(=O)C1=O,0.1113,ok
CCC(Br)C1=C(O)c2c(O)c(Cl)c(Cl)c(O)c2C(=O)C1=O,0.0746,ok
COC(=O)c1coc2c1C(=O)C(=O)c1ccccc1-2,0.0,ok
CCOC(=O)c1coc2c1C(=O)C(=O)c1ccccc1-2,0.0015,ok
CCC(=O)c1ccc(OCc2oc3c(c2C)C(=O)C(=O)c2ccccc2-3)cc1,0.0003,ok
COC1=C(CC2CCc3ccccc3O2)C(=O)C(=O)c2ccccc21,0.0254,ok
O=C1C(=O)c2ccccc2C(O)=C1CC1CCc2ccccc2O1,0.0085,ok
CCc1c(OC)cc2c(c1O)C(O)=CC(=O)C2=O,0.0013,ok
CC1=Cc2cc(C)c(C)c(C)c2C(=O)C1=O,0.0815,ok
COC1=Cc2cc(OC)c(OC)c(OC)c2C(=O)C1=O,0.1064,ok
CC(=O)C1=C(O)c2cc(C)c(O)cc2C(=O)C1=O,0.0619,ok
O=C1C=Cc2ccc3nc4ccccc4cc3c2C1=O,0.0,ok
CCOC(=O)CNC1=CC(=O)C(=O)c2ccccc21,0.0617,ok
CCCCN(CCCC)c1cccc(NC2=CC(=O)C(=O)c3ccccc32)c1,0.052,ok
O=C1C(=O)c2cn(-c3ccccc3)nc2-c2ccccc21,0.0,ok
CC(=O)CC1(C)Oc2c(C)c(O)c3c(c2C1=O)C(O)=C(C)C(=O)C3=O,,no_quinone_ring_found
CCNc1cc(S(=O)(=O)O)c(N)c2c3c(ccc12)C=CC(=O)C3=O,0.1114,ok
O=C1C=Cc2ccc3cc4c(ccc5ccccc54)cc3c2C1=O,0.0,ok
O=C1C=Cc2c(ccc3cc4c(ccc5ccccc54)cc23)C1=O,0.0,ok
Cc1c2c(c(C)c3ccccc13)-c1ccccc1C(=O)C2=O,0.1726,ok
O=C1C=Cc2c(ccc3c4c5c(cccc5cc23)CC4)C1=O,0.0,ok
Cc1c2cccc3c2c(c2ccc4c(c12)C=CC(=O)C4=O)CC3,0.0823,ok
O=C1C=Cc2cc3c(ccc4ccccc43)cc2C1=O,0.0,ok
O=c1c2c3c(cc4cccc5ccc(c1=O)c3c54)-c1ccccc1-2,0.0,ok
O=C1C=Cc2c(ccc3cc4ccc5ccccc5c4cc23)C1=O,0.0,ok
Cc1c2ccc3c(c2c(C)c2c1ccc1ccccc12)C=CC(=O)C3=O,0.0803,ok
Nc1ccc2c(=O)c(=O)c3cccc4ccc1c2c43,0.0071,ok
O=C1C=Cc2c(ccc3c2ccc2c4ccccc4ccc32)C1=O,0.0,ok
O=C1C(=O)c2ccccc2C(O)=C1CC=C(C(F)(F)F)C(F)(F)F,0.0165,ok
O=C1C(=O)c2ccccc2C(O)=C1C=CC(C(F)(F)F)C(F)(F)F,0.118,ok
O=C1C=C(OC=CC(C(F)(F)F)C(F)(F)F)c2ccccc2C1=O,0.0084,ok
O=C1C=C(Nc2cc(C(F)(F)F)ccc2Cl)c2ccccc2C1=O,0.0464,ok
O=C1C(=O)c2ccccc2C(O)=C1C(c1ccccc1)c1ccc(F)cc1,0.1045,ok
O=C1C=C(Nc2cccc(F)c2)c2ccccc2C1=O,0.0491,ok
O=C1C=C(Nc2ccc(C(=O)CC(=O)C(=O)Nc3cccc(C(F)(F)F)c3)cc2)c2ccccc2C1=O,0.0535,ok
CC(=O)OC1=C(O)c2c(OC(C)=O)ccc(OC(C)=O)c2C(=O)C1=O,0.1189,ok
O=C1C(=O)c2c(F)c(F)c(F)c(F)c2C(O)=C1F,0.0153,ok
O=C1C=Cc2cc3c4ccccc4c4ccccc4c3cc2C1=O,0.0,ok
O=C1C=Cc2c(ccc3cc4cc(F)ccc4nc23)C1=O,0.0,ok
O=C1C=Cc2c(ccc3cc4cccc(F)c4nc23)C1=O,0.0,ok
CC1Oc2c(O)c3c(c(O)c2C1(C)C)C=CC(=O)C3=O,0.0243,ok
O=C1C(=O)c2ccccc2C2=C1OC(CN1CCN(c3ccc(F)cc3)CC1)CS2,0.0916,ok
CCc1cc(CC)c2c(c1NC(C)=O)C(=O)C(=O)c1c(-c3ccc(F)cc3)csc1-2,0.118,ok
O=C1C(=O)c2c(F)cc3ccccc3c2-c2ccccc21,0.158,ok
CN(C)CC1=C(NCc2ccc(C(F)(F)F)cc2)c2ccccc2C(=O)C1=O,0.0927,ok
O=C1C(=O)c2c(F)c(F)c(F)c(F)c2C(F)=C1F,0.0,ok
O=C1C=C(Nc2ccc(F)c(Cl)c2)c2ccccc2C1=O,0.0552,ok
COc1ccc(C(=O)C(F)(F)F)cc1NC1=CC(=O)C(=O)c2ccccc21,0.0327,ok
Cc1ccc(C)c2c1C(=O)C(=O)c1c(C)ccc(F)c1-2,0.1864,ok
CCCCCCCCCCCCCCCC(F)C1=CC(=O)C(=O)c2ccccc21,0.016,ok
O=C1C=Cc2c(ccc3ccc4c(F)ccc(F)c4c23)C1=O,0.0828,ok
O=C1C(=O)c2ccccc2C2=C1SCC1(CCN(C(=O)Cc3c(F)cccc3Cl)CC1)O2,0.0539,ok
CCOC(=O)C(=O)CC(C1=C(O)c2ccccc2C(=O)C1=O)c1ccc(C(F)(F)F)cc1,0.1024,ok
O=C1C=C(Nc2ccc(C(F)(F)F)cc2[N+](=O)[O-])c2ccccc2C1=O,0.0547,ok
O=C1C=C(Nc2cccc(C(=O)CC(=O)C(=O)Nc3cccc(C(F)(F)F)c3)c2)c2ccccc2C1=O,0.0558,ok
O=C(Nc1ccc(SC(F)(F)F)cc1)C1=C(O)c2ccccc2C(=O)C1=O,0.1211,ok
O=C(Nc1ccc(F)cc1)C1=C(O)c2ccccc2C(=O)C1=O,0.1212,ok
O=C(Nc1ccc(OC(F)(F)F)cc1)C1=C(O)c2ccccc2C(=O)C1=O,0.0,ok
O=C(Nc1cccc(C(F)(F)F)c1)C1=C(O)c2ccccc2C(=O)C1=O,0.1222,ok
CC1=NN(c2ccccc2)C(=O)C1C(C1=C(O)c2ccccc2C(=O)C1=O)c1ccc(F)cc1,,no_quinone_ring_found
Cc1cc(O)c2c(c1)cc(O)c1c(=O)c3c(O)c4c(O)cc(=O)c(=O)c4cc3c(=O)c12,0.0704,ok
O=C1C(=O)c2c(cc3ccccc3c2[N+](=O)[O-])-c2ccccc21,0.1131,ok
COC(=O)CC(C1=C(O)c2ccccc2C(=O)C1=O)c1c(F)cccc1Cl,0.0505,ok
COC(=O)CC(C1=C(O)c2ccccc2C(=O)C1=O)c1ccc(F)c(F)c1,0.0998,ok
COC(=O)CC(C1=C(O)c2ccccc2C(=O)C1=O)c1cccc(OC(F)F)c1,0.073,ok
COC(=O)CC(C1=C(O)c2ccccc2C(=O)C1=O)c1cc(F)c(F)c(F)c1,0.091,ok
COC1=C(O)c2c(O)cc(C)c(OC)c2C(=O)C1=O,0.1265,ok
O=C1C(=O)c2ccccc2C=C1c1cc(F)c(F)c(F)c1,0.0039,ok
O=C1C(=O)c2ccccc2C(O)=C1Nc1cc(F)ccc1F,0.1197,ok
O=C1C(=O)c2ccccc2C(O)=C1Nc1ccccc1F,0.0968,ok
O=C1C=C(C(=O)c2ccc(F)cc2)c2ccccc2C1=O,0.0101,ok
O=C1C=C(c2ccccc2C(F)(F)F)c2ccccc2C1=O,0.0102,ok
O=C1C(=O)c2ccccc2C(O)=C1C1CCC(c2ccc(F)cc2)CC1,0.0927,ok
Cc1cc(=O)c2c(O)c3c(cc2o1)C(=O)C(=O)C(CN1CCCC1C(=O)O)=C3O,0.0004,ok
O=C1C(=O)c2ccccc2C(O)=C1C(C[N+](=O)[O-])c1ccc(C(F)(F)F)cc1,0.0823,ok
Cc1ccc(NC(C2=C(O)c3ccccc3C(=O)C2=O)c2ccc(F)cc2)cc1,0.0765,ok
COc1ccc2nc3c(c(-c4ccc(C(F)(F)F)cc4)c2c1)C(=O)C(=O)c1ccccc1-3,0.0978,ok
O=C1C(=O)c2c(cc3ccccc3c2Br)-c2ccccc21,0.143,ok
COc1cc(OC)c2c(c1)C(=O)C(=O)C(CC(C)=O)=C2O,0.0271,ok
COc1ccc(OC)c2c1C(=O)C(=O)C(CC(C)=O)=C2O,0.0951,ok
O=C1C(=O)c2ccccc2C2=C1C(c1ccc(F)cc1)c1c(ccc3ccccc13)O2,0.0482,ok
O=C1C(=O)c2ccccc2C2=C1C(c1ccccc1F)c1c(ccc3ccccc13)O2,0.0462,ok
O=C1C(=O)c2ccccc2C(O)=C1C(Nc1ccc(F)cc1)c1ccc([N+](=O)[O-])cc1,0.0874,ok
Cc1[nH]nc2c1C1(C(=O)Nc3ccc(F)cc31)C1=C(O2)c2ccccc2C(=O)C1=O,,no_quinone_ring_found
Cc1[nH]nc2c1C1(C(=O)Nc3c(C(F)(F)F)cccc31)C1=C(O2)c2ccccc2C(=O)C1=O,,no_quinone_ring_found
O=C1C(=O)c2ccccc2C2=C1C1(C(=O)Nc3c(C(F)(F)F)cccc31)c1c(n[nH]c1-c1ccccc1)O2,0.0062,ok
Cc1coc2c1C(=O)C(=O)c1c-2ccc2c1C(Oc1ccc([N+](=O)[O-])c(F)c1)CCC2(C)C,0.076,ok
O=C1C(=O)c2ccccc2C2=C1C(c1c(F)c(F)c(F)c(F)c1F)C1=C(O2)C(=O)c2ccccc2C1=O,0.0096,ok
CC(CCCCCCF)CC1=C(O)c2ccccc2C(=O)C1=O,0.0772,ok
Cc1[nH]n(-c2ccccc2)c(=O)c1C(C1=C(O)c2ccccc2C(=O)C1=O)c1ccccc1F,,no_quinone_ring_found
O=C1C(=O)c2c(F)cccc2-c2cccc(F)c21,0.0,ok
Cc1ccc[n+](C2=C([O-])c3c(O)ccc(O)c3C(=O)C2=O)c1,0.0877,ok
CC(=O)C1=C(O)c2c(cc(O)c(O)c2O)C(=O)C1=O,0.0767,ok
O=C1C(=O)c2ccccc2C(O)=C1C(=Nc1ccccc1F)Nc1cccc(F)c1,0.0136,ok
O=C1C(=O)c2ccccc2C(O)=C1C(=Nc1cccc(C(F)(F)F)c1)Nc1cccc(C(F)(F)F)c1,0.114,ok
O=C1C(=O)c2ccccc2C(O)=C1C(=Nc1ccc(F)cc1)Nc1ccc(F)cc1,0.0261,ok
O=c1cc2c(O)c3cc(Br)c4cccc5c(O)c6cc(Br)c(c1=O)c2c6c3c45,0.0893,ok
CCc1cc(O)c2c(c1O)C(=O)C(=O)C(O)=C2O,0.0005,ok
Cn1c(F)nc2c1-c1ccccc1C(=O)C2=O,0.0,ok
Cc1cc(F)ccc1CCc1nc2c(o1)-c1ccccc1C(=O)C2=O,0.003,ok
O=C1C(=O)c2nc(CCc3ccc(F)cc3)oc2-c2ccccc21,0.0,ok
Cc1ccc2c(c1)-c1cc(C(F)(F)F)ccc1C(=O)C2=O,0.0475,ok
CCCCCCCCC(COC(=C(F)F)C(F)(F)F)C1CCCCC1,,no_quinone_ring_found
COC1=C(O)c2c(O)cc(C)c(O)c2C(=O)C1=O,0.0394,ok
COC1=C(O)c2c(O)c3c(c(O)c2C(=O)C1=O)C(C)OC(C)C3,0.0438,ok
CCCC(=O)C=CC1=C(O)c2c(cc(OC)c(O)c2O)C(=O)C1=O,0.0439,ok
CCc1c(O)cc2c(c1O)C(=O)C(=O)C(O)=C2O,0.0007,ok
CC1=C(O)c2cc(F)ccc2C(=O)C1=O,0.0617,ok
O=C1C(=O)c2ccc(C(F)(F)F)cc2-c2ccccc21,0.0439,ok
C=C1C2=C(c3ccc(F)cc3C(=O)C2=O)N(c2ccccc2)N1C,0.064,ok
CC(C)(F)c1nc2c([nH]1)C(=O)C(=O)c1ccccc1-2,0.0,ok
COC1=C(O)c2c(O)c3c(c(OC)c2C(=O)C1=O)CC(C)OC3C,0.1354,ok
O=C1C(=O)c2ccccc2C(O)=C1c1c([N+](=O)[O-])c2n(c1-c1ccc(F)cc1)CCCCN2,0.0087,ok
O=C1C(=O)c2ccccc2C(O)=C1c1c([N+](=O)[O-])c2n(c1-c1ccc(F)cc1)CCCN2,0.0102,ok
CC1(C)CNc2c([N+](=O)[O-])c(C3=C(O)c4ccccc4C(=O)C3=O)c(-c3ccc(F)cc3)n2C1,0.0911,ok
CC1Cn2c(c([N+](=O)[O-])c(C3=C(O)c4ccccc4C(=O)C3=O)c2-c2ccc(F)cc2)N1,0.007,ok
O=C1C(=O)c2ccccc2C(O)=C1CN(CCO)CCO,0.0885,ok
CC1(C)OC2=C(CC1S(=O)(=O)O)C(=O)C(=O)c1ccccc12,0.007,ok
O=C1C(=O)c2ccccc2C(O)=C1CCCCCCCCCCSCCCl,0.0312,ok
O=C1C(=O)c2ccccc2C(O)=C1c1ccc(Br)cc1,0.0065,ok
CCCCCCCCCCCCNCC1=C(O)c2ccccc2C(=O)C1=O,0.0793,ok
CCCCCCCCCCCCNC(C)C1=C(O)c2ccccc2C(=O)C1=O,0.0101,ok
O=C1C(=O)c2ccccc2C(O)=C1CCCc1ccc2c(c1)CCC2,0.0693,ok
Cc1ccc(SCCCCC2=C(O)c3ccccc3C(=O)C2=O)cc1,0.0825,ok
O=C1C(=O)c2ccccc2C(O)=C1CCCc1ccc(OCc2ccccc2)cc1,0.0234,ok
O=C1C(=O)c2ccccc2C(O)=C1CCCc1ccc(S(=O)(=O)c2ccccc2)cc1,0.0707,ok
O=C1C(=O)c2ccccc2C(O)=C1CCCCCCCCCCO,0.077,ok
O=C1C(=O)c2ccccc2C(O)=C1C(C1=C(O)c2ccccc2C(=O)C1=O)c1ccccc1O,0.1397,ok
CCOC(=O)CC1=C(O)c2ccccc2C(=O)C1=O,0.0563,ok
O=C1C(=O)c2ccccc2C(O)=C1Sc1ccc(Cl)cc1,0.0385,ok
CCC(=CCC1=C(O)c2ccccc2C(=O)C1=O)CC,0.0807,ok
NC(=O)Cc1ccc(C(C2=C(O)c3ccccc3C(=O)C2=O)C2=C(O)c3ccccc3C(=O)C2=O)cc1,0.0333,ok
O=C1C(=O)c2ccccc2C(O)=C1CC=C1CCCC1,0.0542,ok
O=C1C(=O)c2ccccc2C(O)=C1CC=C1CCCCC1,0.0525,ok
CC(C)=CCOC1=CC(=O)C(=O)c2ccccc21,0.0019,ok
O=C1C=C(Nc2ccc(N(CCCl)CCCl)cc2)c2ccccc2C1=O,0.0498,ok
O=C1C=C(Nc2ccc(S(=O)(=O)N(CCCl)CCCl)cc2)c2ccccc2C1=O,0.0502,ok
CCCCCCCCNC(C)C1=C(O)c2ccccc2C(=O)C1=O,0.0761,ok
CCCCCCCCCCNC(C1=C(O)c2ccccc2C(=O)C1=O)c1ccccc1,0.0786,ok
O=C1C(=O)c2ccccc2C(O)=C1CN1CCC1,0.0275,ok
O=C1C(=O)c2ccccc2C(O)=C1CNCCO,0.0151,ok
CCCCCCCCCCCCNC(C1=C(O)c2ccccc2C(=O)C1=O)c1ccccc1,0.0947,ok
O=C1C(=O)c2ccccc2C(O)=C1Sc1ccc2ccccc2c1,0.0788,ok
O=C1C=C(NCCc2cnc[nH]2)c2ccccc2C1=O,0.0599,ok
O=C1C=C(NC(Cc2cnc[nH]2)C(=O)O)c2ccccc2C1=O,0.0599,ok
CC1=C(O)c2cc3c(cc2C(=O)C1=O)OCO3,0.0,ok
COc1c2c(cc3c1C(O)=CC(=O)C3=O)OCO2,0.0319,ok
NS(=O)(=O)c1ccc(N=Nc2ncc(CCNC3=CC(=O)C(=O)c4ccccc43)[nH]2)cc1,0.0639,ok
O=C1C(=O)c2ccccc2C(O)=C1c1ccccc1Cl,0.0725,ok
O=C1C(=O)c2ccccc2C(O)=C1c1ccc(Cl)cc1Cl,0.0704,ok
CCCc1nc2c(o1)-c1ccccc1C(=O)C2=O,0.0002,ok
CCOC(=O)c1c2c(n(CC(=O)c3ccc(Br)cc3)c1C)C(=O)C(=O)c1ccccc1-2,0.0639,ok
Cc1ccc(C(C2=C(O)c3ccccc3C(=O)C2=O)c2ccccc2)cc1,0.0967,ok
O=C1C=C(N2CCN(c3ccc([N+](=O)[O-])cc3)CC2)c2ccccc2C1=O,0.076,ok
CCN(C(C)=O)C1=C(O)c2ccccc2C(=O)C1=O,0.1075,ok
Cc1ccc[n+](C2=C([O-])c3ccccc3C(=O)C2=O)c1,0.0953,ok
Cc1c(NC2=CC(=O)C(=O)c3ccccc32)c(=O)n(-c2ccccc2)n1C,0.0372,ok
CCCCCCCCNC1=CC(=O)C(=O)c2ccccc21,0.07,ok
COC(=O)C(CCSC)NC1=CC(=O)C(=O)c2ccccc21,0.0758,ok
CC(=CCC1=C(O)c2ccccc2C(=O)C1=O)C(=O)O,0.0283,ok
O=C1C(=O)c2ccc(Br)cc2C(O)=C1C=Cc1ccccc1,0.0828,ok
CCOC(=O)C(C)=CCC1=C(O)c2ccccc2C(=O)C1=O,0.0693,ok
CC(=O)C(C(C)=O)C1=C([N+](=O)[O-])C(=O)C(=O)c2cc(Br)ccc21,0.0872,ok
O=C1C=C(Nc2ccccc2)c2ccc(S(=O)(=O)O)cc2C1=O,0.0503,ok
CC(Cl)=CCC1=C(O)c2ccccc2C(=O)C1=O,0.0717,ok
O=C1CCC(C2=C(O)c3ccccc3C(=O)C2=O)CC1,0.2869,ok
O=C1C(=O)c2c(nc3n[nH]c(-c4ccc(Cl)cc4)c3c2-c2ccccc2)-c2ccccc21,0.1144,ok
c1cc2c(cc1C1OCC3C(c4ccc5c(c4)OCO5)OCC13)OCO2,,no_quinone_ring_found
COc1cccc(-c2cc(=O)c3ccc(OC)cc3o2)c1,0.0023,ok
CCC(=O)OC1CCC2C3CCc4cc(O)ccc4C3CCC12C,,no_quinone_ring_found
O=c1c(O)c(-c2ccc(O)c(O)c2)oc2cc(O)ccc12,0.0028,ok
CC(=O)OC1CCC2C3CCc4cc(O)ccc4C3CCC12C,,no_quinone_ring_found
CN(C)CCCN1c2ccccc2CCc2ccc(Cl)cc21,,no_quinone_ring_found
CCC1(O)C(=O)OCc2c1cc1n(c2=O)Cc2cc3ccccc3nc2-1,0.1396,ok
COc1cc(C)c(C(=O)Oc2cc(C)c(O)c(C(=O)O)c2C)c(O)c1C=O,,no_quinone_ring_found
CN1CCc2c(c3ccccc3n2Cc2ccccc2)C1,,no_quinone_ring_found
N=C(N)c1ccc(OCCCCCOc2ccc(C(=N)N)cc2)cc1,,no_quinone_ring_found
Cc1cccc(N(C)C(=S)Oc2ccc3ccccc3c2)c1,,no_quinone_ring_found
O=c1cc(-c2ccccc2)oc2cc(O)cc(O)c12,0.0027,ok
CC(C)OC(=O)C(C)(C)Oc1ccc(C(=O)c2ccc(Cl)cc2)cc1,,no_quinone_ring_found
CCCCOc1ccc(OCCCN2CCOCC2)cc1,,no_quinone_ring_found
COc1cc(O)c(C(=O)c2ccccc2)c(OC)c1,,no_quinone_ring_found
CC(NCCC(c1ccccc1)c1ccccc1)c1ccccc1,,no_quinone_ring_found
COC(=O)Nc1nc2ccc(Sc3ccccc3)cc2[nH]1,,no_quinone_ring_found
CCOc1ccc(Cc2nccc3cc(OCC)c(OCC)cc23)cc1OCC,,no_quinone_ring_found
CC(C)=CCc1c(O)cc2oc(C)cc(=O)c2c1O,0.0002,ok
Cc1cc(O)c(C=O)c2c1C(=O)Oc1c(COC(=O)C=CC(=O)O)c(O)c(C(=O)O)c(C)c1O2,,no_quinone_ring_found
COc1cc(O)c2c(=O)cc(C)oc2c1CC=C(C)C,0.0021,ok
COC12CC(COC(=O)c3cncc(Br)c3)CN(C)C1Cc1cn(C)c3cccc2c13,,no_quinone_ring_found
CCN(CC)C(C)CN1c2ccccc2Sc2ccccc21,,no_quinone_ring_found
COc1c(-c2ccccc2)oc2c(OC)cccc2c1=O,0.0086,ok
COc1cc2c(cc1OC)C1C(=O)c3ccc4c(c3OC1CO2)CC(C(C)C)O4,0.164,ok
CC(C)c1ccc2c(c1)CCC1C(C)(C(N)=O)CCCC21C,,no_quinone_ring_found
O=C(O)CCCCCCCCCCCCC1C=CCC1,,no_quinone_ring_found
O=C(C=CC=Cc1ccc2c(c1)OCO2)N1CCCCC1,,no_quinone_ring_found
COC(=O)c1c(C)c2c(c(C)c1O)OC(=O)c1c(C)c(Cl)c(O)c(Cl)c1O2,,no_quinone_ring_found
CCCC=CC=CC1CC(O)C(O)C(=O)C1C=O,0.2592,ok
CC(C)(OC(=O)c1ccccc1)C1Cc2cc3ccc(=O)oc3cc2O1,0.0008,ok
COC(=O)Nc1nc2ccc(C(=O)c3ccccc3)cc2[nH]1,,no_quinone_ring_found
COc1c(C(C)C)oc2cc3oc(=O)ccc3cc12,0.0,ok
CC1=CCc2c(cc3oc(C)cc(=O)c3c2O)OC1,0.0005,ok
COc1ccc2c(c1)OC1c3ccc(OC)cc3OCC21,,no_quinone_ring_found
CSc1ccc2c(c1)C(N1CCN(C)CC1)Cc1ccccc1S2,,no_quinone_ring_found
COc1ccc(-c2coc3c(OC)c(O)ccc3c2=O)cc1,0.0057,ok
O=C(CC[N+](=O)[O-])OCC1OC(O)C(OC(=O)CC[N+](=O)[O-])C(OC(=O)CC[N+](=O)[O-])C1OC(=O)CC[N+](=O)[O-],,no_quinone_ring_found
Cc1cc(=O)c2c(O)c3c(cc2o1)OCC(C)CC3,0.0011,ok
COc1ccc(CC(=O)c2ccc(O)cc2O)cc1,,no_quinone_ring_found
O=c1c(O)c(-c2ccc(O)c(O)c2)oc2cc(O)cc(O)c12,0.0051,ok
CN1C2CCC1CC(OC(c1ccccc1)c1ccccc1)C2,,no_quinone_ring_found
CC(=O)OC1(C(C)=O)CCC2C3C=C(C)C4=CC(=O)CCC4(C)C3CCC21C,0.183,ok
CC12CCC3C(=CCc4cc(O)ccc43)C1CCC2=O,,no_quinone_ring_found
CC(CN(C)C)CN1c2ccccc2Sc2ccccc21,,no_quinone_ring_found
CC1(C(=O)O)CCC2(C)CCC3(C)C(=CC(=O)C4C5(C)CCC(O)C(C)(C)C5CCC43C)C2C1,0.2357,ok
CN(C)CCCN1c2ccccc2Sc2ccc(Cl)cc21,,no_quinone_ring_found
COC(=O)C1=C(C)NC(C)=C(C(=O)OC)C1c1ccccc1[N+](=O)[O-],,no_quinone_ring_found
CN1CCCC1CCOC(C)(c1ccccc1)c1ccc(Cl)cc1,,no_quinone_ring_found
CN(C)CCC=C1c2ccccc2C=Cc2ccccc21,,no_quinone_ring_found
O=C(COc1ccc(Cl)cc1)N1CCN(Cc2ccc3c(c2)OCO3)CC1,,no_quinone_ring_found
COc1ccc(-c2c(OC)c3c(OC)c4c(cc3oc2=O)OC(C)(C)C=C4)cc1,0.0271,ok
C=C1C(=O)OC2C1CCC(C)=CCCC1(C)OC21,,no_quinone_ring_found
Cc1c(O)c(O)cc2c1CC=C1C2(C)CCC2(C)C3CC(C)(C(=O)O)CCC3(C)CCC12C,,no_quinone_ring_found
CCC(=O)OC1CCC2C3CCC4=CC(=O)CCC4(C)C3CCC12C,0.1862,ok
C#CC1(O)CCC2C3CCC4=Cc5oncc5CC4(C)C3CCC21C,,no_quinone_ring_found
COc1ccc2c(c1)OC1(O)COc3cc(OC)c(OC)cc3C1=C2,,no_quinone_ring_found
COc1c(CC(=O)c2cc3c(cc2O)OC(C)(C)C(O)C3)ccc2c1C=CC(C)(C)O2,,no_quinone_ring_found
COc1cc2c(cc1OC)C1C(=O)c3c(O)cc4c(c3OC1CO2)C=CC(C)(C)O4,0.1663,ok
O=C(OC1Cc2c(O)cc(O)cc2OC1c1ccc(O)c(O)c1)c1cc(O)c(O)c(O)c1,,no_quinone_ring_found
CC(=O)OC1CCC2(C)C(=CCC3C4CCC(=O)C4(C)CCC32)C1,,no_quinone_ring_found
O=C(CCCN1CCC(O)(c2ccc(Cl)cc2)CC1)c1ccc(F)cc1,,no_quinone_ring_found
COC(=O)CCCNC(=O)CSC1=C(O)c2c(OC)cccc2C(=O)C1=O,0.0563,ok
O=C1C(=O)c2c(O)ccc(O)c2C(O)=C1Cl,0.0,ok
O=C1C=CC2=C3c4cc(O)c(O)cc4CC3(O)COC2=C1O,0.0298,ok
O=C1C(=O)c2ccccc2C2=C1C(c1ccc(Cl)cc1)c1c(n[nH]c1-c1ccc(Cl)cc1)N2,0.0844,ok
CCOC(=O)C(C1=CC(=O)C(=O)c2ccc(Br)cc21)=C(C)O,0.0145,ok
Cc1nn(-c2ccc(Br)cc2)c2nc3c(nc12)C(=O)C(=O)c1ccccc1-3,0.0001,ok
Cc1nn(-c2ccccc2)c2nc3c(nc12)C(=O)C(=O)c1ccccc1-3,0.0,ok
CCCc1onc(C)c1NC1=CC(=O)C(=O)c2ccccc21,0.0489,ok
Cc1nn(-c2ccc(C#N)cc2)c2nc3c(nc12)C(=O)C(=O)c1ccccc1-3,0.0001,ok
CCCCCc1onc(C)c1NC1=CC(=O)C(=O)c2ccccc21,0.0459,ok
CCCCCNC1=C(NC(=O)CCl)C(=O)C(=O)c2ccccc21,0.1364,ok
CCCCCCNC1=C(Cl)C(=O)C(=O)c2ccccc21,0.1217,ok
COc1cccc2c1C(=O)C(=O)C(C1=C(O)c3cccc(OC)c3C(=O)C1=O)=C2O,0.0991,ok
COc1cc(Cc2nc3c(n2CCCCC2CCCCC2)-c2ccccc2C(=O)C3=O)cc(OC)c1OC,0.0364,ok
CCN(CCO)C1=CC(=O)C(=O)c2ccccc21,0.0476,ok
O=C1C(=O)c2nc(CCCC3CCCCC3)n(CCCCC3CCCCC3)c2-c2ccccc21,0.0444,ok
Cc1cccc(C)c1Nc1cccc2c1C(=O)C(=O)C=C2,0.0404,ok
CCCCCN(CCCCC)CCCNC1=C(Cl)C(=O)C(=O)c2ccccc21,0.0906,ok
CCN(CC)CCCN1C2=C(NC1Cc1cc(OC)c(OC)c(OC)c1)C(=O)C(=O)c1ccccc12,0.0658,ok
CCCCCCOc1ccc(CNC2=CC(=O)C(=O)c3ccccc32)cc1,0.069,ok
O=C1C=C(NCCCN2CCOCC2)c2ccccc2C1=O,0.0643,ok
COC1=Cc2c(OC)cccc2C(=O)C1=O,0.0391,ok
COC1=Cc2cccc(OC)c2C(=O)C1=O,0.1108,ok
O=C(CCl)NC1=Cc2ccccc2C(=O)C1=O,0.1006,ok
COc1cc(C)cc2c1C(=O)C(=O)C=C2,0.0618,ok
Cc1cc(O)c2c(c1)C(O)=C(C1=C(O)c3cc(C)cc(O)c3C(=O)C1=O)C(=O)C2=O,0.062,ok
COc1cc(C)cc2c1C=CC(=O)C2=O,0.0006,ok
Cc1cccc2c1C(=O)C(=O)C1=C2OCC1C,0.0055,ok
Cc1cccc2c1C(=O)C(=O)c1c(C)coc1-2,0.0,ok
CC(C)CC(O)C1=C(O)c2ccccc2C(=O)C1=O,0.01,ok
CCCCCCOc1ccc(CCCNC2=CC(=O)C(=O)c3ccccc32)cc1,0.066,ok
Cc1ccc2c(c1)C(=O)C(=O)c1c(C)cccc1-2,0.1129,ok
CC(=O)Oc1cc(C)c2c3c1C(C)(C)OC3=C(C)C(=O)C2=O,0.0058,ok
COc1c(O)ccc2c1C(=O)C(=O)C(C)=C2O,0.1136,ok
Cc1cccc2c1-c1ccc3c(c1C(=O)C2=O)C(C)CO3,0.1441,ok
Cc1cccc2cc3c(cc12)C1=C(OCC1C)C(=O)C3=O,0.0135,ok
Cc1cccc2cc3c(cc12)C(O)=CC(=O)C3=O,0.0472,ok
Cc1cccc2c3c(ccc12)C(O)=CC(=O)C3=O,0.1223,ok
O=C1C=C(O)c2cc3ccccc3c(O)c2C1=O,0.0458,ok
CC(=O)C1=C(O)c2c(O)cc(O)cc2C(=O)C1=O,0.0704,ok
COc1c(OC(C)=O)c(C)cc2cc3c(cc12)C(=O)C(=O)C=C3,0.0051,ok
O=C1C(=O)c2c(O)c(O)c(O)c(O)c2-c2occc21,0.0,ok
COC1=CC(=O)C(=O)c2c1cc(C)c(Br)c2O,0.0856,ok
CC(=O)OCc1coc2c1C(=O)C(=O)c1c-2ccc2c(C)cccc12,0.0501,ok
O=Cc1cccc(Nc2cccc3c2C(=O)C(=O)C=C3)c1,0.0186,ok
Cc1cccc(Nc2cccc3c2C(=O)C(=O)C=C3)c1C,0.1116,ok
O=C1C(=O)c2cc3ccc4ccccc4c3cc2-c2ccccc21,0.0,ok
CC(=O)OCC1(C)CCCc2c1ccc1c2C(=O)C(=O)c2c(C)coc2-1,0.0368,ok
COc1cc(OC)c2c(c1O)C(=O)C(=O)C(C(C)=O)=C2O,0.0393,ok
COc1cc(O)c2c(c1OC)C(=O)C(=O)C(C(C)=O)=C2O,0.1306,ok
COc1cc(OC)c2c(c1OC)C(=O)C(=O)C(C(C)=O)=C2O,0.1277,ok
C=CCC1=C(O)c2ccc3c(C)c(C)c(O)cc3c2C(=O)C1=O,0.1271,ok
O=C1C(=O)c2cccc(O)c2C(O)=C1C1=CC(=O)c2cccc(O)c2C1=O,0.0514,ok
O=C1C(=O)c2c(O)cccc2C(O)=C1C1=C(O)c2cccc(O)c2C(=O)C1=O,0.0806,ok
COc1cc(-n2c(C)nc3c2-c2ccccc2C(=O)C3=O)cc(OC)c1OC,0.0695,ok
COc1cccc2c1C(=O)C(C1=C(O)c3c(OC)cccc3C(=O)C1=O)=CC2=O,0.0305,ok
COC1=C(C2=C(O)c3cccc(O)c3C(=O)C2=O)C(=O)c2cccc(O)c2C1=O,0.0534,ok
O=C1C=C(Nc2ccc(O)c(C(=O)O)c2)c2ccccc2C1=O,0.0491,ok
CCCCCCOc1ccc(CCCCNC2=CC(=O)C(=O)c3ccccc32)cc1,0.0663,ok
COc1cc(C)cc2c1C(=O)C(=O)C(C1=C(O)c3cc(C)cc(OC)c3C(=O)C1=O)=C2O,0.1329,ok
CN(C)c1cc[n+](C2=C([O-])c3ccccc3C(=O)C2=O)cc1,0.0967,ok
CCOC(=O)C(C#N)=CNC1=CC(=O)C(=O)c2ccccc21,0.0859,ok
CCOC(=O)c1c2c(n(-c3ccc(C)cc3)c1C)-c1ccccc1C(=O)C2=O,0.0575,ok
CC(C)C(Br)=CC1=C(O)c2ccccc2C(=O)C1=O,0.0782,ok
CCN(CC)CCCn1c(C=Cc2ccccc2)nc2c1-c1ccccc1C(=O)C2=O,0.0414,ok
Cc1cc(O)c2c(c1)C(=O)C=C(C1=C(O)c3c(O)cc(C)cc3C(=O)C1=O)C2=O,0.0139,ok
O=C1C=C2Cc3cc4ccccc4c4ccc(c2c34)C1=O,0.0,ok
CC=Cc1cc(OC(C)C)c2c(c1)C(=O)C(=O)C=C2OC,0.0282,ok
CC(C)C1=Cc2ccc3c(c2C(=O)C1=O)CCCC3C,0.0754,ok
COC1=C(C)C(=O)C(=O)c2c(OC)cccc21,0.0661,ok
COc1cc(OC)c2c(c1)C1=C(CC(C)O1)C(=O)C2=O,0.0462,ok
COc1cc2c(c(OC)c1OC)C(=O)C(=O)C=C2,0.0656,ok
O=C1C=Cc2c(ccc3cc4ccc5cc(O)ccc5c4cc23)C1=O,0.0,ok
CCOC(=O)c1ccc[n+](C2=C([O-])c3ccccc3C(=O)C2=O)c1,0.0826,ok
O=C1C=Cc2c(ccc3c4ccccc4c4ccccc4c23)C1=O,0.0849,ok
Cc1cc2c([nH]1)-c1ccccc1C(=O)C2=O,0.0,ok
CC(=O)CC1=Cc2cc(Br)ccc2C(=O)C1=O,0.006,ok
COc1ccc2c3c(nc(OC)c2c1OC)-c1cc2c(cc1C(=O)C3=O)OCO2,0.1053,ok
CCC1(CC)CC2=C(O1)c1ccccc1C(=O)C2=O,0.0026,ok
CC(=O)CC1=C(C#N)c2ccccc2C(=O)C1=O,0.0163,ok
COc1cccc2c1-c1ccccc1C(=O)C2=O,0.1142,ok
O=C1C=Cc2c(ccc3c2sc2ccccc23)C1=O,0.0,ok
CCOC(=O)CC1=Cc2ccccc2C(=O)C1=O,0.0119,ok
COc1ccc2c(c1)C(=O)C(=O)C(c1ccccc1)=C2,0.0037,ok
CC(=O)OC(C)(C)CCCc1c(C)ccc2c1C(=O)C(=O)C(C(C)C)=C2,0.1132,ok
COC1=CC(=O)C(=O)c2c(O)cccc21,0.0,ok
CCCCCCNC1=CC(=O)C(=O)c2ccccc21,0.0663,ok
Cc1cc(C)c2c(c1C)-c1c(C)c(C)cc(C)c1C(=O)C2=O,0.2078,ok
Cc1c2cc(C(C)(C)C)c(=O)c(=O)c2c(C)c2cc(C(C)(C)C)c(=O)c(=O)c12,0.1431,ok
CC(C)(C)NC1=CC(=O)C(=O)c2ccccc21,0.0292,ok
CN(C)CC1=C(N)c2ccccc2C(=O)C1=O,0.0599,ok
COCC1=C(NC(C)c2ccccc2)c2ccccc2C(=O)C1=O,0.1034,ok
O=C1C=C(NC(c2ccccc2)c2ccccc2)c2ccccc2C1=O,0.0694,ok
COc1ccc(CNC2=CC(=O)C(=O)c3ccccc32)cc1OC,0.0596,ok
CN1CC2=C(c3ccccc3C(=O)C2=O)N(c2ccccc2)C1,0.0945,ok
O=CCC1=Cc2ccccc2C(=O)C1=O,0.0092,ok
CCc1cc[n+](C2=C([O-])c3ccccc3C(=O)C2=O)cc1,0.0949,ok
CC(c1ccccc1)N1CN(C(C)(C)C)CC2=C1c1ccccc1C(=O)C2=O,0.1378,ok
Cc1c2ccc(=O)c(=O)c2c(C)c2ccc(=O)c(=O)c12,0.1051,ok
Cc1c2c(c(C)c3ccc(O)cc13)C(=O)C(=O)C=C2,0.1078,ok
O=C1C=Cc2cc3cc(O)ccc3cc2C1=O,0.0,ok
Cc1c2c(c(C)c3c(O)c(O)ccc13)C=CC(=O)C2=O,0.1096,ok
CC(=O)Oc1ccc2c(C)c3c(c(C)c2c1OC(C)=O)C=CC(=O)C3=O,0.1089,ok
COc1cc2c(C)c3c(c(C)c2cc1C(C)(C)C)C(=O)C(=O)C(C(C)(C)C)=C3,0.1467,ok
O=c1ccc2c(cc3ccc4cccc5c6ccccc6c2c3c45)c1=O,0.0892,ok
COc1ccc2c(c1)C(=O)C(=O)c1cc(OC(C)=O)c(OC)c(OC)c1-2,0.1133,ok
COc1ccc(C2CC3=C(O2)c2ccccc2C(=O)C3=O)cc1,0.0032,ok
O=C1C(=O)c2ccccc2C2=C1C1CCC=CC1O2,0.0043,ok
COc1ccc2c(c1OC)-c1c(ccc(OC)c1OC)C(=O)C2=O,0.1449,ok
COc1cc2c(c(OC)c1OC)-c1c(cc(C(C)(C)C)cc1C(C)(C)C)C(=O)C2=O,0.1811,ok
O=C1C(=O)c2ccccc2C([O-])=C1[n+]1ccc2ccccc2c1,0.0934,ok
COc1ccc(O)c2c1C1=C(C(=O)C2=O)C(O)CC(C)(C)O1,0.0343,ok
Cc1nn(-c2ccccc2)c2nc3c(c(-c4ccc([N+](=O)[O-])cc4)c12)C(=O)C(=O)c1ccccc1-3,0.0981,ok
O=C1C=Cc2c(ccc3cccnc23)C1=O,0.0,ok
COc1cc(-n2c(-c3ccc([N+](=O)[O-])cc3)nc3c2-c2ccccc2C(=O)C3=O)c(OC)c2ccccc12,0.0456,ok
Cc1nn(-c2ccc(Br)cc2)c(N=C2C3=C(OC2(C)C)c2ccccc2C(=O)C3=O)c1Br,0.0232,ok
Cc1nn(-c2ccc(Br)cc2)c(NC2C3=C(OC2(C)C)c2ccccc2C(=O)C3=O)c1Br,0.0419,ok
Cc1nn(-c2ccccc2)c(NC2C3=C(OC2(C)C)c2ccccc2C(=O)C3=O)c1Br,0.017,ok
Cc1cc(NC2C3=C(OC2(C)C)c2ccccc2C(=O)C3=O)n(-c2ccccc2)n1,0.0317,ok
COc1ccc(-c2cc(NC3C4=C(OC3(C)C)c3ccccc3C(=O)C4=O)n(-c3ccccc3)n2)cc1,0.0312,ok
CC1(C)OC2=C(C(=O)C(=O)c3ccccc32)C1Nc1cc(-c2ccccc2)nn1-c1ccccc1,0.0295,ok
CC1(C)OC2=C(C(=O)C(=O)c3ccccc32)C1Nc1cc(-c2ccccc2)nn1-c1ccc(Br)cc1,0.0327,ok
COc1ccc2c(c1)C(=O)C(=O)c1cc(OC)cc(OC)c1-2,0.1057,ok
O=c1c(=O)c2cccc3c([N+](=O)[O-])cc4cccc1c4c32,0.002,ok
NS(=O)(=O)c1ccc2c(c1)C(=O)C(=O)C=C2NS(=O)(=O)c1ccc2ccc(O)c(O)c2c1,0.0095,ok
CS(=O)(=O)Nc1cc(S(N)(=O)=O)cc2c1C(=O)C(=O)C=C2,0.0345,ok
COC1=CC(=O)C(=O)c2c(NS(=O)(=O)c3ccc(O)cc3)cccc21,0.0627,ok
COC(=O)c1ccc2c(c1)-c1ccccc1C(=O)C2=O,0.001,ok
CCC(C)(C)c1ccc(OCCCCNC(=O)C2=C(O)c3ccccc3C(=O)C2=O)c(C(C)(C)CC)c1,0.0285,ok
Cc1cc(C)c(O)c(C2=CC(=O)C(=O)c3ccccc32)c1,0.0014,ok
COC1=CC(=O)C(=O)c2c(NS(C)(=O)=O)cccc21,0.0469,ok
CCOc1oc2c(c1C(=O)c1ccccc1)C(=O)C(=O)c1ccccc1-2,0.0062,ok
C=C(C)CC1=Cc2ccccc2C(=O)C1=O,0.015,ok
C=CCC1=Cc2cc(Br)ccc2C(=O)C1=O,0.0242,ok
CCCCCc1c(C(=O)OCC)sc2c1C(=O)C(=O)c1ccccc1-2,0.0102,ok
CCCCCCc1c(C(=O)OCC)sc2c1C(=O)C(=O)c1ccccc1-2,0.0064,ok
CCOC(=O)c1sc2c(c1C(C)C)C(=O)C(=O)c1ccccc1-2,0.0451,ok
O=C1C(=O)c2ccccc2C=C1c1ccccc1[N+](=O)[O-],0.0082,ok
Cc1cccc2c3c(ccc12)C(OC(=O)CCC(=O)O)=C(C(C)COC(=O)CCC(=O)O)C(=O)C3=O,0.1304,ok
COC(=O)CC(C1=C(O)c2ccccc2C(=O)C1=O)c1ccc(OCCc2ccc(OC)cc2)c(OC)c1,0.0864,ok
O=C1C(=O)c2ccccc2C2=C1C(c1ccc([N+](=O)[O-])cc1)c1c(ccc3ccccc13)O2,0.0457,ok
O=C1C(=O)c2ccccc2C2=C1C(c1ccc(Cl)cc1)c1c(ccc3ccccc13)O2,0.048,ok
O=C1C(=O)c2ccccc2C2=C1C(c1cccs1)c1c(ccc3ccccc13)O2,0.0378,ok
O=C1C(=O)c2ccccc2C2=C1C(c1ccc3c(c1)OCO3)c1c(ccc3ccccc13)O2,0.0488,ok
COc1cccc2cc3c(cc12)C(=O)C(=O)C=C3,0.0,ok
COc1ccc2ccc3c(c2c1)C(c1ccc(Br)cc1)C1=C(O3)c2ccccc2C(=O)C1=O,0.0483,ok
CC(=O)C(C1=CC(=O)C(=O)c2ccccc21)=C(C)O,0.0263,ok
O=C1C(=O)c2c(O)cccc2C(O)=C1C1=C(Br)C(=O)c2c(O)cccc2C1=O,0.0654,ok
Cc1cc(O)c2c(c1)C(=O)C(=O)C(C1=C(O)c3c(O)cc(C)cc3C(=O)C1=O)=C2O,0.0741,ok
Cc1coc2c1C(=O)C(=O)c1c-2ccc2c1CCCC2(O)O,0.0395,ok
O=C1C(=O)c2cccc(O)c2C(O)=C1C1=C(Br)C(=O)c2cccc(O)c2C1=O,0.0249,ok
COc1c2c(c(O)c3c1C(=O)C(=O)C(C)=C3O)OCO2,0.1013,ok
COc1c(C)c(O)c2c(c1O)C(=O)C(=O)C=C2,0.0038,ok
C=CCC1(C)C(=O)Oc2c(O)c3c(c(C)c21)C(=O)C(=O)C(C(C)C)=C3O,,no_quinone_ring_found
COc1cccc2c1C(=O)C(=O)C(CC(C)OC(C)=O)=C2O,0.1045,ok
CC1=COC2=C(C)C(=O)C(=O)c3c(CO)ccc1c32,0.0643,ok
COC(=O)c1cc2cc3c(c(O)c2c(=O)o1)OC1(CC3)CC2=C(O1)c1c(OC)cc(OC)c(O)c1C(=O)C2=O,0.0006,ok
COc1ccc2c3c(ccc2c1)C(=O)C(=O)C=C3O,0.0704,ok
CC(=CCCC1(C)OC1C)C(=O)OCC(C)(C)CC1=C(O)c2ccccc2C(=O)C1=O,0.0868,ok
CC1=C2c3c(ccc(C)c3C(=O)C1=O)OC2C,0.0105,ok
Cc1ccc2c(c1C(=O)CC1CC1C)C(=O)C(=O)C(C(C)C)=C2,0.0699,ok
CSC1=C(O)c2ccccc2C(=O)C1=O,0.0859,ok
C=CC1(C2=C(O)c3ccccc3C(=O)C2=O)CCCCC1,0.1297,ok
CC(=O)c1ccc2c(c1)C(=O)C(=O)c1ccccc1-2,0.0539,ok
O=C(O)C1=CC(=O)C(=O)c2ccccc21,0.0135,ok
CCCNC1=CC(=O)C(=O)c2ccccc21,0.0598,ok
O=C1C(=O)c2ccccc2C(O)=C1c1ccc(-c2ccccc2)cc1,0.0902,ok
COc1cccc2c1C(=O)C(=O)C=C2O,0.1095,ok
CCCCCCCCCCCCCCCCCCSC1=C(O)c2ccccc2C(=O)C1=O,0.0883,ok
O=C(O)C=CC(=O)C1=C(O)c2ccccc2C(=O)C1=O,0.079,ok
CCOC(=O)C(C(=O)c1ccccc1)C1=CC(=O)C(=O)c2ccc(Br)cc21,0.0326,ok
O=C1C=C(S(=O)(=O)O)c2cc3ccccc3cc2C1=O,0.0099,ok
O=C1C(=O)c2ccccc2C(O)=C1CCCC1CCC(C2CCCCC2)CC1,0.0662,ok
O=C1C=C(OS(=O)(=O)O)c2ccccc2C1=O,0.0047,ok
N=C(N)N1CCN(C2=CC(=O)C(=O)c3ccccc32)CC1,0.0426,ok
O=C1C(=O)c2c(nc3cc(Cl)ccn23)-c2ccccc21,0.0,ok
CCCCN(CC1=CC(=O)C(=O)c2ccccc21)C(C)=O,0.0228,ok
CCOc1cccc2c1C1=C(C(=O)C2=O)C(C)(C)C(=O)N1,0.0,ok
CC(C)=CCC(O)c1cc(O)c2c(c1O)C(=O)C(=O)C=C2O,0.0011,ok
CC1(C2=C(O)c3ccccc3C(=O)C2=O)CCCCC1,0.14,ok
CCCCN(CC1=CC(=O)C(=O)c2ccccc21)C(=O)CCC(=O)N1CCOCC1,0.0063,ok
CCCCOc1ccc2c(c1)C(=O)C(=O)C1=C2NC(=O)C1(C)C,0.0001,ok
O=C1C=C(OCCCCCCOc2ccccc2)c2ccccc2C1=O,0.0004,ok
CCCCN(CC1=C(Br)C(=O)C(=O)c2ccccc21)C(C)=O,0.0912,ok
CC(C)COc1cccc2c1C1=C(C(=O)C2=O)C(C)(C)C(=O)N1,0.0037,ok
O=C1C=C(OCC2CCCCC2)c2ccccc2C1=O,0.0002,ok
O=C1C=C(OCCCCCCO)c2ccccc2C1=O,0.0007,ok
CC(C)C1=Cc2cccc(CCC(O)C(C)(C)O)c2C(=O)C1=O,0.0998,ok
CC1(C)CCC2=C(S1)c1ccccc1C(=O)C2=O,0.0702,ok
O=C1C=C(OCCCCCNc2c3ccccc3nc3ccccc23)c2ccccc2C1=O,0.0023,ok
O=C1C(=O)c2c(nc3c(Cl)cc(Cl)cn23)-c2ccccc21,0.0,ok
CC1(C)C(=O)NC2=C1C(=O)C(=O)c1cccc(OCC(N)=O)c12,,no_quinone_ring_found
CC(C)=CCCC(C)=CCC1=C(O)c2cc(O)c(C)c(O)c2C(=O)C1=O,0.0848,ok
CC1SC2=C(C(=O)C(=O)c3ccccc32)C1(C)C,0.0328,ok
O=C1C=C(OCCCCCCOC2=CC(=O)c3ccccc3C2=O)c2ccccc2C1=O,0.0002,ok
Nc1ccc2c(c1)C(=O)C(=O)C=C2,0.0019,ok
Cc1ccc2c(c1C)C(=O)C(=O)C(c1cc(Br)c(O)c(C(C)(C)C)c1)=C2O,0.1376,ok
CC1(C)CCOC2=C1C(=O)C(=O)c1ccccc12,0.0601,ok
CC(C)=CCC1CC2=C(OC1(C)C)c1ccccc1C(=O)C2=O,0.0081,ok
CC(C)(C)c1cc(C2=C(O)c3ccccc3C(=O)C2=O)cc(C(C)(C)C)c1O,0.0905,ok
O=C1C=C(NCC2CCCCC2)c2ccccc2C1=O,0.0646,ok
CC(C)(C)c1cc(C2=C(O)c3cc4c(cc3C(=O)C2=O)C(C)(C)CCC4(C)C)cc(C(C)(C)C)c1O,0.0063,ok
CC(C)C1=C(O)c2c(O)cc3c(c2C(=O)C1=O)C=CCC3(C)C,0.1517,ok
O=C1C(=O)c2ccccc2C(O)=C1NCc1ccccc1,0.0069,ok
CC1(C)CCC(C)(C)c2cc3c(cc21)C=CC(=O)C3=O,0.0015,ok
CC(=O)OC(CCc1c(C)ccc2c1C(=O)C(=O)C(C(C)C)=C2)C(C)C,0.1078,ok
COC1=Cc2cc3c(cc2C(=O)C1=O)C(C)(C)CCC3(C)C,0.0316,ok
Cc1cccc2c1C(=O)C(=O)C(c1cc(C(C)(C)C)c(O)c(C(C)(C)C)c1)=C2O,0.1024,ok
Cc1cccc2c1C(O)=C(c1cc(C(C)(C)C)c(O)c(C(C)(C)C)c1)C(=O)C2=O,0.0937,ok
CC(C)(C)c1cc(C2=C(Br)C(=O)C(=O)c3cc4c(cc32)C(C)(C)CCC4(C)C)cc(C(C)(C)C)c1O,0.0594,ok
O=C1C=C(O)c2cc3ccccc3cc2C1=O,0.0,ok
Cc1ccc2c(c1)C(O)=C(c1cc(C(C)(C)C)c(O)c(C(C)(C)C)c1)C(=O)C2=O,0.0182,ok
Cc1cc(C)c2c(c1)C(O)=C(c1cc(C(C)(C)C)c(O)c(C(C)(C)C)c1)C(=O)C2=O,0.1301,ok
Cc1ccc2c(c1)C(=O)C(=O)C(c1cc(C(C)(C)C)c(O)c(C(C)(C)C)c1)=C2O,0.0916,ok
CC(C)=CCCc1ccc2c(c1)C(=O)C(=O)C=C2O,0.0453,ok
COC1=C(c2cc(C(C)(C)C)c(O)c(C(C)(C)C)c2)c2cc3c(cc2C(=O)C1=O)C(C)(C)CCC3(C)C,0.0714,ok
Cc1cc2c(cc1C)C(O)=CC(=O)C2=O,0.0466,ok
COc1ccc2c(c1)C(O)=CC(=O)C2=O,0.0,ok
Cc1ccc2c(c1C)C(O)=C(c1cc(C(C)(C)C)c(O)c(C(C)(C)C)c1)C(=O)C2=O,0.1155,ok
Cc1ccc2c(c1C)C(=O)C(=O)C(c1cc(C(C)(C)C)c(O)c(C(C)(C)C)c1)=C2O,0.111,ok
Cc1cc2c(cc1C)C(O)=C(c1cc(C(C)(C)C)c(O)c(C(C)(C)C)c1)C(=O)C2=O,0.0928,ok
Cc1ccc(C)c2c1C(=O)C(=O)C(c1cc(C(C)(C)C)c(O)c(C(C)(C)C)c1)=C2O,0.1469,ok
CC(C)=CCCc1ccc2c(c1)C(O)=CC(=O)C2=O,0.0454,ok
CC(C)(C)c1cc(C2=CC(=O)C(=O)c3cc4c(cc32)C(C)(C)CCC4(C)C)cc(C(C)(C)C)c1O,0.0011,ok
CCCCNC(CCC)C1=C(O)c2ccccc2C(=O)C1=O,0.0815,ok
O=C1C(=O)c2[nH]c3ccccc3c2-c2ccccc21,0.0,ok
CC1COC2=C1C(=O)C(=O)c1c(O)cccc12,0.0046,ok
O=C1C=C(O)c2ccc(O)cc2C1=O,0.0424,ok
CC1COC2=C1C(=O)C(=O)c1ccccc12,0.0046,ok
CC1(C)CCc2c(ccc3c2C(O)=CC(=O)C3=O)O1,0.0527,ok
CCOC(=O)c1c2c(n(CC(=O)OC(C)(C)C)c1C)C(=O)C(=O)c1ccc(Br)cc1-2,0.0644,ok
CCOC(=O)c1c2c(n(CC(=O)O)c1C)C(=O)C(=O)c1ccc(Br)cc1-2,0.0741,ok
COC1(C)OC2=C(C(=O)C(=O)c3ccccc32)C1(C)C,0.0102,ok
CC1OC2=C(C(=O)C(=O)c3ccccc32)C1c1ccccc1,0.0182,ok
Cc1ccc2c(c1)C(=O)C(=O)C=C2O,0.0451,ok
Cc1ccc2c(c1)C1=C(CCC(C)(C)O1)C(=O)C2=O,0.0038,ok
Cc1cccc2c1C(=O)C(=O)C=C2O,0.0926,ok
Cc1ccc2c(c1)C(O)=CC(=O)C2=O,0.0463,ok
Cc1cc(C)c2c(c1)C(=O)C(=O)C(c1cc(C(C)(C)C)c(O)c(C(C)(C)C)c1)=C2O,0.0952,ok
O=C1C(=O)c2ccccc2C2=C1OC(CN1CCC(O)CC1)CS2,0.0868,ok
COC(CN(C)CC1CSC2=C(O1)C(=O)C(=O)c1ccccc12)OC,0.0628,ok
CCc1cc(O)c2c(c1O)C(O)=CC(=O)C2=O,0.0007,ok
CCCC1=C(O)c2c(O)c(Cl)c(Cl)c(O)c2C(=O)C1=O,0.1106,ok
CC(C)NC(=O)CN1CCN(CC2CSC3=C(O2)C(=O)C(=O)c2ccccc23)CC1,0.0689,ok
Cc1cccc2c3c(ccc12)C(N)=C(C(C)CO)C(=O)C3=O,0.1384,ok
COc1cc(OC)c2c(c1OC)C(=O)C(=O)C=C2O,0.0969,ok
O=C1C(=O)c2cc3ccccc3nc2-c2ccccc21,0.0,ok
C=C(C)C(C)C1=C(O)c2ccccc2C(=O)C1=O,0.0853,ok
CC(=O)C1=C(C)C(=O)C(=O)c2ccccc21,0.0413,ok
CC1=C(O)c2c(O)cccc2C(=O)C1=O,0.0,ok
O=C1C=Cc2c(cccc2[N+](=O)[O-])C1=O,0.0062,ok
CC(=O)Nc1cccc2c1C=CC(=O)C2=O,0.0099,ok
CC(C)(C)c1ccc2c(c1)-c1ccccc1C(=O)C2=O,0.0453,ok
CCc1cc2c(cc1CC)C(O)=CC(=O)C2=O,0.0464,ok
CC(C)(C)c1ccc2c(c1)-c1cc(C(C)(C)C)ccc1C(=O)C2=O,0.0513,ok
CCOc1ccc2c(c1)C(=O)C(=O)C=C2O,0.044,ok
Nc1cccc2c1C(=O)C(=O)C=C2O,0.0199,ok
O=C1C=C(O)c2ccc(-c3ccccc3)cc2C1=O,0.0469,ok
Cc1cc2c(cc1C)-c1cc(C)c(C)cc1C(=O)C2=O,0.0523,ok
O=C1C=C(c2cc(O)c(O)c3ccccc23)c2ccccc2C1=O,0.0015,ok
O=C1C(=O)c2ccc(Br)cc2C=C1Br,0.0,ok
CCNC1=CC(=O)C(=O)c2ccccc21,0.0597,ok
COc1ccc(C2=CC(=O)C(=O)c3ccccc32)c2ccccc12,0.0007,ok
CCOC(=O)c1[nH]c2c(c1-c1ccccc1)-c1ccccc1C(=O)C2=O,0.0001,ok
O=C1C=C(N(c2ccccc2)c2ccc3ccccc3c2)c2ccccc2C1=O,0.052,ok
COc1cccc2c1C(O)=CC(=O)C2=O,0.0,ok
O=C1C(=O)c2ccccc2C(O)=C1S(=O)(=O)O,0.0384,ok
CCC(C)(C)C1CCC(CC2=C(O)c3ccccc3C(=O)C2=O)CC1,0.0826,ok
CC1CCC(C2=C(O)c3ccccc3C(=O)C2=O)CC1,0.0881,ok
CC(C)(C)C1CCCC(C2=C(O)c3ccccc3C(=O)C2=O)C1,0.0814,ok
CC(C)(C)C1CCC2C3=C(OC2C1)c1ccccc1C(=O)C3=O,0.0116,ok
COC(=O)C1=Cc2ccccc2C(=O)C1=O,0.0638,ok
CNCC1=C(O)c2ccccc2C(=O)C1=O,0.0823,ok
O=C1C(=O)c2ccccc2C2=C1S(=O)(=O)c1ccccc1N2,0.1151,ok
O=CN1CCN(C2=C(O)c3ccccc3C(=O)C2=O)CC1,0.1189,ok
O=C1C(=O)c2ccccc2C(O)=C1N1CCN(c2nc3ccccc3o2)CC1,0.1112,ok
CCOC(=O)N1CCN(C2=C(O)c3ccccc3C(=O)C2=O)CC1,0.093,ok
O=C1C(=O)c2ccccc2C(O)=C1C1CCC(c2ccccc2)CC1,0.0925,ok
CCOC(=O)c1c2c(n(C)c1CN1CCOCC1)C(=O)C(=O)c1ccc(Br)cc1-2,0.055,ok
O=C(O)CC(O)CC1=C(O)c2cccc(O)c2C(=O)C1=O,0.0372,ok
CCOC(=O)c1c2c(n(C)c1CN1CCCCC1)C(=O)C(=O)c1ccc(Br)cc1-2,0.0624,ok
O=C1C=C(N(CCO)CCO)c2ccccc2C1=O,0.0145,ok
C=C1CCCc2c1ccc1c2C(=O)C(=O)C2=C1OCC2C,0.0511,ok
CCCCCCCCCCC=CC1=C(O)c2ccccc2C(=O)C1=O,0.0683,ok
CN(C1=CC(=O)C(=O)c2ccccc21)C1CCCCCC1,0.0422,ok
CCCCCCCCCCCC(NC)C1=C(O)c2ccccc2C(=O)C1=O,0.0068,ok
CN(C1=CC(=O)C(=O)c2ccccc21)C1CC2CCC1C2,0.042,ok
CN(C1=CC(=O)C(=O)c2ccccc21)C1CCc2ccccc21,0.0382,ok
O=C1C(=O)c2ccccc2C(Br)=C1Br,0.0,ok
O=C1C(=O)c2ccc(Br)c(Br)c2C=C1Br,0.0,ok
CC(C)(C)c1ccc(C2CCN(C3=CC(=O)C(=O)c4ccccc43)CC2)cc1,0.035,ok
O=C1C(=O)c2ccccc2C(Cl)=C1[N+](=O)[O-],0.0,ok
NC1=C(Cl)C(=O)C(=O)c2ccccc21,0.071,ok
O=C(O)C1=Cc2ccccc2C(=O)C1=O,0.0603,ok
O=C1C=C(O)c2ccc3ccccc3c2C1=O,0.0887,ok
O=C1C(=O)c2ccccc2C(c2ccccc2)=C1c1ccccc1,0.072,ok
O=C1C=C(O)c2ccc(Cl)cc2C1=O,0.0433,ok
O=C1C(=O)c2c(O)cc(S(=O)(=O)O)cc2C=C1S(=O)(=O)O,0.0093,ok
O=C1C=C(O)c2cc(Cl)ccc2C1=O,0.0419,ok
O=C1C=C(S(=O)(=O)O)c2ccc(O)cc2C1=O,0.0065,ok
O=c1c2oc3ccccc3[nH]c=2c2ccccc2c1=O,0.068,ok
COC1=C(Br)c2ccccc2C(=O)C1=O,0.0918,ok
Cc1c(C2=CC(=O)C(=O)c3ccccc32)[nH]c2ccccc12,0.0245,ok
Cc1cn(C2=CC(=O)C(=O)c3ccccc32)c2ccccc12,0.0883,ok
COC1=C(c2cc(C(C)(C)C)c(O)c(C(C)(C)C)c2)c2ccccc2C(=O)C1=O,0.0693,ok
C=CC(C)C1=C(O)c2ccccc2C(=O)C1=O,0.0872,ok
Cc1[nH]c2ccccc2c1C1=CC(=O)C(=O)c2ccccc21,0.0111,ok
CC(C)(C)CCCC1=C(O)c2ccccc2C(=O)C1=O,0.0045,ok
CC(C)(C)C1=C(O)c2ccccc2C(=O)C1=O,0.1283,ok
O=C1C(=O)c2ccnnc2-c2ccccc21,0.0,ok
CC1(C)OC2=C(CC1OC(=O)CC(=O)O)C(=O)C(=O)c1ccccc12,0.0097,ok
CC1(C)OC2=C(CC1OC(=O)CCN)C(=O)C(=O)c1ccccc12,0.0079,ok
CC(CO)C1=C(N)c2ccc3c(c2C(=O)C1=O)CCCC3(C)C,0.116,ok
CCCC(NC)C1=C(O)c2ccccc2C(=O)C1=O,0.0835,ok
CCCC(NCC)C1=C(O)c2ccccc2C(=O)C1=O,0.093,ok
CNC(CC(C)C)C1=C(O)c2ccccc2C(=O)C1=O,0.0426,ok
CCCCCCCCCC(NC1CCCCC1)C1=C(O)c2ccccc2C(=O)C1=O,0.0864,ok
CCCCCCCCCCCC(NC(C)C)C1=C(O)c2ccccc2C(=O)C1=O,0.0976,ok
CCCCCCCCCCCC(NCCCC)C1=C(O)c2ccccc2C(=O)C1=O,0.0825,ok
CCCCCCCCCCCC(NC(C)(C)C)C1=C(O)c2ccccc2C(=O)C1=O,0.0025,ok
CC1=C(O)c2cc(C)c(C)cc2C(=O)C1=O,0.0681,ok
COc1cc2c(c(O)c1O)C(=O)C(=O)C=C2,0.0,ok
O=C(O)Cc1c2c(cc3ccccc13)C(=O)C(=O)C=C2,0.0227,ok
O=C1C(=O)c2ccc(Br)cc2-c2cc(Cl)ccc21,0.0,ok
[N-]=[N+]=NC1=C(S(=O)(=O)N=[N+]=[N-])c2ccccc2C(=O)C1=O,0.132,ok
CCC(O)C1=C(N)c2ccc3c(c2C(=O)C1=O)CCCC3(C)C,0.1034,ok
[N-]=[N+]=NC1=C(S(=O)(=O)N=[N+]=[N-])C(=O)C(=O)c2ccccc21,0.1222,ok
[N-]=[N+]=NC1=Cc2c(cccc2S(=O)(=O)N=[N+]=[N-])C(=O)C1=O,0.0284,ok
NC(=O)CCCCOC1=CC(=O)C(=O)c2ccccc21,0.0024,ok
O=C1C(=O)c2cc(NC(=O)c3ccccc3[N+](=O)[O-])ccc2-c2ccccc21,0.0605,ok
O=C1C(=O)c2c(-c3ccc4ccccc4c3)cccc2-c2ccccc21,0.1318,ok
CC(=O)Nc1ccc2c(c1)C(=O)C(=O)c1ccccc1-2,0.0224,ok
O=C1C(=O)c2ccc(NC(=O)C(Cl)(Cl)Cl)cc2-c2ccccc21,0.0356,ok
O=C1C(=O)c2cc(NC(=O)C(Cl)(Cl)Cl)ccc2-c2ccccc21,0.0212,ok
[N-]=[N+]=NC1=C(N=[N+]=[N-])c2c(C(=O)O)cccc2C(=O)C1=O,0.0952,ok
Cc1cc(C)c2c(c1)C(O)=CC(=O)C2=O,0.0932,ok
Cc1cc(C)c2c(c1)C(=O)C(=O)C=C2O,0.0033,ok
O=C(O)c1cc(C(=O)O)c2c(c1)C(=O)C(=O)c1cc(C(=O)O)[nH]c1-2,0.021,ok
O=C1C=C(c2ccc(N3CCCC3)cc2)c2ccccc2C1=O,0.0,ok
O=C1C=C(O)c2cc3c(O)c(O)c(O)c(O)c3c(O)c2C1=O,0.0378,ok
O=C1C(=O)c2ccc(O)cc2-c2ccccc21,0.0487,ok
O=C1C(=O)c2cc(O)c([N+](=O)[O-])c([N+](=O)[O-])c2-c2ccccc21,0.1355,ok
O=C1C=Cc2cc3cc4ccc(O)cc4cc3cc2C1=O,0.0,ok
Nc1cc2c(cc1O)-c1ccccc1C(=O)C2=O,0.0508,ok
O=C1C(=O)c2ccc(S(=O)(=O)O)cc2C=C1S(=O)(=O)O,0.0096,ok
O=c1ccc2c(cc3ccc4cc5c6ccccc6cc6ccc7cc2c3c4c7c65)c1=O,0.0,ok
O=C1C(=O)c2ccc(S(=O)(=O)O)cc2C=C1[N+](=O)[O-],0.0394,ok
O=c1c(Cl)c2c(Cl)c(Cl)c3c(Cl)ccc4ccc(c1=O)c2c43,0.0,ok
O=c1c(Cl)c2c(Cl)c(Nc3ccc(Cl)cc3)c3c(Nc4ccc(Cl)cc4)ccc4ccc(c1=O)c2c43,0.1215,ok
O=c1c(Cl)c2c(Cl)c(Nc3ccccc3)c3c(Nc4ccccc4)ccc4ccc(c1=O)c2c43,0.1213,ok
CC1CCCCC1C1=C(O)c2ccccc2C(=O)C1=O,0.0912,ok
CC1CCCC(C2=C(O)c3ccccc3C(=O)C2=O)C1,0.0539,ok
CCCC(C)C1=C(O)c2ccccc2C(=O)C1=O,0.0647,ok
CC1(C)OC1CC1=C(O)c2ccccc2C(=O)C1=O,0.0198,ok
O=C1C=C(Cl)c2cc3cccc(Cl)c3cc2C1=O,0.0,ok
O=C1C=C(Cl)c2cc3c(Cl)cccc3cc2C1=O,0.0,ok
O=C1C(=O)c2cc3cc(Cl)ccc3cc2C=C1Cl,0.0,ok
O=C1C=C(O)c2cc3cccc(O)c3cc2C1=O,0.0493,ok
O=C1C=C(O)c2cc3cc(O)ccc3cc2C1=O,0.0469,ok
O=C1C=C(O)c2cc3c(O)cccc3cc2C1=O,0.0486,ok
O=C1C(=O)c2cc3ccc(Cl)cc3cc2C=C1Cl,0.0,ok
O=C1C=C(Cl)c2c(Cl)cccc2C1=O,0.0,ok
O=C1C=Cc2cc(Cl)c(Cl)cc2C1=O,0.0,ok
O=C1C=C(c2cc(O)c3ccccc3c2O)c2ccccc2C1=O,0.0041,ok
O=C1C=C(C2=C(O)c3ccccc3C(=O)C2=O)c2ccccc2C1=O,0.0075,ok
O=C1C=C(C2=CC(=O)c3ccccc3C2=O)c2ccccc2C1=O,0.0115,ok
CC1=C(C)c2c(c(C)c3c(C)c(C)c(C)c(C)c3c2C)C(=O)C1=O,0.1704,ok
[N-]=[N+]=NC1=C(N=[N+]=[N-])c2c(OS(=O)(=O)Cl)cccc2C(=O)C1=O,0.1059,ok
O=C1C(=O)c2cc3ccccc3cc2C=C1S(=O)(=O)O,0.0122,ok
O=C1C=Cc2c(OS(=O)(=O)Cl)cccc2C1=O,0.002,ok
O=C1C=C(O)c2cc(O)c(O)cc2C1=O,0.0,ok
COc1ccc2c(c1)C(=O)C(=O)C(N)=C2O,0.0688,ok
CC(C)c1ccc2c(c1C(C)C)C(=O)C(=O)c1ccccc1-2,0.1457,ok
NCCCNC(=O)c1ccc2c(c1)-c1ccccc1C(=O)C2=O,0.0415,ok
CC(C)(C)OC(=O)NCCCNC(=O)c1ccc2c(c1)-c1ccccc1C(=O)C2=O,0.0387,ok
CN(C)c1ccc(C2=Cc3ccccc3C(=O)C2=O)cc1,0.0044,ok
CCC1=Cc2cc3ccccc3cc2C(=O)C1=O,0.0103,ok
CCN(CC)c1ccc(C2=Cc3ccccc3C(=O)C2=O)cc1,0.0044,ok
Cc1ccc2c(c1)C(=O)C(=O)c1c-2nc2ccccn12,0.0006,ok
Cc1cccc2c1C(=O)C(=O)c1c-2nc2ccccn12,0.0002,ok
O=C1C(=O)c2c(nc3ccc(Cl)cn23)-c2cccc([N+](=O)[O-])c21,0.0538,ok
Cc1cccc2c1-c1nc3ccccn3c1C(=O)C2=O,0.0,ok
O=C1C(=O)c2c(nc3ccccn23)-c2cc([N+](=O)[O-])ccc21,0.0,ok
O=C1C(=O)c2c(nc3ccccn23)-c2cccc(Cl)c21,0.0,ok
O=C1C(=O)c2c(nc3c(Cl)cccn23)-c2ccccc21,0.0,ok
O=C1C(=O)c2c(nc3ccccn23)-c2cccc(Br)c21,0.0,ok
O=C1C(=O)c2c(nc3ccccn23)-c2cccc([N+](=O)[O-])c21,0.0534,ok
Cc1cccc2c1-c1nc3ccc(Cl)cn3c1C(=O)C2=O,0.0,ok
Cc1ccc2c(c1)-c1nc3ccccn3c1C(=O)C2=O,0.0006,ok
Cc1cccc2c1C(=O)C(=O)c1c-2nc2ccc(Cl)cn12,0.0,ok
O=C1C(=O)c2c(nc3cc(Cl)ccn23)-c2cccc([N+](=O)[O-])c21,0.0536,ok
O=C1C(=O)c2c(nc3ccc(Cl)cn23)-c2cccc(Cl)c21,0.0,ok
O=C1C=C(Br)c2cc(Br)ccc2C1=O,0.0,ok
O=C1C(=O)c2cc(O)ccc2-c2ccccc21,0.0475,ok
[N-]=[N+]=NC1=C(N=[N+]=[N-])c2c(cccc2S(=O)(=O)OC2CCCCC2)C(=O)C1=O,0.1501,ok
O=C1C(=O)c2c(ccc(O)c2O)-c2ccccc21,0.1202,ok
[N-]=[N+]=Nc1c(N=[N+]=[N-])c2c3c(ccc2c2ccccc12)C(=O)C(=O)C=C3,0.0684,ok
O=C1C=C(S(=O)(=O)O)c2cc([N+](=O)[O-])cc(S(=O)(=O)O)c2C1=O,0.1172,ok
COC1CCC(C2=C(O)c3ccccc3C(=O)C2=O)CC1,0.0911,ok
CC1(C)CCC(C2=C(O)c3ccccc3C(=O)C2=O)CC1,0.0904,ok
O=C1C(=O)c2ccccc2C(O)=C1C1CCC(c2ccccc2)(c2ccccc2)CC1,0.0671,ok
CC(C)(C)OC1CCC(C2=C(O)c3ccccc3C(=O)C2=O)CC1,0.0815,ok
CCC1(CC)CCC(C2=C(O)c3ccccc3C(=O)C2=O)CC1,0.0897,ok
O=C1C(=O)c2ccccc2C(O)=C1C1CCC(OCc2ccccc2)CC1,0.0943,ok
O=C1C(=O)c2ccccc2C(O)=C1C1CCC(COc2ccc(Cl)cc2)CC1,0.0891,ok
COc1cc2c(c(OC)c1OC)C(O)=CC(=O)C2=O,0.0267,ok
CCCC1(CCC)CCC(C2=C(O)c3ccccc3C(=O)C2=O)CC1,0.0906,ok
COc1c(OC)c(OC)c2c(c1OC)C(=O)C(=O)C=C2O,0.1098,ok
CCCCC1=C(O)c2cc(C)ccc2C(=O)C1=O,0.0036,ok
CCC1=C(O)c2cc(Cl)ccc2C(=O)C1=O,0.0038,ok
O=c1c(Cc2ccccc2)c2c(Cc3ccccc3)cc3cccc4ccc(c1=O)c2c43,0.1053,ok
CCC1=C(O)c2cc(C)c(C)cc2C(=O)C1=O,0.0035,ok
COc1ccc2c(c1)C(=O)C(=O)C=C2S(=O)(=O)O,0.0064,ok
COC(=O)c1ccc2c(c1)C(S(=O)(=O)O)=CC(=O)C2=O,0.0059,ok
COc1ccc2c(c1)C(=O)C(=O)C(S(=O)(=O)O)=C2,0.0119,ok
O=C1C=Cc2ccc3cccnc3c2C1=O,0.0,ok
O=C1C=C(S(=O)(=O)O)c2cc(Br)ccc2C1=O,0.0045,ok
CC1=C(O)c2cc(Cl)ccc2C(=O)C1=O,0.0626,ok
CCC1=C(O)c2cc(C)ccc2C(=O)C1=O,0.0018,ok
CCCCC1=Cc2cc3ccccc3cc2C(=O)C1=O,0.0096,ok
CC1=C(C)c2cc3ccccc3cc2C(=O)C1=O,0.0477,ok
CCCCCCCCCCCCc1ccc2c(c1)C(=O)C(=O)c1ccccc1-2,0.0421,ok
O=C1C(=O)c2ccccc2C(O)=C1N1CCN(C(=O)O)CC1,0.0965,ok
O=C1C(=O)c2cc3ccccc3cc2C(S(=O)(=O)O)=C1S(=O)(=O)O,0.1706,ok
O=C1C(=O)c2c(Cl)c(Cl)c(Cl)c(Cl)c2C(O)=C1Cl,0.1651,ok
COC(=O)c1c(Cl)c(C)cc(OC)c1C1=C(O)c2cccc(O)c2C(=O)C1=O,0.1103,ok
O=C1C(=O)c2cc3ccccc3cc2C=C1[N+](=O)[O-],0.039,ok
O=C1C=Cc2cc(Cl)ccc2C1=O,0.0,ok
O=C1C(=O)c2c(c(Cl)c(Cl)c(S(=O)(=O)O)c2S(=O)(=O)O)-c2c1ccc(Cl)c2Cl,0.1462,ok
O=C1C(=O)c2ccccc2C2=C1CCC=C2,0.063,ok
CC1=Cc2cc(C)ccc2C(=O)C1=O,0.001,ok
Nc1ccc2c(c1N)C(=O)C(=O)c1ccccc1-2,0.0971,ok
CC(C)(O)C(=O)c1ccc2ccc3c(c2c1)C(=O)C(=O)C=C3,0.0816,ok
O=C1C=Cc2ccc3ccc(C(=O)C4(O)CCCCC4)cc3c2C1=O,0.0723,ok
CCC(O)(CC)C(=O)c1ccc2ccc3c(c2c1)C(=O)C(=O)C=C3,0.0815,ok
COC(C)(C)C(=O)c1ccc2ccc3c(c2c1)C(=O)C(=O)C=C3,0.0848,ok
CCC(O)(CC)C(=O)C1=CC(=O)C(=O)c2c1ccc1ccc(C(=O)C(O)(CC)CC)cc21,0.1119,ok
CN(C)C(C)(C)C(=O)c1ccc2ccc3c(c2c1)C(=O)C(=O)C=C3,0.073,ok
CC(C)(C(=O)c1ccc2ccc3c(c2c1)C(=O)C(=O)C=C3)N1CCCCC1,0.0748,ok
CCOC(OCC)C(=O)c1ccc2ccc3c(c2c1)C(=O)C(=O)C=C3,0.0849,ok
CC(C)(O)C(=O)C1=CC(=O)C(=O)c2c1ccc1ccc(C(=O)C(C)(C)O)cc21,0.0994,ok
CCOC(OCC)C(=O)C1=CC(=O)C(=O)c2c1ccc1ccc(C(=O)C(OCC)OCC)cc21,0.0676,ok
O=C1C=Cc2cc3cc4c(cc3cc2C1=O)CCCC4,0.0,ok
O=C1C(=O)c2cc3ccccc3cc2C=C1C(S)C(=O)O,0.0022,ok
O=C1C=C(S(=O)(=O)O)c2c(ccc3ccccc23)C1=O,0.1407,ok
Cc1ccc(OS(=O)(=O)c2cccc3c2C(N=[N+]=[N-])=C(N=[N+]=[N-])C(=O)C3=O)cc1,0.142,ok
NC1=C(N)c2cc3c(N)ccc(N)c3cc2C(=O)C1=O,0.0068,ok
O=C(OCCc1ccc2c(c1)-c1ccccc1C(=O)C2=O)c1ccc2c(c1)-c1ccccc1C(=O)C2=O,0.0465,ok
CCc1ccc2c(c1)-c1ccccc1C(=O)C2=O,0.0436,ok
O=C1C(=O)c2cc(N(c3ccc(CCCCO)cc3)c3ccc(CCCCO)cc3)ccc2-c2ccccc21,0.0478,ok
Cc1cccc(OC(=O)CCCCOC2=CC(=O)C(=O)c3ccccc32)c1,0.0006,ok
CC(=O)c1cc(NC(=O)CCCCOC2=CC(=O)C(=O)c3ccccc32)cn1C,0.0034,ok
CC1(C)CCC(CC2=C(O)c3ccccc3C(=O)C2=O)CC1,0.0769,ok
Cc1ccc(C2=CC(=O)C(=O)c3ccccc32)cc1,0.0,ok
CN=Nc1ccc2c(c1)C(=O)C(=O)c1cc(N=NC)ccc1-2,0.0508,ok
CN(C)NC1=CC(=O)C(=O)c2ccccc21,0.0679,ok
CCCCCCCCCCCCC1=C(O)c2c(S)cccc2C(=O)C1=O,0.0998,ok
O=C1C=Cc2c(cccc2S(=O)(=O)Cl)C1=O,0.0,ok
O=C1C=C(S(=O)(=O)Cl)c2ccccc2C1=O,0.0388,ok
O=C1C=Cc2cc3cc4ccc(O)c(O)c4cc3cc2C1=O,0.0006,ok
CCCCCCCCCCCCC1=C(O)c2cccc(C)c2C(=O)C1=O,0.128,ok
CCCCCCCCCCCCC1=C(O)c2cccc(Cl)c2C(=O)C1=O,0.1152,ok
O=C1C(=O)c2c(ccc3cc(S(=O)(=O)O)ccc23)-c2ccccc21,0.1308,ok
O=C1C=C(O)c2cc(O)cc(O)c2C1=O,0.0433,ok
COc1cc2c(cc1OC)-c1onc(C)c1C(=O)C2=O,0.0,ok
O=C1C(=O)c2c(-c3cc(Br)cc(Br)c3)noc2-c2ccccc21,0.0046,ok
O=C1C(=O)c2c(-c3ccccc3)noc2-c2c(Cl)cc(Cl)cc21,0.0056,ok
CCc1noc2c1C(=O)C(=O)c1cc(Cl)c(Cl)cc1-2,0.0006,ok
O=C1C(=O)c2cc3ccccc3cc2C=C1Cl,0.0,ok
Nc1ccc2c(c1)C(=O)C(=O)c1cccc(N)c1-2,0.1386,ok
O=C1CC=C(C2=CC(=O)C(=O)c3ccccc32)C(=O)C1,0.13,ok
O=C1C(=O)c2c(Cl)cccc2-c2ccccc21,0.0,ok
Nc1ccc2c(c1)-c1cc(N)ccc1C(=O)C2=O,0.051,ok
O=C1C=C(n2ccc3ccccc32)c2ccccc2C1=O,0.1023,ok
CC=CCOC1=CC(=O)C(=O)c2ccccc21,0.0018,ok
CCCCCSC1=CC(=O)C(=O)c2ccccc21,0.0139,ok
CC(C)COC1=CC(=O)C(=O)c2ccccc21,0.0005,ok
CC(C)CCOC1=CC(=O)C(=O)c2ccccc21,0.0006,ok
CCC=CCOC1=CC(=O)C(=O)c2ccccc21,0.0018,ok
CCN(C1=CC(=O)C(=O)c2ccccc21)N(C)C,0.0779,ok
CCCCCCCOC1=CC(=O)C(=O)c2ccccc21,0.0008,ok
CC(C)(C)CCC1=C(O)c2ccccc2C(=O)C1=O,0.0053,ok
CC(C)(C)C=CCCCCC1=C(O)c2ccccc2C(=O)C1=O,0.0704,ok
CC1(CC2=C(O)c3ccccc3C(=O)C2=O)CCCCC1,0.065,ok
CC(C)(C)CCCCC1=C(O)c2ccccc2C(=O)C1=O,0.0036,ok
CCC(C)(C)C1=C(O)c2ccccc2C(=O)C1=O,0.1291,ok
CC1(C2=C(O)c3ccccc3C(=O)C2=O)CCCC1,0.1045,ok
CCC1(C2=C(O)c3ccccc3C(=O)C2=O)CCCCC1,0.1316,ok
CC(C)(C)CCC=CC1=C(O)c2ccccc2C(=O)C1=O,0.1229,ok
CS(=O)(=O)c1cccc2c1C=CC(=O)C2=O,0.0114,ok
[N-]=[N+]=Nc1cccc2c1C=CC(=O)C2=O,0.0061,ok
CCCCCc1ccc(Oc2c3ccccc3cc3cc4c(cc23)C=CC(=O)C4=O)cc1,0.0004,ok
CCOc1cccc2c1C=CC(=O)C2=O,0.0,ok
N#Cc1cccc2c1C=CC(=O)C2=O,0.0,ok
O=C1C=Cc2c(C(=O)O)cccc2C1=O,0.0174,ok
Cc1ccc2c(c1)C(=O)C(=O)c1ccccc1-2,0.0432,ok
CC1(C)c2cccc3c2-c2c(cccc21)C(=O)C3=O,0.0,ok
O=C1C(=O)c2ccccc2C(O)=C1c1ccc(C(=O)O)cc1,0.0924,ok
CCCCCC(=O)OC1=CC(=O)C(=O)c2ccccc21,0.0219,ok
CC1(C)CCC(C)(C)c2cc3c(cc21)C(=O)C(=O)C(c1ccc(C(=O)O)cc1)=C3O,0.0901,ok
Cc1ccc2c(c1)C(=O)C(=O)C(C(C)(C)C)=C2O,0.1285,ok
Cc1ccc2c(c1)C(O)=C(C(C)(C)C)C(=O)C2=O,0.1293,ok
Nc1cccc2cc3c(cc12)C=CC(=O)C3=O,0.002,ok
Nc1ccc2cc3c(cc2c1)C(=O)C(=O)C=C3,0.0006,ok
O=C1C=Cc2cc(C(=O)O)ccc2C1=O,0.0,ok
O=C1C=Cc2cc([N+](=O)[O-])ccc2C1=O,0.0,ok
[N-]=[N+]=NC1=C(S(=O)(=O)O)c2ccccc2C(=O)C1=O,0.123,ok
NC1=C(Br)C(=O)C(=O)c2c1cc1ccccc1c2O,0.0816,ok
CC(C)(C)C1=Cc2cc3ccccc3cc2C(=O)C1=O,0.0004,ok
CC(C)(C)C(=O)OC1=CC(=O)C(=O)c2ccccc21,0.0221,ok
O=C(O)OCCCCCCOC1=CC(=O)C(=O)c2ccccc21,0.0015,ok
NCCCCCC(=O)OCCCCCCOC1=CC(=O)C(=O)c2ccccc21,0.0015,ok
CC(C)(C)OC(=O)CCCCOC1=CC(=O)C(=O)c2ccccc21,0.0004,ok
COC(=O)c1cc(NC(=O)CCCCOC2=CC(=O)C(=O)c3ccccc32)cn1C,0.003,ok
O=C(CCCCOC1=CC(=O)C(=O)c2ccccc21)OCc1ccccc1,0.0059,ok
CCNC(=O)CCNC(=O)CCCNC(=O)CCNC(=O)CCCCOC1=CC(=O)C(=O)c2ccccc21,0.0018,ok
O=C(O)CCCCOC1=CC(=O)C(=O)c2ccccc21,0.0003,ok
[N-]=[N+]=NC1=C(N=[N+]=[N-])c2c(cccc2S(=O)(=O)O)C(=O)C1=O,0.1327,ok
C=CC(C)(C)C1=C(O)c2ccc(OC)cc2C(=O)C1=O,0.1325,ok
O=C1C=C(OCOC2=CC(=O)c3ccccc3C2=O)c2ccccc2C1=O,0.0,ok
O=C1C=C(OCCCC2CCCCC2)c2ccccc2C1=O,0.0,ok
NCCCCCOC1=CC(=O)C(=O)c2ccccc21,0.0009,ok
O=C1C=C(OCCCCCNC2CCCCC2)c2ccccc2C1=O,0.0021,ok
CCCCCCOC1=CC(=O)C(=O)c2ccccc21,0.0,ok
Cc1cccc(COC2=CC(=O)C(=O)c3ccccc32)c1,0.0003,ok
O=C1C=C(OCCCCCCOc2ccc(OC3OC(CO)C(O)C(O)C3O)cc2)c2ccccc2C1=O,0.002,ok
O=C(OCOC1=CC(=O)C(=O)c2ccccc21)OCOC1=CC(=O)C(=O)c2ccccc21,0.0016,ok
CC(=O)CCNC(=O)CCCNC(=O)CCNC(=O)CCCCOC1=CC(=O)C(=O)c2ccccc21,0.0055,ok
CC1(C)CCC2=C(O1)c1ccc(OCCN)cc1C(=O)C2=O,0.0047,ok
COc1ccc2c(c1)C(=O)C(=O)C1=C2OC(C)(C)C(O)C1,0.0058,ok
CC1(C)OC2=C(CC1OC(=O)CCC(=O)N1CCCC1)C(=O)C(=O)c1ccccc12,0.0075,ok
CC1(C)OC2=C(CC1OC(=O)CCC(=O)N1CCOCC1)C(=O)C(=O)c1ccccc12,0.0086,ok
CC(C)CC(C)C(=O)OC1CC2=C(OC1(C)C)c1ccccc1C(=O)C2=O,0.0096,ok
CC(C)CC(N)C(=O)OC1CC2=C(OC1(C)C)c1ccccc1C(=O)C2=O,0.01,ok
CCNCCC(=O)OC1CC2=C(OC1(C)C)c1ccccc1C(=O)C2=O,0.004,ok
Cc1c(C)c2c3c(c1C)C(C)(C)c1c(C)c(C)c(C)c(c1-3)C(=O)C2=O,0.0567,ok
O=C(CCCCOC1=CC(=O)C(=O)c2ccccc21)Nc1c2ccccc2nc2ccccc12,0.0184,ok
O=C(O)C1=Cc2cc3ccccc3cc2C(=O)C1=O,0.0607,ok
O=C1C(=O)c2cccc(O)c2-c2ccccc21,0.0994,ok
[N-]=[N+]=NC1=C(N=[N+]=[N-])c2c(cccc2S(=O)(=O)ON2C(=O)c3ccccc3C2=O)C(=O)C1=O,,no_quinone_ring_found
Nc1ccc(O)c2c1-c1ccccc1C(=O)C2=O,0.1249,ok
O=C1C(=O)c2c(ccc([N+](=O)[O-])c2[N+](=O)[O-])-c2ccccc21,0.1154,ok
O=C1C(=O)c2cc([N+](=O)[O-])c([N+](=O)[O-])c(O)c2-c2ccccc21,0.1104,ok
NC1=Cc2c(ccc3ccc(N)cc23)C(=O)C1=O,0.0424,ok
CC(=O)OC1=Cc2cc3cc4ccccc4cc3cc2C(=O)C1=O,0.0249,ok
[N-]=[N+]=NC1=C(N=[N+]=[N-])c2c(cccc2S(=O)(=O)Oc2ccc(C(=O)c3ccccc3)c(O)c2)C(=O)C1=O,0.1365,ok
O=C(O)C1=Cc2cc3cc4ccccc4cc3cc2C(=O)C1=O,0.0602,ok
NC1=C(N)c2cc3cc4ccccc4cc3cc2C(=O)C1=O,0.0036,ok
COC1=C(C(C)=O)C(=O)C(=O)c2c(O)c3c(c(O)c21)C([N+](=O)[O-])C1CCCCC1C3=O,0.1042,ok
O=C1C(=O)c2cc3cc4ccccc4cc3cc2C=C1N[N+](=O)[O-],0.088,ok
Nc1c2ccccc2c([N+](=O)[O-])c2cc3c(cc12)C(=O)C(=O)C=C3,0.0007,ok
O=C1C(=O)c2cc3cc4ccccc4cc3cc2C=C1[N+](=O)[O-],0.0388,ok
CC(OC1=CC(=O)C(=O)c2ccccc21)C(=O)O,0.0014,ok
CC(=O)OC1=CC(=O)C(=O)c2ccccc21,0.0217,ok
CC(=CCCc1c(C)ccc2c1C(=O)C(=O)C(C(C)C)=C2)CO,0.1009,ok
Cc1ccc2c(c1CCCC(C)(O)CO)C(=O)C(=O)C(C(C)C)=C2,0.1123,ok
Cc1ccc2c(c1CCC(O)C(C)C)C(=O)C(=O)C(C(C)C)=C2,0.0971,ok
CC(=O)OCC(C)(CCCc1c(C)ccc2c1C(=O)C(=O)C(C(C)C)=C2)OC(C)=O,0.1074,ok
Cc1ccc2c(c1CCC1OC1(C)CO)C(=O)C(=O)C(C(C)C)=C2,0.1037,ok
Cc1ccc2c(c1CCC(O)C(C)(O)CO)C(=O)C(=O)C(C(C)C)=C2,0.1092,ok
Cc1ccc2c(c1CCC(O)C(C)C=O)C(=O)C(=O)C(C(C)C)=C2,0.1115,ok
CC(=O)OCC(C)(O)C(CCc1c(C)ccc2c1C(=O)C(=O)C(C(C)C)=C2)OC(C)=O,0.0917,ok
Cc1ccc2c(c1CCC(O)C(C)CO)C(=O)C(=O)C(C(C)C)=C2,0.1069,ok
CCc1ccc(OCC(O)CN2CCC3(CC2)CSC2=C(O3)c3ccccc3C(=O)C2=O)cc1,0.0624,ok
N#Cc1ccc(CN2CCC3(CC2)CSC2=C(O3)c3ccccc3C(=O)C2=O)cc1,0.0649,ok
O=C1C(=O)c2ccccc2C2=C1SCC1(CCN(C(=O)c3cccc(Cl)c3)CC1)O2,0.0544,ok
O=C1C(=O)c2ccccc2C2=C1SCC1(CCN(C(=O)c3ccc(Cl)c(Cl)c3)CC1)O2,0.0625,ok
O=C1C(=O)c2ccccc2C2=C1SCC1(CCN(CCc3ccccc3)CC1)O2,0.0475,ok
O=C1C(=O)c2ccccc2C2=C1SCC1(CCN(CC(O)Cc3ccccc3)CC1)O2,0.0587,ok
O=C1C(=O)c2ccccc2C2=C1SCC1(CCN(CCOc3ccc(Cl)cc3)CC1)O2,0.061,ok
O=C1C(=O)c2ccccc2C2=C1SCC1(CCN(CCCOc3ccccc3)CC1)O2,0.0554,ok
O=C1C(=O)c2ccccc2C2=C1SCC1(CCN(CC(O)COc3ccc(Cl)cc3)CC1)O2,0.0642,ok
CC(C)(C)C1=C(O)c2cccc(O)c2C(=O)C1=O,0.1182,ok
Cc1ccccc1OCC(O)CN1CCC2(CC1)CSC1=C(O2)c2ccccc2C(=O)C1=O,0.0561,ok
O=C1C(=O)c2cccc(O)c2C(O)=C1c1ccc([N+](=O)[O-])cc1,0.0042,ok
Cc1ccc2ccc3c(c2c1)C(=O)C(=O)C1=C3OC(C)C1,0.0526,ok
CC1CC2=C(O1)c1ccc3ccc(Cl)cc3c1C(=O)C2=O,0.0621,ok
CC1CC2=C(O1)c1ccc3ccc(C(C)(C)C)cc3c1C(=O)C2=O,0.0554,ok
Cc1cc2c(c3ccccc13)C(=O)C(=O)C1=C2OC(C)C1(C)C,0.0839,ok
CC1OC2=C(C(=O)C(=O)c3c2ccc2ccc(C(C)(C)C)cc32)C1(C)C,0.0592,ok
Cc1cc2c(c3ccccc13)C(=O)C(=O)C1=C2OC(C)C1,0.0645,ok
CC1C2=C(OC1(C)C)c1ccc3c(c1C(=O)C2=O)CCCC3(C)C,0.0726,ok
CC1OC2=C(C(=O)C(=O)c3c2ccc2c3CCCC2)C1(C)C,0.0634,ok
CC1OC2=C(C(=O)C(=O)c3c2ccc2c3CCCC2(C)C)C1(C)C,0.0708,ok
CC1CC2=C(O1)c1ccc3c(c1C(=O)C2=O)CCCC3,0.0403,ok
N#CNC1=CC(=O)C(=O)c2ccccc21,0.0243,ok
CC(=O)Nc1ccc2c(c1)C(=O)C(=O)C=C2,0.0008,ok
C=CC1(C)CCC2=C(O1)c1ccccc1C(=O)C2=O,0.0075,ok
CC1COC2=C1C(=O)C(=O)c1c2ccc2c1CCCC2C,0.0519,ok
CC(C)=CC1(C)CCC2=C(O1)c1ccccc1C(=O)C2=O,0.0206,ok
CCC1CC2=C(O1)c1ccccc1C(=O)C2=O,0.0041,ok
CC(C)=CC(C)=CC1(C)CCC2=C(O1)c1ccccc1C(=O)C2=O,0.0048,ok
CC1(C)CCCC2(C)OC3=C(CC12)C(=O)C(=O)c1ccccc13,0.0065,ok
COc1ccc2ccc3c(c2c1)C(=O)C(=O)C1=C3OC(C)C1,0.0518,ok
CC1OC2=C(C(=O)C(=O)c3c2ccc2ccccc32)C1(C)C,0.0756,ok
CC1CC2=C(S1)c1ccccc1C(=O)C2=O,0.0027,ok
Cc1cc2c(cc1C)C1=C(CCC(C)(C)O1)C(=O)C2=O,0.0044,ok
CC1(C)CCSC2=C1C(=O)C(=O)c1ccccc12,0.1297,ok
CC1CSC2=C(O1)C(=O)C(=O)c1ccccc12,0.0869,ok
O=C1C(=O)c2ccccc2C2=C1C(c1ccccc1)CCS2,0.1056,ok
CC1OC2=C(SC1C)c1ccccc1C(=O)C2=O,0.09,ok
CC1SC2=C(OC1(C)C)C(=O)C(=O)c1ccccc12,0.0907,ok
CC1(C)CCC2=C(O1)c1ccc3c(c1C(=O)C2=O)CCCC3,0.094,ok
Cc1cc2c(c3ccccc13)C(=O)C(=O)C1=C2OC(C)(C)CC1,0.1139,ok
Cc1c(C=O)oc2c1C(=O)C(=O)c1c-2ccc2c1CCCC2(C)C,0.0442,ok
O=C1C(=O)c2c(-c3ccccc3)coc2-c2ccccc21,0.001,ok
Cc1c(CN(C)C)oc2c1C(=O)C(=O)c1c-2ccc2c1CCCC2(C)C,0.0392,ok
Cc1c(O)c(O)c2c(c1O)C=CC(=O)C2=O,0.0,ok
COc1c2c(cc3c1C(=O)C(=O)C(C)=C3O)OCO2,0.1052,ok
COc1cc(O)c2c(c1OC)C(=O)C(=O)C(C)=C2O,0.117,ok
Cc1c(CN2CCN(C)CC2)oc2c1C(=O)C(=O)c1c-2ccc2c1CCCC2(C)C,0.0366,ok
COC(CN(C)CC1CSC2=C(O1)c1ccccc1C(=O)C2=O)OC,0.058,ok
CCOC(=O)N1CCN(CC2CSC3=C(O2)c2ccccc2C(=O)C3=O)CC1,0.0402,ok
O=C1C(=O)c2ccccc2C2=C1SCC(CNCCc1ccccc1)O2,0.0608,ok
O=C1C(=O)c2ccccc2C2=C1SCC(CNCc1ccccc1)O2,0.0547,ok
O=C1C(=O)c2ccccc2C2=C1SCC(CN1CCC3(CC1)OCCO3)O2,0.0419,ok
CC(C)NC(=O)CN1CCN(CC2CSC3=C(O2)c2ccccc2C(=O)C3=O)CC1,0.056,ok
O=C(Nc1ccccc1)OCC1CSC2=C(O1)c1ccccc1C(=O)C2=O,0.0588,ok
CC(C)NC(=O)OCC1CSC2=C(O1)c1ccccc1C(=O)C2=O,0.0415,ok
CCCC1CCOC2=C(S1)C(=O)C(=O)c1ccccc12,0.0125,ok
COC(=O)C1(C)CSC2=C(O1)c1ccccc1C(=O)C2=O,0.0637,ok
CC1CSC2=C(O1)c1cc(N3CCCCC3)ccc1C(=O)C2=O,0.0578,ok
CC(C)OC(=O)C1(C)CSC2=C(O1)c1ccccc1C(=O)C2=O,0.0512,ok
COC1=Cc2c(ccc3cc(OC)c(OC)c(OC)c23)C(=O)C1=O,0.1002,ok
Cc1cc(O)c2c(c1)C(=O)C(=O)c1c-2c(O)c2cccc(O)c2c1O,0.1709,ok
CCCCN(CCCC)c1ccc2[nH]c3c4ccccc4c(=O)c(=O)c=3oc2c1,0.0685,ok
Cc1ccc2c(c1)-c1ccccc1C(=O)C2=O,0.0429,ok
Cc1cc2c(cc1C)-c1ccccc1C(=O)C2=O,0.0461,ok
Cc1c(C=CC(=O)O)oc2c1C(=O)C(=O)c1c-2ccc2c1CCCC2(C)C,0.0411,ok
COC1=C(c2cccc(OC)c2OC)C(=O)C(=O)c2ccccc21,0.0652,ok
COC1=CC(=O)C(=O)c2ccc(-c3ccc(C)cc3)cc21,0.0009,ok
O=C(c1ccccc1)c1coc2c1C(=O)C(=O)c1c(Br)cccc1-2,0.0634,ok
CCN(CCO)c1ccc(C2=CC(=O)C(=O)c3ccccc32)cc1,0.0008,ok
O=C1C=C(S(=O)(=O)O)c2cc([N+](=O)[O-])ccc2C1=O,0.0096,ok
O=C1C=C(c2ccc(N(Cc3ccccc3)Cc3ccccc3)cc2O)c2ccccc2C1=O,0.0013,ok
O=c1c(=O)c2cccc3c(Br)c(Br)c4cccc1c4c32,0.0,ok
O=CNC1=Cc2cc3ccccc3cc2C(=O)C1=O,0.1075,ok
CC1OC2CC(=O)OC2c2cc3c(c(O)c21)C(=O)C(=O)C(C1CC(O)C(O)C(C)O1)=C3O,,no_quinone_ring_found
CC(=O)C=CC=C(C)C(=O)OCC(C)(C)CC1=C(O)c2ccccc2C(=O)C1=O,0.0665,ok
O=C1C=C(C2=CC(=O)C(=O)c3ccccc32)CC(=O)C1=O,0.1213,ok
[N-]=[N+]=NC1=C(N=[N+]=[N-])c2c(cccc2S(=O)(=O)Oc2cc(C(=O)O)cc(O)c2O)C(=O)C1=O,0.1408,ok
[N-]=[N+]=NC1=C(S(=O)(=O)Oc2ccc(C(=O)c3ccccc3)c(O)c2O)c2ccccc2C(=O)C1=O,0.121,ok
COC(=O)c1ccc2c(c1N=[N+]=[N-])C(S(=O)(=O)Cl)=C(N=[N+]=[N-])C(=O)C2=O,0.1644,ok
COC(=O)COC1=CC(=O)C(=O)c2ccccc21,0.0,ok
[N-]=[N+]=NC1=C(N=[N+]=[N-])c2c(cccc2S(=O)(=O)Oc2ccc(C(=O)c3ccc(O)cc3O)c(O)c2)C(=O)C1=O,0.1388,ok
[N-]=[N+]=NC1=C(N=[N+]=[N-])c2c(cccc2S(=O)(=O)Oc2c(-c3ccccc3)cc(C(=O)O)c(O)c2O)C(=O)C1=O,0.1346,ok
CCCCOC(=O)c1ccc2c(c1)-c1cc(C(=O)OCCCC)ccc1C(=O)C2=O,0.041,ok
O=C1C(=O)c2c(nc3ccc(Cl)cn23)-c2ccc(O)cc21,0.0,ok
COc1cc2c(c(OC)c1)C(=O)C(=O)C(CC(C)O)=C2,0.0858,ok
O=C1C(=O)c2cc3ccccc3cc2C(Cl)=C1Cl,0.0,ok
O=C1C(=O)c2cc3ccccc3cc2C([N+](=O)[O-])=C1[N+](=O)[O-],0.0449,ok
COc1cc2c(c(OC)c1)C(=O)C(=O)C(CC(C)=O)=C2,0.0617,ok
[N-]=[N+]=NC1=C(N=[N+]=[N-])c2c(cccc2S(=O)(=O)Oc2cc(O)cc(C(=O)O)c2)C(=O)C1=O,0.149,ok
O=C1C(=O)c2ccccc2C=C1OCCCC1CCCCC1,0.0339,ok
CC=CCOC1=Cc2ccccc2C(=O)C1=O,0.0,ok
Cc1ccc2c(c1)C(=O)C(=O)C(CC1CCC(C)(C)CC1)=C2O,0.0807,ok
CN1CCC(CNC2=CC(=O)C(=O)c3ccccc32)CC1,0.0583,ok
[N-]=[N+]=NC1=C(S(=O)Cl)c2c(N=[N+]=[N-])cccc2C(=O)C1=O,0.1472,ok
[N-]=[N+]=NC1=C(S(=O)(=O)Oc2ccc(C(=O)c3ccc(O)c(O)c3O)cc2)c2c(N=[N+]=[N-])cccc2C(=O)C1=O,0.1591,ok
O=C1C(=O)c2c(c(O)c3ccccc3c2O)-c2ccccc21,0.1062,ok
O=C(Nc1ccccc1)C1=C(O)c2ccccc2C(=O)C1=O,0.1214,ok
CC(=O)CCCCNCC1=CC(=O)C(=O)c2ccccc21,0.006,ok
O=c1c(S(=O)(=O)O)c2ccc3cccc4ccc(c1=O)c2c34,0.0614,ok
CC(C)(C)OC(=O)COc1ccc(CC2=C(C3=CNC4C=CC=CC34)c3ccccc3C(=O)C2=O)cc1,0.0739,ok
O=C1C(=O)c2cc(S(=O)(=O)O)ccc2-c2ccc(S(=O)(=O)O)cc21,0.0465,ok
O=C1C(=O)c2cccc(S(=O)(=O)O)c2-c2ccccc21,0.1498,ok
CC(O)c1cc2c(o1)-c1c(O)cccc1C(=O)C2=O,0.0015,ok
[N-]=[N+]=NC1=C(S(=O)(=O)Oc2ccc(C(=O)c3ccc(O)cc3O)cc2)c2c(N=[N+]=[N-])cccc2C(=O)C1=O,0.1645,ok
O=C1C=C(C2C(=O)C(=O)c3ccccc3C2=O)c2ccccc2C1=O,0.0541,ok
[N-]=[N+]=NC1=C(N=[N+]=[N-])c2cc([N+](=O)[O-])ccc2C(=O)C1=O,0.0519,ok
O=C(O)C1=Cc2cc3c4c(c2C(=O)C1=O)CCN4CCC3,0.0804,ok
[N-]=[N+]=NC1=C(N=[N+]=[N-])c2c(cccc2S(=O)(=O)Oc2ccc(C(=O)c3ccc(O)cc3O)cc2)C(=O)C1=O,0.1432,ok
CCC(CC)OC1=CC(=O)C(=O)c2ccccc21,0.0052,ok
CCC(C)OC1=CC(=O)C(=O)c2ccccc21,0.045,ok
CN(C)S(=O)(=O)c1ccc2c(c1)C(=O)C(=O)C=C2,0.0043,ok
CC(C)(C)c1ccc(SC2=CC(=O)C(=O)c3cc4c(Sc5ccccc5)cccc4cc32)cc1,0.0335,ok
Cc1cccc2c1[nH]c1c3c(ccc12)C(=O)C(=O)C=C3,0.0,ok
O=C1C(=O)c2ccccc2C(O)=C1CCCl,0.0617,ok
O=C1C(=O)c2ccccc2C=C1c1ccc(Br)cc1,0.0032,ok
O=C1C(=O)c2ccccc2C=C1SOOO,0.0041,ok
Cc1ccc2c(c1)c(=O)c(=O)c1cc3c(cc12)c(=O)c(=O)c1cc(C)ccc13,0.038,ok
CCOC(=O)c1c2c(n(CC(N)=O)c1C)C(=O)C(=O)c1ccc(Br)cc1-2,0.0784,ok
O=C1C(=O)c2ccccc2C2=C1SCC1(CCNCC1)O2,0.0599,ok
CC1(C)CCC2=C(C1)c1ccccc1C(=O)C2=O,0.0423,ok
CC(O)(Cc1ccccc1)CN1CCC2(CC1)CSC1=C(O2)c2ccccc2C(=O)C1=O,0.0536,ok
CCCCC(CC)COC(=O)N1CCC2(CC1)CSC1=C(O2)c2ccccc2C(=O)C1=O,0.0575,ok
O=C1C(=O)c2ccccc2C2=C1SCC1(CCN(S(=O)(=O)c3c(Cl)nc4sccn34)CC1)O2,0.0541,ok
CC(C)(C)OC(=O)N1CCC2(CC1)CSC1=C(O2)c2cc(Br)ccc2C(=O)C1=O,0.0572,ok
COc1ccc2c(c1)C1=C(SCC3(CCN(CC(O)Cc4ccccc4)CC3)O1)C(=O)C2=O,0.0594,ok
O=C1C(=O)c2ccccc2C2=C1SCC1(CCN(C3CCCC3O)CC1)O2,0.0646,ok
COc1ccc2c(c1)C(=O)C(=O)C1=C2OC2(CCN(C(=O)OC(C)(C)C)CC2)CS1,0.0525,ok
CS(=O)(=O)N1CCC2(CC1)CSC1=C(O2)c2ccccc2C(=O)C1=O,0.0475,ok
O=C1C(=O)c2ccc(Br)cc2C2=C1SCC1(CCNCC1)O2,0.0547,ok
O=C1C(=O)c2ccccc2C2=C1SCC1(CCN(C(=O)Cc3ccc(Cl)cc3)CC1)O2,0.0638,ok
CC(C)(C)c1ccc(OCC(O)CN2CCC3(CC2)CSC2=C(O3)c3cc(Cl)ccc3C(=O)C2=O)cc1,0.0589,ok
O=C1C(=O)c2ccccc2C2=C1SCC1(CCN(S(=O)(=O)c3cccs3)CC1)O2,0.0506,ok
C=CCN1CCC2(CC1)CSC1=C(O2)c2ccccc2C(=O)C1=O,0.0548,ok
C=CC(C)(O)CN1CCC2(CC1)CSC1=C(O2)c2ccccc2C(=O)C1=O,0.055,ok
CC(=O)OC(COc1ccc(C(C)(C)C)cc1)CN1CCC2(CC1)CSC1=C(O2)c2ccccc2C(=O)C1=O,0.0478,ok
CC(C)(C)OC(=O)N1CCC(CC(=O)N2CCC3(CC2)CSC2=C(O3)c3ccccc3C(=O)C2=O)CC1,0.049,ok
CC(C)(C)OC(=O)N1CCC2(CC1)CSC1=C(O2)c2ccccc2C(=O)C1=O,0.0477,ok
O=C1C(=O)c2ccc(-c3ccncc3)cc2C2=C1SCC1(CCN(C(=O)c3cccc(Cl)c3)CC1)O2,0.0569,ok
Cc1cccc(C(=O)N2CCC3(CC2)CSC2=C(O3)c3ccccc3C(=O)C2=O)c1,0.0534,ok
Cc1nn(C)c(C)c1S(=O)(=O)N1CCC2(CC1)CSC1=C(O2)c2ccccc2C(=O)C1=O,0.0514,ok
CCC(O)CN1CCC2(CC1)CSC1=C(O2)c2ccccc2C(=O)C1=O,0.06,ok
CC(C(=O)Nc1ccccc1)N1CCC2(CC1)CSC1=C(O2)c2ccccc2C(=O)C1=O,0.0518,ok
O=C1C(=O)c2ccccc2C2=C1SCC1(CCN(S(=O)(=O)c3ccc(Cl)c(Cl)c3)CC1)O2,0.051,ok
O=C1C(=O)c2ccccc2C2=C1SCC1(CCN(C(=O)Nc3ccccc3)CC1)O2,0.0605,ok
O=C1C(=O)c2ccccc2C2=C1SCC1(CCN(C(=O)C=Cc3ccccc3Cl)CC1)O2,0.0487,ok
CC(C)(C)OC(=O)NC1CCC2(CC1)CSC1=C(O2)c2ccccc2C(=O)C1=O,0.0634,ok
O=C1C(=O)c2ccc(Br)cc2C2=C1SCC1(CCN(CC(O)Cc3ccccc3)CC1)O2,0.0474,ok
Cc1nn(C)c(Cl)c1S(=O)(=O)N1CCC2(CC1)CSC1=C(O2)c2ccccc2C(=O)C1=O,0.0431,ok
O=C1C(=O)c2ccccc2C2=C1SCC1(CCN(CC(O)COCc3ccco3)CC1)O2,0.0576,ok
CC(C)(C)OC(=O)N1CCC2(CC1)CSC1=C(O2)c2cc(-c3ccccc3)ccc2C(=O)C1=O,0.0492,ok
Cc1ccc(NC(=O)N2CCC3(CC2)CSC2=C(O3)c3ccccc3C(=O)C2=O)cn1,0.0505,ok
O=C1C(=O)c2ccccc2C2=C1SCC1(CCN(C(=O)c3cn4c5c(cccc35)CCC4)CC1)O2,0.0482,ok
O=C1C(=O)c2ccccc2C2=C1SCC1(CCN(C(=O)CC3CCNCC3)CC1)O2,0.0562,ok
O=C1C(=O)c2ccccc2C2=C1SCC1(CCN(CC(O)COc3ccccc3Cl)CC1)O2,0.0642,ok
CC(C)(C)OC(=O)N1CCC(N2CCC3(CC2)CSC2=C(O3)c3ccccc3C(=O)C2=O)CC1,0.0571,ok
Cc1ccc(OCC(O)CN2CCC3(CC2)CSC2=C(O3)c3cc(-c4ccccc4)ccc3C(=O)C2=O)cc1,0.0646,ok
COc1ccc2c(c1)C(=O)C(=O)C1=C2OC2(CCNCC2)CS1,0.0476,ok
C=CCCN1CCC2(CC1)CSC1=C(O2)c2ccccc2C(=O)C1=O,0.0593,ok
CC(C)COC(=O)N1CCC2(CC1)CSC1=C(O2)c2ccccc2C(=O)C1=O,0.0446,ok
Cc1noc(C)c1C(=O)N1CCC2(CC1)CSC1=C(O2)c2ccccc2C(=O)C1=O,0.0516,ok
COc1ccc2c(c1)C1=C(SCC3(CCNCC3)O1)C(=O)C2=O,0.0531,ok
O=C1C(=O)c2ccc(-c3ccccc3)cc2C2=C1SCC1(CCN(C(=O)c3cccc(Cl)c3)CC1)O2,0.06,ok
O=C1C(=O)c2ccccc2C2=C1SCC1(CCN(CC3CCCCO3)CC1)O2,0.0471,ok
O=C(O)CSCC(=O)N1CCC2(CC1)CSC1=C(O2)c2ccccc2C(=O)C1=O,0.0603,ok
COc1ccc2c(c1)C1=C(SCC3(CCN(CC(O)COc4ccc(C)cc4)CC3)O1)C(=O)C2=O,0.0575,ok
O=C1C(=O)c2ccccc2C2=C1SCC1(CCN(Cc3ccccc3)CC1)O2,0.0543,ok
O=C1C(=O)c2ccccc2C2=C1SCC1(CCN(CC(O)CN3CCOCC3)CC1)O2,0.0579,ok
CC(C)(C)c1ccc(OCC(CN2CCC3(CC2)CSC2=C(O3)c3ccccc3C(=O)C2=O)OC(=O)CN)cc1,0.0653,ok
O=C1C(=O)c2ccccc2C2=C1SCC1(CCN(CC(O)c3ccccc3)CC1)O2,0.0564,ok
O=C1C(=O)c2ccccc2C2=C1SCC1(CCN(C(=O)c3cnccc3C(=O)O)CC1)O2,0.0482,ok
C=COC(=O)N1CCC2(CC1)CSC1=C(O2)c2ccccc2C(=O)C1=O,0.0488,ok
O=C1C(=O)c2ccccc2C2=C1SCC1(CCN(C(=O)OC3CCCNC3)CC1)O2,0.0554,ok
CN1CCC2(CSC3=C(O2)c2cc(N4CCCCC4)ccc2C(=O)C3=O)C1,0.0417,ok
O=C1C(=O)c2ccccc2C2=C1SCC1(CCN(CC(O)COc3ccc(C(=O)O)cc3)CC1)O2,0.0605,ok
O=C1C(=O)c2ccccc2C2=C1SCC1(CCN(C(=O)Nc3ccc(Cl)c(Cl)c3)CC1)O2,0.0624,ok
O=C1C(=O)c2ccccc2C2=C1SCC1(CCN(CCCOc3ccc(Cl)cc3)CC1)O2,0.0444,ok
COc1ccc2c(c1)C(=O)C(=O)C1=C2OC2(CCN(CC(O)COc3ccc(C(C)(C)C)cc3)CC2)CS1,0.0541,ok
O=C1C(=O)c2ccccc2C2=C1SCC1(CCN(C(=O)OC3CCNC3)CC1)O2,0.0486,ok
O=C1C(=O)c2ccccc2C2=C1SCC1(CCN(C(=O)c3nc4ccccc4[nH]3)CC1)O2,0.0593,ok
O=C1C(=O)c2ccc(-c3cccnc3)cc2C2=C1SCC1(CCNCC1)O2,0.0601,ok
COc1ccc(OCC(O)CN2CCC3(CC2)CSC2=C(O3)c3ccccc3C(=O)C2=O)cc1,0.0542,ok
O=C1C(=O)c2ccccc2C2=C1SCC1(CCN(C(=O)Oc3ccccc3)CC1)O2,0.0425,ok
O=C1C(=O)c2ccccc2C2=C1SCC1(CCN(CC(O)COc3ccc4cc(Br)ccc4c3)CC1)O2,0.0543,ok
O=C1CCC2(CC1)CSC1=C(O2)c2ccccc2C(=O)C1=O,0.3036,ok
CC(C)(C)OC(=O)N=C(NC(=O)OC(C)(C)C)N1CCC2(CC1)CSC1=C(O2)c2ccccc2C(=O)C1=O,0.0645,ok
CC(C)(C)OC(=O)N1CCC2(CC1)CSC1=C(O2)c2cc(N3CCOCC3)ccc2C(=O)C1=O,0.0557,ok
NC(=O)N1CCC2(CC1)CSC1=C(O2)c2ccccc2C(=O)C1=O,0.0613,ok
O=C1C(=O)c2ccccc2C2=C1SCC1(CCSCC1)O2,0.0584,ok
COC(=O)C(=O)N1CCC2(CC1)CSC1=C(O2)c2ccccc2C(=O)C1=O,0.0525,ok
O=C1C(=O)c2ccc(N3CCOCC3)cc2C2=C1SCC1(CCNCC1)O2,0.0551,ok
CCCCCCCCCCN1CCC2(CC1)CSC1=C(O2)c2ccccc2C(=O)C1=O,0.0473,ok
O=C1C(=O)c2ccc(-c3ccncc3)cc2C2=C1SCC1(CCNCC1)O2,0.0508,ok
O=C1C(=O)c2ccccc2C2=C1SCC1(CCN(C(=O)OCc3ccccc3)CC1)O2,0.059,ok
Cc1cccc(CN2CCC3(CC2)CSC2=C(O3)c3ccccc3C(=O)C2=O)c1,0.0543,ok
O=C(O)CCC(=O)N1CCC2(CC1)CSC1=C(O2)c2ccccc2C(=O)C1=O,0.0569,ok
CC(C)(C)OC(=O)N1CCC2(CC1)CSC1=C(O2)c2cc(-c3ccncc3)ccc2C(=O)C1=O,0.0491,ok
O=C1C(=O)c2ccc(Br)cc2C2=C1SCC1(CCN(C(=O)c3cccc(Cl)c3)CC1)O2,0.0572,ok
O=C1C(=O)c2ccccc2C2=C1SCC1(CCN(CC3CCCO3)CC1)O2,0.0593,ok
O=C1C(=O)c2ccc(Cl)cc2C2=C1SCC1(CCN(CC(O)Cc3ccccc3)CC1)O2,0.0616,ok
O=C1C(=O)c2ccccc2C2=C1SCC1(CCN(C3CCCC3)CC1)O2,0.0487,ok
NC1CCC2(CC1)CSC1=C(O2)c2ccccc2C(=O)C1=O,0.0599,ok
CC(C)OCC(O)CN1CCC2(CC1)CSC1=C(O2)c2ccccc2C(=O)C1=O,0.065,ok
CC(C)COCC(O)CN1CCC2(CC1)CSC1=C(O2)c2ccccc2C(=O)C1=O,0.0435,ok
O=C1C(=O)c2ccccc2C2=C1SCC1(CCN(C(=O)C(Cl)c3ccccc3)CC1)O2,0.064,ok
Cc1ccc(CN2CCC3(CC2)CSC2=C(O3)c3ccccc3C(=O)C2=O)cc1,0.0483,ok
CC(C)(C)OC(=O)N1CCC2(CC1)CSC1=C(O2)c2cc(-c3cccnc3)ccc2C(=O)C1=O,0.0571,ok
O=C1C(=O)c2ccccc2C2=C1SCC1(CCN(C(=O)NS(=O)(=O)c3ccccc3)CC1)O2,0.0553,ok
CC(c1ccccc1)N1CCC2(CC1)CSC1=C(O2)c2ccccc2C(=O)C1=O,0.053,ok
O=C1C(=O)c2ccccc2C2=C1SCC1(CCN(C(=O)C3CCNCC3)CC1)O2,0.0266,ok
O=C1C(=O)c2ccccc2C2=C1SCC1(CCC(O)CC1)O2,0.0616,ok
O=C1C(=O)c2ccccc2C2=C1SCC1(CCOCC1)O2,0.0548,ok
O=C1C(=O)c2ccccc2C2=C1SCC1(CCN(C(=O)c3nccnc3C(=O)O)CC1)O2,0.0488,ok
O=C1C(=O)c2ccccc2C2=C1SCC1(CCN(CC(O)COc3ccc4ccccc4c3)CC1)O2,0.0554,ok
O=C1C(=O)c2ccccc2C2=C1SCC1(CCN(C3CCCCC3)CC1)O2,0.0547,ok
O=C1C(=O)c2ccccc2C2=C1SCC1(CCCNCC1)O2,0.0477,ok
CC(C)(C)OC(=O)N1CCCC2(CC1)CSC1=C(O2)c2ccccc2C(=O)C1=O,0.0575,ok
O=C1C(=O)c2ccccc2C2=C1SCC1(CCN(C(=O)CSc3ccccc3)CC1)O2,0.046,ok
O=C1C=C(N2CCC3(CC2)CSC2=C(O3)c3ccccc3C(=O)C2=O)c2ccccc2C1=O,0.0631,ok
O=C1C(=O)c2ccccc2C2=C1SCC1(CCN(c3ccccn3)CC1)O2,0.0543,ok
O=C1C(=O)c2ccccc2C2=C1SCC1(CCN(C(=O)NS(=O)(=O)c3ccc(Cl)cc3)CC1)O2,0.0508,ok
CN1CCC2(CSC3=C(O2)c2cc(-c4ccccc4)ccc2C(=O)C3=O)C1,0.0482,ok
CC(C)CN1CCC2(CC1)CSC1=C(O2)c2ccccc2C(=O)C1=O,0.0648,ok
Cc1nn(-c2ccccc2)nc1C(=O)N1CCC2(CC1)CSC1=C(O2)c2ccccc2C(=O)C1=O,0.0482,ok
COc1ccc2c(c1)C1=C(SCC3(CCN(CC(O)COc4ccc(C(C)(C)C)cc4)CC3)O1)C(=O)C2=O,0.0599,ok
CC(=O)N1CCC2(CC1)CSC1=C(O2)c2ccccc2C(=O)C1=O,0.0564,ok
COC(=O)Cc1ccc(OCC(O)CN2CCC3(CC2)CSC2=C(O3)c3ccccc3C(=O)C2=O)cc1,0.0657,ok
CC(C)(C)c1ccc(OCC(O)CN2CCCC3(CSC4=C(O3)c3ccccc3C(=O)C4=O)C2)cc1,0.0544,ok
COc1ccc2c(c1)C(=O)C(=O)C1=C2OC2(CCN(C(=O)c3cccc(Cl)c3)CC2)CS1,0.0619,ok
COc1cccc2c1C(=O)c1c(O)c3c(c(O)c1C2=O)CC(O)(C(O)CO)CC3O,0.0024,ok
Cc1cc2c(c(O)c1OC1OC(CO)C(O)C(O)C1O)C(=O)c1c(O)cc(O)cc1C2=O,0.0046,ok
O=C(O)CNCCNc1ccc(NCCNCCO)c2c1C(=O)c1c(O)ccc(O)c1C2=O,0.0979,ok
O=C(O)CNCCNc1ccc(NCCNCC(=O)O)c2c1C(=O)c1c(O)ccc(O)c1C2=O,0.019,ok
Cc1cc(O)c2c(c1)C(=O)c1cc(OC3OC(C(=O)O)C(O)C(O)C3O)cc(O)c1C2=O,0.0034,ok
O=C1c2cc(O)cc(O)c2C(=O)c2c1cc1c(c2O)C2C(O)COC2O1,0.0008,ok
Cc1c2c(c(O)c3c(O)cc(O)cc13)C(=O)c1c(O)cc(O)cc1C2=O,0.0502,ok
O=C1c2cc(O)cc(O)c2C(=O)c2c1cc1c(c2O)C2CCC(O)CC2O1,0.001,ok
CCC1(O)CC(OC2CC(N)C(O)C(C)O2)c2c(O)c3c(c(O)c2C1C(=O)O)C(=O)c1cccc(O)c1C3=O,0.0009,ok
CC(C)=CC=Cc1ccc2c(c1)C(=O)c1ccccc1C2=O,0.0014,ok
CCC1(O)CC(OC2CC([NH+](C)C)C(O)C(C)O2)c2c(cc3c(c2O)C(=O)c2c(O)cccc2C3=O)C1C(=O)[O-],0.0252,ok
CCC1(O)CC(OC2CC(N(C)C)C(O)C(C)O2)c2c(cc3c(c2O)C(=O)c2c(O)cccc2C3=O)C1C(=O)O,0.0048,ok
Nc1c(S(=O)(=O)O)cc(Nc2cccc(S(=O)(=O)CCOS(=O)(=O)O)c2)c2c1C(=O)c1ccccc1C2=O,0.006,ok
C=CS(=O)(=O)c1cccc(Nc2cc(S(=O)(=O)O)c(N)c3c2C(=O)c2ccccc2C3=O)c1,0.0331,ok
COC(=O)Cc1cc2c(c(O)c1C(=O)CC(C)=O)C(=O)c1c(O)cccc1C2=O,0.0023,ok
CC(=O)CCCC(O)c1c(O)cc2c(c1O)C(=O)c1c(O)cc(O)cc1C2=O,0.0008,ok
COc1cc2c(c(C)c1C(=O)O)C(=O)c1c(O)cccc1C2=O,0.0829,ok
O=C1c2ccccc2C(=O)c2c(O)c(NCCCNCCO)cc(O)c21,0.006,ok
O=C1c2ccccc2C(=O)c2cc(S(=O)(=O)Nc3cccc([N+](=O)[O-])c3)ccc21,0.0026,ok
CC(=O)Oc1ccccc1S(=O)(=O)Nc1cc2c(c(O)c1O)C(=O)c1ccccc1C2=O,0.0036,ok
NC(Cc1ccc(O)c(-c2c(O)c(O)c3c(c2O)C(=O)c2c(cc(O)c(C(=O)O)c2C(=O)O)C3=O)c1)C(=O)O,0.0354,ok
O=C(O)CCCCNS(=O)(=O)c1cc2c(c(O)c1O)C(=O)c1ccccc1C2=O,0.0039,ok
O=C(O)CNS(=O)(=O)c1cc2c(cc1O)C(=O)c1ccccc1C2=O,0.0007,ok
COc1cc(O)cc2c1C(=O)c1c(O)cccc1C2=O,0.0,ok
CCC(O)CC(O)c1c(CC(=O)OC)cc2c(c1O)C(=O)c1c(O)cccc1C2=O,0.0028,ok
CCC1(O)Cc2cc3c(c(O)c2C(OC2CC(N(C)C)C(O)C(C)O2)C1)C(=O)c1c(O)cccc1C3=O,0.0171,ok
Cc1cccc(Nc2cc(S(=O)(=O)O)c(N)c3c2C(=O)c2ccccc2C3=O)c1,0.028,ok
Nc1c(S(=O)(=O)O)cc(Nc2ccc3c(c2)CCCC3)c2c1C(=O)c1ccccc1C2=O,0.0521,ok
NC(=O)c1ccc2c(c1)C(=O)c1ccccc1C2=O,0.0044,ok
Nc1c(C(=O)O)cc(O)c2c1C(=O)c1ccccc1C2=O,0.0312,ok
O=C(NC1CNCC1OC(=O)c1cc(O)c2c(c1)C(=O)c1cccc(O)c1C2=O)c1ccc(O)cc1,0.0042,ok
Cc1ccc(Sc2ccc(Nc3cc(S(=O)(=O)O)c(N)c4c3C(=O)c3ccccc3C4=O)cc2)cc1C,0.0116,ok
O=C(Nc1ccc(Nc2cc([N+](=O)[O-])ccc2O)c2c1C(=O)c1ccccc1C2=O)c1ccccc1,0.0091,ok
O=C1c2ccccc2C(=O)c2c(NCCCCCO)ccc(NCCCCCO)c21,0.0156,ok
CCCNCCNc1ccc(NCCNCCC)c2c1C(=O)c1ccccc1C2=O,0.053,ok
CN(C)Cc1cc(O)c2c(c1)C(=O)c1cccc(O)c1C2=O,0.0037,ok
CN(C)CCNC(=O)c1cccc2c1C(=O)c1ccccc1C2=O,0.0383,ok
CN(C)CCNC(=O)Cc1cc(O)c2c(c1O)C(=O)c1ccccc1C2=O,0.0014,ok
CCN(CC)CCCC(C)NC(=O)c1ccc2c(c1O)C(=O)c1ccccc1C2=O,0.0004,ok
O=C1c2ccccc2C(=O)c2c(NCCNCCNCCO)ccc(NCCNCCNCCO)c21,0.0489,ok
CCC1(O)CC(OC2CC(N)C(O)C(C)O2)c2c(cc3c(c2O)C(=O)c2c(O)cccc2C3=O)C1C(=O)OC,0.007,ok
O=C1c2ccccc2C(=O)c2c(NCCSCCO)ccc(NCCSCCO)c21,0.0521,ok
COc1cccc2c1C(=O)c1c(O)c3c(c(O)c1C2=O)CC(O)(C(C)=O)CC3OC1OC(CO)C(O)C(O)C1N,0.0134,ok
CCN(CC)CCNC(=O)Cc1cc(O)c2c(c1O)C(=O)c1ccccc1C2=O,0.004,ok
O=C(CCN1CCCCC1CCO)Nc1cccc2c1C(=O)c1ccccc1C2=O,0.0004,ok
O=C1c2ccccc2C(=O)c2c(Nc3ccc(S(=O)(=O)N(CCO)CCO)cc3)ccc(O)c21,0.0121,ok
CN(C)CCOc1cccc2c1C(=O)c1ccccc1C2=O,0.0,ok
O=C1c2cccc(NCCNCCO)c2C(=O)c2cccc(Cl)c21,0.0436,ok
O=C1c2ccccc2-c2onc3c(Cl)cc(NC4CCCCC4)c1c23,0.0052,ok
COc1c2c(c(O)c3c1C(=O)c1c(cc(O)c(C)c1O)C3=O)-c1c(cc(C(=O)O)c(C(=O)O)c1O)CC2,0.0094,ok
COc1ccc(Nc2cc(N3CCN(C)CC3)c3noc4c3c2C(=O)c2ccccc2-4)cc1,0.0034,ok
Cc1cccc(C)c1NS(=O)(=O)c1ccc2c(c1)C(=O)c1ccccc1C2=O,0.0079,ok
O=C1c2cccc(Cl)c2C(=O)c2c1cccc2N1CCCC1,0.1382,ok
NCCNCCCCCCNc1cccc2c1C(=O)c1ccccc1C2=O,0.0161,ok
NCCNCCCOc1cccc2c1C(=O)c1ccccc1C2=O,0.0213,ok
NCCNCCCNc1cccc2c1C(=O)c1ccccc1C2=O,0.0191,ok
O=C(CSc1ncn[nH]1)Nc1cccc2c1C(=O)c1ccccc1C2=O,0.0002,ok
COCCCn1[nH]c2c3c(ccc2c1=O)C(=O)c1ccccc1C3=O,,no_quinone_ring_found
O=C1c2ccccc2C(=O)c2cc(OCC(O)CN3CCCCC3)ccc21,0.0013,ok
CCN(CC)CC(=O)Nc1cccc2c1C(=O)c1ccccc1C2=O,0.0049,ok
Cc1cccc(NC(=O)COC(=O)c2cccc3c2C(=O)c2ccccc2C3=O)c1C,0.0587,ok
CN(C)S(=O)(=O)c1cccc(NC(=O)c2ccc3c(c2Cl)C(=O)c2ccccc2C3=O)c1,0.0535,ok
O=C(COC(=O)c1cccc2c1C(=O)c1ccccc1C2=O)NC1CCCCC1,0.0174,ok
O=C(CSc1n[nH]c(=O)[nH]c1=O)Nc1ccc2c(c1)C(=O)c1ccccc1C2=O,0.0206,ok
Cc1ccc(NS(=O)(=O)c2ccc3c(c2)C(=O)c2ccccc2C3=O)c(C)c1,0.0099,ok
O=C1c2ccccc2C(=O)c2cc(S(=O)(=O)Nc3ccc(O)cc3)ccc21,0.0038,ok
O=C1c2ccccc2C(=O)c2cc(S(=O)(=O)N(CCO)CCO)ccc21,0.0118,ok
O=C(O)CNS(=O)(=O)c1ccc2c(c1)C(=O)c1ccccc1C2=O,0.0061,ok
Cc1cc(O)c2c(c1)C(=O)c1c(Br)c(O)c(Br)c(O)c1C2=O,0.0418,ok
O=C1c2ccccc2C(=O)c2cc(OCC(O)Cn3cnc4ccccc43)ccc21,0.0018,ok
CCCNCC(O)CNc1ccc(NCC(O)CCl)c2c1C(=O)c1ccccc1C2=O,0.0478,ok
CCN(CC)CCNc1cccc2c1C(=O)c1c(NCCCCCO)cccc1C2=O,0.0487,ok
CNC(=O)OCc1cc2c(c3c1C1NC1C3)C(=O)c1ccccc1C2=O,0.0064,ok
O=C1c2ccccc2C(=O)c2c(NCC(O)CNCc3ccccc3)ccc(NCC(O)CCl)c21,0.031,ok
O=C1c2ccccc2C(=O)c2c1ccc(Cc1ccccc1)c2O,0.0018,ok
CCN(CC)CC(O)CNc1ccc(N)c2c1C(=O)c1ccccc1C2=O,0.0552,ok
CN(C)CCNC(=O)c1ccc(C(=O)NCCN(C)C)c2c1C(=O)c1ccccc1C2=O,0.082,ok
COc1cc2c(c(OC)c1CBr)C(=O)c1ccccc1C2=O,0.0126,ok
CN(CCCl)CCNc1cccc2c1C(=O)c1ccccc1C2=O,0.0197,ok
CN(C)CCNc1ccc(Cl)c2c1C(=O)c1c(Cl)ccc(O)c1C2=O,0.1175,ok
Cc1cc(C)cc(OCC(=O)Nc2ccc3c(c2)C(=O)c2ccccc2C3=O)c1,0.0,ok
COc1cc(CBr)cc2c1C(=O)c1c(O)cccc1C2=O,0.0025,ok
CN(C)CCNc1ccc(Cl)c2c1C(=O)c1c(NCCN(C)C)ccc(Cl)c1C2=O,0.1511,ok
COc1cc(OC)c2c(c1)C(=O)c1cc(CN(CCCl)CCCl)cc(O)c1C2=O,0.0018,ok
CCN(CC)Cc1cc(OC)c2c(c1)C(=O)c1cc(OC)cc(O)c1C2=O,0.0065,ok
COc1cc(O)c2c(c1)C(=O)c1cc(CN(CCO)CCO)cc(OC)c1C2=O,0.0126,ok
CCCCNCc1cc(O)c2c(c1)C(=O)c1cccc(O)c1C2=O,0.0012,ok
CNC(=O)OCCN(CCOC(=O)NC)Cc1cc(OC)c2c(c1)C(=O)c1cccc(OC)c1C2=O,0.078,ok
CCCc1ccc2c(c1O)C(=O)c1c(O)cccc1C2=O,0.0,ok
CCCc1ccc2c(c1O)C(=O)c1c(OC)cccc1C2=O,0.0001,ok
COc1cccc2c1C(=O)c1c(ccc(Cc3ccccc3)c1O)C2=O,0.0053,ok
CC(C)NCC(=O)Nc1cccc2c1C(=O)c1ccccc1C2=O,0.0034,ok
CCCN1CCN(c2cc(NCC)c3c4c(onc24)-c2ccccc2C3=O)CC1,0.0078,ok
CCN1CCN(c2cc(N3CCN(C(=O)c4ccco4)CC3)c3c4c(onc24)-c2ccccc2C3=O)CC1,0.0023,ok
O=C1c2ccccc2-c2onc3c(N4CCN(CCO)CC4)cc(N4CCN(C(=O)c5ccco5)CC4)c1c23,0.0007,ok
O=C(O)c1ccccc1Nc1cc(N2CCCC2)c2noc3c2c1C(=O)c1ccccc1-3,0.005,ok
COc1cccc2c1C(=O)c1c(O)c3c(c(O)c1C2=O)CC(O)(C=O)CC3OC1CC(N)C(O)C(C)O1,0.0162,ok
COc1cc2c(c(C=Cc3ccccc3)c1C(=O)O)C(=O)c1c(O)cccc1C2=O,0.0259,ok
NCCC(=O)Nc1ccc2c(c1)C(=O)c1cc(NC(=O)CCN)ccc1C2=O,0.0003,ok
COc1cccc2c1C(=O)c1c(O)c3c(c(O)c1C2=O)CC(O)(C(C)=O)CC3OC(=O)CCN,0.008,ok
O=C(O)CCNc1cc(N2CCN(C(=O)c3ccco3)CC2)c2noc3c2c1C(=O)c1ccccc1-3,0.0071,ok
NCCNC(=O)c1ccc2c(c1)C(=O)c1ccc(C(=O)NCCN)cc1C2=O,0.0108,ok
NCC(=O)NCC(=O)Nc1ccc2c(c1)C(=O)c1ccc(NC(=O)CNC(=O)CN)cc1C2=O,0.0004,ok
NCCC(=O)Nc1ccc2c(c1)C(=O)c1ccc(NC(=O)CCN)cc1C2=O,0.0,ok
Cc1oc2c3c(ccc2c(=O)c1Br)C(=O)c1ccc(Br)c(O)c1C3=O,0.0,ok
O=C(CNC(=O)C1CCCN1)Nc1ccc2c(c1)C(=O)c1ccc(NC(=O)CNC(=O)C3CCCN3)cc1C2=O,0.0022,ok
O=C1c2ccccc2C(=O)c2c(OC3OC(CO)C(O)C(O)C3O)ccc(O)c21,0.0115,ok
CCCCCc1ccc2c(c1O)C(=O)c1c(O)cccc1C2=O,0.0009,ok
Cc1ccc(S(=O)(=O)OCc2ccc3c(c2)C(=O)c2ccccc2C3=O)cc1,0.0001,ok
CC(C)Cc1ccc2c(c1O)C(=O)c1c(O)cccc1C2=O,0.0002,ok
CCCCCCc1ccc2c(c1O)C(=O)c1c(OC)cccc1C2=O,0.0004,ok
CCCCc1ccc2c(c1O)C(=O)c1c(OC)cccc1C2=O,0.0011,ok
CCCCc1ccc2c(c1O)C(=O)c1c(O)cccc1C2=O,0.0004,ok
CCCCCc1ccc2c(c1O)C(=O)c1c(OC)cccc1C2=O,0.0002,ok
CCCCOC(=O)Oc1cc(C)cc2c1C(=O)c1c(OC(=O)OCCCC)cc(OC)cc1C2=O,0.0074,ok
CCCCCCc1ccc2c(c1O)C(=O)c1c(O)cccc1C2=O,0.0005,ok
CCCCOC(=O)Oc1cccc2c1C(=O)c1c(OC(=O)OCCCC)cc(C)cc1C2=O,0.0166,ok
CC1OC(c2ccc3c(c2O)C(=O)c2ccccc2C3=O)CC(N(C)C)C1O,0.0024,ok
O=C(CN1CCCCC1)Nc1ccc2c(c1)C(=O)c1ccc(NC(=O)CN3CCCCC3)cc1C2=O,0.0055,ok
Cc1cc(O)c2c(c1)C(=O)c1cccc(OC3CC(CO)C(O)C(O)C3O)c1C2=O,0.032,ok
COc1cccc2c1C(=O)c1c(O)c3c(c(O)c1C2=O)C=C(C(=O)CO)CC3OC1CC(N)C(O)C(C)O1,0.0182,ok
CN(C)C1C(O)C2Oc3c(cc(O)c4c3C(=O)c3cc5c(c(O)c3C4=O)CCC(C)(O)C5C(=O)O)C(C)(O2)C1O,0.0172,ok
COc1c2c(cc3c1C(OC)CC(C)(O)C3)C(=O)c1c3c(cc(O)c1C2=O)C1(C)OC(O3)C(O)C(N(C)C)C1O,0.0844,ok
NCCc1c[nH]c2c(O)c3c(c(O)c12)C(=O)c1ccccc1C3=O,0.0007,ok
CCC1CCN(C(=O)C(CCCN=C(N)N)NS(=O)(=O)c2ccc3c(c2)C(=O)c2ccccc2C3=O)CC1,0.0053,ok
O=C1c2ccccc2C(=O)c2c(Nc3ccc(S(=O)(=O)C(CCO)CCO)cc3)cccc21,0.011,ok
Cc1cc(=O)c2ccc3c(c2o1)C(=O)c1c(O)cccc1C3=O,0.0,ok
O=C1c2cccc(O)c2C(=O)c2c1ccc1c(=O)cc(-c3ccccc3)oc21,0.0109,ok
Cc1cc(=O)c2ccc3c(c2o1)C(=O)c1c(O)ccc([N+](=O)[O-])c1C3=O,0.0024,ok
Cc1oc2c3c(ccc2c(=O)c1Br)C(=O)c1cccc(O)c1C3=O,0.0,ok
COc1cccc2c1C(=O)c1c(OCCN(C)C)cccc1C2=O,0.0867,ok
Cc1cc(=O)c2ccc3c(c2o1)C(=O)c1c(OCCN(C)C)cccc1C3=O,0.0045,ok
O=C1c2c(O)ccc(NCCNCCO)c2C(=O)c2c(NCCNCCO)ccc(O)c21,0.0908,ok
CSCCC(N)C(=O)NCCNc1ccc(NCCNC(=O)C(N)CCSC)c2c1C(=O)c1ccccc1C2=O,0.0193,ok
CC(C)(C)OC(=O)NCCNCCNc1ccc(NCCNCCO)c2c1C(=O)c1c(O)ccc(O)c1C2=O,0.0179,ok
O=C1c2c(O)ccc(O)c2C(=O)c2c(NCCOCCO)ccc(NCCNCCO)c21,0.0264,ok
O=C1c2c(O)ccc(O)c2C(=O)c2c(NCCNCCO)ccc(F)c21,0.0397,ok
CCC(=O)Oc1cc(C)cc2c1C(=O)c1c(OC(=O)CC)cc(OC)cc1C2=O,0.0109,ok
O=C(O)CC(NCc1cc2c(c(O)c1O)C(=O)c1ccccc1C2=O)C(=O)O,0.0018,ok
C=C(CC)C(=O)c1ccc(OCC(=O)Nc2ccc3c(c2)C(=O)c2ccccc2C3=O)c(Cl)c1Cl,0.0006,ok
COc1cc(OC)c2c(c1)C(=O)c1cc(CNCCCl)cc(OC)c1C2=O,0.085,ok
CN(CCNc1c2c(c(NCCN(C)C(=N)N)c3sccc13)C(=O)c1ccccc1C2=O)C(=N)N,0.0442,ok
CCN(CC)Cc1cc(OC)c2c(c1)C(=O)c1cccc(O)c1C2=O,0.0023,ok
O=C1c2c(F)ccc(F)c2C(=O)c2c(NCCO)ccc(NCCO)c21,0.0887,ok
COc1c2c(c(O)c3c1C(=O)c1c(cc(O)c(C)c1O)C3=O)-c1c(cc3c(c1O)C(=O)N(N(C)C)C3O)CC2,0.0171,ok
CC1OC(OC2CC(O)(C(=O)CO)Cc3c(O)c4c(c(O)c32)C(=O)c2c(O)cccc2C4=O)CC(N)C1O,0.0039,ok
CN(C)CCCNc1cc(NCc2ccco2)c2noc3c2c1C(=O)c1ccccc1-3,0.0076,ok
O=C1c2ccccc2C(=O)c2c1ccc1[nH]c(-c3cccc4ccccc34)nc21,0.0047,ok
O=C(O)CCNc1cc(N2CCN(c3ccc(F)cc3)CC2)c2noc3c2c1C(=O)c1ccccc1-3,0.0052,ok
CC(=O)OC1C(C)OC(Oc2cc(O)c3c(c2)C(=O)c2cc(C)cc(O)c2C3=O)C(O)C1O,0.0018,ok
NCCCCCNc1ccc(NCCCCCN)c2c1C(=O)c1c(O)ccc(O)c1C2=O,0.017,ok
Cc1cc2c(NCCN=C(N)N)c3c(c(NCCN=C(N)N)c2o1)C(=O)c1ccccc1C3=O,0.0096,ok
CC1OC(OCc2cc(O)c3c(c2)C(=O)c2cccc(O)c2C3=O)CC(N)C1O,0.0016,ok
O=C1c2ccccc2C(=O)c2c(O)cc(OCCCN3CCCC3)cc21,0.002,ok
CN(C)CCNc1c2c(c(NCCN(C)C)c3oc(C(C)(C)C)cc13)C(=O)c1ccccc1C2=O,0.0566,ok
O=C1c2ccccc2C(=O)c2c(O)cc(OCCCN3CCOCC3)cc21,0.0008,ok
CN(CCO)CCCOc1cc(O)c2c(c1)C(=O)c1ccccc1C2=O,0.0023,ok
CC(O)CNCCCOc1cc(O)c2c(c1)C(=O)c1ccccc1C2=O,0.0023,ok
CCOC(=O)N1CCN(CCCOc2cc(O)c3c(c2)C(=O)c2ccccc2C3=O)CC1,0.0021,ok
O=C1c2ccccc2C(=O)c2c(O)cc(OCCCNC3CCCCC3)cc21,0.0009,ok
CC(=O)Oc1cccc2c1C(=O)c1c(OC(C)=O)cc(C(=O)OCCOCCOCCO)cc1C2=O,0.0133,ok
CN(C)c1ccc(N2C(=O)C(Oc3ccccc3)C2c2ccc3c(c2)C(=O)c2ccccc2C3=O)cc1,,no_quinone_ring_found
CC(=O)Oc1cccc2c1C(=O)c1c(OC(C)=O)cc(C(=O)OCCO)cc1C2=O,0.0103,ok
O=C(OCCO)c1cc(O)c2c(c1)C(=O)c1cccc(O)c1C2=O,0.0001,ok
O=C(OCCOCCO)c1cc(O)c2c(c1)C(=O)c1cccc(O)c1C2=O,0.001,ok
CC(C)Cc1ccc(C(C)C(=O)OCCOC(=O)c2cc(O)c3c(c2)C(=O)c2cccc(O)c2C3=O)cc1,0.0828,ok
O=C(OCCOCCOCCO)c1cc(O)c2c(c1)C(=O)c1cccc(O)c1C2=O,0.0006,ok
CC(=O)Oc1cccc2c1C(=O)c1c(OC(C)=O)cc(C(=O)OCCOCCO)cc1C2=O,0.0135,ok
O=C(O)c1cccc2c1C(=O)c1cccc(O)c1C2=O,0.0376,ok
CC(=O)Oc1ccccc1C(=O)OCCOC(=O)c1cc(O)c2c(c1)C(=O)c1cccc(O)c1C2=O,0.0034,ok
CC1OC(OCc2ccc3c(c2O)C(=O)c2ccccc2C3=O)CC(N(C)C)C1O,0.0006,ok
COc1ccc2cc(C(C)C(=O)OCCOC(=O)c3cc(O)c4c(c3)C(=O)c3cccc(O)c3C4=O)ccc2c1,0.0022,ok
CC(=O)Oc1cccc2c1C(=O)c1c(OC(C)=O)cc(C(=O)Oc3cc(C)ccc3C(C)C)cc1C2=O,0.0156,ok
CCCCNC(=S)NN=C(CC(=O)c1cccc2c1C(=O)c1ccccc1C2=O)C(=O)OCC,0.0337,ok
CCCCCCNC(=S)NN=C(CC(=O)c1cccc2c1C(=O)c1ccccc1C2=O)C(=O)OCC,0.0422,ok
CCOC(=O)C(CC(=O)c1cccc2c1C(=O)c1ccccc1C2=O)=NNC(=S)NC1CCCCC1,0.0028,ok
CCOC(=O)C(CC(=O)c1cccc2c1C(=O)c1ccccc1C2=O)=NNC(=S)NCc1cccs1,0.0036,ok
CCOC(=O)C(CC(=O)c1cccc2c1C(=O)c1ccccc1C2=O)=NNC(=S)NCc1cccnc1,0.0317,ok
CCOC(=O)C(CC(=O)c1cccc2c1C(=O)c1ccccc1C2=O)=NNC(=S)Nc1ccccc1,0.012,ok
O=C1c2ccccc2C(=O)c2cc(S(=O)(=O)N3C(=O)NC4(CC5CCC4C5)C3=O)ccc21,0.0009,ok
CCOC(=O)C(CC(=O)c1cccc2c1C(=O)c1ccccc1C2=O)=NNC(=S)Nc1ccc(C)cc1,0.0536,ok
COc1c([N+](=O)[O-])cc2c(c1[N+](=O)[O-])C(=O)c1ccccc1C2=O,0.0227,ok
Cc1c(O)c2c(c(O)c1COC1CC(N)C(O)C(C)O1)C(=O)c1ccccc1C2=O,0.0017,ok
CCN(CC)CCOc1cc(O)c2c(c1)C(=O)c1cc(C)cc(O)c1C2=O,0.0013,ok
Cc1ccc(S(=O)(=O)Oc2ccc(OCCOCCO)c3c2C(=O)c2ccccc2C3=O)cc1,0.0488,ok
Cc1ccc(S(=O)(=O)Oc2ccc(NCc3ccc(Cl)cc3)c3c2C(=O)c2ccccc2C3=O)cc1,0.0173,ok
O=C(O)CCNC(=O)c1cccc2c1C(=O)c1cccc(O)c1C2=O,0.0189,ok
CCOC(=O)CCNC(=O)c1cccc2c1C(=O)c1cccc(O)c1C2=O,0.0258,ok
Cc1ccc(S(=O)(=O)Oc2ccc(OCCOCCOCCO)c3c2C(=O)c2ccccc2C3=O)cc1,0.0495,ok
CCCOc1cccc2c1C(=O)c1c(C(C)=O)cccc1C2=O,0.0741,ok
CNS(=O)(=O)c1cccc2c1C(=O)c1cccc(O)c1C2=O,0.065,ok
CCCOc1cccc2c1C(=O)c1cccc(C(C)=O)c1C2=O,0.0614,ok
O=C(O)CCNC(=O)c1ccc2c(c1)C(=O)c1ccccc1C2=O,0.0045,ok
Cc1cccc(N=Cc2ccc(C=CC(=O)c3cccc4c3C(=O)c3ccccc3C4=O)cc2)c1,0.0197,ok
Cc1ccccc1N=Cc1ccc(C=CC(=O)c2cccc3c2C(=O)c2ccccc2C3=O)cc1,0.0196,ok
Cc1ccc(N=Cc2ccc(C=CC(=O)c3cccc4c3C(=O)c3ccccc3C4=O)cc2)cc1,0.0202,ok
O=C(C=Cc1ccc(C=Nc2ccccc2F)cc1)c1cccc2c1C(=O)c1ccccc1C2=O,0.0209,ok
O=C(C=Cc1ccc(C=Nc2cccc(F)c2)cc1)c1cccc2c1C(=O)c1ccccc1C2=O,0.0104,ok
O=C(C=Cc1ccc(C=Nc2ccc(F)cc2)cc1)c1cccc2c1C(=O)c1ccccc1C2=O,0.0144,ok
O=C(C=Cc1ccc(C=Nc2cccc(Cl)c2)cc1)c1cccc2c1C(=O)c1ccccc1C2=O,0.0184,ok
O=C(C=Cc1ccc(C=Nc2ccc(Cl)cc2)cc1)c1cccc2c1C(=O)c1ccccc1C2=O,0.0173,ok
O=C(C=Cc1ccc(C=Nc2cccc([N+](=O)[O-])c2)cc1)c1cccc2c1C(=O)c1ccccc1C2=O,0.0073,ok
O=C(C=Cc1ccc(C=Nc2ccccc2O)cc1)c1cccc2c1C(=O)c1ccccc1C2=O,0.017,ok
O=C(C=Cc1ccc(C=Nc2ccc([N+](=O)[O-])cc2)cc1)c1cccc2c1C(=O)c1ccccc1C2=O,0.0171,ok
O=C(C=Cc1ccc(C=Nc2cccc(C(F)(F)F)c2)cc1)c1cccc2c1C(=O)c1ccccc1C2=O,0.0164,ok
O=C(C=Cc1ccc(C=NCc2ccco2)cc1)c1cccc2c1C(=O)c1ccccc1C2=O,0.0247,ok
O=C(C=Cc1ccc(C=NCc2cccs2)cc1)c1cccc2c1C(=O)c1ccccc1C2=O,0.0445,ok
O=C(C=Cc1ccc(C=NC2CCCCC2)cc1)c1cccc2c1C(=O)c1ccccc1C2=O,0.0214,ok
COc1ccc(C=CC(=O)OCc2cc(O)c3c(c2)C(=O)c2cccc(O)c2C3=O)cc1,0.0038,ok
COc1ccc(C=CC(=O)OCc2cc(O)c3c(c2)C(=O)c2cccc(O)c2C3=O)cc1OC,0.0044,ok
COc1cc(C=CC(=O)OCc2cc(O)c3c(c2)C(=O)c2cccc(O)c2C3=O)cc(OC)c1OC,0.0003,ok
COc1ccc(C=CC(=O)OCc2cc(O)c3c(c2)C(=O)c2cccc(O)c2C3=O)c(OC)c1,0.0077,ok
COc1cccc(C=CC(=O)OCc2cc(O)c3c(c2)C(=O)c2cccc(O)c2C3=O)c1OC,0.001,ok
O=C(C=Cc1ccc2c(c1)OCO2)OCc1cc(O)c2c(c1)C(=O)c1cccc(O)c1C2=O,0.0036,ok
COc1ccc(OC)c(C=CC(=O)OCc2cc(O)c3c(c2)C(=O)c2cccc(O)c2C3=O)c1,0.0015,ok
CCOC(=O)C(CC(=O)c1cccc2c1C(=O)c1ccccc1C2=O)=NNC(N)=S,0.0181,ok
O=C1c2cccc(O)c2C(=O)c2c(O)cc(C=Nc3ccccc3)cc21,0.0,ok
O=C1c2ccccc2C(=O)c2c1cc(Sc1ccc3ccccc3c1)c1nsnc21,0.0003,ok
NCCCCNCC(=O)Nc1cccc2c1C(=O)c1ccccc1C2=O,0.0057,ok
NCCCNCCCCNCC(=O)Nc1cccc2c1C(=O)c1ccccc1C2=O,0.0008,ok
NCCCNCCCCNCCCNCC(=O)Nc1cccc2c1C(=O)c1ccccc1C2=O,0.0123,ok
COc1cccc2c1C(=O)c1c(O)c3c(c(O)c1C2=O)CC(O)(C(C)=O)CC3SCCN,0.006,ok
Nc1c2c(c(N)c3sccc13)C(=O)c1ccccc1C2=O,0.0,ok
COc1cccc2c1C(=O)c1c(O)c3c(c(O)c1C2=O)CC(O)(C(=O)O)CC3OC1CC(N)C(O)C(C)O1,0.0235,ok
CN(C)C1CCN(c2nc3cc(O)c4c(c3s2)C(=O)c2cccc(O)c2C4=O)CC1,0.0025,ok
CCN1CCN(c2nc3cc(O)c4c(c3s2)C(=O)c2cccc(O)c2C4=O)CC1,0.0043,ok
O=C1c2c(O)cccc2C(=O)c2c1c(O)cc1nc(N3CCN(CCO)CC3)sc21,0.0052,ok
CN(C)CCCSc1nc2cc3c(cc2o1)C(=O)c1ccccc1C3=O,0.0011,ok
O=C1c2ccccc2C(=O)c2cc3oc(SCCCN4CCCCC4)nc3cc21,0.0004,ok
O=C(C=Cc1ccc(C=CC(=O)c2cccc3c2C(=O)c2ccccc2C3=O)cc1)c1ccccc1,0.0255,ok
Cc1ccccc1C(=O)C=Cc1ccc(C=CC(=O)c2cccc3c2C(=O)c2ccccc2C3=O)cc1,0.0266,ok
Cc1cccc(C(=O)C=Cc2ccc(C=CC(=O)c3cccc4c3C(=O)c3ccccc3C4=O)cc2)c1,0.028,ok
Cc1ccc(C(=O)C=Cc2ccc(C=CC(=O)c3cccc4c3C(=O)c3ccccc3C4=O)cc2)cc1,0.0197,ok
COc1ccccc1C(=O)C=Cc1ccc(C=CC(=O)c2cccc3c2C(=O)c2ccccc2C3=O)cc1,0.0065,ok
COc1cccc(C(=O)C=Cc2ccc(C=CC(=O)c3cccc4c3C(=O)c3ccccc3C4=O)cc2)c1,0.0174,ok
COc1ccc(C(=O)C=Cc2ccc(C=CC(=O)c3cccc4c3C(=O)c3ccccc3C4=O)cc2)cc1,0.024,ok
O=C(C=Cc1ccc(C=CC(=O)c2cccc3c2C(=O)c2ccccc2C3=O)cc1)c1ccccc1F,0.0201,ok
O=C(C=Cc1ccc(C=CC(=O)c2cccc3c2C(=O)c2ccccc2C3=O)cc1)c1ccc(F)cc1,0.0243,ok
Cc1cc2c(c3oc(-c4ccccc4)cc(=O)c13)C(=O)c1c(O)cccc1C2=O,0.0052,ok
O=C(C=Cc1ccc(C=CC(=O)c2cccc3c2C(=O)c2ccccc2C3=O)cc1)c1ccccc1[N+](=O)[O-],0.0265,ok
CCCCCCc1cc(=O)c2c(C)cc3c(c2o1)C(=O)c1c(O)cccc1C3=O,0.0057,ok
CCc1cc(=O)c2c(C)cc3c(c2o1)C(=O)c1c(OC(C)C)cccc1C3=O,0.0043,ok
C=C(C)c1cc(=O)c2c(C)cc3c(c2o1)C(=O)c1c(O)cccc1C3=O,0.0,ok
CCCc1cc(=O)c2c(C)cc3c(c2o1)C(=O)c1c(O)cccc1C3=O,0.0051,ok
CCCc1cc(=O)c2c(C)cc3c(c2o1)C(=O)c1c(OC)cccc1C3=O,0.0068,ok
CCCCCCc1cc2c(C)cc3c(c2oc1=O)C(=O)c1c(O)cccc1C3=O,0.0052,ok
Cc1cc2c(c3oc(=O)c(CCCC#N)cc13)C(=O)c1c(OC(C)C)cccc1C2=O,0.0079,ok
Cc1cc2c(c3oc(=O)c(CCCC#N)cc13)C(=O)c1c(O)cccc1C2=O,0.0036,ok
CCC(C)(O)c1cc2c(C)cc3c(c2oc1=O)C(=O)c1c(OC(C)C)cccc1C3=O,0.0059,ok
CCC(C)(OCc1ccccc1)c1cc2c(C)cc3c(c2oc1=O)C(=O)c1c(O)cccc1C3=O,0.0074,ok
CCCCc1cc2c(C)cc3c(c2oc1=O)C(=O)c1c(OC(C)C)cccc1C3=O,0.0118,ok
CCC(C)(OCc1ccccc1)c1cc2c(C)cc3c(c2oc1=O)C(=O)c1c(OC(C)C)cccc1C3=O,0.0182,ok
CCCCc1cc(=O)oc2c3c(cc(C)c12)C(=O)c1cccc(OC(C)C)c1C3=O,0.0436,ok
Cc1cc2c(c3oc(=O)cc(CCCCl)c13)C(=O)c1c(OC(C)C)cccc1C2=O,0.054,ok
Cc1cc2c(c3oc(=O)c(-c4ccccc4)cc13)C(=O)c1c(OC(C)C)cccc1C2=O,0.0046,ok
Cc1cc2c(c3oc(-c4ccccc4)cc13)C(=O)c1c(O)cccc1C2=O,0.0002,ok
Cc1cc2c(c3oc(C(C)O)cc13)C(=O)c1c(O)cccc1C2=O,0.0013,ok
CC(=O)c1cc2c(C)cc3c(c2o1)C(=O)c1c(O)cccc1C3=O,0.0,ok
Cc1cc2c(c3oc(C(=O)c4ccccc4)cc13)C(=O)c1c(O)cccc1C2=O,0.0045,ok
Cc1cc2c(c3oc(CCCC#N)cc13)C(=O)c1c(OC(C)C)cccc1C2=O,0.0088,ok
CCCCCCc1cc2c(C)cc3c(c2o1)C(=O)c1c(OC(C)C)cccc1C3=O,0.0208,ok
CCCCCCc1cc2c(C)cc3c(c2o1)C(=O)c1c(O)cccc1C3=O,0.0002,ok
CCCc1cc2c(C)cc3c(c2o1)C(=O)c1c(OC(C)C)cccc1C3=O,0.0211,ok
Cc1cc2c(c3oc(-c4ccccc4)cc13)C(=O)c1c(OC(C)C)cccc1C2=O,0.0159,ok
CCc1ccc(Sc2cc3c(c4nsnc24)C(=O)c2ccccc2C3=O)cc1,0.0008,ok
NC(=S)NN=Cc1cc(O)c2c(c1)C(=O)c1cccc(O)c1C2=O,0.0001,ok
CCCCOc1cccc2c1C(=O)c1c(OCCCC)cc(CO)cc1C2=O,0.0763,ok
NCCC(=O)NCC(=O)Nc1ccc2c(c1)C(=O)c1ccc(NC(=O)CNC(=O)CCN)cc1C2=O,0.0007,ok
NCC(N)C(=O)NCC(=O)Nc1ccc2c(c1)C(=O)c1ccc(NC(=O)CNC(=O)C(N)CN)cc1C2=O,0.0034,ok
N=C(N)SCc1ccc2c(c1)C(=O)c1ccccc1C2=O,0.0023,ok
NCCC(N)C(=O)NCC(=O)Nc1ccc2c(c1)C(=O)c1ccc(NC(=O)CNC(=O)C(N)CCN)cc1C2=O,0.0092,ok
CN1CCN(C(=O)c2cc3c(NCCN)c4c(c(NCCN)c3o2)C(=O)c2ccccc2C4=O)CC1,0.0521,ok
NC(N)=NCCNc1c2c(c(NCCN=C(N)N)c3occc13)C(=O)c1ccccc1C2=O,0.075,ok
CC(NC(=O)C(N)CN)C(=O)Nc1ccc2c(c1)C(=O)c1ccc(NC(=O)C(C)NC(=O)C(N)CN)cc1C2=O,0.0013,ok
COc1cc2c(c(O)c1COCCC(C)C)C(=O)c1ccccc1C2=O,0.002,ok
Nc1c(S(=O)(=O)O)cc(Nc2ccc(Nc3ccccc3Cl)c(C(=O)O)c2)c2c1C(=O)c1ccccc1C2=O,0.0191,ok
CN1CCCN(c2cc(NCCN3CCCC3)c3c4c(onc24)-c2ccccc2C3=O)CC1,0.0077,ok
O=C1c2ccccc2-c2onc3c(N4CCN(c5ncccn5)CC4)cc(NCCN4CCCC4)c1c23,0.0047,ok
CN(C)CCNc1cc(N2CCN(C)CC2)c2noc3c2c1C(=O)c1ccccc1-3,0.0073,ok
CN1CCCN(c2cc(NCCN3CCCCC3)c3c4c(onc24)-c2ccccc2C3=O)CC1,0.007,ok
CN(C)c1cc(NCCCN2CCCC2)c2c3c(onc13)-c1ccccc1C2=O,0.0055,ok
O=C1c2ccccc2-c2onc3c(N4CCN(c5ccccc5)CC4)cc(NCCN4CCCCC4)c1c23,0.0052,ok
CCN1CCN(c2cc(NCCN3CCCC3)c3c4c(onc24)-c2ccccc2C3=O)CC1,0.0077,ok
CN1CCN(c2cc(NCCN3CCCCC3)c3c4c(onc24)-c2ccccc2C3=O)CC1,0.0062,ok
O=C1c2cccc(O)c2C(=O)c2c(O)cc(C(=O)N3CCC(N4CCOCC4)CC3)cc21,0.0059,ok
Cc1c(Cc2c(Cl)cccc2Cl)nc(SCc2ccc3c(c2)C(=O)c2ccccc2C3=O)[nH]c1=O,0.0015,ok
COc1c2c(c(O)c3c1C(=O)c1c(cc(O)c(C)c1O)C3=O)-c1c(cc3cnn(C(=N)N)c(=O)c3c1O)CC2,0.0129,ok
COc1c2c(c(O)c3c1C(=O)c1c(cc(O)c(C)c1O)C3=O)-c1c(cc(C=NN=C(N)N)c(C(=O)O)c1O)CC2,0.0094,ok
O=Cc1ccc(F)cc1OCc1cn(Cc2ccc3c(c2)C(=O)c2ccccc2C3=O)nn1,0.0038,ok
CC(=O)CCC(COC(C)=O)c1c(O)cc2c(c1O)C(=O)c1c(O)cc(O)cc1C2=O,0.0008,ok
COC1CCCCC1Nc1cc2c(c3nsnc13)C(=O)c1ccccc1C2=O,0.0043,ok
Cc1cc(O)c2c(c1)C(=O)c1cc(O)c(CN3CCCCC3)c(O)c1C2=O,0.0021,ok
Cc1cccc(Nc2ccc(Nc3cc(S(=O)(=O)O)c(N)c4c3C(=O)c3ccccc3C4=O)cc2C(=O)O)c1C,0.0496,ok
O=C(Nc1cccc(O)c1)c1ccc(C=CC(=O)c2cccc3c2C(=O)c2ccccc2C3=O)cc1,0.0268,ok
O=C(Nc1cccc(C(F)(F)F)c1)c1ccc(C=CC(=O)c2cccc3c2C(=O)c2ccccc2C3=O)cc1,0.0217,ok
O=C(NCc1ccco1)c1ccc(C=CC(=O)c2cccc3c2C(=O)c2ccccc2C3=O)cc1,0.0207,ok
CCCCCCNC(=O)c1ccc(C=CC(=O)c2cccc3c2C(=O)c2ccccc2C3=O)cc1,0.0069,ok
O=C(Nc1cccc(Cl)c1)c1ccc(C=CC(=O)c2cccc3c2C(=O)c2ccccc2C3=O)cc1,0.0075,ok
N#CC1(NS(=O)(=O)c2ccc3c(c2)C(=O)c2ccccc2C3=O)CC1,0.0033,ok
O=C(Nc1ccccc1[N+](=O)[O-])c1ccc(C=CC(=O)c2cccc3c2C(=O)c2ccccc2C3=O)cc1,0.0232,ok
O=C(Nc1ccc(Cl)cc1)c1ccc(C=CC(=O)c2cccc3c2C(=O)c2ccccc2C3=O)cc1,0.0082,ok
O=C(NCc1ccccc1)c1ccc(C=CC(=O)c2cccc3c2C(=O)c2ccccc2C3=O)cc1,0.0276,ok
O=C(NCc1cccnc1)c1ccc(C=CC(=O)c2cccc3c2C(=O)c2ccccc2C3=O)cc1,0.0228,ok
O=C(Nc1ccccc1O)c1ccc(C=CC(=O)c2cccc3c2C(=O)c2ccccc2C3=O)cc1,0.0068,ok
O=C(Nc1ccc(C(F)(F)F)cc1)c1ccc(C=CC(=O)c2cccc3c2C(=O)c2ccccc2C3=O)cc1,0.0049,ok
O=C(Nc1ccccc1Cl)c1ccc(C=CC(=O)c2cccc3c2C(=O)c2ccccc2C3=O)cc1,0.0132,ok
Cc1ccc(NC(=O)c2ccc(C=CC(=O)c3cccc4c3C(=O)c3ccccc3C4=O)cc2)cc1,0.0065,ok
O=C(Nc1ccccc1)c1ccc(C=CC(=O)c2cccc3c2C(=O)c2ccccc2C3=O)cc1,0.0047,ok
O=C(Nc1ccc(O)cc1)c1ccc(C=CC(=O)c2cccc3c2C(=O)c2ccccc2C3=O)cc1,0.0326,ok
O=C(Nc1ccccc1C(F)(F)F)c1ccc(C=CC(=O)c2cccc3c2C(=O)c2ccccc2C3=O)cc1,0.0268,ok
O=C(Nc1cccc([N+](=O)[O-])c1)c1ccc(C=CC(=O)c2cccc3c2C(=O)c2ccccc2C3=O)cc1,0.0295,ok
O=C(Nc1ccccc1F)c1ccc(C=CC(=O)c2cccc3c2C(=O)c2ccccc2C3=O)cc1,0.013,ok
NCCCCNc1ccc(O)c2c1C(=O)c1ccccc1C2=O,0.023,ok
CC1(NS(=O)(=O)c2ccc3c(c2)C(=O)c2ccccc2C3=O)CC1,0.0102,ok
CCOC(=O)C(C)(C)Oc1cc(O)c2c(c1)C(=O)c1cc(C)cc(O)c1C2=O,0.0046,ok
Cc1cc(O)c2c(c1)C(=O)c1cc(O)c(CN3CCN(C)CC3)c(O)c1C2=O,0.0089,ok
CCCOc1cccc2c1C(=O)c1c(OCCC)cc(NC(=O)C(C)Cl)cc1C2=O,0.0782,ok
Cc1cc(O)c2c(c1)C(=O)c1cc(OCCN3CCOCC3)cc(O)c1C2=O,0.0009,ok
Cc1cc(O)c2c(c1)C(=O)c1cc(OCCN(C)C)cc(O)c1C2=O,0.0009,ok
CC(C)=CCCC(C)=CCCc1ccc2c(c1)C(=O)c1ccccc1C2=O,0.0007,ok
NCCCCCNc1ccc(F)c2c1C(=O)c1c(O)ccc(O)c1C2=O,0.0242,ok
NCCNCCNc1ccc(F)c2c1C(=O)c1c(O)ccc(O)c1C2=O,0.0265,ok
CC(NC1CCNCC1)C(=O)Nc1ccc2c(c1)C(=O)c1ccc(NC(=O)C(C)NC3CCNCC3)cc1C2=O,0.0002,ok
NCC(=O)OCCOc1cccc2c1C(=O)c1c(OCCOC(=O)CN)cc(NC(=O)CCl)cc1C2=O,0.0076,ok
COC(=O)c1c(-c2cc(O)c3c(c2)C(=O)c2cccc(O)c2C3=O)nn(-c2ccccc2C)c1C(=O)OC,0.0024,ok
CC(N)C(=O)OCCOc1cccc2c1C(=O)c1c(OCCOC(=O)C(C)N)cc(NC(=O)CCl)cc1C2=O,0.0047,ok
CCOC(=O)c1c(-c2cc(O)c3c(c2)C(=O)c2cccc(O)c2C3=O)nn(-c2ccccc2)c1C(=O)OCC,0.002,ok
CCOC(=O)c1c(-c2cc(O)c3c(c2)C(=O)c2cccc(O)c2C3=O)nn(-c2cccc(F)c2)c1C(=O)OCC,0.0004,ok
COC(=O)c1c(-c2cc(O)c3c(c2)C(=O)c2cccc(O)c2C3=O)nn(-c2ccc(C(C)C)cc2)c1C(=O)OC,0.002,ok
O=C1c2cccc(O)c2C(=O)c2c(O)cc(Cn3cnnn3)cc21,0.0006,ok
CCOC(=O)c1c(-c2cc(O)c3c(c2)C(=O)c2cccc(O)c2C3=O)nn(-c2ccccc2C)c1C(=O)OCC,0.0062,ok
CCOC(=O)c1c(-c2cc(O)c3c(c2)C(=O)c2cccc(O)c2C3=O)nn(-c2ccc(Cl)cc2)c1C(=O)OCC,0.0003,ok
CN1CCN(CC(=O)OCc2cc(O)c3c(c2)C(=O)c2cccc(O)c2C3=O)CC1,0.0118,ok
O=C(CCCCCNC(=O)c1cc(O)c2c(c1)C(=O)c1cccc(O)c1C2=O)NO,0.0095,ok
O=C(O)CNC(=O)CNS(=O)(=O)c1cc2c(c(O)c1O)C(=O)c1ccccc1C2=O,0.0013,ok
COc1ccc2c(c1)C(=O)c1cc(OC3OC(CO)C(O)C(O)C3O)c(CO)c(O)c1C2=O,0.0044,ok
CCCN(C)CC(=O)OCc1cc(O)c2c(c1)C(=O)c1cccc(O)c1C2=O,0.001,ok
O=C(CN1CCSCC1)OCc1cc(O)c2c(c1)C(=O)c1cccc(O)c1C2=O,0.0004,ok
CC(C)C(=O)Oc1cccc2c1C(=O)c1c(OC(=O)C(C)C)cc(COC(=O)CN3CCOCC3)cc1C2=O,0.0206,ok
O=C(O)CC(Nc1cc2c(c(O)c1O)C(=O)c1ccccc1C2=O)C(=O)O,0.0076,ok
COCC(NS(=O)(=O)c1cc2c(c(O)c1O)C(=O)c1ccccc1C2=O)C(=O)O,0.0155,ok
O=C(CN1CCCC1)OCc1cc(O)c2c(c1)C(=O)c1cccc(O)c1C2=O,0.003,ok
CSCCC(NS(=O)(=O)c1cc2c(c(O)c1O)C(=O)c1ccccc1C2=O)C(=O)O,0.0004,ok
O=C(O)Cc1ccc(CNc2cc3c(c(O)c2O)C(=O)c2ccccc2C3=O)cc1C(=O)O,0.0062,ok
CC(=O)Oc1cccc2c1C(=O)c1c(OC(C)=O)cc(COC(=O)CN3CCOCC3)cc1C2=O,0.0114,ok
CCN(CC)CC(=O)OCc1cc(O)c2c(c1)C(=O)c1cccc(O)c1C2=O,0.007,ok
O=C(CN1CCC(O)CC1)OCc1cc(O)c2c(c1)C(=O)c1cccc(O)c1C2=O,0.0006,ok
O=C(CN1CCCCC1)OCc1cc(O)c2c(c1)C(=O)c1cccc(O)c1C2=O,0.0039,ok
O=C(O)CC(NC(=O)C1CCCN(S(=O)(=O)c2cc3c(c(O)c2O)C(=O)c2ccccc2C3=O)C1)C(=O)O,0.0046,ok
O=C(O)Cc1ccc(CNC(=O)Nc2cc3c(c(O)c2O)C(=O)c2ccccc2C3=O)cc1C(=O)O,0.0016,ok
CC(=O)Oc1cccc2c1C(=O)c1c(OC(C)=O)cc(COC(=O)CN3CCCCC3)cc1C2=O,0.0096,ok
CC(=O)Oc1cccc2c1C(=O)c1c(OC(C)=O)cc(COC(=O)CN3CCC(OC(C)=O)CC3)cc1C2=O,0.01,ok
O=C(O)CCCNS(=O)(=O)c1cc2c(c(O)c1O)C(=O)c1ccccc1C2=O,0.0008,ok
O=C(CN1CCOCC1)OCc1cc(O)c2c(c1)C(=O)c1cccc(O)c1C2=O,0.0005,ok
CC(C)N(C)CC(=O)OCc1cc(O)c2c(c1)C(=O)c1cccc(O)c1C2=O,0.0004,ok
O=C(CN1CCN(c2ccccc2)CC1)OCc1cc(O)c2c(c1)C(=O)c1cccc(O)c1C2=O,0.0038,ok
O=C(O)CCC(NC(=O)C1CCCN(S(=O)(=O)c2cc3c(c(O)c2O)C(=O)c2ccccc2C3=O)C1)C(=O)O,0.0023,ok
CC(=O)Oc1cccc2c1C(=O)c1c(OC(C)=O)cc(COC(=O)CN3CCSCC3)cc1C2=O,0.0115,ok
COc1ccc2c(c1O)C(=O)c1cc(OC3OC(CO)C(O)C(O)C3O)c(CO)c(O)c1C2=O,0.0023,ok
O=C1c2ccccc2C(=O)c2c1cc(O)c(COC1OC(CO)C(O)C(O)C1O)c2O,0.0007,ok
C=C(Cl)Cc1c(O)c2c(c(O)c1CC(=C)Cl)C(=O)c1ccccc1C2=O,0.0054,ok
CC#Cc1c(C#CC)c(OC)c2c(c1OC)C(=O)c1ccccc1C2=O,0.0769,ok
O=C(Nc1cccc2c1C(=O)c1ccccc1C2=O)c1ccc(F)cc1,0.0048,ok
CN(C)CCCNC(=O)c1cc(NC(=O)CCNC(=O)c2ccc3c(c2)C(=O)c2ccccc2C3=O)cn1C,0.0075,ok
CCc1ccc(Sc2c(F)c3c(c(F)c2Sc2ccc(CC)cc2)C(=O)c2ccccc2C3=O)cc1,0.0008,ok
CCc1ccc(Sc2c(N)c3c(c(N)c2Sc2ccc(CC)cc2)C(=O)c2ccccc2C3=O)cc1,0.0228,ok
O=C1c2ccccc2C(=O)c2c1ccc1c(=O)n(-c3ccccc3)sc21,0.0,ok
O=C1c2ccccc2-c2onc3c(N4CCOCC4)cc(Nc4cccc(F)c4)c1c23,0.0034,ok
CCN1CCN(c2cc(Nc3ccc(OC)cc3)c3c4c(onc24)-c2ccccc2C3=O)CC1,0.0035,ok
Cc1c(CCC(C)O)ccc2c1C(=O)c1ccccc1C2=O,0.0153,ok
COc1cccc2c1C(=O)c1c(ccc3c(=O)cc(C)oc13)C2=O,0.0655,ok
CC1CCCN(c2cc(NCCC(=O)O)c3c4c(onc24)-c2ccccc2C3=O)C1,0.0067,ok
O=C(Oc1cccc2c1C(=O)c1cccc(OC(=O)c3cccc(Cl)c3)c1C2=O)c1cccc(Cl)c1,0.0103,ok
CCOC(=O)C1CCCN(c2cc(NCCC(=O)O)c3c4c(onc24)-c2ccccc2C3=O)C1,0.0073,ok
O=C1c2ccccc2C(=O)c2cc(-n3cnc4n[nH]c(Nc5ccccc5)c4c3=O)ccc21,0.003,ok
Nc1[nH]nc(Nc2ccccc2)c1C(=O)Nc1ccc2c(c1)C(=O)c1ccccc1C2=O,0.0003,ok
Cc1cc(C)n2nc(Nc3ccccc3)c(C(=O)Nc3ccc4c(c3)C(=O)c3ccccc3C4=O)c2n1,0.0,ok
CN(C)C=C(C#N)C(=O)Nc1ccc2c(c1)C(=O)c1ccccc1C2=O,0.0031,ok
Cc1ccc(C)n1-c1n[nH]c(Nc2ccccc2)c1C(=O)Nc1ccc2c(c1)C(=O)c1ccccc1C2=O,0.0003,ok
Cc1cc(C)c2c(n1)nn1c(N)c(C(=O)Nc3ccc4c(c3)C(=O)c3ccccc3C4=O)nnc21,0.001,ok
CCc1cc(=O)c2c(C)cc3c(c2o1)C(=O)c1c(O)cccc1C3=O,0.0047,ok
CCOC(=O)N1CCN(c2cc(NC3CCCCC3)c3c4c(onc24)-c2ccccc2C3=O)CC1,0.0057,ok
O=Cc1cc2c(cc1O)C(=O)c1ccccc1C2=O,0.0,ok
COC(C)c1c(O)cc2c(c1O)C(=O)c1c(cc(O)c(O)c1O)C2=O,0.0004,ok
Cc1ccc(Nc2ccc(Nc3ccc(C)cc3)c3c2C(=O)c2cc(Cl)c(Cl)cc2C3=O)cc1,0.0113,ok
COc1c(O)ccc2c1C(=O)c1cc(C)ccc1C2=O,0.0288,ok
CC(=O)OC1C(O)C(C)OC(Oc2cc(O)c3c(c2)C(=O)c2cc(C)cc(O)c2C3=O)C1O,0.0047,ok
CC(=O)c1c(OC2OCC(O)C(O)C2O)cc(O)c(-c2c(C)cc(O)c3c2C(=O)c2cccc(O)c2C3=O)c1O,0.053,ok
COC(=O)C1c2c(O)c3c(c(O)c2C(O)CC1(O)CC(C)=O)C(=O)c1c(O)cccc1C3=O,0.0017,ok
CC(C)=CC(=O)Oc1ccc2c(c1O)C(=O)c1ccccc1C2=O,0.0051,ok
CC(C)=CC(=O)Oc1ccc2c(c1OC(=O)C=C(C)C)C(=O)c1ccccc1C2=O,0.0262,ok
Cc1cc(O)c2c(c1)C(=O)c1cc(O)c(-c3c(C)cc4c(c3O)C(=O)c3c(O)cccc3C4=O)c(O)c1C2=O,0.0017,ok
CC(=O)OC1C(Oc2cc(O)c3c(c2)C(=O)c2cc(C)cc(O)c2C3=O)OC(C)C(O)C1O,0.0082,ok
O=C1c2ccccc2C(=O)c2c(O)cc(OC3OC(CO)C(O)C(O)C3O)cc21,0.001,ok
O=C(O)c1cc(O)c2c(c1)C(=O)c1cc(O)c(Br)c(O)c1C2=O,0.0,ok
CC(C)=CCOc1ccc2c(c1C)C(=O)c1ccccc1C2=O,0.0156,ok
COC1C(Oc2cc(C)cc3cc4c(c(O)c23)C(=O)c2c(O)cccc2C4=O)OC(C)C(O)C1O,0.0009,ok
CC(=O)OC1C(C)OC(Oc2cc(O)c3c(c2)C(=O)c2cc(C)cc(O)c2C3=O)C(OC(C)=O)C1O,0.0006,ok
COc1cc(CO)cc2c1C(=O)c1c(O)cc(O)c(Cl)c1C2=O,0.0799,ok
CCc1cc(OC2OC(COC)C(OC)C(OC)C2OC)c2c(c1)C(=O)c1cc(C)cc(OC)c1C2=O,0.0876,ok
Cc1ccc2c(c1O)C(=O)c1cc(O)ccc1C2=O,0.0,ok
COc1cc(OC(C)=O)c2c(c1OC(C)=O)C(=O)c1cc(C)c(OC(C)=O)cc1C2=O,0.0353,ok
CCCCCC(O)c1c(O)cc2c(c1O)C(=O)c1c(O)cc(OC)cc1C2=O,0.001,ok
COc1cccc2c1C(=O)c1ccc3cc(C)cc(OC4OC(C(=O)O)C(O)C(O)C4O)c3c1C2=O,0.1316,ok
CC1(O)Cc2ccc3c(c2C(=O)C1O)C(=O)c1cccc(O)c1C3=O,0.1906,ok
COc1cc2c(c(O)c1C)C(=O)c1c(ccc(OC)c1O)C2=O,0.0011,ok
COc1cccc2c1C(=O)c1ccc3cc(C)c(OC4OC(C(=O)O)C(O)C(O)C4O)c(O)c3c1C2=O,0.1007,ok
Cc1c2c(cc(O)c1-c1cc(O)cc(=O)o1)C(=O)c1cc3cc(O)cc(O)c3c(O)c1C2=O,0.0076,ok
Cc1c(-c2cc(O)cc(=O)o2)c(O)cc2cc3c(c(O)c12)C(=O)c1c(O)cc(O)cc1C3=O,0.0011,ok
COc1ccc2c(c1O)C(=O)c1c(cc(C)c(O)c1OC)C2=O,0.0062,ok
CC(=O)Cc1cc(O)c2c(c1)CCc1c-2cc2c(c1O)C(=O)c1c(O)cc(O)cc1C2=O,0.0046,ok
Cc1cc(O)c2c(c1)C(O)C13Cc4cc(O)c5c(c4C1C=CC(O)C3OC2=O)C(=O)c1c(O)ccc(O)c1C5=O,,no_quinone_ring_found
O=C1c2cc(CO)cc(O)c2C(=O)c2cc(O)cc(O)c21,0.0044,ok
COc1cc(O)c2c(c1)C(=O)c1c(C(C)=O)c(O)cc(O)c1C2=O,0.0639,ok
CCCC(=O)c1c(O)cc(O)c2c1C(=O)c1cc(OC)c(OC)c(O)c1C2=O,0.0535,ok
CC(O)C1(O)C2Nc3c(cc(O)c4c3C(=O)c3ccccc3C4=O)C1(O)C(O)c1cccc(O)c12,0.0195,ok
COc1cc(OC)c2c(c1)C(=O)c1c(C(C)=O)c(O)cc(O)c1C2=O,0.0678,ok
CC(C)c1cc2c(cc1O)C(=O)c1cc(O)cc(O)c1C2=O,0.0,ok
COc1cc(C)cc2c1C(=O)c1c(cc(O)c(OC)c1O)C2=O,0.0248,ok
COc1c(Cl)c(O)cc2c1C(=O)c1c(O)cc(COC(C)=O)cc1C2=O,0.0117,ok
CCCc1c(C(=O)O)c(O)cc2c1C(=O)c1c(O)cc(O)cc1C2=O,0.0048,ok
COc1c2c(c(O)c3c1C(=O)c1c(O)cccc1C3=O)-c1c(cc3c(c1O)C(=O)OC(C)C3)CC2,0.0073,ok
COc1c2c(c(O)c3c1C(O)Cc1cc(CC(C)=O)c(C(=O)O)c(O)c1-3)C(=O)c1cccc(O)c1C2=O,0.0169,ok
CCC(=O)OC1Cc2cc3c(c(O)c2-c2c(O)c4c(c(OC)c21)C(=O)c1c(O)cccc1C4=O)C(=O)OC(C)C3,0.0169,ok
COc1ccc2c(c1OC)C(=O)c1ccc(C=C(C)CC(=O)O)c(O)c1C2=O,0.0275,ok
COc1cc(O)c2c(c1)C(=O)c1cc(OC3OC(CO)C(O)C(O)C3O)c(C(=O)O)c(C)c1C2=O,0.0282,ok
COc1cc(O)c2c(c1)C(=O)c1c(C(C)=O)c(O)c(CNCCS(=O)(=O)O)c(O)c1C2=O,0.0685,ok
CC(C)c1cc(=O)c2c(cc(O)c3c(=O)c4c(O)cccc4c(=O)c32)c1=O,0.0912,ok
CCCC(=O)c1c(O)c(CNCCS(=O)(=O)O)c(O)c2c1C(=O)c1cc(OC)cc(O)c1C2=O,0.0654,ok
CC(C)C1(O)CC(=O)c2c(cc(O)c3c2C(=O)c2cccc(O)c2C3=O)C1=O,0.1941,ok
CC(C)C1(O)CC(=O)c2c(cc(O)c3c2C(=O)c2cccc(O)c2C3=O)C1,0.2312,ok
CC(C)c1cc(=O)c2c(cc(O)c3c(=O)c4c(O)c(Br)ccc4c(=O)c32)c1=O,0.0896,ok
COc1c(O)c(O)c2c(c1O)C(=O)c1cc(C)cc(OC3OC(CO)C(O)C(O)C3O)c1C2=O,0.0244,ok
CC(=O)NC(CSc1c(C(C)C)c(=O)c2cc(O)c3c(=O)c4c(O)cccc4c(=O)c3c2c1=O)C(=O)O,0.1453,ok
CC(=O)N(C)c1ccc(Nc2cc(S(=O)(=O)O)c(N)c3c2C(=O)c2ccccc2C3=O)cc1,0.0299,ok
CCN(CC)CCOc1ccc2c(c1)C(=O)c1ccc(OCCN(CC)CC)cc1C2=O,0.0019,ok
CN(C)CCCNc1ccc(NCCCN(C)C)c2c1C(=O)c1ccccc1C2=O,0.0157,ok
CN(C)CCCNc1ccc(O)c2c1C(=O)c1ccccc1C2=O,0.0399,ok
O=C1c2ccccc2C(=O)c2c(NCCN3CCOCC3)ccc(NCCN3CCOCC3)c21,0.016,ok
Nc1c(O)c(S(=O)(=O)O)c(O)c2c1C(=O)c1ccccc1C2=O,0.0029,ok
Nc1cc2c(cc1Br)C(=O)c1ccccc1C2=O,0.0029,ok
O=C1c2c(O)cc(O)c(O)c2C(=O)c2c(O)cc(O)c(O)c21,0.0,ok
Nc1c(Br)c(Br)c(N)c2c1C(=O)c1ccccc1C2=O,0.0213,ok
CN(C)CCNc1ccc(NCCNCCO)c2c1C(=O)c1c(O)ccc(O)c1C2=O,0.0173,ok
CCN(CC)CCNc1cccc2c1C(=O)c1ccccc1C2=O,0.026,ok
CN(C)CCCNc1cccc2c1C(=O)c1cccc(NCCCN(C)C)c1C2=O,0.0499,ok
CN(C)CCNc1ccc(NCCN(C)C)c2c1C(=O)c1ccc(O)c(O)c1C2=O,0.099,ok
CC(=O)NCCNc1ccc(NCCNC(C)=O)c2c1C(=O)c1c(O)ccc(O)c1C2=O,0.0623,ok
CN(C)CCCNc1ccc(NCCCN(C)C)c2c1C(=O)c1c(O)ccc(O)c1C2=O,0.0132,ok
O=C1c2c(O)ccc(O)c2C(=O)c2c(NCCN3CCOCC3)ccc(NCCN3CCOCC3)c21,0.0994,ok
O=C1c2c(O)ccc(O)c2C(=O)c2c(NCCNCC(O)CO)ccc(NCCNCC(O)CO)c21,0.0553,ok
CCN(CC)CCNc1cccc2c1C(=O)c1c(NCCN(CC)CC)cccc1C2=O,0.0325,ok
Cc1ccc2c(c1)C(=O)c1c(O)cccc1C2=O,0.0005,ok
NCCCNc1ccc(NCCCN)c2c1C(=O)c1c(O)ccc(O)c1C2=O,0.0162,ok
CN(C)CCNc1cccc2c1C(=O)c1cccc(NCCN(C)C)c1C2=O,0.0526,ok
CCN(CC)CCNc1cccc2c1C(=O)c1cccc(NCCN(CC)CC)c1C2=O,0.0606,ok
O=C(O)c1ccc2c(c1Cl)C(=O)c1ccccc1C2=O,0.0224,ok
CC(=O)Oc1cccc2c1C(=O)c1c(OC(C)=O)cc(C)cc1C2=O,0.0082,ok
CNc1ccc(Nc2cc(S(=O)(=O)O)c(N)c3c2C(=O)c2ccccc2C3=O)cc1,0.0122,ok
O=C1c2ccccc2C(=O)c2c(SSc3cccc4c3C(=O)c3ccccc3C4=O)cccc21,0.0396,ok
CC(=Nc1ccc2c(c1)C(=O)c1ccc(N=C(C)N(C)C)cc1C2=O)N(C)C,0.009,ok
Cc1cc2c(c(N)c1C)C(=O)c1ccccc1C2=O,0.0282,ok
O=C1c2c(O)ccc(O)c2C(=O)c2c(O)c(O)cc(O)c21,0.0,ok
O=C1c2cccc(O)c2C(=O)c2c1ccc(O)c2O,0.0,ok
O=C1c2c(O)c(O)c(S(=O)(=O)O)c(O)c2C(=O)c2c(O)c(O)c(S(=O)(=O)O)c(O)c21,0.0005,ok
O=C1c2ccccc2C(=O)c2c1ccc(Br)c2Br,0.0,ok
O=C1c2ccc(S(=O)(=O)O)c(O)c2C(=O)c2ccc(S(=O)(=O)O)c(O)c21,0.0127,ok
Nc1ccc2c(c1Br)C(=O)c1ccccc1C2=O,0.0306,ok
CN(C)c1ccc2c(c1)C(=O)c1ccc(N(C)C)cc1C2=O,0.004,ok
O=C(O)c1ccc2c(c1)C(=O)c1c(Cl)c(Cl)c(Cl)c(Cl)c1C2=O,0.1132,ok
O=C1c2cccc(O)c2C(=O)c2c(O)c(O)cc(O)c21,0.0,ok
O=C1c2ccccc2C(=O)c2c(NC3CCCCC3)ccc(NC3CCCCC3)c21,0.0712,ok
O=C(O)c1ccc2c(c1Nc1cccc3c1C(=O)c1ccccc1C3=O)C(=O)c1ccccc1C2=O,0.0101,ok
Nc1cccc2c1C(=O)c1c(N)ccc(N)c1C2=O,0.0809,ok
COc1cccc(Nc2cc(S(=O)(=O)O)c(N)c3c2C(=O)c2ccccc2C3=O)c1,0.0115,ok
O=C(O)Cc1c(O)c2c(c(O)c1Cl)C(=O)c1ccccc1C2=O,0.0022,ok
Nc1ccc2c(c1[N+](=O)[O-])C(=O)c1ccccc1C2=O,0.0498,ok
O=C1c2ccc(Cl)c([N+](=O)[O-])c2C(=O)c2cccc([N+](=O)[O-])c21,0.058,ok
CC(=O)OCc1cc(OC(C)=O)c2c(c1)C(=O)c1cccc(OC(C)=O)c1C2=O,0.0269,ok
O=C(Nc1cccc2c1C(=O)c1ccccc1C2=O)c1cccc(C(F)(F)F)c1,0.0023,ok
O=C1c2c(O)ccc([N+](=O)[O-])c2C(=O)c2c(O)ccc(Nc3cccc(CO)c3)c21,0.0472,ok
Cc1cccc(Nc2cc(NCC(C)C)c3noc4c3c2C(=O)c2ccccc2-4)c1,0.0037,ok
Cc1cccc(Nc2cc(NCCO)c3noc4c3c2C(=O)c2ccccc2-4)c1,0.0039,ok
Cc1ccc(Nc2cc(NCC(C)C)c(N)c3c2C(=O)c2ccccc2C3=O)cc1,0.0444,ok
CNS(=O)(=O)c1ccc2c(c1)C(=O)c1ccccc1C2=O,0.0099,ok
Cc1ccc(Nc2cc(NCC(C)C)c3noc4c3c2C(=O)c2ccccc2-4)cc1,0.003,ok
COc1cccc2c1C(=O)c1c(OC)cc(C(=O)O)cc1C2=O,0.0797,ok
NCC(=O)Nc1ccc(NC(=O)CN)c2c1C(=O)c1ccccc1C2=O,0.0128,ok
C=CCc1ccc2c(c1O)C(=O)c1c(OC)cccc1C2=O,0.0008,ok
CNC(=O)OCc1cc2c(c3c1CCC3)C(=O)c1ccccc1C2=O,0.0092,ok
CNC(=O)c1ccc2c(c1)C(=O)c1ccccc1C2=O,0.0052,ok
Cc1cc2c(c(O)c1C(=O)OCC(O)CO)C(=O)c1c(O)cc(O)cc1C2=O,0.001,ok
CN(C)CCNc1ccc(NCCCN)c2c1C(=O)c1ccccc1C2=O,0.017,ok
O=C(CCN1CCOCC1)Nc1cccc2c1C(=O)c1c(NC(=O)CCN3CCOCC3)cccc1C2=O,0.0126,ok
O=C(CCN1CCOCC1)Nc1cccc2c1C(=O)c1cccc(NC(=O)CCN3CCOCC3)c1C2=O,0.0005,ok
Nc1cccc(Sc2cccc3c2C(=O)c2cccc(Sc4cccc(N)c4)c2C3=O)c1,0.1042,ok
O=C1c2cccc(SCCO)c2C(=O)c2cccc(SCCO)c21,0.1061,ok
Cc1ccc(Sc2cccc3c2C(=O)c2cccc(Sc4ccc(C)cc4)c2C3=O)cc1,0.1162,ok
O=C1c2cccc(SCCc3ccccc3)c2C(=O)c2cccc(SCCc3ccccc3)c21,0.0851,ok
O=C1c2cccc(SCCCCCCO)c2C(=O)c2cccc(SCCCCCCO)c21,0.0931,ok
O=C1c2cccc(SCc3ccccc3)c2C(=O)c2cccc(SCc3ccccc3)c21,0.1049,ok
O=C1c2cccc(SCC(O)CO)c2C(=O)c2cccc(SCC(O)CO)c21,0.0955,ok
Cc1c(O)c(O)cc2c1C(=O)c1c(O)cccc1C2=O,0.0,ok
COc1ccc(CSc2cccc3c2C(=O)c2cccc(SCc4ccc(OC)cc4)c2C3=O)cc1,0.0879,ok
CCSc1cccc2c1C(=O)c1cccc(SCC)c1C2=O,0.1085,ok
O=C1c2cc(O)c(O)cc2C(=O)c2c(O)cccc21,0.0,ok
COc1c(C)cc2c(c1O)C(=O)c1ccccc1C2=O,0.0015,ok
COc1cc2c(c(C)c1OC)C(=O)c1c(O)cccc1C2=O,0.0109,ok
COc1c(C)cc2c(c1OC)C(=O)c1ccccc1C2=O,0.0285,ok
O=C1c2cc(O)c(O)c(O)c2C(=O)c2cccc(O)c21,0.0,ok
O=C1c2ccccc2C(=O)c2c1ccc1[nH]c(-c3ccc([N+](=O)[O-])cc3)nc21,0.0,ok
COc1cccc2c1C(=O)c1c(cc(C)c(OC)c1O)C2=O,0.0028,ok
CCCSc1cccc2c1C(=O)c1cccc(SCCC)c1C2=O,0.0873,ok
Nc1ccc(Sc2cccc3c2C(=O)c2cccc(Sc4ccc(N)cc4)c2C3=O)cc1,0.1178,ok
O=C(O)Cc1cccc2c1C(=O)c1ccccc1C2=O,0.0252,ok
CCC(O)c1cc(O)c2c(c1O)C(=O)c1ccccc1C2=O,0.0005,ok
CCCC(O)c1cc(O)c2c(c1O)C(=O)c1ccccc1C2=O,0.0005,ok
Nc1ccccc1Sc1cccc2c1C(=O)c1cccc(Sc3ccccc3N)c1C2=O,0.1028,ok
O=C1c2cccc(O)c2C(=O)c2c(O)cc(CCl)cc21,0.0034,ok
Cc1cc(C(=O)O)cc2c1C(=O)c1ccccc1C2=O,0.0,ok
COc1cccc2c1C(=O)c1c(ccc(C)c1O)C2=O,0.0,ok
COc1ccc(NCCCN)c2c1C(=O)c1ccccc1C2=O,0.0737,ok
COc1ccc(NCCCCN)c2c1C(=O)c1ccccc1C2=O,0.0607,ok
COc1ccc(NCCCCNC(C)=O)c2c1C(=O)c1ccccc1C2=O,0.0628,ok
CC(=O)NCCCNc1ccc(NCCN(C)C)c2c1C(=O)c1ccccc1C2=O,0.0607,ok
CC(=O)NCCCCNc1ccc(NCCN(C)C)c2c1C(=O)c1ccccc1C2=O,0.0539,ok
CC(=O)NCCCCCNc1ccc(NCCN(C)C)c2c1C(=O)c1ccccc1C2=O,0.0167,ok
CN(C)CCNc1ccc(NCCCCN)c2c1C(=O)c1ccccc1C2=O,0.0157,ok
CCN(CC)Cc1cc(OC)c2c(c1)C(=O)c1cccc(OC)c1C2=O,0.086,ok
COc1cc(O)c2c(c1)C(=O)c1cc(CBr)cc(O)c1C2=O,0.0029,ok
COc1cc(OC)c2c(c1)C(=O)c1cc(CN(CCO)CCO)cc(OC)c1C2=O,0.0701,ok
COc1cccc2c1C(=O)c1c(OC)cc(CN(CCO)CCO)cc1C2=O,0.076,ok
COc1cccc2c1C(=O)c1c(OC)cc(CNCCO)cc1C2=O,0.0843,ok
COc1cccc2c1C(=O)c1c(OC)cc(CNCCCl)cc1C2=O,0.0788,ok
NCCNc1ccc(O)c2c1C(=O)c1ccccc1C2=O,0.024,ok
COc1cc(OC)c2c(c1)C(=O)c1cc(CNCCO)cc(OC)c1C2=O,0.0814,ok
O=C1c2ccccc2C(=O)c2c(NC3CC3)ccc(NC3CC3)c21,0.0134,ok
CCCCC(O)c1cc(O)c2c(c1O)C(=O)c1ccccc1C2=O,0.0038,ok
CCCCCC(O)c1cc(O)c2c(c1O)C(=O)c1ccccc1C2=O,0.0006,ok
CCCCCCC(O)c1cc(O)c2c(c1O)C(=O)c1ccccc1C2=O,0.0018,ok
COc1cc(OC)c2c(c1)C(=O)c1cc(OC)c3c(=O)cc(C)oc3c1C2=O,0.0714,ok
CCNS(=O)(=O)c1ccc2c(c1)C(=O)c1ccccc1C2=O,0.0104,ok
CCN(CC)C(C)=Nc1ccc2c(c1)C(=O)c1ccc(N=C(C)N(CC)CC)cc1C2=O,0.0092,ok
O=C1c2ccccc2C(=O)c2c1ccc1[nH]c(-c3ccc(OCCCn4cnnn4)cc3)nc21,0.0004,ok
COc1cccc2c1C(=O)c1c(OC)cc(C=O)cc1C2=O,0.0787,ok
COc1ccc2c(c1[N+](=O)[O-])C(=O)c1ccccc1C2=O,0.0,ok
Cc1cccc(Nc2cc(C)c(N)c3c2C(=O)c2ccccc2C3=O)c1,0.0472,ok
CCCNCCNc1ccc(NCCNCCC)c2c1C(=O)c1c(O)ccc(O)c1C2=O,0.1467,ok
O=C1c2ccccc2C(=O)c2c1cccc2-c1ccc(O)cc1,0.0088,ok
CC(=O)Oc1cc(O)cc2c1C(=O)c1c(O)cc(C)cc1C2=O,0.0159,ok
CCN(CC)CCOc1ccc2c(c1)C(=O)c1cc(OCCN(CC)CC)ccc1C2=O,0.0012,ok
COc1ccc(C)c2c1C(=O)c1ccccc1C2=O,0.0497,ok
O=C1c2ccc(N=CN3CCCCC3)cc2C(=O)c2ccc(N=CN3CCCCC3)cc21,0.0009,ok
CC(=Nc1ccc2c(c1)C(=O)c1ccc(N=C(C)N3CCCCC3)cc1C2=O)N1CCCCC1,0.0041,ok
CCC(C)c1nc2c3c(ccc2[nH]1)C(=O)c1ccccc1C3=O,0.0001,ok
CCC(=Nc1ccc2c(c1)C(=O)c1ccc(N=C(CC)N3CCCCC3)cc1C2=O)N1CCCCC1,0.0153,ok
CC(C)(C)c1nc2c3c(ccc2[nH]1)C(=O)c1ccccc1C3=O,0.0,ok
O=C1c2ccccc2C(=O)c2c1ccc1[nH]c(=S)[nH]c21,0.0,ok
CCC=Cc1nc2c3c(ccc2[nH]1)C(=O)c1ccccc1C3=O,0.0,ok
COc1ccc(OC)c(-c2nc3c4c(ccc3[nH]2)C(=O)c2ccccc2C4=O)c1,0.0018,ok
COc1cc(OC)c2c(c1)C(=O)c1ccc(C)c(O)c1C2=O,0.0,ok
CCCCCCCC(O)c1cc(O)c2c(c1O)C(=O)c1ccccc1C2=O,0.0024,ok
COc1cccc2c1C(=O)c1c(O)c3c(c(O)c1C2=O)CC(C(C)=O)CC3,0.0019,ok
CCN(CC)CCOc1ccc(OCCN(CC)CC)c2c1C(=O)c1ccccc1C2=O,0.0832,ok
CCN(CC)CCOc1cccc2c1C(=O)c1c(OCCN(CC)CC)cccc1C2=O,0.0783,ok
CC(=O)c1cccc2c1C(=O)c1c(C(C)=O)cc(C(=O)O)cc1C2=O,0.0918,ok
CCC=Cc1c(C(=O)O)c(OC)cc2c1C(=O)c1c(O)cccc1C2=O,0.0247,ok
COc1cccc2c1C(=O)c1c(C(C)=O)cccc1C2=O,0.0809,ok
COc1cccc2c1C(=O)c1cccc(C(C)=O)c1C2=O,0.0635,ok
CCCCCCC=Cc1c(C(=O)O)c(OC)cc2c1C(=O)c1c(O)cccc1C2=O,0.0247,ok
CC(=O)Oc1cc(C)cc2c1C(=O)c1c(OC(C)=O)cc(O)cc1C2=O,0.0324,ok
CC(=O)Oc1cc(OC(C)=O)c2c(c1)C(=O)c1c(C(=O)O)ccc(OC(C)=O)c1C2=O,0.0788,ok
CC(O)c1cc2c(cc1O)C(=O)c1cc(O)cc(O)c1C2=O,0.0026,ok
COc1cccc2c1C(=O)c1c(O)c3c(c(O)c1C2=O)CC(C)(C(=O)CO)CC3OC1CC(N)C(O)C(C)O1,0.0031,ok
CN1CCN(CC(=O)Nc2ccc3c(c2)C(=O)c2cc(NC(=O)CN4CCN(C)CC4)ccc2C3=O)CC1,0.0011,ok
Cc1cc(Nc2ccccc2)c2c(c1N)C(=O)c1ccccc1C2=O,0.0472,ok
CCN(C)CCC(=O)Nc1cccc2c1C(=O)c1c(NC(=O)CCN(C)CC)cccc1C2=O,0.0032,ok
COC(=O)CNCC(=O)Nc1cccc2c1C(=O)c1c(NC(=O)CNCC(=O)OC)cccc1C2=O,0.0171,ok
COC(=O)CN(C)CC(=O)Nc1cccc2c1C(=O)c1c(NC(=O)CN(C)CC(=O)OC)cccc1C2=O,0.0534,ok
CC(C)CNCC(=O)Nc1cccc2c1C(=O)c1c(NC(=O)CNCC(C)C)cccc1C2=O,0.0095,ok
CCN(CC)CC(=O)Nc1cccc2c1C(=O)c1c(NC(=O)CN(CC)CC)cccc1C2=O,0.0137,ok
CN(C)CC(=O)Nc1cccc2c1C(=O)c1c(NC(=O)CN(C)C)cccc1C2=O,0.0087,ok
CNCCC(=O)Nc1cccc2c1C(=O)c1c(NC(=O)CCNC)cccc1C2=O,0.0085,ok
CC(C)NCC(=O)Nc1cccc2c1C(=O)c1c(NC(=O)CNC(C)C)cccc1C2=O,0.0217,ok
CCCN(CCC)CC(=O)Nc1cccc2c1C(=O)c1c(NC(=O)CN(CCC)CCC)cccc1C2=O,0.0059,ok
Nc1c(S(=O)(=O)O)cc(Nc2cccc(F)c2)c2c1C(=O)c1ccccc1C2=O,0.03,ok
COc1ccc(N2CCN(c3cc(NCCC(=O)O)c4c5c(onc35)-c3ccccc3C4=O)CC2)cc1,0.006,ok
CCN(CC)Cc1nc2c3c(ccc2[nH]1)C(=O)c1ccccc1C3=O,0.0088,ok
O=C1c2ccc(S(=O)(=O)N3CCCCCCC3)cc2C(=O)c2cc(S(=O)(=O)N3CCCCCCC3)ccc21,0.002,ok
CCCCSc1nc2c3c(ccc2[nH]1)C(=O)c1ccccc1C3=O,0.0012,ok
Cc1ccccc1CSc1nc2c3c(ccc2[nH]1)C(=O)c1ccccc1C3=O,0.0095,ok
COC(=O)CCCSc1nc2c3c(ccc2[nH]1)C(=O)c1ccccc1C3=O,0.0009,ok
COC(=O)C=CCSc1nc2c3c(ccc2[nH]1)C(=O)c1ccccc1C3=O,0.0067,ok
C#CCSc1nc2c3c(ccc2[nH]1)C(=O)c1ccccc1C3=O,0.0021,ok
O=C1c2ccccc2C(=O)c2c1ccc1[nH]c(SCCCCCl)nc21,0.0014,ok
O=C1c2ccccc2C(=O)c2c1ccc1[nH]c(SCCCCCCCl)nc21,0.0002,ok
O=C1c2ccccc2C(=O)c2c1ccc1[nH]c(SCCN3CCOCC3)nc21,0.006,ok
O=C1c2ccccc2C(=O)c2c1ccc1[nH]c(SCCCN3CCCCC3)nc21,0.0039,ok
CCN(CC)C(=O)CSc1nc2c3c(ccc2[nH]1)C(=O)c1ccccc1C3=O,0.0117,ok
O=C1c2ccccc2C(=O)c2c1ccc1[nH]c(SCC(=O)N3CCOCC3)nc21,0.0177,ok
CCN(CC)C(=O)CCSc1nc2c3c(ccc2[nH]1)C(=O)c1ccccc1C3=O,0.0032,ok
O=C1c2ccccc2C(=O)c2c1ccc1[nH]c(SCC(=O)N3CCCC3)nc21,0.0117,ok
O=C1c2ccccc2C(=O)c2c1ccc1[nH]c(SCCC(=O)N3CCCC3)nc21,0.0164,ok
O=C(Sc1nc2c3c(ccc2[nH]1)C(=O)c1ccccc1C3=O)c1ccccc1[N+](=O)[O-],0.0019,ok
O=C1c2ccccc2C(=O)c2c1ccc1[nH]c(SCCC(=O)N3CCOCC3)nc21,0.0022,ok
CCCN(CCC)C(=O)CSc1nc2c3c(ccc2[nH]1)C(=O)c1ccccc1C3=O,0.0051,ok
O=C1c2ccccc2C(=O)c2c1ccc1[nH]c(SC(=O)N3CCOCC3)nc21,0.0048,ok
CN1CCN(C(=O)Sc2nc3c4c(ccc3[nH]2)C(=O)c2ccccc2C4=O)CC1,0.0034,ok
O=C(CCc1ccccc1)Sc1nc2c3c(ccc2[nH]1)C(=O)c1ccccc1C3=O,0.0085,ok
O=C1c2ccccc2C(=O)c2c1ccc1[nH]c(SC(=O)N3CCCC3)nc21,0.0034,ok
O=C1c2ccccc2C(=O)c2c1ccc1[nH]c(SC(=O)N3CCCCC3)nc21,0.0028,ok
CCN(CC)C(=O)Sc1nc2c3c(ccc2[nH]1)C(=O)c1ccccc1C3=O,0.0036,ok
CCCN(C)Cc1nc2c3c(ccc2[nH]1)C(=O)c1ccccc1C3=O,0.0027,ok
CN(Cc1nc2c3c(ccc2[nH]1)C(=O)c1ccccc1C3=O)CC1OCCO1,0.0002,ok
COc1cccc(CN(C)Cc2nc3c4c(ccc3[nH]2)C(=O)c2ccccc2C4=O)c1,0.0006,ok
O=C1c2ccccc2C(=O)c2c1ccc1[nH]c(CNCc3ccccc3C(F)(F)F)nc21,0.0041,ok
O=C1c2ccccc2C(=O)c2c1ccc1[nH]c(CNCc3cccc(C(F)(F)F)c3)nc21,0.0008,ok
O=C1c2ccccc2C(=O)c2c1ccc1[nH]c(CNCc3ccc4c(c3)OCO4)nc21,0.0003,ok
O=C1c2ccccc2C(=O)c2c1ccc1[nH]c(CN3CCCCC3)nc21,0.0003,ok
CC1CCN(Cc2nc3c4c(ccc3[nH]2)C(=O)c2ccccc2C4=O)CC1,0.0028,ok
O=C1c2ccccc2C(=O)c2c1ccc1[nH]c(CN3CCCCCC3)nc21,0.0001,ok
O=C1c2ccccc2C(=O)c2c1ccc1[nH]c(CN3CCC4(CC3)OCCO4)nc21,0.0086,ok
C=CCN1CCN(Cc2nc3c4c(ccc3[nH]2)C(=O)c2ccccc2C4=O)CC1,0.0044,ok
O=C1c2ccccc2C(=O)c2c1ccc1[nH]c(CN3CCN(c4ccccc4)CC3)nc21,0.0017,ok
O=C1c2ccccc2C(=O)c2c1ccc1[nH]c(CN3CCN(c4ncccn4)CC3)nc21,0.0003,ok
O=C1c2ccccc2C(=O)c2c1ccc1[nH]c(CN3CCN(c4ccccc4F)CC3)nc21,0.0039,ok
N#Cc1ccccc1N1CCN(Cc2nc3c4c(ccc3[nH]2)C(=O)c2ccccc2C4=O)CC1,0.0089,ok
COc1cccc(N2CCN(Cc3nc4c5c(ccc4[nH]3)C(=O)c3ccccc3C5=O)CC2)c1,0.0001,ok
O=C1c2ccccc2C(=O)c2c1ccc1[nH]c(CN3CCN(Cc4ccccc4)CC3)nc21,0.0014,ok
CN1CCN(CCc2nc3c4c(ccc3[nH]2)C(=O)c2ccccc2C4=O)CC1,0.001,ok
O=C1c2ccccc2C(=O)c2c1ccc1[nH]c(CCN3CCN(c4ccccc4)CC3)nc21,0.0039,ok
O=C1c2ccccc2C(=O)c2c1ccc1[nH]c(CCN3CCN(c4ccccn4)CC3)nc21,0.0006,ok
O=C1c2ccccc2C(=O)c2c1ccc1[nH]c(CCN3CCN(c4ncccn4)CC3)nc21,0.0026,ok
O=C(CCCl)Nc1ccc2c(c1NC(=O)CCCl)C(=O)c1ccccc1C2=O,0.0138,ok
O=C1c2ccccc2C(=O)c2c1ccc1[nH]c(CCN3CCN(Cc4ccccc4)CC3)nc21,0.0033,ok
CN(CCc1ccccn1)Cc1nc2c3c(ccc2[nH]1)C(=O)c1ccccc1C3=O,0.0018,ok
O=C(CCl)Nc1ccc2c(c1NC(=O)c1ccccc1F)C(=O)c1ccccc1C2=O,0.0138,ok
O=C(CCl)Nc1ccc2c(c1NC(=O)c1ccc(Cl)cc1)C(=O)c1ccccc1C2=O,0.0019,ok
O=C(CCl)Nc1ccc2c(c1NC(=O)Cc1ccc(F)cc1)C(=O)c1ccccc1C2=O,0.0074,ok
O=C(CCl)Nc1ccc2c(c1NC(=O)COc1ccccc1)C(=O)c1ccccc1C2=O,0.0007,ok
Cc1ccc(C(=O)Nc2c(NC(=O)CN3CCCCC3)ccc3c2C(=O)c2ccccc2C3=O)cc1,0.0158,ok
Cc1ccc(C(=O)Nc2c(NC(=O)CN3CCOCC3)ccc3c2C(=O)c2ccccc2C3=O)cc1,0.004,ok
Cc1ccc(C(=O)Nc2c(NC(=O)CN3CCSCC3)ccc3c2C(=O)c2ccccc2C3=O)cc1,0.0017,ok
CN(C)C(=Nc1ccc2c(c1)C(=O)c1ccc(N=C(C3CC3)N(C)C)cc1C2=O)C1CC1,0.0121,ok
CN(C)C(=Nc1ccc2c(c1)C(=O)c1ccc(N=C(C3CCC3)N(C)C)cc1C2=O)C1CCC1,0.0054,ok
CC(C)CC(=Nc1ccc2c(c1)C(=O)c1ccc(N=C(CC(C)C)N(C)C)cc1C2=O)N(C)C,0.0187,ok
O=C1c2ccc(NCCNCCO)c(NCCNCCO)c2C(=O)c2c(O)ccc(O)c21,0.0055,ok
CCCC(=Nc1ccc2c(c1)C(=O)c1ccc(N=C(CCC)N(C)C)cc1C2=O)N(C)C,0.0201,ok
CN(C)C(=Nc1ccc2c(c1)C(=O)c1ccc(N=C(c3ccc(Cl)cc3)N(C)C)cc1C2=O)c1ccc(Cl)cc1,0.0021,ok
CCN(CC)C(=Nc1ccc2c(c1)C(=O)c1ccc(N=C(C3CC3)N(CC)CC)cc1C2=O)C1CC1,0.0079,ok
O=C(CCN1CCCCCC1)Nc1ccc2c(c1)C(=O)c1ccc(NC(=O)CCN3CCCCCC3)cc1C2=O,0.0006,ok
Cc1nc(C)c(COC(=O)c2cc(O)c3c(c2)C(=O)c2cccc(O)c2C3=O)nc1C,0.001,ok
CCN(C)CC(=O)Nc1cccc2c1C(=O)c1c(NC(=O)CN(C)CC)cccc1C2=O,0.01,ok
CCNCC(=O)Nc1cccc2c1C(=O)c1c(NC(=O)CNCC)cccc1C2=O,0.0115,ok
CCCN(CCC)CCC(=O)Nc1cccc2c1C(=O)c1c(NC(=O)CCN(CCC)CCC)cccc1C2=O,0.0064,ok
CCCN(C)CC(=O)Nc1cccc2c1C(=O)c1c(NC(=O)CN(C)CCC)cccc1C2=O,0.0403,ok
CN(C)CCCNCCC(=O)Nc1cccc2c1C(=O)c1c(NC(=O)CCNCCCN(C)C)cccc1C2=O,0.0035,ok
O=C1c2ccccc2C(=O)c2c1ccc1[nH]c(SCCCCCBr)nc21,0.0007,ok
O=C(O)c1cc(C(=O)O)c2c(c1)C(=O)c1ccccc1C2=O,0.0352,ok
CC(C)CNCCC(=O)Nc1cccc2c1C(=O)c1c(NC(=O)CCNCC(C)C)cccc1C2=O,0.0823,ok
CN=C(C)Nc1ccc2c(c1)C(=O)c1ccc(NC(C)=NC)cc1C2=O,0.0034,ok
CCN=C(C)Nc1ccc2c(c1)C(=O)c1ccc(NC(C)=NCC)cc1C2=O,0.0118,ok
COc1cc2c(cc1N)C(=O)c1ccccc1C2=O,0.0026,ok
COc1cccc2c1C(=O)c1c(OC)cc(CCl)cc1C2=O,0.082,ok
COc1cccc2c1C(=O)c1c(OC)cc(COC(=O)CCC(=O)O)cc1C2=O,0.0801,ok
O=C1c2ccccc2C(=O)c2c(OCCOCCO)ccc(OCCOCCO)c21,0.0577,ok
C=CCOc1cccc2c1C(=O)c1c(OCC=C)cc(NC(=O)CCl)cc1C2=O,0.0797,ok
C=CCOc1cccc2c1C(=O)c1c(OCC=C)cc(NC(=O)CN=[N+]=[N-])cc1C2=O,0.0878,ok
O=C1c2ccccc2C(=O)c2c1cc(Sc1ccc(Cl)cc1)c1nsnc21,0.0021,ok
O=C1c2ccccc2C(=O)c2c1cc(Sc1ccc(Br)cc1)c1nsnc21,0.0019,ok
CCOc1cccc(Sc2cc3c(c4nsnc24)C(=O)c2ccccc2C3=O)c1,0.0003,ok
Cc1cccc(S(=O)(=O)c2cc3c(c4nsnc24)C(=O)c2ccccc2C3=O)c1,0.0064,ok
CC(C)c1ccc(Sc2cc3c(c4nsnc24)C(=O)c2ccccc2C3=O)cc1,0.0008,ok
O=C1c2ccccc2C(=O)c2c1cc(S(=O)(=O)c1cccc(Cl)c1)c1nsnc21,0.0038,ok
O=C1c2ccccc2C(=O)c2c1cc(S(=O)(=O)c1ccc(F)cc1)c1nsnc21,0.0062,ok
CCOc1cccc(S(=O)(=O)c2cc3c(c4nsnc24)C(=O)c2ccccc2C3=O)c1,0.0026,ok
O=C1c2ccccc2C(=O)c2c1cc(S(=O)(=O)c1ccc(Cl)cc1)c1nsnc21,0.0061,ok
O=C1c2ccccc2C(=O)c2c1cc(S(=O)(=O)c1ccc(Br)cc1)c1nsnc21,0.0062,ok
COc1ccc(S(=O)(=O)c2cc3c(c4nsnc24)C(=O)c2ccccc2C3=O)cc1,0.005,ok
CC(C)c1ccc(S(=O)(=O)c2cc3c(c4nsnc24)C(=O)c2ccccc2C3=O)cc1,0.0064,ok
O=C1c2ccccc2C(=O)c2c1cc(S(=O)(=O)c1nc3ccccc3s1)c1nsnc21,0.0057,ok
Cc1ccc(Sc2cc3c(c4nsnc24)C(=O)c2ccccc2C3=O)cc1,0.0009,ok
CC(C)(C)c1ccc(S(=O)(=O)c2cc3c(c4nsnc24)C(=O)c2ccccc2C3=O)cc1,0.0064,ok
CCOc1ccc(Nc2cc3c(c4nsnc24)C(=O)c2ccccc2C3=O)cc1,0.0037,ok
O=C1c2ccccc2C(=O)c2c1cc(NCc1ccc(C(F)(F)F)cc1)c1nsnc21,0.0085,ok
O=C1c2ccccc2C(=O)c2c1cc(S(=O)(=O)Cc1ccccc1)c1nsnc21,0.0066,ok
O=C1c2ccccc2C(=O)c2c1cc(NCc1cccnc1)c1nsnc21,0.0099,ok
O=C1c2ccccc2C(=O)c2c1cc(NCc1ccc(Cl)cc1)c1nsnc21,0.0085,ok
CCCCCCCNc1cc2c(c3nsnc13)C(=O)c1ccccc1C2=O,0.0064,ok
O=C1c2ccccc2C(=O)c2c1cc(N1CCCC1)c1nsnc21,0.0021,ok
O=C1c2ccccc2C(=O)c2c1cc(N1CCN(c3ccccn3)CC1)c1nsnc21,0.0043,ok
CCCNc1cc2c(c3nsnc13)C(=O)c1ccccc1C2=O,0.0067,ok
CC(C)(C)OC(=O)N1CCN(c2cc3c(c4nsnc24)C(=O)c2ccccc2C3=O)CC1,0.0029,ok
CCCCCCNc1cc2c(c3nsnc13)C(=O)c1ccccc1C2=O,0.0067,ok
Cc1ccc(Sc2cc3c(c4nsnc24)C(=O)c2ccccc2C3=O)c(C)c1,0.0004,ok
CCCCCCCCNc1cc2c(c3nsnc13)C(=O)c1ccccc1C2=O,0.0077,ok
COc1ccccc1Sc1cc2c(c3nsnc13)C(=O)c1ccccc1C2=O,0.0011,ok
O=C1c2ccccc2C(=O)c2c1cc(Sc1cc(Cl)c(Cl)cc1Cl)c1nsnc21,0.0046,ok
Cc1cc(C)cc(Sc2cc3c(c4nsnc24)C(=O)c2ccccc2C3=O)c1,0.0007,ok
O=C1c2ccccc2C(=O)c2c1cc(Sc1cccc(Br)c1)c1nsnc21,0.0011,ok
COc1cccc(Sc2cc3c(c4nsnc24)C(=O)c2ccccc2C3=O)c1,0.0004,ok
CC(C)c1ccccc1Sc1cc2c(c3nsnc13)C(=O)c1ccccc1C2=O,0.0013,ok
CCc1ccccc1Sc1cc2c(c3nsnc13)C(=O)c1ccccc1C2=O,0.001,ok
O=C1c2ccccc2C(=O)c2c1cc(Sc1ccccc1Cl)c1nsnc21,0.0035,ok
CSc1ccc(Sc2cc3c(c4nsnc24)C(=O)c2ccccc2C3=O)cc1,0.0008,ok
Cc1ccc2c3c(ccc2c1)C(=O)c1c(O)cccc1C3=O,0.0023,ok
Cc1ccc(NC(=O)c2cc(O)c3c(c2)C(=O)c2cccc(O)c2C3=O)cc1,0.006,ok
O=C(Nc1ccc(C(F)(F)F)cn1)c1cc(O)c2c(c1)C(=O)c1cccc(O)c1C2=O,0.0032,ok
O=C(NCCN1CCOCC1)c1cc(O)c2c(c1)C(=O)c1cccc(O)c1C2=O,0.009,ok
CC1CCN(C(=O)c2cc(O)c3c(c2)C(=O)c2cccc(O)c2C3=O)CC1,0.0059,ok
CC(=O)Oc1cccc2c1C(=O)c1c(OC(C)=O)cc(C(=O)Nc3cc(C(F)(F)F)ccn3)cc1C2=O,0.0287,ok
CCN1CCN(C(=O)c2cc(O)c3c(c2)C(=O)c2cccc(O)c2C3=O)CC1,0.0255,ok
CC(=O)Oc1cccc2c1C(=O)c1c(OC(C)=O)cc(C(=O)N3CCC(C)CC3)cc1C2=O,0.0371,ok
CN1CCN(C(=O)c2cc(O)c3c(c2)C(=O)c2cccc(O)c2C3=O)CC1,0.0063,ok
O=C1c2ccccc2C(=O)c2c1ccc1[nH]c(-c3ccc(O)cc3)nc21,0.0,ok
O=C1c2ccccc2C(=O)c2cc(Cn3cc(CO)nn3)ccc21,0.0008,ok
COc1c2c(c(O)c3c1C(=O)c1c(cc(O)c(C)c1O)C3=O)-c1c(cc3cnn(C)c(=O)c3c1O)CC2,0.006,ok
O=C1c2ccccc2C(=O)c2cc(Cn3cc(COc4ccccc4)nn3)ccc21,0.0026,ok
CC(=O)OCc1cn(Cc2ccc3c(c2)C(=O)c2ccccc2C3=O)nn1,0.0064,ok
Cc1cc(O)c2c(c1)C(=O)c1c(c(O)c(-c3cccnc3)c(O)c1-c1cccnc1)C2=O,0.0113,ok
O=C1c2ccccc2C(=O)c2c1cc(Sc1nc3ccccc3s1)c1nsnc21,0.0035,ok
O=C(O)c1ccc(-c2cccc3c2C(=O)c2ccccc2C3=O)cc1,0.0025,ok
Cc1ccc(C(O)c2cc(O)c3c(c2O)C(=O)c2ccccc2C3=O)s1,0.0021,ok
O=C1c2ccccc2C(=O)c2c(O)c(C(O)c3ccc(OC(F)(F)F)cc3)cc(O)c21,0.0002,ok
O=C1c2ccccc2C(=O)c2c(O)c(C(O)c3ccsc3)cc(O)c21,0.0066,ok
CCOc1ccc(C(O)c2cc(O)c3c(c2O)C(=O)c2ccccc2C3=O)cc1,0.0005,ok
O=C1c2ccccc2C(=O)c2c(O)c(C(O)c3ccc(C(F)(F)F)cc3)cc(O)c21,0.0003,ok
O=C1c2ccccc2C(=O)c2c(O)c(C(O)c3cccs3)cc(O)c21,0.0009,ok
O=C1c2ccccc2C(=O)c2c(O)c(C(O)c3ccc(Br)s3)cc(O)c21,0.0009,ok
O=C1c2ccccc2C(=O)c2c(O)c(C(O)c3ccc(Cl)s3)cc(O)c21,0.0009,ok
O=C1c2ccccc2C(=O)c2c(O)c(C(O)c3cc(Br)cs3)cc(O)c21,0.0026,ok
O=C1c2ccccc2C(=O)c2c(O)c(C(c3ccsc3)N(CCCl)CCCl)cc(O)c21,0.0007,ok
Cc1cc(C(=O)O)c2c(c1)C(=O)c1ccccc1C2=O,0.0371,ok
CC(C(=O)O)n1cc(-c2cccc3c2C(=O)c2ccccc2C3=O)cn1,0.0063,ok
O=C1c2ccccc2C(=O)c2c(O)c(C(c3ccc(C(F)(F)F)cc3)N(CCCl)CCCl)cc(O)c21,0.0028,ok
O=C1c2ccccc2C(=O)c2c1cccc2C1=CCN(C(=O)Nc2ccccc2)CC1,0.0101,ok
O=C1c2ccccc2C(=O)c2c1cccc2C1=CCNCC1,0.006,ok
CS(=O)(=O)N1CC=C(c2cccc3c2C(=O)c2ccccc2C3=O)CC1,0.0144,ok
CCOC(=O)C(C)n1cc(-c2cccc3c2C(=O)c2ccccc2C3=O)cn1,0.0214,ok
CC(C)(C)OC(=O)N1CCC(n2cc(-c3cccc4c3C(=O)c3ccccc3C4=O)cn2)CC1,0.0086,ok
O=C1c2ccccc2C(=O)c2c1cccc2C1=CCN(C(=O)OCc2ccccc2)CC1,0.0067,ok
O=C1c2ccccc2C(=O)c2c1cccc2-c1cn[nH]c1,0.0111,ok
O=C1c2ccccc2C(=O)c2c1cccc2-c1cnn(C2CCCCO2)c1,0.0165,ok
O=C(Nc1ccc(Br)cc1)c1cc(O)c2c(c1)C(=O)c1cccc(O)c1C2=O,0.0106,ok
O=C1c2ccccc2C(=O)c2c1cc(NS(=O)(=O)N1CCOCC1)c(O)c2O,0.0047,ok
CN1CCN(c2ccc(S(=O)(=O)Nc3cc4c(c(O)c3O)C(=O)c3ccccc3C4=O)cc2)CC1,0.0125,ok
CC(C)CNC(=O)c1cc(O)c2c(c1)C(=O)c1cccc(O)c1C2=O,0.0038,ok
O=C1c2ccccc2C(=O)c2c1cc(NS(=O)(=O)c1ccc(N3CCC3)cc1)c(O)c2O,0.0177,ok
COc1ccc(NC(=O)c2cc(O)c3c(c2)C(=O)c2cccc(O)c2C3=O)cc1,0.0064,ok
O=C1c2ccccc2C(=O)c2c1cc(NS(=O)(=O)c1ccc(N3CCCC3)cc1)c(O)c2O,0.0098,ok
COc1ccc(Nc2cc(NCC(C)C)c(N)c3c2C(=O)c2ccccc2C3=O)cc1,0.043,ok
CC(C)CNc1cc(NC2CC2)c2c3c(onc13)-c1ccccc1C2=O,0.0141,ok
CCCNc1cc(Nc2cccc(C)c2)c2c3c(onc13)-c1ccccc1C2=O,0.0037,ok
Cc1ccccc1Nc1cc(NCC(C)C)c2noc3c2c1C(=O)c1ccccc1-3,0.0212,ok
O=C1c2cccc(O)c2C(=O)c2c(O)cc(C(=O)N3CCC(c4ccccc4)CC3)cc21,0.0062,ok
COc1ccc(Nc2cc(NCC(C)C)c3noc4c3c2C(=O)c2ccccc2-4)cc1,0.0036,ok
O=C1c2cccc(O)c2C(=O)c2c(O)cc(C(=O)N3CCN(c4nccs4)CC3)cc21,0.0042,ok
CN(CCc1ccccc1)C(=O)c1cc(O)c2c(c1)C(=O)c1cccc(O)c1C2=O,0.0022,ok
Cc1cccc(NC(=O)c2cc(O)c3c(c2)C(=O)c2cccc(O)c2C3=O)c1,0.0085,ok
O=C1c2cccc(O)c2C(=O)c2c(O)cc(C(=O)N3CCc4ccccc4C3)cc21,0.0871,ok
COc1ccc(Sc2ccc(O)c3c2C(=O)c2ccccc2C3=O)cc1,0.0568,ok
CC(C)CNc1cc(Nc2ccc(N3CCOCC3)cc2)c2c3c(onc13)-c1ccccc1C2=O,0.0031,ok
COc1ccc2c3c(ccc2c1)C(=O)c1ccccc1C3=O,0.0001,ok
CC(=O)CCCOc1cccc2c1C(=O)c1c(OCCCC(C)=O)cc(NC(=O)CCl)cc1C2=O,0.0604,ok
Nc1cc(Sc2ccccc2)c(N)c2c1C(=O)c1c(O)ccc(O)c1C2=O,0.0546,ok
CCCCCc1ccc(Oc2cc(O)c3c(c2N)C(=O)c2ccccc2C3=O)cc1,0.0295,ok
CC(=O)Oc1ccc(Oc2cc(O)c3c(c2N)C(=O)c2ccccc2C3=O)cc1,0.0499,ok
COCCOc1cc(N)c2c(c1N)C(=O)c1ccccc1C2=O,0.0186,ok
Cc1ccc(OCCOc2cc(O)c3c(c2N)C(=O)c2ccccc2C3=O)cc1,0.033,ok
O=C1c2cc(Cl)c(Cl)cc2C(=O)c2cc(Cl)c(Cl)cc21,0.0,ok
O=C1c2ccccc2C(=O)c2c(F)c(F)c(F)c(F)c21,0.0,ok
COC1C(N)CC(OC2CC(O)(C(=O)CO)Cc3c(O)c4c(c(O)c32)C(=O)c2ccccc2C4=O)OC1C,0.0009,ok
COCCCNS(=O)(=O)c1ccc(Oc2cc(O)c3c(c2N)C(=O)c2ccccc2C3=O)cc1,0.05,ok
COCCOCCOc1ccc2c(c1)C(=O)c1ccccc1C2=O,0.002,ok
Nc1c(Oc2ccc(S(=O)(=O)Nc3ccc(O)cc3)cc2)cc(O)c2c1C(=O)c1ccccc1C2=O,0.0281,ok
O=C1c2ccccc2C(=O)c2c(Nc3ccccc3)c(O)cc(Nc3ccccc3)c21,0.0222,ok
CC(C)Cc1cc(N)c2c(c1O)C(=O)c1c(O)c(CC(C)C)cc(N)c1C2=O,0.0122,ok
Nc1c(Cl)cc(Cl)c2c1C(=O)c1c(N)c(Cl)cc(Cl)c1C2=O,0.0922,ok
CC1OC(OC2CC(O)(C(=O)CO)Cc3c2cc2c(c3O)C(=O)c3cccc(O)c3C2=O)CC(N)C1O,0.0061,ok
Cc1cccc(OCCOc2cc(O)c3c(c2N)C(=O)c2ccccc2C3=O)c1,0.0326,ok
CCCCC(CC)CNc1ccc(O)c2c1C(=O)c1ccccc1C2=O,0.0389,ok
O=C1c2cc(F)c(F)cc2C(=O)c2cc(F)c(F)cc21,0.0,ok
COc1ccc(C(=O)Nc2cccc3c2C(=O)c2cccc(NC(=O)c4ccc(OC)cc4)c2C3=O)cc1,0.0114,ok
CC1OC(OC2CC(O)C(O)c3c(O)c4c(c(O)c32)C(=O)c2c(O)cccc2C4=O)CC(N(C)C)C1O,0.0026,ok
Cc1cc(CCC#N)ccc1Oc1c(N)c2c(c(N)c1Cl)C(=O)c1ccccc1C2=O,0.0227,ok
COc1cccc2c1C(=O)c1ccc3c(c1C2=O)C(O)CC(C)(O)C3,0.0718,ok
O=C1c2cc(Oc3ccccc3)ccc2C(=O)c2c(Oc3ccccc3)cccc21,0.007,ok
CC1(O)CC(O)Cc2cc3c(c(O)c21)C(=O)c1c(O)cc(O)cc1C3=O,0.003,ok
Cc1cc(O)c2c(c1)C(=O)c1cc(O)cc(OC3OC(C)C(O)C(O)C3O)c1C2=O,0.0707,ok
CC1(O)CCc2c(O)c3c(c(O)c2C1O)C(=O)c1cccc(O)c1C3=O,0.0014,ok
COc1c(O)c(C)c(O)c2c1C(=O)c1ccccc1C2=O,0.0092,ok
CCC1Cc2c(O)c3c(c(O)c2C(O)C1)C(=O)c1c(O)cccc1C3=O,0.0018,ok
COc1cc(O)c2c(c1)C(=O)c1cc3c(c(OC)c1C2=O)C1CCOC1O3,0.0129,ok
CC(C)=CCCc1c(O)c2c(c(O)c1Cl)C(=O)c1ccccc1C2=O,0.0009,ok
CC(=O)CCc1ccc2c(c1C)C(=O)c1cc(O)ccc1C2=O,0.0036,ok
Cc1cc2c(c3oc(C(C)C(C)O)cc(=O)c13)C(=O)c1c(O)cccc1C2=O,0.0126,ok
O=C1c2ccc3c(c2C(=O)c2cccc(O)c21)C(=O)CC(CO)C3,0.0833,ok
Cc1cc2c(c3oc(C(C)(O)CCC(C)O)cc(=O)c13)C(=O)c1c(O)cccc1C2=O,0.0066,ok
CCC1CC(=O)c2c(cc(O)c3c2C(=O)c2cccc(OC4CC(N)C(O)C(C)O4)c2C3=O)C1,0.2356,ok
CCc1cc(OC2CC(O)C(O)C(C)O2)cc2c1C(=O)c1c(O)cccc1C2=O,0.0128,ok
Cc1cc(OC2CC(O)C(O)C(C)O2)cc2c1C(=O)c1c(O)cccc1C2=O,0.0066,ok
CC(=O)CC(O)c1c(O)cc2c(c1O)C(=O)c1c(O)cc(O)cc1C2=O,0.0045,ok
COC(=O)c1c(C)ccc2c(O)c3c(cc12)C(=O)c1cccc(O)c1C3=O,0.0018,ok
CC12Cc3cc4c(c(O)c3C(=O)N1C(C(=O)O)CO2)-c1c(cc2c(c1O)C(=O)c1cccc(O)c1C2=O)CC4,0.1837,ok
O=C1c2cc(O)ccc2C(=O)c2cc(CO)c(O)cc21,0.0035,ok
COc1c(O)c2c(c(O)c1OC)C(=O)c1ccccc1C2=O,0.001,ok
COc1c(O)ccc2c1C(=O)c1c(O)cc(C)cc1C2=O,0.0061,ok
COc1cc2c(cc1OC)C(=O)c1cc(C)ccc1C2=O,0.0006,ok
COC(=O)C1=C(C)CCc2c1cc1c(c2O)C(=O)c2c(O)cccc2C1=O,0.0022,ok
COc1cc(O)cc2c1C(=O)c1c(cc3c(c1O)C1CCCC(C)(O3)O1)C2=O,0.0073,ok
COC(=O)C1c2cc3c(c(O)c2CCC1(C)O)C(=O)c1c(O)cccc1C3=O,0.0182,ok
Cc1cc(O)c2c(c1)C(=O)c1cc(OS(=O)(=O)O)cc(OC3OC(CO)C(O)C(O)C3O)c1C2=O,0.0202,ok
COc1c(CO)c(OC2OC(CO)C(O)C(O)C2O)cc2c1C(=O)c1ccc(O)cc1C2=O,0.0139,ok
COc1c(CO)c(OC2OC(CO)C(O)C(O)C2O)cc2c1C(=O)c1ccc(O)c(O)c1C2=O,0.005,ok
COC(=O)c1c(C)c2c(c(OC)c1O)C(=O)c1cccc(O)c1C2=O,0.0309,ok
CCc1c(C)cc2c(c1O)C(=O)c1c(OC)cccc1C2=O,0.0009,ok
COc1cc2c(cc1O)C(=O)c1ccc(C)c(O)c1C2=O,0.0,ok
O=C1c2ccc(O)cc2C(=O)c2c1ccc(CO)c2O,0.0006,ok
CCC1(O)CCc2c(O)c3c(c(O)c2C1C(=O)OC)C(=O)c1cccc(O)c1C3=O,0.0236,ok
COc1cc(O)c2c(c1)C(=O)c1c(O)c(C)c(C(=O)O)c(O)c1C2=O,0.011,ok
Cc1ccc2c(c1O)C(=O)c1ccc(O)c(-c3c(O)ccc4c3C(=O)c3ccc(C)c(O)c3C4=O)c1C2=O,0.032,ok
CC(=O)Oc1cccc2c1C(=O)c1c(OC(C)=O)cc(C)c(OC(C)=O)c1C2=O,0.0495,ok
COc1cc(OC)c2c(c1)C(=O)c1cc3c(c(O)c1C2=O)C(=O)OC3,0.0,ok
COc1cc2c(c(OC)c1O)C(=O)c1ccc(O)cc1C2=O,0.0088,ok
CC(C)=CCCc1ccc2c(c1O)C(=O)c1ccccc1C2=O,0.0009,ok
CC(C)=CCCc1cc(O)c2c(c1O)C(=O)c1ccccc1C2=O,0.0003,ok
CCCc1cc2c(c(O)c1C(=O)O)C(=O)c1c(O)cc(O)cc1C2=O,0.0005,ok
CCCc1cc(O)c2c(c1)C(=O)c1cc(O)cc(O)c1C2=O,0.0004,ok
CCCC(O)Cc1cc(O)c2c(c1)C(=O)c1cc(O)cc(O)c1C2=O,0.0019,ok
Cc1ccc2c3c(ccc2c1)C(=O)c1c(ccc2c1NC1(C)CC2OC(C)C1O)C3=O,0.0729,ok
COc1cc2c(c(OC)c1O)C(=O)c1c(O)c(C)cc(O)c1C2=O,0.0698,ok
Cc1ccc2c3c(ccc2c1)C(=O)c1c2c(cc(Cl)c1C3=O)C1CC(C)(N2)C(O)C(C)O1,0.1298,ok
COc1c(O)cc2c(c1O)C(=O)c1c(O)cccc1C2=O,0.0,ok
COc1cc(O)c2c(c1O)C(=O)c1c(O)ccc(C)c1C2=O,0.0,ok
CCCc1ccc2c(O)c3c(c(O)c2c1)C(=O)c1cccc(O)c1C3=O,0.0,ok
CCCc1cc(O)cc2c1C(=O)c1c(O)ccc(O)c1C2=O,0.0031,ok
CC(=O)OCC1OC(Oc2cc3c(c(O)c2CO)C(=O)c2ccc(O)cc2C3=O)C(O)C(O)C1O,0.0052,ok
CC(C)CCc1cc(O)cc2c1C(=O)c1c(O)ccc(O)c1C2=O,0.0,ok
CCCCCc1cc(O)cc2c1C(=O)c1c(O)ccc(O)c1C2=O,0.0748,ok
COc1cc(O)c2c(c1O)C(=O)c1cc(CO)cc(OC)c1C2=O,0.003,ok
COc1ccc2c(c1)C(=O)c1ccc(OC)c(O)c1C2=O,0.0,ok
Cc1cc(O)c2c(c1O)C(=O)c1c(O)c(O)cc(O)c1C2=O,0.0,ok
COC(=O)c1c(C)c2c(c(O)c1OC)C(=O)c1cccc(O)c1C2=O,0.0077,ok
COc1cc2c(cc1OC)C(=O)c1c(ccc(C)c1O)C2=O,0.0,ok
CC(=O)c1cccc2c1C(=O)c1c(O)c3c(c(O)c1C2=O)C1OC(=O)CC1OC3C,0.004,ok
Cc1cc(O)c2c(c1)C(C13Cc4cc(O)c5c(c4C1C=CC(O)C3O)C(=O)c1c(O)ccc(O)c1C5=O)OC2=O,0.0175,ok
Cc1cc2c(c(O)c1C(=O)NC(C)C(=O)O)-c1c(O)c3c(c(O)c1C(O)C2O)C(=O)c1c(O)cc(O)cc1C3=O,0.0799,ok
CC(C)=CCCC1(C)C=Cc2c(cc3c(c2O)C(=O)c2c(O)cc(C)cc2C3=O)O1,0.0004,ok
Cc1cc(O)c2c(c1)C(=O)c1cc3c(c(O)c1C2=O)C=CC(C)(CCCC(C)(C)O)O3,0.0004,ok
CC=CC=C(C)c1cc(=O)c2c(C)cc3c(c2o1)C(=O)c1c(O)cccc1C3=O,0.0085,ok
O=C1c2ccccc2C(=O)c2c(O)c(OC3OC(COC4OCC(O)C(O)C4O)C(O)C(O)C3O)cc(O)c21,0.0019,ok
COC(=O)c1c(OC)cc2c(c1C)C(=O)c1c(OC)cccc1C2=O,0.0827,ok
Cc1cc(O)c2c(c1)C(=O)c1ccc(C3c4cccc(O)c4C(=O)c4c(O)cc(C)c(O)c43)c(O)c1C2=O,0.0015,ok
Cc1cc(O)c2c(c1)C(C13Cc4cc(O)c5c(c4C1C=CC(=O)C3O)C(=O)c1c(O)ccc(O)c1C5=O)OC2=O,0.2313,ok
COc1cc2c(c(O)c1O)C(=O)c1c(cc(C)c(C(=O)O)c1O)C2=O,0.0005,ok
COC(=O)c1c(C)cc2c(c1O)C(=O)c1c(O)cc(OC)cc1C2=O,0.0177,ok
COc1cc(O)c(Cl)c2c1C(=O)c1c(O)c(C(=O)O)c(C)c(O)c1C2=O,0.0802,ok
O=C(Nc1cccc2c1C(=O)c1ccccc1C2=O)c1ccccc1,0.005,ok
CC(=O)Nc1ccc(O)c2c1C(=O)c1ccccc1C2=O,0.0002,ok
CC(=O)Oc1ccc2c(c1)C(=O)c1cc(OC3OC(C)C(O)C(O)C3O)c(C)c(O)c1C2=O,0.0025,ok
CCC1(O)CC(O)c2cc3c(c(O)c2C1O)C(=O)c1cccc(O)c1C3=O,0.0025,ok
COc1cccc2c1C(=O)c1c(O)c3c(c(O)c1C2=O)CC(O)(C(C)=O)CC3,0.009,ok
CCc1cccc2c1C(=O)c1ccccc1C2=O,0.0039,ok
O=C1c2ccccc2C(=O)c2c1cc([N+](=O)[O-])c(O)c2O,0.0,ok
C=CCc1ccc2c(c1O)C(=O)c1ccccc1C2=O,0.0004,ok
CC1OC(c2ccc3c(c2O)C(=O)c2cc(O)c4c(c2C3=O)C(=O)CC(C)(O)C4)CC(O)C1O,0.0831,ok
O=C1c2c(O)ccc(O)c2C(=O)c2c(F)ccc(F)c21,0.0,ok
COc1cccc2c1C(=O)c1ccc3c(c1C2=O)C(=O)CC(C)C3OC(=O)C(C)C,0.1114,ok
COc1cc(C)c(OC)c2c1C(=O)c1ccccc1C2=O,0.0659,ok
CNc1ccc2c(c1)C(=O)c1ccccc1C2=O,0.0028,ok
Nc1ccc2c(c1O)C(=O)c1ccccc1C2=O,0.0011,ok
CCC1(O)CCc2c(O)c3c(c(O)c2C1)C(=O)c1cccc(OC)c1C3=O,0.0053,ok
Nc1c(O)c(O)c(N)c2c1C(=O)c1ccccc1C2=O,0.0353,ok
Nc1c(Cl)cc(O)c2c1C(=O)c1ccccc1C2=O,0.0303,ok
Cc1ccc(Nc2cccc3c2C(=O)c2ccccc2C3=O)cc1,0.0112,ok
O=C1c2cccc(Nc3ccccc3)c2C(=O)c2c(Nc3ccccc3)cccc21,0.0059,ok
CN(C)c1ccc(N(C)C)c2c1C(=O)c1ccccc1C2=O,0.1055,ok
O=C1c2cccc(Nc3ccccc3)c2C(=O)c2cccc(Nc3ccccc3)c21,0.0061,ok
Cc1cc(O)c2c(c1)C(=O)c1c(O)ccc(O)c1C2=O,0.0006,ok
CNc1cccc2c1C(=O)c1c(NC)cccc1C2=O,0.0577,ok
O=C1c2cc3c(c(O)c2C(=O)c2c(O)ccc(O)c21)C1(O)CC(O)OC1O3,0.0003,ok
CC1CCCC(c2c(O)cc3c(c2O)C(=O)c2c(O)cc(O)cc2C3=O)O1,0.0008,ok
CCc1cc(O)c2c(O)c3c(c(O)c2c1C(=O)OC)C(=O)c1cccc(O)c1C3=O,0.0048,ok
COc1c(O)cc2c(c1OC)C(=O)c1c(ccc(C)c1O)C2=O,0.0187,ok
COc1cc(OC)c2c(c1O)C(=O)c1ccc(O)cc1C2=O,0.024,ok
COc1ccc2c(c1O)C(=O)c1cc(O)c(C)c(O)c1C2=O,0.001,ok
O=C1c2cc3c(c(O)c2C(=O)c2c(O)ccc(O)c21)C1(O)C=COC1O3,0.0012,ok
COc1cccc2c1C(=O)c1c(c(O)c3cc(C(C)O)ccc3c1O)C2=O,0.0009,ok
Cc1c(O)cc2c(c1O)C(=O)c1c(cc3cc(O)cc(CC(=O)CC(C)O)c3c1O)C2=O,0.0031,ok
CC(=O)Cc1cc2c(c(O)c1C(=O)O)-c1cc3c(c(O)c1CC2)C(=O)c1c(O)cc(O)cc1C3=O,0.0227,ok
COc1cccc2c1C(=O)c1ccc3c(c1C2=O)C(O)CC(C)C3,0.0309,ok
O=C1c2cc(O)cc(O)c2C(=O)c2c1cc1cc(O)cc(O)c1c2O,0.0,ok
COc1cccc2c1C(=O)c1c(O)cc3c(c1C2=O)C(=O)CC(C)C3,0.1136,ok
COc1ccc2c(c1O)C(=O)c1ccc(O)cc1C2=O,0.0,ok
CC1CC(=O)c2c(cc(O)c3c2C(=O)c2cccc(OC4OC(C)C(O)C(O)C4O)c2C3=O)C1,0.2335,ok
CCC1(O)CC(O)c2c(cc3c(c2O)C(=O)c2c(O)cc(O)cc2C3=O)C1C(=O)OC,0.0034,ok
O=C1c2cc(O)cc(O)c2C(=O)c2c1cc1c(c2O)C(CCO)CO1,0.0001,ok
CCc1ccc2c(O)c3c(cc2c1C(=O)OC)C(=O)c1cccc(O)c1C3=O,0.0026,ok
Cc1ccc2c(c1O)C(=O)c1ccc(OC3OC(COC4OCC(O)C(O)C4O)C(O)C(O)C3O)c(O)c1C2=O,0.066,ok
Cc1ccc2c(c1O)C(=O)c1cccc(O)c1C2=O,0.0,ok
CCC1(O)CC(OC2CC(N)C(O)C(C)O2)c2c(O)c3c(c(O)c2C1O)C(=O)c1cccc(O)c1C3=O,0.0028,ok
CC(=O)CCC1c2c(cc3c(c2O)C(=O)c2c(O)cc(O)cc2C3=O)OC1O,0.0018,ok
Cc1cc(O)c2c(c1)C(=O)c1ccc(-c3c(C)cc4c(c3O)C(=O)c3c(O)cccc3C4=O)c(O)c1C2=O,0.0032,ok
CCCc1cc(O)cc2c1C(=O)c1c(O)cc(O)cc1C2=O,0.003,ok
COc1cc(O)c2c(c1)C(=O)c1cc3cc(O)c(C(=O)O)c(C)c3c(O)c1C2=O,0.0017,ok
CC(C)CCc1cc(O)cc2c1C(=O)c1c(O)cc(O)cc1C2=O,0.0072,ok
CCCCCc1cc(O)cc2c1C(=O)c1c(O)cc(O)cc1C2=O,0.0124,ok
CC(=O)OCC1OC(Oc2cc3c(c(O)c2C)C(=O)c2ccc(O)cc2C3=O)C(O)C(O)C1O,0.0049,ok
COC(=O)C1c2cc3c(c(O)c2C(O)CC1(C)O)C(=O)c1c(O)cccc1C3=O,0.0096,ok
COC(=O)C1c2cc3c(c(O)c2C(O)CC1(O)CC(C)=O)C(=O)c1c(O)cccc1C3=O,0.0111,ok
CC1OC(c2ccc3c(c2O)C(=O)c2ccc4c(c2C3=O)C(=O)CC(C)(O)C4)CC(O)C1O,0.0829,ok
CC(O)(CC(=O)O)Cc1ccc2c(c1O)C(=O)c1cccc(O)c1C2=O,0.0019,ok
CCc1ccc2c(O)c3c(cc2c1)C(=O)c1cccc(O)c1C3=O,0.0,ok
O=C1c2c(cc(CO)c(O)c2O)C(=O)c2c(O)c(O)cc(O)c21,0.0,ok
COc1cc2c(c(OC)c1OC)C(=O)c1c(O)cc(C)cc1C2=O,0.0163,ok
COc1c(O)ccc2c1C(=O)c1cccc(O)c1C2=O,0.008,ok
CCC(=O)C=C(O)c1c(CC(=O)O)cc2c(c1O)C(=O)c1c(O)cccc1C2=O,0.001,ok
COc1c(C=O)c(O)cc2c1C(=O)c1cccc(O)c1C2=O,0.0081,ok
Cc1ccc2c(c1)C(=O)c1ccc(O)c(O)c1C2=O,0.0005,ok
CCC1(O)CC(OC2CC(N(C)C)C(O)C(C)O2)c2c(O)c3c(c(O)c2C1O)C(=O)c1cccc(O)c1C3=O,0.0044,ok
O=Cc1c(O)cc2c(c1O)C(=O)c1cccc(O)c1C2=O,0.0,ok
Cc1cc(O)c(O)c2c1C(=O)c1c(O)cc(O)cc1C2=O,0.0,ok
O=C1c2cc(O)cc(O)c2C(=O)c2c1cc1cc(O)cc(OS(=O)(=O)O)c1c2O,0.0025,ok
O=C1c2cccc(O)c2C(=O)c2c1cc(CO)c(O)c2O,0.0,ok
Cc1cc(O)c2c(c1)C(=O)c1cc(C)cc(O)c1C2=O,0.0006,ok
COc1c(C)ccc2c(O)c3c(cc12)C(=O)c1c(O)cc(C)cc1C3=O,0.0027,ok
COc1cc2c(c(O)c1C)C(=O)c1ccccc1C2=O,0.0011,ok
COc1ccc2c(c1)C(=O)c1c(ccc(C)c1O)C2=O,0.0,ok
COC(=O)C1c2cc3c(c(O)c2C(OC2CCC(O)(C(C)=O)C(C)O2)CC1(C)O)C(=O)c1c(O)cccc1C3=O,0.0099,ok
COc1cccc2c1C(=O)c1c(C)cc(O)cc1C2=O,0.0688,ok
Cc1c(C(=O)O)cc2c(c1O)C(=O)c1c(O)cccc1C2=O,0.002,ok
Cc1c(O)ccc2c1C(=O)c1ccccc1C2=O,0.0278,ok
CC1Cc2ccc3c(c2C(O)C1)C(=O)c1cccc(O)c1C3=O,0.0705,ok
O=C1c2cc(O)cc(O)c2C(=O)c2c1cc(O)c(CO)c2O,0.0028,ok
Cc1c(C(=O)O)c(O)cc2c1C(=O)c1c(O)cc(O)c(O)c1C2=O,0.0002,ok
Cc1cc2c(cc1O)C(=O)c1c(ccc(O)c1O)C2=O,0.0,ok
CC(O)C12OC13c1cc(O)c4c(c1NC2C#CC=CC#CC3O)C(=O)c1ccccc1C4=O,0.0392,ok
Cc1c(C(=O)O)c(O)cc2c1C(=O)c1c(cc(O)c(O)c1O)C2=O,0.0009,ok
Cc1ccc2c(c1O)C(=O)c1cc(O)c(O)c(O)c1C2=O,0.0,ok
NC(=O)CC(=O)c1c(CC(=O)O)cc2c(c1O)C(=O)c1c(O)cccc1C2=O,0.0017,ok
COc1cc2c(c(O)c1OC)C(=O)c1ccccc1C2=O,0.0015,ok
Cc1ccc2c(c1)C(=O)c1ccc(O)cc1C2=O,0.0006,ok
COc1cc2c(c(OC)c1O)C(=O)c1c(cc(C)c(O)c1O)C2=O,0.0403,ok
Cc1cc(O)c2c(c1)C(=O)c1cc(O)c(-c3c(C)cc4c(c3O)C(=O)c3c(O)cc(O)cc3C4=O)c(O)c1C2=O,0.0086,ok
COc1cc2c(c(OC)c1OC)C(=O)c1c(cc(C)c(O)c1O)C2=O,0.0233,ok
COc1c(O)cc2c(c1O)C(=O)c1c(cc(C)c(O)c1O)C2=O,0.0,ok
COc1cc2c(c(O)c1OC)C(=O)c1c(cc(C)c(O)c1O)C2=O,0.0012,ok
COc1cc(O)c2c(c1)C(=O)c1cc(O)c(C(=O)O)c(C)c1C2=O,0.0342,ok
Cc1c(O)cc2c(c1O)C(=O)c1c(O)cccc1C2=O,0.0,ok
Cc1cc2c(c(O)c1Cl)C(=O)c1c(O)cc(O)cc1C2=O,0.0,ok
COc1cc2c(cc1O)C(=O)c1ccccc1C2=O,0.0,ok
COC(=O)C1c2cc3c(c(O)c2C(O)CC1(C)O)C(=O)c1c(O)ccc(O)c1C3=O,0.001,ok
Cc1c(O)c(O)c2c(c1O)C(=O)c1ccc(O)c(O)c1C2=O,0.001,ok
CC(=CCOc1cc(O)c2c(c1)C(=O)c1cc(C)cc(O)c1C2=O)CC=CC(C)(C)O,0.0004,ok
COc1cc2c(c(O)c1OC)C(=O)c1c(O)cccc1C2=O,0.0012,ok
CCC(=O)c1cc(O)c2c(c1)C(=O)c1cc(O)cc(O)c1C2=O,0.0,ok
CCC(O)c1cc(O)c2c(c1O)C(=O)c1cc(O)cc(O)c1C2=O,0.002,ok
O=C1c2ccccc2C(=O)c2c(CO)cccc21,0.0086,ok
CCCc1cc(O)cc2c1C(=O)c1c(O)cccc1C2=O,0.0086,ok
CCc1c(C)cc2c(c1O)C(=O)c1c(O)cccc1C2=O,0.0005,ok
CC(=O)c1c(C)cc2c(c1O)C(=O)c1c(O)cccc1C2=O,0.0021,ok
CCc1ccc2c(O)c3c(c(O)c2c1)C(=O)c1cccc(O)c1C3=O,0.0,ok
COc1c(O)cc2c(c1O)C(=O)c1c(O)ccc(O)c1C2=O,0.0,ok
COc1cc(O)c2c(c1)C(=O)c1cc(C)c(OS(=O)(=O)O)cc1C2=O,0.0034,ok
COc1cc2c(c(OC)c1O)C(=O)c1c(O)cccc1C2=O,0.007,ok
COc1cccc2c1C(=O)c1c(cc(O)c(C(C)=O)c1C)C2=O,0.0861,ok
COc1cc2c(cc1OC)C(=O)c1c(O)c(C(=O)O)c(C)c(O)c1C2=O,0.001,ok
COc1c(O)cc2c(c1O)C(=O)c1cc(C)ccc1C2=O,0.0006,ok
CCc1ccc2c(c1O)C(=O)c1cc3c(c(O)c1C2=O)-c1c(cc(C)c(C(=O)O)c1O)C(O)C3O,0.005,ok
COc1cc(O)c2c(c1OC)C(=O)c1cc(C)cc(O)c1C2=O,0.0303,ok
Cc1c(O)c(O)c2c(c1O)C(=O)c1cccc(O)c1C2=O,0.001,ok
Cc1cc(O)c2c(c1)C(=O)c1cc(CO)cc(O)c1C2=O,0.0007,ok
COc1cc(O)c2c(c1)C(=O)c1c(O)c(C)c(O)c(O)c1C2=O,0.001,ok
CC(C)=CCCC(C)=CCc1ccc2c(c1O)C(=O)c1c(O)cc(C)cc1C2=O,0.0007,ok
Cc1cc(O)c2c(c1)C(=O)c1cc(O)c(C3OC(C)C(C)c4c(C)c(O)c(C(=O)O)c(O)c43)c(O)c1C2=O,0.0017,ok
Cc1cc(O)c2c(c1)C(=O)c1c(O)cc(O)cc1C2=O,0.0006,ok
Cc1c(O)c(C(=O)O)c(O)c2c1C(C)C(C)OC2c1c(O)cc2c(c1O)C(=O)c1c(O)cc(CO)cc1C2=O,0.0025,ok
COc1cccc2c1C(=O)c1c(cc(C)c(O)c1O)C2=O,0.0,ok
O=C1c2c(O)cc(CO)cc2C(=O)c2c(O)c(O)cc(O)c21,0.0002,ok
Cc1cc(O)cc2c1C(=O)c1ccccc1C2=O,0.0,ok
COc1cc(OC)c2c(c1)C(=O)c1cc(O)c(C)cc1C2=O,0.0,ok
COc1c(O)cc(O)c2c1C(=O)c1c(O)cccc1C2=O,0.0068,ok
COc1cccc2c1C(=O)c1cc(O)c(OC)c(O)c1C2=O,0.0,ok
COc1c(O)c(OC)c2c(c1OC)C(=O)c1ccccc1C2=O,0.056,ok
COc1cc2c(c(O)c1O)C(=O)c1ccccc1C2=O,0.0,ok
Cc1c(O)c(O)c2c(c1O)C(=O)c1ccccc1C2=O,0.001,ok
COc1cccc2c1C(=O)c1c(O)c(O)c(C=O)c(O)c1C2=O,0.0,ok
COc1cc(O)c2c(c1O)C(=O)c1ccc(O)c(C(C)=O)c1C2=O,0.0586,ok
COc1c(O)c(O)c2c(c1OC)C(=O)c1ccccc1C2=O,0.0235,ok
O=C1c2cc(O)c(CO)c(O)c2C(=O)c2ccc(O)c(O)c21,0.0029,ok
CC(=O)c1ccc2c(c1O)C(=O)c1c(O)cc(O)cc1C2=O,0.0,ok
COc1c(O)ccc2c1C(=O)c1c(OC)c(O)c(C)c(O)c1C2=O,0.0811,ok
COc1cc(OC)c2c(c1)C(=O)c1cc3c(c(O)c1C2=O)C1C=COC1O3,0.0075,ok
COc1cc(O)c2c(c1)C(=O)c1cc(OC)c(OC)c(C)c1C2=O,0.0775,ok
COC(=O)c1c(OC)cc2c(c1C)C(=O)c1c(ccc(O)c1O)C2=O,0.0021,ok
COc1c(O)c(C)c(O)c2c1C(=O)c1c(cc(O)c3c1C(c1ccccc1)OC3=O)C2=O,0.0838,ok
COc1c(O)cc(O)c2c1C(=O)c1c(cc(O)c3c1C(c1ccccc1)OC3=O)C2=O,0.0835,ok
COc1c(C)ccc2c1C(=O)c1c(O)c3c(c(O)c1C2=O)CC(C)(O)CC3OC1OC(C)C(O)C(OC)C1O,0.0533,ok
COc1cc(O)c2c(c1)C(=O)c1cc3c(c(O)c1C2=O)C(O)CC(C)(O)C3,0.0036,ok
Cc1ccc2c(O)c3c(cc2c1)C(=O)c1c(O)cccc1C3=O,0.0001,ok
COc1cc2c(c(OC)c1OC)C(=O)c1c(cc(C)c(OC)c1O)C2=O,0.0209,ok
COc1cc(O)c2c(c1)C(=O)c1cc3c(c(O)c1C2=O)C(OC1CC(O)C(O)C(C)O1)C(OC)C(C)(O)C3=O,0.006,ok
COc1cccc2c1C(=O)c1ccc3c(c1C2=O)C(=O)CC(C)(O)C3O,0.1061,ok
CC(O)(CC(N)=O)Cc1cc(O)c2c(c1O)C(=O)c1cccc(O)c1C2=O,0.0011,ok
CC(=O)c1cc2c(cc1O)C(=O)c1cc(O)cc(O)c1C2=O,0.0,ok
COc1cccc2c1C(=O)c1c(O)cc(CC(C)(O)CC(N)=O)c(O)c1C2=O,0.0034,ok
CCCC(=O)c1c(C)cc2c(c1O)C(=O)c1c(O)cccc1C2=O,0.0019,ok
CC(C)=CCCC(C)=CC(=O)c1c(O)cc2c(c1O)C(=O)c1c(O)cc(C)cc1C2=O,0.0079,ok
Cc1cc(O)c2c(c1)C(=O)c1cc(OS(=O)(=O)O)cc(O)c1C2=O,0.0021,ok
O=C1c2cc(CO)cc(O)c2C(=O)c2c(O)cc(OS(=O)(=O)O)cc21,0.0038,ok
COc1cc(O)c2c(c1)C(=O)c1cc(C)c(OC3OC(COC(C)=O)C(O)C(O)C3O)cc1C2=O,0.0017,ok
COc1cc2c(c(C)c1C(=O)O)C(=O)c1ccccc1C2=O,0.0041,ok
Cc1cc(O)c2c3c(ccc2c1)C(=O)c1c(ccc(C2CC(O)C(OC4CCC(O)C(C)O4)C(C)O2)c1O)C3=O,0.0629,ok
COc1cc(O)c2c(c1)C(=O)c1cc3c(c(O)c1C2=O)C(OC1CC(OC)C(O)C(C)O1)C(OC)C(C)(O)C3=O,0.0049,ok
Cc1cc(O)c2c(c1O)C(=O)c1c(O)cc(O)c(O)c1C2=O,0.0,ok
COc1ccc2c(c1O)C(=O)c1c(ccc(C)c1O)C2=O,0.0,ok
O=C1c2cccc(O)c2C(=O)c2c1cc(O)c(C(CO)CCO)c2O,0.0161,ok
CC(=CCCc1ccc2c(c1)C(=O)c1cc(O)c(O)cc1C2=O)CO,0.0011,ok
CC12CC(=O)c3c(cc(O)c4c3C(=O)c3cccc(O)c3C4=O)C1=Nc1cc(C(N)=O)ccc1O2,0.1922,ok
Cc1c(OC2OC(CO)C(O)C(O)C2O)cc2c(c1O)C(=O)c1c(O)cccc1C2=O,0.0083,ok
COc1cc(O)c2c(c1)C(=O)c1cc(O)ccc1C2=O,0.0,ok
COC(=O)c1c(C)cc2c(c1C)C(=O)c1c(O)cccc1C2=O,0.0174,ok
COc1ccc(O)c2c1C(=O)c1c(O)c(C)cc(O)c1C2=O,0.0,ok
COc1cc2c(cc1C)C(=O)c1cc(OC)c(O)c(OC)c1C2=O,0.0097,ok
CCC1CC(O)c2c(O)c3c(c(O)c2C1O)C(=O)c1c(O)ccc(O)c1C3=O,0.0011,ok
CCNC(=O)c1ccc2c3c(onc13)-c1ccccc1C2=O,0.0001,ok
Cc1cc(O)cc2c1C(=O)c1ccc(C3CC(N(C)C)C(O)C(C)O3)c(O)c1C2=O,0.0029,ok
CNc1cc(Nc2ccc(C)cc2)c2c3c(onc13)-c1ccccc1C2=O,0.003,ok
CC(C)CNc1cc(Cl)c2noc3c2c1C(=O)c1ccccc1-3,0.0044,ok
CC(C)Nc1cc(Br)c2noc3c2c1C(=O)c1ccccc1-3,0.0057,ok
CC(C)CNc1cc(NCCO)c2c3c(onc13)-c1ccccc1C2=O,0.0004,ok
O=C1c2ccccc2-c2onc3c(Br)cc(N4CCCCC4)c1c23,0.0011,ok
CC(C)Nc1cc2c(NC(C)C)onc2c2c1C(=O)c1ccccc1C2=O,0.0259,ok
CN(C)CCNc1cc(N2CCN(C(=O)c3ccco3)CC2)c2noc3c2c1C(=O)c1ccccc1-3,0.0066,ok
CC(C)Nc1cc(N2CCN(Cc3ccc4c(c3)OCO4)CC2)c2noc3c2c1C(=O)c1ccccc1-3,0.0024,ok
O=C1c2ccccc2C(=O)c2c1ccc(C(=O)N1CCN(c3ccccn3)CC1)c2NCCO,0.0363,ok
COc1c(CBr)c(CBr)c(OC)c2c1C(=O)c1ccccc1C2=O,0.016,ok
O=C1c2ccccc2-c2onc3c(Cl)cc(O)c1c23,0.0,ok
O=C(CCl)Nc1ccc2c(c1)C(=O)c1ccc(NC(=O)CCl)cc1C2=O,0.0014,ok
O=C(O)c1ccc2c(c1NCCO)C(=O)c1ccccc1C2=O,0.0171,ok
O=C(O)CN1C(=O)C(=Cc2ccc(-c3cccc4c3C(=O)c3ccccc3C4=O)o2)SC1=S,,no_quinone_ring_found
O=C1c2cccc(N3CCCCC3)c2C(=O)c2cccc(Cl)c21,0.1099,ok
COC(=O)c1cc(Nc2ccc(O)c3c2C(=O)c2c([N+](=O)[O-])ccc(O)c2C3=O)cc(C(=O)OC)c1,0.0574,ok
CNc1ccc(Cl)c2c1C(=O)c1ccccc1C2=O,0.0665,ok
CNc1ccc(OC)c2c1C(=O)c1ccccc1C2=O,0.0635,ok
CCNc1cc(N(C)C)c2noc3c2c1C(=O)c1ccccc1-3,0.0024,ok
O=C1c2ccccc2C(=O)c2cc3c(cc21)CCCC3,0.0007,ok
Cc1c(C(=O)O)c(O)cc2c1C(=O)c1c(O)c(OC3OC(CO)C(O)C(O)C3O)c(O)c(O)c1C2=O,0.0552,ok
O=C1c2ccccc2C(=O)c2c([N+](=O)[O-])ccc(Cl)c21,0.0694,ok
O=C1c2ccccc2C(=O)c2c1cc1ccccc1c2O,0.0,ok
O=C1c2ccccc2C(=O)c2c1cccc2-c1ccccc1,0.0,ok
O=C1c2ccccc2C(=O)c2c(-c3ccccc3)ccc(-c3ccccc3)c21,0.0838,ok
O=C1c2ccccc2C(=O)c2c(O)c(Cc3ccccc3)cc(O)c21,0.0014,ok
O=C1c2ccccc2-c2onc3ccc(Nc4ccccc4)c1c23,0.0035,ok
Cc1cc2c(cc1C)C(=O)c1cc(C)c(C)cc1C2=O,0.0,ok
Nc1c(Cl)cc2c(c1Cl)C(=O)c1ccccc1C2=O,0.0207,ok
O=C1c2ccccc2C(=O)c2cc(S(=O)(=O)NCc3cccnc3)ccc21,0.0074,ok
O=C1c2ccccc2-c2onc3ccc(Cl)c1c23,0.0,ok
O=C1c2ccccc2-c2onc3ccc(N4CCOCC4)c1c23,0.0004,ok
O=C(Nc1ccccc1)c1ccc2c3c(onc13)-c1ccccc1C2=O,0.0,ok
O=C1c2ccccc2-c2onc3c(Br)cc(Br)c1c23,0.0,ok
CCCCOC(=O)c1ccc2c3c(onc13)-c1ccccc1C2=O,0.0,ok
O=C(O)c1ccc(C(=O)O)c2c1C(=O)c1ccccc1C2=O,0.0348,ok
O=C(Nc1cccc2c1C(=O)c1ccccc1C2=O)c1ccccc1Cl,0.0045,ok
Nc1cc2c(cc1[N+](=O)[O-])C(=O)c1ccccc1C2=O,0.0046,ok
O=C1c2ccccc2C(=O)c2c(NCC(O)CO)cccc21,0.0224,ok
O=C1c2ccccc2C(=O)c2c(NCc3ccccc3)cccc21,0.0264,ok
O=c1c2ccccc2c(=O)c2c1c(O)cc1oc3ccccc3[nH]c12,0.0253,ok
CC(=O)Oc1ccc(O)c2c1C(=O)c1ccccc1C2=O,0.0215,ok
O=C(O)c1ccc2c(c1O)C(=O)c1ccccc1C2=O,0.0005,ok
COc1cc2c(cc1OC)C(=O)c1ccccc1C2=O,0.0,ok
O=C1c2ccccc2C(=O)c2c(O)c(Cl)c(Cl)c(O)c21,0.0,ok
COc1ccc2c(c1OC(C)=O)C(=O)c1ccccc1C2=O,0.0154,ok
CC(C)(C)c1cccc2c1C(=O)c1ccccc1C2=O,0.0004,ok
COc1ccc(OC)c2c1C(=O)c1c(OC)ccc(OC)c1C2=O,0.1474,ok
COC(=O)C(C(=O)OC)c1cc(Br)c2noc3c2c1C(=O)c1ccccc1-3,0.0032,ok
O=C1c2ccccc2C(=O)c2cc(S(=O)(=O)Nc3cccc4cccnc34)ccc21,0.0094,ok
O=C(O)CCCNc1cc(N2CCC3(CC2)OCCO3)c2noc3c2c1C(=O)c1ccccc1-3,0.0042,ok
O=C(NC(=S)Nc1ccc2c(c1)C(=O)c1ccccc1C2=O)c1ccc(F)cc1,0.0004,ok
CCCCOc1cc(Br)c2noc3c2c1C(=O)c1ccccc1-3,0.0028,ok
O=C1c2ccccc2C(=O)c2c1ccc1c(=O)n(-c3ccc(Cl)cc3)sc21,0.0,ok
CCN(CC)CCC(=O)Nc1ccc(O)c2c1C(=O)c1c(O)ccc(O)c1C2=O,0.0,ok
O=C1c2ccccc2-c2onc3ccc(NCCCN4CCNC4)c1c23,0.0056,ok
CCN(CC)CCC(=O)Nc1ccc(NC(=O)CCN(CC)CC)c2c1C(=O)c1c(O)ccc(O)c1C2=O,0.0011,ok
CC(=O)C1(O)Cc2c3c(c(O)c(O)c2C(OC2CC(N)C(O)C(C)O2)C1)C(=O)c1ccccc1C3=O,0.0155,ok
O=C(OCCCCCCN1CCOCC1)c1cc(O)c2c(c1)C(=O)c1cccc(O)c1C2=O,0.0001,ok
O=C(OCCCCN1CCN(CCO)CC1)c1cc(O)c2c(c1)C(=O)c1cccc(O)c1C2=O,0.0003,ok
O=C(OCCCCCN1CCN(CCO)CC1)c1cc(O)c2c(c1)C(=O)c1cccc(O)c1C2=O,0.0004,ok
CCN(CC)CCCOC(=O)c1cc(O)c2c(c1)C(=O)c1cccc(O)c1C2=O,0.0009,ok
O=C(OCCCCCCN1CCN(CCO)CC1)c1cc(O)c2c(c1)C(=O)c1cccc(O)c1C2=O,0.0017,ok
CN1CCN(CCCCCCOC(=O)c2cc(O)c3c(c2)C(=O)c2cccc(O)c2C3=O)CC1,0.0005,ok
CCN(CC)CCCCCCOC(=O)c1cc(O)c2c(c1)C(=O)c1cccc(O)c1C2=O,0.0003,ok
O=C(OCCCN1CCCCC1)c1cc(O)c2c(c1)C(=O)c1cccc(O)c1C2=O,0.0016,ok
CCN1CCN(CCCCCOC(=O)c2cc(O)c3c(c2)C(=O)c2cccc(O)c2C3=O)CC1,0.0003,ok
O=C(OCCCN1CCN(CCO)CC1)c1cc(O)c2c(c1)C(=O)c1cccc(O)c1C2=O,0.0061,ok
O=C1c2ccccc2C(=O)c2c1ccc1c3ccccc3n(Cc3ccccc3)c21,0.0601,ok
Cc1ccc2c(c1Nc1ccccc1)C(=O)c1ccccc1C2=O,0.0253,ok
Cc1ccc2c(c1[N+](=O)[O-])C(=O)c1cccc([N+](=O)[O-])c1C2=O,0.0638,ok
O=C(O)c1ccccc1Nc1cccc2c1C(=O)c1ccccc1C2=O,0.0018,ok
CC(=O)OCc1c(O)cc2c(c1O)C(=O)c1ccccc1C2=O,0.0,ok
COc1cccc2c1C(=O)c1ccc3cc(CO)cc(O)c3c1C2=O,0.0979,ok
Nc1cccc2c1C(=O)c1c(NCCNCCO)ccc(NCCNCCO)c1C2=O,0.0533,ok
O=C1c2ccccc2C(=O)c2c(O)c(NCCNCCO)cc(O)c21,0.035,ok
O=C1c2c(O)ccc(O)c2C(=O)c2c(NCCCCO)ccc(NCCCCO)c21,0.0172,ok
CCOC1CC(C)(O)Cc2cc3c(c(O)c21)C(=O)c1c(O)cc2c(c1C3=O)OC1OC2(C)C(O)C(N(C)C)C1O,0.0321,ok
CC(O)CNCCNc1ccc(NCCNCC(C)O)c2c1C(=O)c1c(O)ccc(O)c1C2=O,0.0165,ok
CC(=CCOc1cc(O)c2c(c1)C(=O)c1cc(C)cc(O)c1C2=O)CCC1OC1(C)C,0.0007,ok
O=C1c2c(O)c(O)c(O)c(Br)c2C(=O)c2c(O)c(O)c(O)c(Br)c21,0.1357,ok
CC1OC(OC2CC(O)(C(=O)CF)Cc3c(O)c4c(c(O)c32)C(=O)c2ccccc2C4=O)CC(N)C1O,0.0171,ok
O=C1c2ccccc2C(=O)c2c(Br)ccc(O)c21,0.0,ok
COc1cc2c(c(OC)c1C)C(=O)c1ccccc1C2=O,0.0167,ok
CC(=O)Oc1c2c(c(OC(C)=O)c3c1C(=O)c1ccccc1C3=O)CCC(C(C)O)=C2,0.0532,ok
O=C1c2ccccc2C(=O)c2c(O)cc(Br)cc21,0.0,ok
CNc1cccc2c1C(=O)c1cccc(NC)c1C2=O,0.0569,ok
COCCNc1ccc(NCCOC)c2c1C(=O)c1ccccc1C2=O,0.0507,ok
COC(=O)CCNc1ccc(O)c2c1C(=O)c1ccccc1C2=O,0.0102,ok
O=C1c2ccccc2C(=O)c2cc(F)c(F)cc21,0.0,ok
COc1cc2c(c(OC)c1CO)C(=O)c1ccccc1C2=O,0.0193,ok
O=C1c2ccc(F)cc2C(=O)c2ccc(F)cc21,0.0,ok
Cc1ccc(Nc2ccc(Nc3ccc(C)cc3C)c3c2C(=O)c2ccccc2C3=O)c(C)c1,0.022,ok
Cc1ccc(Nc2ccc(O)c3c2C(=O)c2ccccc2C3=O)c(S(=O)(=O)O)c1,0.0167,ok
O=C1c2ccccc2C(=O)c2c1ccc1c(=O)c3c(ccc4ccccc43)[nH]c21,0.0,ok
O=C(Nc1cc2c(=O)c3ccc(C(F)(F)F)cc3[nH]c2c2c1C(=O)c1ccccc1C2=O)c1ccccc1,0.0066,ok
O=C(Nc1ccc(O)c2c1C(=O)c1c(O)ccc(NC(=O)c3ccccc3)c1C2=O)c1ccccc1,0.1064,ok
Cc1cccc(C)c1Nc1ccc(Nc2c(C)cccc2C)c2c1C(=O)c1cc(Cl)c(Cl)cc1C2=O,0.0202,ok
Cc1ccc(Nc2ccc(NCCCN(C)C)c3c2C(=O)c2ccccc2C3=O)cc1,0.0236,ok
CNc1ccc(Nc2ccc(OC)cc2)c2c1C(=O)c1ccccc1C2=O,0.0244,ok
COc1cc2c(c(OC)c1O)C(=O)c1ccc(C)c(O)c1C2=O,0.0087,ok
COc1cc2c(c(OC)c1O)C(=O)c1cc(C)ccc1C2=O,0.0313,ok
COc1cc2c(cc1OC)C(=O)c1c(O)cc(O)cc1C2=O,0.0,ok
COc1cc2c(c(OC)c1O)C(=O)c1cc(C(=O)O)ccc1C2=O,0.0322,ok
CCCCc1ccc(Nc2cccc3c2C(=O)c2cccc(Nc4ccc(CCCC)cc4)c2C3=O)cc1,0.0275,ok
CCOCc1c(O)cc2c(c1O)C(=O)c1ccc(OC)cc1C2=O,0.0005,ok
COc1cc2c(c(OC)c1O)C(=O)c1c(O)cc(C)cc1C2=O,0.087,ok
COCc1c(OC2OC(CO)C(O)C(O)C2O)cc2c(c1OC)C(=O)c1ccccc1C2=O,0.0229,ok
CC(=O)OCCNc1ccc2noc3c2c1C(=O)c1ccccc1-3,0.0066,ok
Nc1cccc2c1C(=O)c1c(Nc3ccccc3C(=O)O)cccc1C2=O,0.0264,ok
O=C1c2cc(O)cc(O)c2C(=O)c2c(O)cc(OC3OC(CO)C(O)C(O)C3O)cc21,0.0041,ok
COc1ccc2c(c1CN(C)C)C(=O)c1ccccc1C2=O,0.0718,ok
CC(C)(C)c1ccc(Sc2cc(O)c3c(c2N)C(=O)c2ccccc2C3=O)cc1,0.0301,ok
COc1c2c(c(O)c3c1C(OC1CC(N)C(O)C(C)O1)C(O)(C(=O)CO)CC3)C(=O)c1cccc(O)c1C2=O,0.0274,ok
Nc1c(S(=O)(=O)O)cc(C(=O)c2ccccc2)c2c1C(=O)c1ccccc1C2=O,0.0789,ok
COc1cc2c(cc1CC1CCCNC1)C(=O)c1ccccc1C2=O,0.0027,ok
O=C1c2c(O)ccc(O)c2C(=O)c2c(Nc3ccc(O)cc3)ccc(Nc3ccc(O)cc3)c21,0.0597,ok
CCCCNC(=O)C(=O)Nc1cccc2c1C(=O)c1ccccc1C2=O,0.0005,ok
O=C(NCc1ccccc1)C(=O)Nc1cccc2c1C(=O)c1ccccc1C2=O,0.0001,ok
CNC(=O)C(=O)Nc1ccc2c(c1)C(=O)c1ccccc1C2=O,0.0,ok
CC(C)NC(=O)C(=O)Nc1ccc2c(c1)C(=O)c1ccccc1C2=O,0.0001,ok
O=C(NCCO)C(=O)Nc1ccc2c(c1)C(=O)c1ccccc1C2=O,0.0,ok
O=C(NCc1ccccc1)C(=O)Nc1ccc2c(c1)C(=O)c1ccccc1C2=O,0.0005,ok
O=C(NCCO)C(=O)Nc1cccc2c1C(=O)c1ccccc1C2=O,0.0006,ok
COc1ccc2c(c1CN1CCOCC1)C(=O)c1ccccc1C2=O,0.0116,ok
CC1OC(OC2CC(O)(C(=O)CCl)Cc3c(O)c4c(c(O)c32)C(=O)c2c(O)cccc2C4=O)CC(N)C1O,0.0013,ok
CCC1(O)Cc2cc3c(c(O)c2C(OC2CC(N4CCOCC4)C(O)C(C)O2)C1)C(=O)c1c(O)cccc1C3=O,0.0018,ok
N#CCCN(CCC#N)c1ccc(NS(=O)(=O)c2ccc(O)c3c2C(=O)c2ccccc2C3=O)cc1,0.0697,ok
CC(=O)Nc1cccc2c(O)c3c(c(O)c12)C(=O)c1ccccc1C3=O,0.0,ok
CC(=O)Nc1cccc2c1C(=O)c1c(c(O)c3ccccc3c1O)C2=O,0.0002,ok
CCC1(O)Cc2cc3c(cc2C(OC2COC(C)C(O)C2N)C1)C(=O)c1ccccc1C3=O,0.0047,ok
CC(=O)NC1CC(OC2CC(O)(C(C)=O)Cc3c(O)c4c(c(O)c32)C(=O)c2c(O)cccc2C4=O)OC(C)C1O,0.0033,ok
Cc1ccc2c(c1)C(=O)c1c(ccc3ccccc13)C2=O,0.0029,ok
O=C(CCl)Nc1cc2c(cc1Cl)C(=O)c1ccccc1C2=O,0.0052,ok
CC(C)(C)C(=O)Nc1cccc2c1C(=O)c1ccccc1C2=O,0.0,ok
COc1cccc2c1C(=O)c1c(O)c3c(c(O)c1C2=O)CC(O)(C(C)O)CC3O,0.0083,ok
COc1cccc(Oc2cccc3c2C(=O)c2ccccc2C3=O)c1,0.0146,ok
COC(C)CCn1c(=N)c2c(N)c3c(=O)c4ccccc4c(=O)c3c(N)c2c1=O,0.0399,ok
Nc1c(C=NN=Cc2ccc3c(c2N)C(=O)c2ccccc2C3=O)ccc2c1C(=O)c1ccccc1C2=O,0.0318,ok
Nc1c(Cl)c2[nH]c3c([nH]c2c2c(=O)c4ccccc4c(=O)c12)c(Cl)c(N)c1c(=O)c2ccccc2c(=O)c13,0.0447,ok
CCOCCn1c(=N)c2c(N)c3c(=O)c4ccccc4c(=O)c3c(N)c2c1=O,0.0647,ok
Nc1ccc(NCCO)c2c1C(=O)c1c(O)ccc(O)c1C2=O,0.0485,ok
CN(C)c1ccc(O)c2c1C(=O)c1c(O)ccc(N(C)C)c1C2=O,0.1005,ok
COC(=O)c1cc(Nc2ccc(C)cc2)c2c(c1N)C(=O)c1ccccc1C2=O,0.0504,ok
Cc1ccc(S(=O)(=O)Oc2ccc(Nc3cc(S(=O)(=O)O)c(N)c4c3C(=O)c3ccccc3C4=O)cc2)cc1,0.0269,ok
CC(=O)c1cc(Nc2nc(NC(C)C)nc(-c3ccccc3)n2)c2c(c1N)C(=O)c1ccccc1C2=O,0.0361,ok
COCCOC(=O)CCNc1ccc(O)c2c1C(=O)c1c(O)ccc(NCCC(=O)OCCOC)c1C2=O,0.0087,ok
CN(C)Cc1cccc(Nc2ccc(N)c3c2C(=O)c2ccccc2C3=O)c1,0.0243,ok
CCOCCCNS(=O)(=O)c1ccc(Sc2cc(O)c3c(c2N)C(=O)c2ccccc2C3=O)cc1,0.0299,ok
O=C(Nc1ccc(O)c2c1C(=O)c1c(O)ccc(NC(=O)c3ccccc3Cl)c1C2=O)c1ccccc1Cl,0.0627,ok
Nc1ccc(O)c2c1C(=O)c1c(NCO)ccc(O)c1C2=O,0.0127,ok
CCCCC(CC)CNc1ccc(NC)c2c1C(=O)c1ccccc1C2=O,0.0614,ok
CNc1ccc(O)c2c1C(=O)c1c(O)ccc(N(C)C)c1C2=O,0.1201,ok
O=C1c2c(O)ccc(Nc3ccc(C(CO)CO)cc3)c2C(=O)c2c([N+](=O)[O-])ccc(O)c21,0.0571,ok
Nc1ccc(Nc2cc(S(=O)(=O)O)c(N)c3c2C(=O)c2ccccc2C3=O)c(S(=O)(=O)O)c1,0.0279,ok
CNc1ccc(NCCCN(C)C)c2c1C(=O)c1ccccc1C2=O,0.0165,ok
O=C1c2ccccc2C(=O)c2c(SBr)cccc21,0.0148,ok
Cc1c(N)c(C)c(S(=O)(=O)O)c(C)c1Nc1cc(S(=O)(=O)O)c(N)c2c1C(=O)c1ccccc1C2=O,0.105,ok
Cc1c(N)cc(S(=O)(=O)O)cc1Nc1cc(S(=O)(=O)O)c(N)c2c1C(=O)c1ccccc1C2=O,0.0087,ok
CCOc1ccc(Nc2c(C(=O)O)ccc3c2C(=O)c2ccccc2C3=O)cc1,0.0198,ok
Nc1ccc(O)c2c1C(=O)c1c([N+](=O)[O-])ccc(O)c1C2=O,0.0639,ok
Cc1ccc(Nc2cc(Cl)c(N)c3c2C(=O)c2ccccc2C3=O)cc1,0.0298,ok
Cc1cccc(C(=O)Nc2cc3c(=O)c4ccccc4[nH]c3c3c2C(=O)c2ccccc2C3=O)c1,0.0067,ok
O=C(Nc1ccc(O)c2c1C(=O)c1c(O)ccc(NC(=O)c3ccc(Cl)cc3)c1C2=O)c1ccc(Cl)cc1,0.1065,ok
CCN(CC)CCCNC(=O)c1ccc(NC(=O)c2ccc3c(c2)C(=O)c2ccccc2C3=O)cc1,0.0077,ok
O=C(O)CCCOc1ccc2c(c1)C(=O)c1ccc(OCCCC(=O)O)cc1C2=O,0.0005,ok
COc1c2c(c(OC)c3[nH]ccc13)C(=O)c1ccccc1C2=O,0.0746,ok
CC(O)CCCC(O)c1c(O)cc2c(c1O)C(=O)c1c(O)cc(O)cc1C2=O,0.0021,ok
O=C1c2cc(O)cc(O)c2C(=O)c2c1cc1c(c2O)C(CCO)C(O)O1,0.0003,ok
CCC1(O)CC(OC2CC(N)C(O)C(C)O2)c2c(O)c3c(c(O)c2C1C(=O)O)C(=O)c1cccc(OC)c1C3=O,0.022,ok
O=C1c2cccc(O)c2C(=O)c2c(O)c3c(c(O)c21)CC(O)(C(O)CO)CC3,0.0014,ok
Cc1c(C(=O)O)c(O)cc2c1C(=O)c1c(O)c(C3OC(CO)C(O)C(=O)C3O)c(O)c(O)c1C2=O,0.0051,ok
CCC1(O)CC(OC2CC([NH3+])C(O)C(C)O2)c2c(O)c3c(c(O)c2C1C(=O)[O-])C(=O)c1cccc(OC)c1C3=O,0.098,ok
COc1cc(OC2OC(CO)C(O)C(O)C2O)c2c(c1O)C(=O)c1cc(O)c(C)c(O)c1C2=O,0.0524,ok
Nc1c(S(=O)(=O)O)cc2c(c1O)C(=O)c1ccccc1C2=O,0.0036,ok
NC(Cc1ccc2c(c1)C(=O)c1ccccc1C2=O)C(=O)O,0.005,ok
COc1cc(O)c2c(c1)C(=O)c1cccc(OC)c1C2=O,0.0001,ok
O=C1c2ccccc2C(=O)c2c1ccc(C(=O)O)c2-c1cccc2ccccc12,0.0195,ok
COc1cc(O)c2c(c1)C(=O)c1cccc(O)c1C2=O,0.0,ok
CCC1(O)CC(OC2CC(N(C)C)C(O)C(C)O2)c2c(cc3c(c2O)C(=O)c2c(O)cccc2C3=O)C1O,0.0051,ok
O=C1c2ccccc2C(=O)c2c(Nc3ccccc3)cc(S(=O)(=O)O)cc21,0.0154,ok
Cc1ccc2c(c1)C(=O)c1c(NCCN(C)C)ccc(NCCN(C)C)c1C2=O,0.0621,ok
COC(=O)C=C(C)C12OC13c1cc(O)c4c(c1NC2C#CC=CC#CC3O)C(=O)c1ccccc1C4=O,0.0667,ok
O=C1c2c(O)ccc(O)c2C(=O)c2c(NCCN3CCNCC3)ccc(NCCN3CCNCC3)c21,0.0169,ok
CCC12OC1Cc1c(O)c3c(c(O)c1C2C(=O)OC)C(=O)c1cccc(O)c1C3=O,0.0056,ok
O=C(CNCCO)Nc1ccc(NC(=O)CNCCO)c2c1C(=O)c1ccccc1C2=O,0.0054,ok
CNCC(=O)Nc1ccc(NC(=O)CNC)c2c1C(=O)c1ccccc1C2=O,0.0014,ok
CN(C)CC(=O)Nc1ccc(NC(=O)CN(C)C)c2c1C(=O)c1ccccc1C2=O,0.0141,ok
COc1cccc2c1C(=O)c1c(O)cc(CN(CCO)CCO)cc1C2=O,0.0114,ok
CCC1=CCc2c(O)c3c(c(O)c2C1C(=O)OC)C(=O)c1cccc(O)c1C3=O,0.0014,ok
CN(C)CCCCNc1ccc(NCCCCN(C)C)c2c1C(=O)c1ccccc1C2=O,0.0171,ok
CN(C)CCCCCNc1ccc(NCCCCCN(C)C)c2c1C(=O)c1ccccc1C2=O,0.0175,ok
CCC1CCc2c(O)c3c(c(O)c2C1C(=O)OC)C(=O)c1cccc(O)c1C3=O,0.0081,ok
CCN(CC)CCNC(=O)c1ccc2c(c1O)C(=O)c1ccccc1C2=O,0.0023,ok
CN(C)CCCNC(=O)c1ccc2c(c1O)C(=O)c1ccccc1C2=O,0.0055,ok
CCN(CC)CCCC(C)NC(=O)Cc1cc(O)c2c(c1O)C(=O)c1ccccc1C2=O,0.0147,ok
CCN(CC)CCCNC(=O)c1ccc2c(c1O)C(=O)c1ccccc1C2=O,0.0003,ok
CCN(CC)CCNC(=O)c1ccc2c(c1)C(=O)c1ccccc1C2=O,0.0064,ok
CCN(CC)CCCC(C)NC(=O)c1ccc2c(c1)C(=O)c1ccccc1C2=O,0.0045,ok
O=C1c2c(O)ccc(O)c2C(=O)c2c(NCCN3CC3)ccc(NCCN3CC3)c21,0.031,ok
COc1cccc2c1C(=O)c1c(O)c3c(c(O)c1C2=O)CC(O)(C(C)=O)CC3OC1CC(N)C(OC)C(C)O1,0.0141,ok
O=C1c2ccccc2C(=O)c2c(NCCc3ccccn3)ccc(NCCc3ccccn3)c21,0.0706,ok
CN(C)CCNc1ccc(NCCN(C)C)c2c1C(=O)c1cc(Cl)c(Cl)cc1C2=O,0.0695,ok
CN(CCNc1ccc(NCCN(C)c2ccccc2)c2c1C(=O)c1c(O)ccc(O)c1C2=O)c1ccccc1,0.0138,ok
CC(C)N(CCNc1ccc(NCCN(C(C)C)C(C)C)c2c1C(=O)c1c(O)ccc(O)c1C2=O)C(C)C,0.0178,ok
CN(C)CCCCCNc1ccc(NCCCCCN(C)C)c2c1C(=O)c1c(O)ccc(O)c1C2=O,0.071,ok
CN(C)CCCNC(=O)Cc1cc(O)c2c(c1O)C(=O)c1ccccc1C2=O,0.0019,ok
CN(C)CCNc1ccc(NCCN(C)C)c2c1C(=O)c1ccc(C(=O)O)cc1C2=O,0.0165,ok
CCN(CC)CCCNC(=O)Cc1cc(O)c2c(c1O)C(=O)c1ccccc1C2=O,0.0044,ok
O=c1c2ccccc2c(=O)c2c1ccc1[nH]c3ccccc3n(-c3ccccc3)c12,0.1088,ok
Cc1ccc(Nc2cccc3c2C(=O)c2cccc(Nc4ccc(C)c(S(=O)(=O)O)c4)c2C3=O)cc1S(=O)(=O)O,0.0066,ok
COc1cccc2c1C(=O)c1c(O)c3c(c(O)c1C2=O)CC(O)(C(=O)CO)CC3OC1CC(O)C(N)C(C)O1,0.0833,ok
O=c1c2ccccc2c(=O)c2c1ccc1[nH]c3ccccc3sc12,0.0,ok
O=C1c2ccccc2C(=O)c2cc(NC(=O)C(F)(F)F)ccc21,0.0,ok
Cc1cc(C)c2c(c1)C(=O)c1c(O)ccc(O)c1C2=O,0.0006,ok
O=C1c2ccccc2C(=O)c2c(Nc3cccc(S(=O)(=O)N(CCO)CCO)c3)ccc(O)c21,0.0253,ok
CCN(CC)CCOc1cccc2c1C(=O)c1cccc(OCCN(CC)CC)c1C2=O,0.0649,ok
O=C1c2ccc(S(=O)(=O)O)cc2C(=O)c2c(Nc3ccccc3)ccc(Nc3ccc(S(=O)(=O)O)cc3)c21,0.0119,ok
CCCCS(=O)(=O)c1ccc(Oc2cc(O)c3c(c2N)C(=O)c2ccccc2C3=O)cc1,0.03,ok
O=C1c2ccccc2C(=O)c2c(NCCNCCO)ccc(NCCO)c21,0.0154,ok
CC(C)(CO)NCCNc1ccc(NCCNCCO)c2c1C(=O)c1ccccc1C2=O,0.0473,ok
CN(C)CCNc1ccc(NCCNCCO)c2c1C(=O)c1ccccc1C2=O,0.056,ok
COc1c2c(c(O)c3c1C(=O)c1c(cc(O)c(C)c1O)C3=O)-c1c(cc3c(c1O)C(=O)OC3OC(C)C)CC2,0.0163,ok
COc1c2c(c(O)c3c1C(=O)c1c(O)c(C)c(O)c(C)c1C3=O)-c1c(cc3c(c1O)C(=O)OC3)CC2,0.0787,ok
CCCOC1OC(=O)c2c1cc1c(c2O)-c2c(O)c3c(c(OC)c2CC1)C(=O)c1c(cc(O)c(C)c1O)C3=O,,no_quinone_ring_found
COc1c2c(c(O)c3c1C(=O)c1c(cc(O)c(C)c1O)C3=O)-c1c(cc3c(c1O)C(=O)OC3)CC2,0.0171,ok
COc1c2c(c(O)c3c1C(=O)c1c(cc(O)c(C)c1O)C3=O)-c1c(cc3c(c1O)C(=O)OC3OC)CC2,0.0151,ok
COc1c2c(c(O)c3c1C(=O)c1c(cc(O)c(C)c1O)C3=O)-c1c(cc3c(c1O)C(=O)OC3NC(N)=O)CC2,0.0095,ok
Cc1ccc(Nc2cc(N(C)C)c3noc4c3c2C(=O)c2ccccc2-4)cc1,0.0038,ok
Nc1c(C=Nc2ccccc2)ccc2c1C(=O)c1ccccc1C2=O,0.0249,ok
COc1ccc(Nc2cc(N3CCCC3)c3noc4c3c2C(=O)c2ccccc2-4)cc1,0.0033,ok
Cc1ccc(Nc2cc(N3CCN(C)CC3)c3noc4c3c2C(=O)c2ccccc2-4)cc1,0.0033,ok
O=C1c2ccccc2C(=O)c2cc(S(=O)(=O)Nc3cccc(C(F)(F)F)c3)ccc21,0.0083,ok
O=C(Oc1ccc2c(c1OC(=O)c1ccccc1)C(=O)c1ccccc1C2=O)c1ccccc1,0.0093,ok
O=C1c2ccccc2C(=O)c2c1ccc1c(=O)n(-c3ccc(Cl)cc3)[nH]c21,0.0291,ok
Cc1cc(O)c2c(c1)C(=O)c1cc(O)c(CN3CCOCC3)c(O)c1C2=O,0.0006,ok
CN1CCN(c2cc(Nc3cccc(F)c3)c3c4c(onc24)-c2ccccc2C3=O)CC1,0.0035,ok
CN1CCN(c2cc(Nc3ccc(F)cc3)c3c4c(onc24)-c2ccccc2C3=O)CC1,0.0094,ok
O=C1c2ccccc2C(=O)c2cc(S(=O)(=O)NC3CCC3)ccc21,0.0056,ok
O=C1c2ccccc2C(=O)c2cc(S(=O)(=O)Nc3ccccc3F)ccc21,0.0067,ok
O=C1c2ccccc2C(=O)c2c1cccc2S(=O)(=O)N1CCN(C(=O)C2CCCO2)CC1,0.08,ok
O=C1c2ccccc2C(=O)c2c(NC(=O)c3c(F)cccc3F)cccc21,0.0061,ok
CCCCNC(=O)c1cc(N)c2c(c1N)C(=O)c1ccccc1C2=O,0.0223,ok
Nc1c(S(=O)(=O)F)cc(Br)c2c1C(=O)c1ccccc1C2=O,0.0687,ok
CC(C(=O)OCC(=O)Nc1ccc(Cl)c2c1C(=O)c1ccccc1C2=O)N1C(=O)c2ccccc2C1=O,0.0349,ok
COCCCNS(=O)(=O)c1ccc(Oc2cc(O)c3c(c2O)C(=O)c2ccccc2C3=O)cc1,0.0002,ok
Nc1c(S(=O)(=O)O)cc(Nc2cccc(S(=O)(=O)C=CS(=O)(=O)O)c2)c2c1C(=O)c1ccccc1C2=O,0.0201,ok
