smiles,scaffold,heavy_atoms,mw,n_rotatable,n_rings,logp,cid,core
O=C1C=C(C2CCCCC2)c2ccccc2C1=O,O=C1C=C(C2CCCCC2)c2ccccc2C1=O,18,240.3,1,3,3.42,10444314,"1,2-benzoquinone"
CC(Sc1nnc(NC2CCCCC2)s1)C(=O)Nc1ccc2c(c1)C(=O)c1ccccc1C2=O,O=C(CSc1nnc(NC2CCCCC2)s1)Nc1ccc2c(c1)C(=O)c1ccccc1C2=O,34,492.63,6,5,5.18,3314137,"1,4-benzoquinone"
CCOC1=C(Cl)C(=O)C(Nc2ncnc3cc(OCCOC)c(OC)cc23)=CC1=O,O=C1C=CC(=O)C(Nc2ncnc3ccccc23)=C1,30,433.85,9,3,2.6,11683484,"1,4-benzoquinone"
CS(=O)(=O)Nc1cccc(C2=CC(=O)c3ccccc3C2=O)c1,O=C1C=C(c2ccccc2)C(=O)c2ccccc21,23,327.36,3,3,2.52,162664719,"1,4-naphthoquinone"
COC(=O)c1cc2cc3c(c(O)c2c(=O)o1)OC1(CC3)Cc2c(O)c3c(c(O)c2O1)C(=O)C(OC)=CC3=O,O=C1C=CC(=O)c2cc3c(cc21)CC1(CCc2cc4ccoc(=O)c4cc2O1)O3,38,522.42,2,6,2.26,5464075,"1,4-naphthoquinone"
O=C1C(c2ccccc2)=C(N2CCCC2)C(=O)c2ccccc21,O=C1C(c2ccccc2)=C(N2CCCC2)C(=O)c2ccccc21,23,303.36,2,4,3.57,60167990,"1,4-naphthoquinone"
O=C1C(=O)c2ccccc2C(O)=C1Cc1ccc(OCc2ccccc2F)cc1,O=C1C(=O)c2ccccc2C=C1Cc1ccc(OCc2ccccc2)cc1,29,388.39,5,4,4.68,24857862,"1,2-benzoquinone"
CCCCCCCCn1c2nc(=O)n(-c3ccccc3)c(=O)c-2cc2c1C(=O)C(=O)c1ccccc1-2,O=C1C(=O)c2[nH]c3nc(=O)n(-c4ccccc4)c(=O)c-3cc2-c2ccccc21,36,481.55,8,5,4.91,44377484,"1,2-benzoquinone"
CN1CCN(C2=C(NS(=O)(=O)c3cccs3)C(=O)c3ccccc3C2=O)CC1,O=C1C(NS(=O)(=O)c2cccs2)=C(N2CCNCC2)C(=O)c2ccccc21,28,417.51,4,4,1.56,3519010,"1,4-naphthoquinone"
CC(C)C1=Cc2ccc3c(c2C(=O)C1=O)NCCCC3(C)C,O=C1C=Cc2ccc3c(c2C1=O)NCCCC3,22,297.4,1,3,3.97,14887886,"1,2-benzoquinone"
O=C(C=Cc1ccc(C=Nc2ccccc2)cc1)c1cccc2c1C(=O)c1ccccc1C2=O,O=C(C=Cc1ccc(C=Nc2ccccc2)cc1)c1cccc2c1C(=O)c1ccccc1C2=O,34,441.49,5,5,6.11,72947255,anthraquinone
O=C(Cc1ccccc1)Oc1cccc2c1C(=O)c1cccc(OC(=O)Cc3ccccc3)c1C2=O,O=C(Cc1ccccc1)Oc1cccc2c1C(=O)c1cccc(OC(=O)Cc3ccccc3)c1C2=O,36,476.48,6,5,4.76,10896062,"1,4-naphthoquinone"
CCN(CC)CCN1C(=O)NC2(CSC3=C2C(=O)c2ccccc2C3=O)C1=O,O=C1NC(=O)C2(CSC3=C2C(=O)c2ccccc2C3=O)N1,28,399.47,5,4,1.7,11373943,"1,4-benzoquinone"
CC1(C)C(=O)C=CC2(C)C1=C(O)C(=O)C1(C)C2CCC2(C)C(c3ccoc3)CC3OC321,O=C1C=CC2C(=CC(=O)C3C2CCC2C(c4ccoc4)CC4OC423)C1,31,422.52,1,6,4.89,117593804,"1,2-naphthoquinone"
CC1(C)CCC(C)(C)C2=CC(=O)C(=O)C=C21,O=C1C=C2CCCCC2=CC1=O,16,218.3,0,2,2.84,13807275,"1,2-benzoquinone"
Cc1c2c(cc3c1C(=O)C(=O)C1=C3OCC1C)C(C)(C)CCC2,O=C1C(=O)c2cc3c(cc2C2=C1CCO2)CCCC3,23,310.39,0,4,3.75,366408,"1,2-benzoquinone"
O=c1cc2c3cccc4cc5ccccc5c(c5cccc(c1=O)c25)c43,O=c1cc2c3cccc4cc5ccccc5c(c5cccc(c1=O)c25)c43,26,332.36,0,6,5.05,129672063,"1,2-benzoquinone"
O=C(Nc1ccc2c(c1)C(=O)c1ccccc1C2=O)c1cccc([N+](=O)[O-])c1,O=C(Nc1ccc2c(c1)C(=O)c1ccccc1C2=O)c1ccccc1,28,372.34,3,4,3.62,2844787,anthraquinone
O=C1C=C(NS(=O)(=O)c2cccs2)C(=O)c2ccccc21,O=C1C=C(NS(=O)(=O)c2cccs2)C(=O)c2ccccc21,21,319.36,3,3,1.99,56973480,"1,4-naphthoquinone"
CC(C)(C)c1ccc(OCC(O)CN2CCC3(CC2)CSC2=C(O3)c3ccccc3C(=O)C2=O)cc1,O=C1C(=O)c2ccccc2C2=C1SCC1(CCN(CCCOc3ccccc3)CC1)O2,36,507.65,5,5,4.46,23624591,"1,2-naphthoquinone"
COc1cc(O)c2c(c1)C(=O)c1cc(O)c(C(C)C)cc1C2=O,O=C1c2ccccc2C(=O)c2ccccc21,23,312.32,2,3,3.01,134155573,anthraquinone
CC(=O)C1=C(O)c2ccoc2C(=O)C1=O,O=C1C=Cc2ccoc2C1=O,15,206.15,1,2,0.9,14035362,"1,2-benzoquinone"
Cc1c(OC2OC(COC3OCC(O)C(O)C3O)C(O)C(O)C2O)cc2c(c1O)C(=O)c1ccccc1C2=O,O=C1c2ccccc2C(=O)c2cc(OC3CCCC(COC4CCCCO4)O3)ccc21,39,548.5,5,5,-1.88,213463,"1,4-benzoquinone"
COc1cc2c(c(OC)c1O)C(=O)c1ccc(CO)c(O)c1C2=O,O=C1c2ccccc2C(=O)c2ccccc21,24,330.29,3,3,1.38,10616395,anthraquinone
COc1cc2c(c3c1OCO3)C(=O)c1c(ccc(C)c1O)C2=O,O=C1c2ccccc2C(=O)c2c1ccc1c2OCO1,23,312.28,1,4,2.21,129713930,anthraquinone
O=C1c2ccccc2C(=O)c2c(NCCN3CCOCC3)ccc(NCCNCCO)c21,O=C1c2ccccc2C(=O)c2c(NCCN3CCOCC3)cccc21,32,438.53,10,4,1.2,438051,anthraquinone
CN(C)c1cccc(OC(=O)CCCCOC2=CC(=O)C(=O)c3ccccc32)c1,O=C(CCCCOC1=CC(=O)C(=O)c2ccccc21)Oc1ccccc1,29,393.44,8,3,3.65,9800719,"1,2-naphthoquinone"
O=C1C=C(OCc2cccc(NC(=O)C(F)(F)F)c2)c2ccccc2C1=O,O=C1C=C(OCc2ccccc2)c2ccccc2C1=O,27,375.3,4,3,3.51,58930717,"1,2-benzoquinone"
CC(C)=CCC1=C(Cl)C(=O)c2c(O)ccc(O)c2C1=O,O=C1C=CC(=O)c2ccccc21,20,292.72,2,2,3.33,155118724,"1,4-benzoquinone"
CN(C)c1nsc2c1C(=O)c1ccccc1C2=O,O=C1c2ccccc2C(=O)c2sncc21,18,258.3,1,3,1.98,134821683,"1,4-benzoquinone"
COc1c(N)c(C)c2c3c(C)c(c(=O)oc13)C(=O)C2=O,O=C1C(=O)c2cccc3oc(=O)c1cc23,20,273.24,1,3,1.38,20555709,"1,2-naphthoquinone"
Cc1c(-c2c(C)c(O)c3ccccc3c2O)oc2c1C(=O)C(=O)c1c-2ccc2c1CCCC2(C)C,O=C1C(=O)c2c(ccc3c2CCCC3)-c2oc(-c3ccc4ccccc4c3)cc21,35,466.53,1,6,6.79,145982459,"1,2-benzoquinone"
O=C1C(=O)c2ccoc2-c2ccccc21,O=C1C(=O)c2ccoc2-c2ccccc21,15,198.18,0,3,2.33,598522,"1,2-benzoquinone"
O=C(OCCCCCCN1CCCCC1)c1cc(O)c2c(c1)C(=O)c1cccc(O)c1C2=O,O=C(OCCCCCCN1CCCCC1)c1ccc2c(c1)C(=O)c1ccccc1C2=O,33,451.52,8,4,4.08,137643386,anthraquinone
CC(C)c1nc2c3c(ccc2[nH]1)C(=O)c1ccccc1C3=O,O=C1c2ccccc2C(=O)c2c1ccc1[nH]cnc21,22,290.32,1,4,3.46,44251144,anthraquinone
O=c1c(=O)c2c3ccccc3c3c4ccccc4c4ccc5ccc6ccc1c1c6c5c4c3c21,O=c1c(=O)c2c3ccccc3c3c4ccccc4c4ccc5ccc6ccc1c1c6c5c4c3c21,34,430.46,0,9,7.38,129634948,"1,2-naphthoquinone"
CCOC(=O)COC1=C(CCCCC2CCCCC2)C(=O)c2ccccc2C1=O,O=C1C=C(CCCCC2CCCCC2)C(=O)c2ccccc21,29,398.5,9,3,5.04,4578321,"1,4-benzoquinone"
COc1ccc(Cn2nnc3c2C(=O)c2cnncc2C3=O)cc1,O=C1c2cnncc2C(=O)c2c1nnn2Cc1ccccc1,24,321.3,3,4,0.9,21072872,"1,4-benzoquinone"
CCOC1OC(=O)c2c1cc1c(c2O)-c2c(O)c3c(c(OC)c2CC1)C(=O)c1c(cc(O)c(C)c1O)C3=O,O=C1OCc2cc3c(cc21)-c1cc2c(cc1CC3)C(=O)c1ccccc1C2=O,38,518.47,3,6,3.57,478885,anthraquinone
O=C1C=C(N2CCCCC2)c2cnccc2C1=O,O=C1C=C(N2CCCCC2)c2cnccc2C1=O,18,242.28,1,3,1.67,363435,"1,2-benzoquinone"
COC1=C(OC)C(=O)C(CCN(C)C(=O)c2ccc(Oc3ccc(C(C)(C)C)cc3)cc2)=C(C)C1=O,O=C1C=CC(=O)C(CCNC(=O)c2ccc(Oc3ccccc3)cc2)=C1,36,491.58,8,3,5.21,76330652,"1,4-benzoquinone"
O=C1c2ccc(O)c(O)c2C(=O)c2c(Nc3ccc(O)cc3)ccc(Nc3ccc(O)cc3)c21,O=C1c2ccccc2C(=O)c2c(Nc3ccccc3)ccc(Nc3ccccc3)c21,34,454.44,4,5,4.77,22937,"1,4-naphthoquinone"
CC(C)C1=CC(=O)C2=C(CCC3C(C)(C)CCCC23C)C1=O,O=C1C=CC(=O)C2=C1CCC1CCCCC21,22,300.44,1,3,4.64,2751812,"1,4-benzoquinone"
O=C1C(=O)C2=C(C(=O)C(F)(F)S2)C(C(F)F)=C1OCc1ccccc1,O=C1CSC2=C1C=C(OCc1ccccc1)C(=O)C2=O,25,372.29,4,3,3.04,121269810,"1,2-benzoquinone"
CC(C)C1=CC2=C(CC34CCCC(C)(C)C3CC2O4)C(=O)C1=O,O=C1C=CC2=C(CC34CCCCC3CC2O4)C1=O,23,314.43,1,4,3.77,16093747,"1,2-benzoquinone"
COc1c2c(c(O)c3c1C(=O)c1c(cc(O)c(C)c1O)C3=O)-c1c(cc3cn[nH]c(=O)c3c1O)CC2,O=C1c2ccccc2C(=O)c2cc3c(cc21)CCc1cc2cn[nH]c(=O)c2cc1-3,36,486.44,1,6,2.6,135462821,"1,4-naphthoquinone"
CC(=O)c1c(C)cc(O)c2c1C(=O)c1cccc(O)c1C2=O,O=C1c2ccccc2C(=O)c2ccccc21,22,296.28,1,3,2.38,23655166,"1,4-naphthoquinone"
O=C1C(=O)c2ccccc2C(O)=C1Nc1ccc(F)cc1,O=C1C(=O)c2ccccc2C=C1Nc1ccccc1,21,283.26,2,3,2.93,146672982,"1,2-benzoquinone"
O=c1c2[nH]cc[nH]c2c(=O)c2c(=O)n(Cc3ccc4c(c3)OCO4)c(=O)c12,O=c1c2[nH]cc[nH]c2c(=O)c2c(=O)n(Cc3ccc4c(c3)OCO4)c(=O)c12,27,365.3,2,5,0.11,6096802,"1,4-benzoquinone"
CC(C)n1cc2c(n1)C(=O)C(=O)c1cc(F)ccc1-2,O=C1C(=O)c2n[nH]cc2-c2ccccc21,19,258.25,1,3,2.65,122596433,"1,2-benzoquinone"
O=c1ccc2c(cc3ccc4cccc5ccc2c3c45)c1=O,O=c1ccc2c(cc3ccc4cccc5ccc2c3c45)c1=O,22,282.3,0,5,3.9,105020,"1,2-benzoquinone"
N#Cc1ccc(OCCCCCCOC2=CC(=O)C(=O)c3ccccc32)cc1,O=C1C=C(OCCCCCCOc2ccccc2)c2ccccc2C1=O,28,375.42,9,3,4.32,9820978,"1,2-naphthoquinone"
O=C(c1cccnc1)c1cc2c(o1)C(=O)c1ccccc1C2=O,O=C(c1cccnc1)c1cc2c(o1)C(=O)c1ccccc1C2=O,23,303.27,2,4,2.68,66561095,"1,4-benzoquinone"
O=C1C(=O)c2cc(F)ccc2C(O)=C1Br,O=C1C=Cc2ccccc2C1=O,15,271.04,0,2,2.21,23464743,"1,2-benzoquinone"
O=c1c(=O)c2cccc3c(F)c(F)c4cccc1c4c32,O=c1c(=O)c2cccc3ccc4cccc1c4c32,20,268.22,0,4,3.02,170557411,"1,2-benzoquinone"
COC1=CC(=O)c2c(c(COC(=O)c3ccccc3F)cn2C)C1=O,O=C(OCc1c[nH]c2c1C(=O)C=CC2=O)c1ccccc1,25,343.31,4,3,2.43,9997534,"1,4-benzoquinone"
O=C(CN1CCCCC1)NC1(C(=O)NCc2ccc(Cl)cc2)CSC2=C1C(=O)c1ccccc1C2=O,O=C(CN1CCCCC1)NC1(C(=O)NCc2ccccc2)CSC2=C1C(=O)c1ccccc1C2=O,36,524.04,6,5,3.38,122191808,"1,4-benzoquinone"
CC1=CC2=C(C(=O)C1=O)C(C)CCC2C(C)C,O=C1C=CC2=C(CCCC2)C1=O,17,232.32,1,2,3.08,98364,"1,2-benzoquinone"
Cn1cc(CCN)c2c1C(=O)C1=C(NC=CS1(=O)=O)C2=O,O=C1C2=C(C(=O)c3[nH]ccc31)S(=O)(=O)C=CN2,21,307.33,2,3,-0.39,76317783,"1,4-benzoquinone"
COc1ccc(CNC(=O)c2ccc3c(c2)C(=O)c2ccccc2C3=O)cc1,O=C(NCc1ccccc1)c1ccc2c(c1)C(=O)c1ccccc1C2=O,28,371.39,4,4,3.4,57377248,"1,4-naphthoquinone"
O=C1C(N2CC2)=CC(=O)c2nc(-c3ccc4ccccc4c3)ccc21,O=C1C(N2CC2)=CC(=O)c2nc(-c3ccc4ccccc4c3)ccc21,25,326.36,2,5,3.48,44335334,"1,4-benzoquinone"
CC1=Cc2c(c(C)cc3occ(C)c23)C(=O)C1=O,O=C1C=Cc2c(ccc3occc23)C1=O,18,240.26,0,3,3.22,5321935,"1,2-benzoquinone"
O=C1C=Cc2ccc3cc4ccccc4cc3c2C1=O,O=C1C=Cc2ccc3cc4ccccc4cc3c2C1=O,20,258.28,0,4,3.77,186251,"1,2-benzoquinone"
COC1=CC(=O)c2c(cc(OC)c(C(C)C3=C(O)c4c(cc(O)c(C(C)=O)c4O)C(=O)C3=O)c2O)C1=O,O=C1C(=O)c2ccccc2C=C1Cc1ccc2c(c1)C(=O)C=CC2=O,37,508.44,5,4,2.76,44584650,"1,4-benzoquinone"
O=C(CCN1CCOCC1)Nc1ccc2c(c1)C(=O)c1cc(NC(=O)CCN3CCOCC3)ccc1C2=O,O=C(CCN1CCOCC1)Nc1ccc2c(c1)C(=O)c1cc(NC(=O)CCN3CCOCC3)ccc1C2=O,38,520.59,8,5,1.78,10602041,"1,4-naphthoquinone"
O=C1C(=O)c2c(nc3ccc4ccccc4n23)-c2ccccc21,O=C1C(=O)c2c(nc3ccc4ccccc4n23)-c2ccccc21,23,298.3,0,5,3.53,127042966,"1,2-benzoquinone"
CC(C)=CCC(OC(=O)C1OC1C)C1=CC(=O)c2c(O)ccc(O)c2C1=O,O=C1C=C(COC(=O)C2CO2)C(=O)c2ccccc21,27,372.37,5,3,2.46,44562339,"1,4-benzoquinone"
CC(=O)OC1CC2(C)C(c3ccoc3)CC3OC32C2(C)C(=O)C(O)=C3C(C)(C)C(=O)C=CC3(C)C12,O=C1C=CC2C(=CC(=O)C3C2CCC2C(c4ccoc4)CC4OC423)C1,35,480.56,2,6,4.43,117598426,"1,2-naphthoquinone"
O=C1c2cccnc2C(=O)c2c1c(C(=O)OCCN1CCOCC1)c1ccccn21,O=C1c2cccnc2C(=O)c2c1c(C(=O)OCCN1CCOCC1)c1ccccn21,30,405.41,4,5,1.6,122188473,"1,4-benzoquinone"
COC1=C(OC)C(=O)c2c(cc3c([nH]c(=O)n3C)c2-c2ccc(OC)cc2)C1=O,O=C1C=CC(=O)c2c1cc1[nH]c(=O)[nH]c1c2-c1ccccc1,29,394.38,4,4,2.43,11825380,"1,4-benzoquinone"
COC(=O)c1ccccc1NC(=O)C(=O)C=C(O)c1ccccc1NC1=CC(=O)C(=O)c2ccccc21,O=C(C=Cc1ccccc1NC1=CC(=O)C(=O)c2ccccc21)C(=O)Nc1ccccc1,37,496.48,7,4,3.8,71590643,"1,2-benzoquinone"
CC12CCC3C(=CCC4=C3C=CC(=O)C4=O)C1CCC2=O,O=C1C=CC2=C(CC=C3C2CCC2C(=O)CCC32)C1=O,21,282.34,0,4,2.72,100956547,"1,2-benzoquinone"
Cc1cc(O)c2c(c1O)C(=O)C(O)=C(O)C2=O,O=C1C=CC(=O)c2ccccc21,17,236.18,0,2,1.11,135483447,"1,4-benzoquinone"
CC(C)=CCC1=C(O)c2cccc(O)c2C(=O)C1=O,O=C1C=Cc2ccccc2C1=O,19,258.27,2,2,2.78,23258622,"1,2-benzoquinone"
Cc1cc2c(cc1C)-c1oc(CNc3ccc(NC(=O)C=Cc4cccnc4)cc3)c(C)c1C(=O)C2=O,O=C(C=Cc1cccnc1)Nc1ccc(NCc2cc3c(o2)-c2ccccc2C(=O)C3=O)cc1,37,491.55,6,5,5.91,168284591,"1,2-benzoquinone"
Cc1[nH]c2c(c1C(=O)NCCCn1ccnc1)C(=O)c1ccccc1C2=O,O=C(NCCCn1ccnc1)c1c[nH]c2c1C(=O)c1ccccc1C2=O,27,362.39,5,4,2.12,145362873,"1,4-naphthoquinone"
CN(c1ccccc1)c1ccc2ccc3c(=O)c(=O)c(Cl)c4c(Cl)c(N(C)c5ccccc5)c1c2c43,O=c1cc2cc(Nc3ccccc3)c3c(Nc4ccccc4)ccc4ccc(c1=O)c2c43,36,511.41,4,6,7.58,18795200,"1,2-naphthoquinone"
Cc1cc(NC2=CC(=O)C(=O)c3ccccc32)no1,O=C1C=C(Nc2ccon2)c2ccccc2C1=O,19,254.25,2,3,2.2,384243,"1,2-benzoquinone"
COC12C(COC(N)=O)C3=C(C(=O)C(C)=C(Nc4ccc5[nH]ccc5c4)C3=O)N1CC1NC12,O=C1C=C(Nc2ccc3[nH]ccc3c2)C(=O)C2=C1N1CC3NC3C1C2,33,449.47,5,6,0.98,44313195,"1,4-benzoquinone"
O=C1c2[nH]cc(CNC3CCNCC3)c2C(=O)c2c1c(O)c1ccccc1c2O,O=C1c2cc3ccccc3cc2C(=O)c2c(CNC3CCNCC3)c[nH]c21,29,391.43,3,5,2.2,137007078,"1,4-benzoquinone"
Cc1c(CNc2ccccc2)oc2c1C(=O)C(=O)c1ccccc1-2,O=C1C(=O)c2cc(CNc3ccccc3)oc2-c2ccccc21,24,317.34,3,4,4.25,90682683,"1,2-benzoquinone"
CC1=C(C2C(=O)C=C(O)C(=O)C2C)C(O)=CC(=O)C1=O,O=C1C=CC(=O)C(C2=CC(=O)C(=O)C=C2)C1,20,276.24,1,2,0.74,171383947,"1,2-benzoquinone"
COc1cc(-n2c(-c3ccccc3C)nc3c4ccccc4c4ccccc4c32)cc(C)c1OC,c1ccc(-c2nc3c4ccccc4c4ccccc4c3n2-c2ccccc2)cc1,35,458.56,4,6,7.63,162178772,"1,2-benzoquinone"
CCN(CC)c1ccc(OS(=O)(=O)c2ccc(C)cc2)c2c1C(=O)c1ccccc1C2=O,O=C1c2ccccc2C(=O)c2c(OS(=O)(=O)c3ccccc3)cccc21,32,449.53,6,4,4.38,13763879,"1,4-benzoquinone"
CC1(C)C=CC2=C(O1)c1ccccc1C(=O)C2=O,O=C1C(=O)c2ccccc2C2=C1C=CCO2,18,240.26,0,3,2.53,24991545,"1,2-benzoquinone"
Nc1[nH]ncc1C(=O)Nc1ccc2c(c1)C(=O)c1ccccc1C2=O,O=C(Nc1ccc2c(c1)C(=O)c1ccccc1C2=O)c1cn[nH]c1,25,332.32,2,4,2.02,46205718,anthraquinone
O=C1c2ccccc2C(=O)c2c(O)c(NCCCN3CCOCC3)cc(O)c21,O=C1c2ccccc2C(=O)c2cc(NCCCN3CCOCC3)ccc21,28,382.42,5,4,2.01,433916,"1,4-benzoquinone"
O=C1C=C(O)C(Cc2ccc3ccccc3c2)=CC1=O,O=C1C=CC(Cc2ccc3ccccc3c2)=CC1=O,20,264.28,2,3,2.9,51041685,"1,2-benzoquinone"
O=C1C(=O)c2ccccc2C(O)=C1C(C1=C(O)c2ccccc2C(=O)C1=O)c1ccc(F)cc1,O=C1C(=O)c2ccccc2C=C1C(C1=Cc2ccccc2C(=O)C1=O)c1ccccc1,34,454.41,3,5,4.38,101897658,"1,2-benzoquinone"
O=C1c2ccccc2C(=O)c2[nH]c(=O)[nH]c21,O=C1c2ccccc2C(=O)c2[nH]c(=O)[nH]c21,16,214.18,0,3,0.48,916230,"1,4-benzoquinone"
O=C1C(=O)c2ccc(-c3ccccc3)cc2-c2ccccc21,O=C1C(=O)c2ccc(-c3ccccc3)cc2-c2ccccc21,22,284.31,1,4,4.4,9549141,"1,2-benzoquinone"
CC(C)=CCC(OC(=O)CCCOc1ccc(Cl)cc1C)C1=CC(=O)c2c(O)ccc(O)c2C1=O,O=C(CCCOc1ccccc1)OCC1=CC(=O)c2ccccc2C1=O,35,498.96,9,3,5.49,71494876,"1,4-benzoquinone"
Cc1nc2c3c(ccc2s1)NC1=C(C(=O)C(=O)c2ccccc21)C3c1cccs1,O=C1C(=O)c2ccccc2C2=C1C(c1cccs1)c1c(ccc3scnc13)N2,29,414.51,1,6,5.4,139232718,"1,2-naphthoquinone"
COc1ccc2c(c1CN1CCCC1)C(=O)c1ccccc1C2=O,O=C1c2ccccc2C(=O)c2c(CN3CCCC3)cccc21,24,321.38,3,4,3.07,40504,anthraquinone
CC1OC2CC(=O)OC2C2=C1C(=O)c1c(O)c3c(c(O)c1C2=O)C1CC(O)C3(O)C(C)O1,O=C1CC2OCC3=C(C(=O)c4cc5c(cc4C3=O)C3CCC5OC3)C2O1,32,444.39,0,7,0.29,135815444,"1,4-benzoquinone"
COC(=O)c1cc(C(=O)OC)c2c(n1)C(=O)C(=O)c1cc(C(=O)OC)[nH]c1-2,O=C1C(=O)c2ncccc2-c2[nH]ccc21,27,372.29,3,3,0.82,451469,"1,2-benzoquinone"
COc1cc(O)c2c(c1OC(C)=O)C(=O)c1cc(C)ccc1C2=O,O=C1c2ccccc2C(=O)c2ccccc21,24,326.3,2,3,2.41,59052161,"1,4-benzoquinone"
Cc1ccc(N2C3=C(C(=O)C(=O)c4ccccc43)C3(O)C(=O)c4ccccc4C23O)cc1,O=C1C(=O)c2ccccc2C2=C1C1C(=O)c3ccccc3C1N2c1ccccc1,32,423.42,1,6,2.76,145916155,"1,2-naphthoquinone"
Cc1cccc(-c2nc(SC3=C(O)c4ccccc4C(=O)C3=O)n[nH]2)c1,O=C1C(=O)c2ccccc2C=C1Sc1n[nH]c(-c2ccccc2)n1,26,363.4,3,4,3.56,15152602,"1,2-benzoquinone"
O=C1C=C(Cc2ccccc2)c2ccccc2C1=O,O=C1C=C(Cc2ccccc2)c2ccccc2C1=O,19,248.28,2,3,3.08,13441995,"1,2-benzoquinone"
CNC1=C(N2CC2)C(=O)C(NC)=C(N2CC2)C1=O,O=C1C=C(N2CC2)C(=O)C=C1N1CC1,18,248.29,4,3,-1.37,312111,"1,4-benzoquinone"
O=C1c2ccccc2C(=O)c2c(O)c(C(c3ccc(OC(F)(F)F)cc3)N(CCCl)CCCl)cc(O)c21,O=C1c2ccccc2C(=O)c2cc(Cc3ccccc3)ccc21,37,554.35,8,4,5.64,141750625,anthraquinone
COC1=CC(=O)c2ccc3ccccc3c2C1=O,O=C1C=CC(=O)c2c1ccc1ccccc21,18,238.24,1,3,2.75,355646,"1,4-benzoquinone"
Nc1c(NCCO)cc(NC2CCCCC2)c2c1C(=O)c1ccccc1C2=O,O=C1c2ccccc2C(=O)c2c(NC3CCCCC3)cccc21,28,379.46,5,4,3.19,8032569,anthraquinone
O=C1C(=O)c2ccccc2C2=C1C(c1cc(O)ccc1F)NC(=S)N2,O=C1C(=O)c2ccccc2C2=C1C(c1ccccc1)NC(=S)N2,25,354.36,1,4,2.23,162642993,"1,2-benzoquinone"
Cc1cc2c(cc1C)-c1oc(C(=O)Nc3ccc(F)cc3)c(C)c1C(=O)C2=O,O=C(Nc1ccccc1)c1cc2c(o1)-c1ccccc1C(=O)C2=O,28,377.37,2,4,4.64,145959038,"1,2-benzoquinone"
Cc1cc(F)ccc1N(Cc1nc2c([nH]1)C(=O)C(=O)c1ccccc1-2)C(=O)OC(C)(C)C,O=C1C(=O)c2[nH]c(CNc3ccccc3)nc2-c2ccccc21,32,435.46,3,4,4.84,155354791,"1,2-benzoquinone"
CC1(C)CCC2=C(O1)c1ccc(Br)cc1C(=O)C2=O,O=C1C(=O)c2ccccc2C2=C1CCCO2,19,321.17,0,3,3.51,122194752,"1,2-benzoquinone"
CCCCCCCCCCCC1=C(O)c2nc3ccccc3c(-c3ccc(OC)c(OC)c3)c2C(=O)C1=O,O=C1C=Cc2nc3ccccc3c(-c3ccccc3)c2C1=O,38,515.65,13,4,7.87,171348033,"1,2-benzoquinone"
O=C1C(=O)c2ccccc2C2=C1SCCCCN(C(=O)Oc1cccc(C(F)(F)F)c1)CCO2,O=C1C(=O)c2ccccc2C2=C1SCCCCN(C(=O)Oc1ccccc1)CCO2,34,491.49,1,4,5.18,143587019,"1,2-benzoquinone"
CC1(C)COC2=C(C1)C(=O)c1ccccc1C2=O,O=C1C2=C(OCCC2)C(=O)c2ccccc21,18,242.27,0,3,2.77,178515,"1,4-benzoquinone"
Cc1oc2c(c1C(=O)NCCC(C)C)C(=O)c1ccccc1C2=O,O=C1c2ccccc2C(=O)c2occc21,24,325.36,4,3,3.14,701360,"1,4-benzoquinone"
O=C1C(=O)c2ccccc2C(O)=C1c1ccc([N+](=O)[O-])cc1,O=C1C(=O)c2ccccc2C=C1c1ccccc1,22,295.25,2,3,2.79,687148,"1,2-benzoquinone"
CC(C)C1=Cc2ccc3c(c2C(=O)C1=O)C=CC(=O)C3(C)C,O=C1C=Cc2c(ccc3c2C(=O)C(=O)C=C3)C1,22,294.35,1,3,3.36,10880930,"1,2-benzoquinone"
CC(=O)N(C1=C(N2CCN(C)CC2)C(=O)c2ccccc2C1=O)c1cc(C)cc(C)c1,O=C1C(Nc2ccccc2)=C(N2CCNCC2)C(=O)c2ccccc21,31,417.51,3,4,3.19,45488449,"1,4-benzoquinone"
O=C1C=C(Nc2ccc3ccccc3c2)C(=O)c2ccccc21,O=C1C=C(Nc2ccc3ccccc3c2)C(=O)c2ccccc21,23,299.33,2,4,4.21,57339360,"1,4-naphthoquinone"
O=C1C(=O)c2c(oc3c2CCN(CCN2CCCCC2)C3=O)-c2ccccc21,O=C1C(=O)c2c(oc3c2CCN(CCN2CCCCC2)C3=O)-c2ccccc21,28,378.43,3,5,2.81,178294566,"1,2-benzoquinone"
O=C1c2ccccc2C(=O)c2c(C=Cc3ccccc3)noc21,O=C1c2ccccc2C(=O)c2c(C=Cc3ccccc3)noc21,23,301.3,2,4,3.62,60165410,"1,4-benzoquinone"
N=c1ccc(=Nc2ccc(N)c3c(O)c4ccccc4c(O)c23)c2c(=O)c3ccccc3c(=O)c1=2,N=c1ccc(=Nc2cccc3cc4ccccc4cc23)c2c(=O)c3ccccc3c(=O)c1=2,35,459.46,1,6,3.17,14890,"1,4-naphthoquinone"
COc1cc2c(c(OC)c1)C(C)N(S(=O)(=O)c1cccc([N+](=O)[O-])c1)CC2,O=S(=O)(c1ccccc1)N1CCc2ccccc2C1,27,392.43,5,3,2.92,162089874,"1,2-benzoquinone"
CC1(C)CCC2(C(=O)O)C(O)CC3(C)C(=CCC4C5(C)CCC(O)C(C)(C)C5CCC43C)C2C1,C1=C2C3CCCCC3CCC2C2CCC3CCCCC3C2C1,34,472.71,1,5,6.2,117591604,"1,2-benzoquinone"
CN(C)CCC=C1c2ccccc2Sc2ccc(Cl)cc21,C=C1c2ccccc2Sc2ccccc21,21,315.87,3,3,5.19,117591829,"1,2-naphthoquinone"
O=C(O)c1cc2c([nH]1)-c1cc(C(=O)O)c(C(=O)O)nc1C(=O)C2=O,O=C1C(=O)c2ncccc2-c2[nH]ccc21,24,330.21,3,3,0.55,363188,"1,2-benzoquinone"
NC(=O)C1CCN(C2=C(NS(=O)(=O)c3ccc(Cl)cc3)C(=O)c3ccccc3C2=O)CC1,O=C1C(NS(=O)(=O)c2ccccc2)=C(N2CCCCC2)C(=O)c2ccccc21,32,473.94,5,4,2.11,1415062,"1,4-benzoquinone"
CN1CCN(c2cc(NCCN3CCCC3)c3c4c(onc24)-c2ccccc2C3=O)CC1,O=C1c2ccccc2-c2onc3c(N4CCNCC4)cc(NCCN4CCCC4)c1c23,32,431.54,5,6,3.3,20867934,"1,4-naphthoquinone"
O=C(Cc1ccc(C(=O)NO)cc1)NC1=CC(=O)c2ccccc2C1=O,O=C(Cc1ccccc1)NC1=CC(=O)c2ccccc2C1=O,26,350.33,4,3,1.43,132600649,"1,4-benzoquinone"
O=C1C=C(O)C(Cn2cc(COc3ccc4ccccc4c3)nn2)=CC1=O,O=C1C=CC(Cn2cc(COc3ccc4ccccc4c3)nn2)=CC1=O,27,361.36,5,4,2.53,172459166,"1,2-benzoquinone"
CC(=O)Oc1ccc(-c2cc(N)c3c(c2O)C(=O)c2c(N)ccc(O)c2C3=O)cc1,O=C1c2ccccc2C(=O)c2cc(-c3ccccc3)ccc21,30,404.38,2,4,2.63,77363,"1,4-naphthoquinone"
CC12CCCc3coc(c31)C(=O)c1cc3c(cc12)C(=O)C(=O)C(Cl)=C3O,O=C1C=Cc2cc3c(cc2C1=O)C1CCCc2coc(c21)C3=O,26,368.77,0,5,3.7,10761566,"1,2-benzoquinone"
O=C1C(=O)c2cc(F)ccc2C2=C1C(c1cccc(O)c1)NC(=S)N2,O=C1C(=O)c2ccccc2C2=C1C(c1ccccc1)NC(=S)N2,25,354.36,1,4,2.23,162666405,"1,2-benzoquinone"
O=C1C(=O)c2ccc(-c3ccccc3)cc2C2=C1SCC1(CCN(Cc3ccc(F)cc3)CC1)O2,O=C1C(=O)c2ccc(-c3ccccc3)cc2C2=C1SCC1(CCN(Cc3ccccc3)CC1)O2,35,485.58,3,6,5.72,57661850,"1,2-benzoquinone"
CCn1c(-c2cccnc2)nc2c1C(=O)C=CC2=O,O=C1C=CC(=O)c2[nH]c(-c3cccnc3)nc21,19,253.26,2,3,1.9,46933601,"1,4-benzoquinone"
O=C1C=Cc2nc3c(S(=O)(=O)N[N+](=O)[O-])cccc3nc2C1=O,O=C1C=Cc2nc3ccccc3nc2C1=O,23,334.27,3,3,-0.12,53826885,"1,2-benzoquinone"
O=C1C=C(O)C(Cn2cc(COc3cccc(F)c3)nn2)=CC1=O,O=C1C=CC(Cn2cc(COc3ccccc3)nn2)=CC1=O,24,329.29,5,3,1.52,172440177,"1,2-benzoquinone"
CC1(C)OC2=C(C(=O)C(=O)c3ccccc32)C1N1C(=O)CCC1=O,O=C1C(=O)c2ccccc2C2=C1C(N1C(=O)CCC1=O)CO2,24,325.32,1,4,1.49,20662780,"1,2-naphthoquinone"
O=c1c(=O)c2ccc([N+](=O)[O-])c3ccc4cccc1c4c32,O=c1c(=O)c2cccc3ccc4cccc1c4c32,21,277.23,1,4,2.65,149165,"1,2-benzoquinone"
O=c1c2cccc(O)c2c(=O)c2c1c1c(=O)c3c(O)cccc3c(=O)c1c1c(=O)c3c(O)cccc3c(=O)c21,O=c1c2ccccc2c(=O)c2c1c1c(=O)c3ccccc3c(=O)c1c1c(=O)c3ccccc3c(=O)c21,39,516.42,0,7,2.2,90473021,"1,4-benzoquinone"
O=CN1CCCC2(CC1)CSC1=C(O2)c2cc(F)ccc2C(=O)C1=O,O=C1C(=O)c2ccccc2C2=C1SCC1(CCCNCC1)O2,25,361.39,1,4,2.4,143587011,"1,2-benzoquinone"
CNC1CC(c2c(O)c3c(c4c(O)cc(C)cc24)C(=O)c2cccc(O)c2C3=O)OC(C)C1CO,O=C1c2ccccc2C(=O)c2c1cc(C1CCCCO1)c1ccccc21,35,477.51,3,5,3.09,49799274,"1,4-benzoquinone"
CC(C)CC1=C(Br)c2nc3ccccn3c2C(=O)C1=O,O=C1C=Cc2nc3ccccn3c2C1=O,20,333.19,2,3,3.25,76308728,"1,2-benzoquinone"
Cc1ccc(S(=O)(=O)Nc2cc3c(c(O)c2O)C(=O)c2ccccc2C3=O)cc1,O=C1c2ccccc2C(=O)c2cc(NS(=O)(=O)c3ccccc3)ccc21,29,409.42,3,4,2.98,134693743,"1,4-benzoquinone"
O=c1ccc2ccc3c(cc4c5ccc6ccccc6c5cc5c6cccc7cccc(c76)c3c45)c2c1=O,O=c1ccc2ccc3c(cc4c5ccc6ccccc6c5cc5c6cccc7cccc(c76)c3c45)c2c1=O,38,482.54,0,9,8.51,129634988,"1,2-naphthoquinone"
O=C(CCN1CCCCC1)Nc1cccc2c1C(=O)c1cccc(NC(=O)CCN3CCCCC3)c1C2=O,O=C(CCN1CCCCC1)Nc1cccc2c1C(=O)c1cccc(NC(=O)CCN3CCCCC3)c1C2=O,38,516.64,8,5,4.09,10625702,"1,4-benzoquinone"
O=C1c2ccccc2C(=O)c2c1ccc1nc3n(c21)CCS3,O=C1c2ccccc2C(=O)c2c1ccc1nc3n(c21)CCS3,22,306.35,0,5,2.92,53358419,anthraquinone
CC(COc1ccc2c3c(oc2c1)C(=O)c1ccccc1C3=O)N(C)C,O=C1c2ccccc2C(=O)c2c1oc1ccccc21,26,349.39,4,4,3.54,16721067,"1,4-benzoquinone"
CC(=O)Nc1ccc2c(=O)c(=O)c3cccc4ccc1c2c43,O=c1c(=O)c2cccc3ccc4cccc1c4c32,22,289.29,1,4,2.7,154825,"1,2-benzoquinone"
O=C(CCl)Nc1ccc2c(c1NC(=O)c1cccs1)C(=O)c1ccccc1C2=O,O=C(Nc1cccc2c1C(=O)c1ccccc1C2=O)c1cccs1,29,424.87,4,4,3.95,53374483,"1,4-naphthoquinone"
O=C1CC(O)C(C2=CC(=O)c3c(O)cccc3C2=O)O1,O=C1CCC(C2=CC(=O)c3ccccc3C2=O)O1,20,274.23,1,3,0.37,10084702,"1,4-benzoquinone"
O=C1C(=O)c2cc3cc4ccccc4cc3cc2C(Nc2ccccc2)=C1Nc1ccccc1,O=C1C(=O)c2cc3cc4ccccc4cc3cc2C(Nc2ccccc2)=C1Nc1ccccc1,34,440.5,4,6,6.65,129741764,"1,2-naphthoquinone"
CC1COC2=C1C(=O)C(=O)c1c2ccc2c1CCCC2(C)C,O=C1C(=O)c2c(ccc3c2CCCC3)C2=C1CCO2,22,296.37,0,4,3.44,160254,"1,2-benzoquinone"
COc1cccc2c1C(=O)c1c(OC)cc(C(Br)Br)cc1C2=O,O=C1c2ccccc2C(=O)c2ccccc21,23,440.09,3,3,4.27,14563112,"1,4-benzoquinone"
Nc1c(C(=O)Nc2cc3c(cc2Br)C(=O)c2ccccc2C3=O)ccc2c1C(=O)c1ccccc1C2=O,O=C(Nc1ccc2c(c1)C(=O)c1ccccc1C2=O)c1ccc2c(c1)C(=O)c1ccccc1C2=O,37,551.35,2,6,4.83,104308,anthraquinone
COc1cc2c(c(O)c1CSCC(NC(C)=O)C(=O)O)C(=O)C(C)=CC2=O,O=C1C=CC(=O)c2ccccc21,27,393.42,7,2,1.55,56293,"1,4-benzoquinone"
O=C1C=C(Nc2ccc(Cc3ccncc3)cc2)c2ccccc2C1=O,O=C1C=C(Nc2ccc(Cc3ccncc3)cc2)c2ccccc2C1=O,26,340.38,4,4,3.89,777642,"1,2-benzoquinone"
COC12C(COC(N)=O)C3=C(C(=O)C(CSc4ccccc4)=C(N)C3=O)N1CC1NC12,O=C1C=C(CSc2ccccc2)C(=O)C2=C1CC1C3NC3CN21,31,442.5,6,5,0.12,10478521,"1,4-benzoquinone"
COC1=CC(=O)c2c(cc3c(c2O)CC(O)C(C)(O)C3)C1=O,O=C1C=CC(=O)c2cc3c(cc21)CCCC3,22,304.3,1,3,0.51,10267010,"1,4-benzoquinone"
CC1CN1C1=CC(=O)c2c(cc(C(=O)NCCN3CCOCC3)n2C)C1=O,O=C(NCCN1CCOCC1)c1cc2c([nH]1)C(=O)C=C(N1CC1)C2=O,27,372.43,5,4,0.05,10643016,"1,4-benzoquinone"
CCN(CC)CCOc1ccc2c3c(oc2c1)C(=O)c1ccccc1C3=O,O=C1c2ccccc2C(=O)c2c1oc1ccccc21,27,363.41,6,4,3.93,10021601,"1,4-benzoquinone"
CC(C)C1=Cc2ccc3c(c2C(=O)C1=O)CCCCC3,O=C1C=Cc2ccc3c(c2C1=O)CCCCC3,20,268.36,1,3,3.76,14828174,"1,2-benzoquinone"
O=C1c2ccccc2C(=O)c2sc(-c3ccccn3)nc21,O=C1c2ccccc2C(=O)c2sc(-c3ccccn3)nc21,21,292.32,1,4,2.98,14171303,"1,4-benzoquinone"
Cn1nc2c(n1)C(=O)c1cnncc1C2=O,O=C1c2cnncc2C(=O)c2n[nH]nc21,16,215.17,0,3,-0.62,11629881,"1,4-benzoquinone"
Cc1cc2c(cc1C)-c1oc(CNCc3ccc(NC(=O)C=Cc4cccnc4)cc3)c(C)c1C(=O)C2=O,O=C(C=Cc1cccnc1)Nc1ccc(CNCc2cc3c(o2)-c2ccccc2C(=O)C3=O)cc1,38,505.57,7,5,5.59,168278030,"1,2-benzoquinone"
CCOC(=O)C1(NC(=O)CN)CSC2=C1C(=O)c1ccccc1C2=O,O=C1C2=C(SCC2)C(=O)c2ccccc21,25,360.39,4,3,0.44,16204202,"1,4-benzoquinone"
CC(=O)C(C(=O)OCc1ccccc1)C1=C(Cl)C(=O)c2ccccc2C1=O,O=C(CC1=CC(=O)c2ccccc2C1=O)OCc1ccccc1,27,382.8,5,3,3.51,487110,"1,4-benzoquinone"
CC1=C(O)c2c(c(C)cc3occ(C)c23)C(=O)C1=O,O=C1C=Cc2c(ccc3occc23)C1=O,19,256.26,0,3,3.1,11368867,"1,2-naphthoquinone"
O=C1C=C(OCc2ccccc2)C(=O)c2ccccc21,O=C1C=C(OCc2ccccc2)C(=O)c2ccccc21,20,264.28,3,3,3.17,264921,"1,4-naphthoquinone"
Cc1ccc(S(=O)(=O)Oc2ccc(NCCN3CCOCC3)c3c2C(=O)c2ccccc2C3=O)cc1,O=C1c2ccccc2C(=O)c2c(OS(=O)(=O)c3ccccc3)ccc(NCCN3CCOCC3)c21,36,506.58,7,5,3.28,118707339,"1,4-benzoquinone"
CN(C)c1ccc2c(c1)C(=O)C(=O)c1ccccc1-2,O=C1C(=O)c2ccccc2-c2ccccc21,19,251.28,1,3,2.8,15883789,"1,2-naphthoquinone"
CC(=O)OCC1OC(Oc2cc(O)cc3c2C(=O)c2c(O)cc(C)cc2C3=O)C(O)C(O)C1O,O=C1c2ccccc2C(=O)c2c(OC3CCCCO3)cccc21,34,474.42,4,4,-0.07,73353542,"1,4-naphthoquinone"
[N-]=[N+]=NC1=C(S(=O)(=O)Oc2cccc(O)c2)c2c(N=[N+]=[N-])cccc2C(=O)C1=O,O=C1C=C(S(=O)(=O)Oc2ccccc2)c2ccccc2C1=O,29,412.34,5,3,3.49,54287126,"1,2-naphthoquinone"
O=S(=O)(F)Oc1cccc2c1OS(O)(O)O2,c1ccc2c(c1)OSO2,16,272.23,2,2,1.63,130202282,"1,2-benzoquinone"
O=C1c2cccnc2C(=O)c2c1c(C(=O)OCCCN1CCOCC1)c1c(F)cccn21,O=C1c2cccnc2C(=O)c2c1c(C(=O)OCCCN1CCOCC1)c1ccccn21,32,437.43,5,5,2.13,145959129,"1,4-benzoquinone"
COc1c(NS(=O)(=O)c2ccc(C)cc2)cc2c(c1N)C(=O)c1ccccc1C2=O,O=C1c2ccccc2C(=O)c2cc(NS(=O)(=O)c3ccccc3)ccc21,30,422.46,4,4,3.16,44145668,"1,4-benzoquinone"
CCN(CCCCCCNC1=CC(=O)C(C)=C(C)C1=O)Cc1ccccc1OC,O=C1C=CC(=O)C(NCCCCCCNCc2ccccc2)=C1,29,398.55,12,2,4.04,56925982,"1,4-benzoquinone"
O=C(CCN1CCN(CCCO)CC1)Nc1cccc2c1C(=O)c1ccccc1C2=O,O=C(CCN1CCNCC1)Nc1cccc2c1C(=O)c1ccccc1C2=O,31,421.5,7,4,1.79,188682,anthraquinone
O=C1C(NCCCN2CCCCC2)=CC(=O)c2ncccc21,O=C1C(NCCCN2CCCCC2)=CC(=O)c2ncccc21,22,299.37,5,3,1.81,99150,"1,4-benzoquinone"
O=C1C(=O)c2ccccc2C(O)=C1C(c1ccccc1)c1ccccc1,O=C1C(=O)c2ccccc2C=C1C(c1ccccc1)c1ccccc1,26,340.38,3,4,4.55,231110,"1,2-benzoquinone"
O=C1C=C(Nc2ccc3cnccc3c2)c2ccccc2C1=O,O=C1C=C(Nc2ccc3cnccc3c2)c2ccccc2C1=O,23,300.32,2,4,3.45,137628683,"1,2-benzoquinone"
O=C1c2ccccc2C(=O)c2c(NCC3CO3)cccc21,O=C1c2ccccc2C(=O)c2c(NCC3CO3)cccc21,21,279.3,3,4,2.27,384119,anthraquinone
O=c1ccc2c3cccc4ccc5cccc(c2c1=O)c5c43,O=c1ccc2c3cccc4ccc5cccc(c2c1=O)c5c43,22,282.3,0,5,3.9,186250,"1,2-naphthoquinone"
O=C1c2ncccc2C(=O)c2sc(-c3cscn3)nc21,O=C1c2ncccc2C(=O)c2sc(-c3cscn3)nc21,20,299.34,1,4,2.44,145987627,"1,4-benzoquinone"
CCn1c(-c2ccc3ccccc3c2)nc2c1C(=O)C=CC2=O,O=C1C=CC(=O)c2[nH]c(-c3ccc4ccccc4c3)nc21,23,302.33,2,4,3.66,46933602,"1,4-benzoquinone"
O=C1C=CC(=O)c2ccccc21,O=C1C=CC(=O)c2ccccc21,12,158.16,0,2,1.62,8530,"1,4-benzoquinone"
COC1=CC(=O)C(=O)C2=C1C(=O)OC(C)CCCCCCC2,O=C1C=CC2=C(CCCCCCCCOC2=O)C1=O,22,306.36,1,2,2.64,139587163,"1,2-benzoquinone"
O=C(O)c1cc2c(s1)C(=O)C1=C(C2=O)S(=O)(=O)C=CN1,O=C1C2=C(NC=CS2(=O)=O)C(=O)c2sccc21,20,311.3,1,3,0.53,168277828,"1,4-benzoquinone"
O=C1C(=O)c2nc(CN3CCN(Cc4ccccc4)CC3)oc2-c2ccccc21,O=C1C(=O)c2nc(CN3CCN(Cc4ccccc4)CC3)oc2-c2ccccc21,29,387.44,4,5,3.04,127026996,"1,2-benzoquinone"
CC(C)C1=CC(=O)C2=C(CCC3C(C)(CO)C(=O)CCC23C)C1=O,O=C1CCC2C3=C(CCC2C1)C(=O)C=CC3=O,24,330.42,2,3,2.8,11724191,"1,4-benzoquinone"
O=C1C=CC(=O)c2ncncc21,O=C1C=CC(=O)c2ncncc21,12,160.13,0,2,0.41,212470,"1,4-benzoquinone"
O=C1C(=O)c2[nH]c(COc3ccc(F)cc3)nc2-c2ccccc21,O=C1C(=O)c2[nH]c(COc3ccccc3)nc2-c2ccccc21,24,322.29,3,4,3.17,123589549,"1,2-benzoquinone"
Nc1c(Sc2ccccc2)cc(Sc2ccccc2)c2c1C(=O)c1ccccc1C2=O,O=C1c2ccccc2C(=O)c2c(Sc3ccccc3)cc(Sc3ccccc3)cc21,31,439.56,4,5,6.35,3890693,"1,4-benzoquinone"
O=C1c2ccccc2C(=O)c2[nH]c(-c3cscn3)nc21,O=C1c2ccccc2C(=O)c2[nH]c(-c3cscn3)nc21,20,281.3,1,4,2.31,145986756,"1,4-benzoquinone"
CCOC(=O)c1c(NC2=CC(=O)C(=O)c3ccccc32)sc2c1CCCC2,O=C1C=C(Nc2cc3c(s2)CCCC3)c2ccccc2C1=O,27,381.45,4,4,4.02,145957842,"1,2-benzoquinone"
O=C1c2ccccc2C(=O)c2c1ccc1[nH]c(-c3ccccc3O)nc21,O=C1c2ccccc2C(=O)c2c1ccc1[nH]c(-c3ccccc3)nc21,26,340.34,1,5,3.71,136082729,anthraquinone
CCCC(=O)c1c(CC(=O)OC)cc2c(c1O)-c1cccc(O)c1C(=O)C2=O,O=C1C(=O)c2ccccc2-c2ccccc21,28,382.37,5,3,2.84,146682115,"1,2-benzoquinone"
O=C1C(=O)c2ccccc2C2=C1SCC1(CCN(C(=O)c3ccncc3)CC1)O2,O=C1C(=O)c2ccccc2C2=C1SCC1(CCN(C(=O)c3ccncc3)CC1)O2,29,406.46,1,5,2.95,57661907,"1,2-naphthoquinone"
O=C(O)c1cc(-c2cnc3c(c2)C(=O)C(=O)c2cccnc2-3)cc(C(F)(F)F)c1,O=C1C(=O)c2cc(-c3ccccc3)cnc2-c2ncccc21,29,398.3,2,4,3.91,117980449,"1,2-benzoquinone"
O=C1C(=O)c2ccccc2C(O)=C1Sc1ncc[nH]1,O=C1C(=O)c2ccccc2C=C1Sc1ncc[nH]1,19,272.28,2,3,2.19,44405516,"1,2-benzoquinone"
Cc1cc2c(n1C)-c1ccccc1C(=O)C2=O,O=C1C(=O)c2cc[nH]c2-c2ccccc21,17,225.25,0,3,2.38,129780640,"1,2-naphthoquinone"
O=C1C(=O)c2c(oc3c2CCN(C(=O)N2CCOCC2)C3)-c2ccccc21,O=C1C(=O)c2c(oc3c2CCN(C(=O)N2CCOCC2)C3)-c2ccccc21,27,366.37,0,5,2.14,177656440,"1,2-benzoquinone"
COc1cc(C=CC(=O)OCc2cc(O)c3c(c2)C(=O)c2cccc(O)c2C3=O)cc(OC)c1,O=C(C=Cc1ccccc1)OCc1ccc2c(c1)C(=O)c1ccccc1C2=O,34,460.44,6,4,3.65,73054439,anthraquinone
O=C1C(=O)c2ccccc2C2=C1SC(CC(O)COc1ccc(F)cc1)C1(CCNCC1)O2,O=C1C(=O)c2ccccc2C2=C1SC(CCCOc1ccccc1)C1(CCNCC1)O2,33,469.53,5,5,3.34,67457532,"1,2-benzoquinone"
NCCc1c[nH]c2c1C(=O)C(=O)C=C2c1c(O)ccc2[nH]c(-c3c(O)ccc4[nH]cc(CCN)c34)c(CCN)c12,O=C1C=C(c2cccc3[nH]c(-c4cccc5[nH]ccc45)cc23)c2[nH]ccc2C1=O,40,538.61,8,6,2.76,3082906,"1,2-benzoquinone"
CN(C)S(=O)(=O)N1CCC2(CC1)CSC1=C(O2)c2ccccc2C(=O)C1=O,O=C1C(=O)c2ccccc2C2=C1SCC1(CCNCC1)O2,27,408.5,2,4,1.53,57661855,"1,2-naphthoquinone"
CCOC(=O)c1[nH]c2c(c1CO)C(=O)C(N1CC1)=CC2=O,O=C1C(N2CC2)=CC(=O)c2[nH]ccc21,21,290.28,4,3,0.26,10017079,"1,4-benzoquinone"
CC1(C)C(=O)NC2=C1C(=O)C(=O)c1cccc(OCCc3ccccc3)c12,O=C1CC2=C(N1)c1c(OCCc3ccccc3)cccc1C(=O)C2=O,27,361.4,4,4,2.94,9925109,"1,2-naphthoquinone"
O=C1C=C(O)C(Cn2cc(COc3cccc(Cl)c3)nn2)=CC1=O,O=C1C=CC(Cn2cc(COc3ccccc3)nn2)=CC1=O,24,345.74,5,3,2.03,172448000,"1,2-benzoquinone"
O=C(OC1=C(C2CCC(c3ccc(Cl)cc3)CC2)C(=O)c2ccccc2C1=O)c1ccccc1,O=C(OC1=C(C2CCC(c3ccccc3)CC2)C(=O)c2ccccc2C1=O)c1ccccc1,34,470.95,4,5,6.8,44513673,"1,4-benzoquinone"
CC(=O)OC1=Cc2cc3ccccc3cc2C(=O)C1=O,O=C1C=Cc2cc3ccccc3cc2C1=O,20,266.25,1,3,2.51,129695618,"1,2-naphthoquinone"
O=C1C(=O)c2ccccc2C2=C1SCC(COc1cccnc1)O2,O=C1C(=O)c2ccccc2C2=C1SCC(COc1cccnc1)O2,24,339.37,3,4,2.73,25263861,"1,2-naphthoquinone"
O=C1C=C(c2c[nH]c3ccccc23)c2ccccc2C1=O,O=C1C=C(c2c[nH]c3ccccc23)c2ccccc2C1=O,21,273.29,1,4,3.37,15322751,"1,2-benzoquinone"
CC(C)(C)C1CCC(C2=C(O)c3ccccc3C(=O)C2=O)CC1,O=C1C(=O)c2ccccc2C=C1C1CCCCC1,23,312.41,1,3,4.57,146797,"1,2-benzoquinone"
C=C1CCC(=O)C(C)(C)C1CCc1ccc2c(c1)C(=O)C=CC2=O,C=C1CCC(=O)CC1CCc1ccc2c(c1)C(=O)C=CC2=O,24,322.4,3,3,4.12,10663620,"1,4-naphthoquinone"
CC(C)(C)OC(O)N1CCC2(CC1)CSC1=C(O2)c2cc(C3=CC=CCC3C(F)(F)F)ccc2C(=O)C1=O,O=C1C(=O)c2ccc(C3=CC=CCC3)cc2C2=C1SCC1(CCNCC1)O2,38,549.61,3,5,5.33,143587015,"1,2-benzoquinone"
COC(=O)c1cc(-c2ccccc2)nc2c1C(=O)C(=O)C=C2N1CCCCC1,O=C1C=C(N2CCCCC2)c2nc(-c3ccccc3)ccc2C1=O,28,376.41,3,4,3.13,1712518,"1,2-benzoquinone"
COC12C(COC(N)=O)C3=C(C(=O)C(CSc4nc5ccccc5s4)=C(N)C3=O)N1CC1NC12,O=C1C=C(CSc2nc3ccccc3s2)C(=O)C2=C1CC1C3NC3CN21,34,499.57,6,6,0.73,9983409,"1,4-benzoquinone"
c1ccoc2ccccc2oc1,c1ccoc2ccccc2oc1,12,160.17,0,2,3.15,23106185,"1,2-benzoquinone"
O=C(OCCCCN1CCCCC1)c1cc(O)c2c(c1)C(=O)c1cccc(O)c1C2=O,O=C(OCCCCN1CCCCC1)c1ccc2c(c1)C(=O)c1ccccc1C2=O,31,423.47,6,4,3.3,137652681,anthraquinone
CSc1cc2c(c3c1CC(C)(O)CC3=O)C(=O)c1ccc(C3CCC(N(C)C)C(C)O3)c(O)c1C2=O,O=C1c2cc(C3CCCCO3)ccc2C(=O)c2c1ccc1c2C(=O)CCC1,36,509.62,3,5,3.94,156580827,"1,4-naphthoquinone"
CCCCCCCCCCCCCCCCC1=C(O)C(=O)C=C(O)C1=O,O=C1C=CC(=O)C=C1,26,364.53,15,1,6.26,118733906,"1,4-benzoquinone"
CCC(C)c1cc(=O)c2c(CO)cc3c(c2o1)C(=O)c1c(O)cccc1C3=O,O=C1c2ccccc2C(=O)c2c1ccc1c(=O)ccoc21,28,378.38,3,4,3.28,9929644,anthraquinone
COc1cc(C)c2c(c1)C(=O)c1cccc(O)c1C2=O,O=C1c2ccccc2C(=O)c2ccccc21,20,268.27,1,3,2.48,129830911,anthraquinone
Cc1noc(Cc2c3ccoc3c(CC(C)N)c3ccoc23)n1,c1noc(Cc2c3ccoc3cc3ccoc23)n1,23,311.34,4,4,3.35,44431701,"1,4-benzoquinone"
O=C1C=Cc2ccc3c(c2C1=O)Cc1ccccc1O3,O=C1C=Cc2ccc3c(c2C1=O)Cc1ccccc1O3,20,262.26,0,4,3.16,129816658,"1,2-benzoquinone"
O=C1C(=O)c2ccccc2C2=C1CC(Cn1nncc1-c1ccccc1)O2,O=C1C(=O)c2ccccc2C2=C1CC(Cn1nncc1-c1ccccc1)O2,27,357.37,3,5,2.91,134134626,"1,2-benzoquinone"
CCC1OC2CC(=O)OC2c2cc3c(c(O)c21)C(=O)C(C1CC(O)C(=O)C(C)O1)=CC3=O,O=C1CCC(C2=CC(=O)c3cc4c(cc3C2=O)COC2CC(=O)OC42)OC1,32,442.42,2,5,1.64,10048979,"1,4-naphthoquinone"
COc1cc2c(cc1OCCCC(=O)Nc1cccc3c1C(=O)c1ccccc1C3=O)N=CC1CCCN1C2=O,O=C(CCCOc1ccc2c(c1)N=CC1CCCN1C2=O)Nc1cccc2c1C(=O)c1ccccc1C2=O,40,537.57,7,6,4.59,21080306,"1,4-benzoquinone"
O=C1C(=O)c2ccccc2C2=C1SCC1(CCC3(CC1)OCCO3)O2,O=C1C(=O)c2ccccc2C2=C1SCC1(CCC3(CC1)OCCO3)O2,25,358.42,0,5,2.94,57661849,"1,2-naphthoquinone"
C=C1CCC2C(C)(C(=O)OC)CCCC2(C)C1CCc1ccc2c(c1)C(=O)C=CC2=O,C=C1CCC2CCCCC2C1CCc1ccc2c(c1)C(=O)C=CC2=O,31,420.55,4,4,5.51,10669821,"1,4-benzoquinone"
CCCCCCCCCCCCCCCC1=CC=CC(=O)C1=O,O=C1C=CC=CC1=O,23,318.5,14,1,6.1,3015132,"1,2-benzoquinone"
CCC(=O)OC1C(OC(C)=O)C2=C(C(=O)C(=O)C(C(C)C)=C2O)C2(C)CCCC(C)(C)C12,O=C1C=CC2=C(C1=O)C1CCCCC1CC2,32,446.54,4,3,4.0,73346204,"1,2-benzoquinone"
O=C1C=C(Nc2cccc3cc(S(=O)(=O)O)ccc23)c2ccccc2C1=O,O=C1C=C(Nc2cccc3ccccc23)c2ccccc2C1=O,27,379.39,3,4,3.3,4207672,"1,2-benzoquinone"
CC(C)=CCCC1(C)C=Cc2c(O)c3c(c(O)c2O1)C(O)=CC(=O)C3=O,O=C1C=Cc2cc3c(cc2C1=O)C=CCO3,26,356.37,3,3,3.67,129801570,"1,2-naphthoquinone"
O=C1c2ccccc2C(=O)c2c(NCCN3CCNCC3)ccc(NCCN3CCNCC3)c21,O=C1c2ccccc2C(=O)c2c(NCCN3CCNCC3)ccc(NCCN3CCNCC3)c21,34,462.6,8,5,1.1,100276,anthraquinone
Nc1nnc(NCCNCCO)c2c1C(=O)c1ccccc1C2=O,O=C1c2ccccc2C(=O)c2cnncc21,24,327.34,6,3,-0.17,45262460,"1,4-benzoquinone"
CC(C)=CCCC1(C)C=Cc2c(ccc3c2C(=O)C(=O)C(C)=C3O)O1,O=C1C=Cc2ccc3c(c2C1=O)C=CCO3,25,338.4,3,3,4.65,392455,"1,2-benzoquinone"
NC1=Cc2cc3c(-c4ccccc4)c4ccccc4cc3cc2C(=O)C1=O,O=C1C=Cc2cc3c(-c4ccccc4)c4ccccc4cc3cc2C1=O,27,349.39,1,5,4.73,129741487,"1,2-naphthoquinone"
CC(C)C1=CC2OC3=C(CC2CC1)C(=O)C(=O)c1ccccc13,O=C1C(=O)c2ccccc2C2=C1CC1CCC=CC1O2,23,308.38,1,4,3.94,24991549,"1,2-naphthoquinone"
CCc1ccc2c(O)c3c(cc2c1C(=O)OC)C(=O)c1c(O)ccc(O)c1C3=O,O=C1c2ccccc2C(=O)c2cc3ccccc3cc21,29,392.36,2,4,3.08,120369,"1,4-benzoquinone"
O=C1c2ccccc2-c2onc3c(N4CCOCC4)cc(Nc4ccc(F)cc4)c1c23,O=C1c2ccccc2-c2onc3c(N4CCOCC4)cc(Nc4ccccc4)c1c23,31,415.42,3,6,4.76,4534232,anthraquinone
CCCCOC1CCC(C2=C(O)c3ccccc3C(=O)C2=O)CC1,O=C1C(=O)c2ccccc2C=C1C1CCCCC1,24,328.41,5,3,4.1,14129701,"1,2-naphthoquinone"
COC(=O)c1c(OC)cc2c(c1C)C(=O)c1c(O)cccc1C2=O,O=C1c2ccccc2C(=O)c2ccccc21,24,326.3,2,3,2.27,14379527,"1,4-naphthoquinone"
Nc1c(OCCc2ccc(CCO)cc2)cc(O)c2c1C(=O)c1ccccc1C2=O,O=C1c2ccccc2C(=O)c2cc(OCCc3ccccc3)ccc21,30,403.43,6,4,2.91,113253,"1,4-naphthoquinone"
O=C1C(=O)c2c(oc(=O)n2Cc2ccc(F)cc2)-c2ccccc21,O=C1C(=O)c2c(oc(=O)n2Cc2ccccc2)-c2ccccc21,24,323.28,2,4,2.67,118218945,"1,2-benzoquinone"
CC1=CC(=O)C(=O)C=C1C1=CC(=O)C(=O)C=C1C,O=C1C=CC(C2=CC(=O)C(=O)C=C2)=CC1=O,18,242.23,1,2,1.04,78097,"1,2-benzoquinone"
O=C1C(=O)c2cccc3c2-c2c(cccc21)C3,O=C1C(=O)c2cccc3c2-c2c(cccc21)C3,17,220.23,0,4,2.64,11009487,"1,2-benzoquinone"
COC(=O)c1cc(C(=O)OC)c2c(n1)C(=O)C(=O)c1[nH]c(C)nc1-2,O=C1C(=O)c2[nH]cnc2-c2cccnc21,24,329.27,2,3,0.73,101725202,"1,2-benzoquinone"
O=C1C=C2OC=Cc3cccc(c32)C1=O,O=C1C=C2OC=Cc3cccc(c32)C1=O,15,198.18,0,3,1.79,68638293,"1,2-benzoquinone"
CCC1C=CC(C(C)O)OC(=O)C2(C)C=CC(=O)NC3=C2C(=O)c2c(cc(C)c(O)c2C(=O)CC1)C3=O,O=C1C=CC2C(=O)OCC=CCCCC(=O)c3cccc4c3C(=O)C2=C(N1)C4=O,37,507.54,2,4,2.88,76317179,"1,4-naphthoquinone"
CCc1noc(-c2cc3c(o2)C(=O)c2ccccc2C3=O)n1,O=C1c2ccccc2C(=O)c2oc(-c3ncno3)cc21,22,294.27,2,4,2.67,66561017,"1,4-benzoquinone"
CC=C1C=CC2(O1)OC1=C(c3ccc(O)cc3)C(=O)C(=O)C(c3ccc(O)cc3)=C1O2,C=C1C=CC2(O1)OC1=C(c3ccccc3)C(=O)C(=O)C(c3ccccc3)=C1O2,31,416.39,2,5,3.56,162991855,"1,2-benzoquinone"
O=C1C(=O)c2c(nc3ccccn23)-c2ccc([N+](=O)[O-])cc21,O=C1C(=O)c2c(nc3ccccn23)-c2ccccc21,22,293.24,1,4,2.29,19610829,"1,2-benzoquinone"
NCCNc1c2c(c(NCCN)c3sccc13)C(=O)c1ccccc1C2=O,O=C1c2ccccc2C(=O)c2cc3sccc3cc21,27,380.47,6,4,2.42,42630810,"1,4-benzoquinone"
CN(C)C1=CC(=O)C(=O)c2ccncc21,O=C1C=Cc2cnccc2C1=O,15,202.21,1,2,0.75,363434,"1,2-benzoquinone"
Cc1cc(C(=O)Sc2nc3c4c(ccc3[nH]2)C(=O)c2ccccc2C4=O)c(C)o1,O=C(Sc1nc2c3c(ccc2[nH]1)C(=O)c1ccccc1C3=O)c1ccoc1,29,402.43,2,5,4.48,53358529,anthraquinone
CC(C)(C(=O)c1ccc2ccc3c(c2c1)C(=O)C(=O)C=C3)N1CCOCC1,O=C1C=Cc2ccc3ccc(C(=O)CN4CCOCC4)cc3c2C1=O,27,363.41,3,4,2.91,20430214,"1,2-naphthoquinone"
O=C1C(=O)c2c([nH]c(C(F)(F)F)cc2=O)-c2ncccc21,O=C1C(=O)c2c([nH]ccc2=O)-c2ncccc21,21,294.19,0,3,1.83,21816402,"1,2-benzoquinone"
O=C1c2ccccc2C(=O)c2c1cc(O)c(CO)c2O,O=C1c2ccccc2C(=O)c2ccccc21,20,270.24,1,3,1.37,10163,"1,4-benzoquinone"
CC1OC2CC(=O)OC2C2=C1C(=O)c1c(ccc(C3CC(N(C)C)C(O)C(C)O3)c1O)C2=O,O=C1CC2OCC3=C(C(=O)c4ccc(C5CCCCO5)cc4C3=O)C2O1,33,457.48,2,5,1.31,12967404,"1,4-benzoquinone"
O=C1C=C(O)C(Nc2ccc3ccccc3c2)=CC1=O,O=C1C=CC(Nc2ccc3ccccc3c2)=CC1=O,20,265.27,2,3,2.73,51041912,"1,2-benzoquinone"
[N-]=[N+]=NC1=C(N=[N+]=[N-])c2c(cccc2S(=O)(=O)Oc2ccc(C(=O)c3ccc(O)c(O)c3O)cc2)C(=O)C1=O,O=C1C=Cc2c(cccc2S(=O)(=O)Oc2ccc(C(=O)c3ccccc3)cc2)C1=O,39,548.45,7,4,3.86,18428965,"1,2-naphthoquinone"
Cc1oc2c(c1C(=O)NCc1ccccn1)C(=O)c1ccccc1C2=O,O=C(NCc1ccccn1)c1coc2c1C(=O)c1ccccc1C2=O,26,346.34,3,4,2.69,2142307,"1,4-benzoquinone"
CCC(=O)NC1=CC(=O)C(=O)c2ccccc21,O=C1C=Cc2ccccc2C1=O,17,229.23,2,2,1.32,76331224,"1,2-benzoquinone"
O=C1C=C2NCCSC2=CC1=O,O=C1C=C2NCCSC2=CC1=O,12,181.22,0,2,0.24,11819667,"1,2-benzoquinone"
CN(CCc1ccccn1)C1=CC(=O)C(=O)c2ccccc21,O=C1C=C(NCCc2ccccn2)c2ccccc2C1=O,22,292.34,4,3,2.36,134937755,"1,2-naphthoquinone"
CN1CCN(c2ccc(NC3=CC(=O)c4ncncc4C3=O)cc2)CC1,O=C1C(Nc2ccc(N3CCNCC3)cc2)=CC(=O)c2ncncc21,26,349.39,3,4,1.6,130408099,"1,4-benzoquinone"
CC(C)C1=Cc2ccc3c(c2C(=O)C1=O)CCCC(=O)N3,O=C1CCCc2c(ccc3c2C(=O)C(=O)C=C3)N1,21,283.33,1,3,2.77,14828159,"1,2-benzoquinone"
Cc1ccc(C(=O)Nc2c(NC(=O)CN(C)CC3OCCO3)ccc3c2C(=O)c2ccccc2C3=O)cc1,O=C(CNCC1OCCO1)Nc1ccc2c(c1NC(=O)c1ccccc1)C(=O)c1ccccc1C2=O,38,513.55,7,5,3.27,53374586,"1,4-naphthoquinone"
Cc1cc2c(cc1O)C(=O)c1ccccc1C2=O,O=C1c2ccccc2C(=O)c2ccccc21,18,238.24,0,3,2.48,10889963,"1,4-benzoquinone"
COc1ccc(C2C3=C(Nc4n[nH]c(-c5ccccc5)c42)c2ccccc2C(=O)C3=O)cc1,O=C1C(=O)c2ccccc2C2=C1C(c1ccccc1)c1c(n[nH]c1-c1ccccc1)N2,33,433.47,3,6,4.82,136224216,"1,2-benzoquinone"
O=C1C(=O)C(Cl)=C(Cl)C(Cl)=C1Cl,O=C1C=CC=CC1=O,12,245.88,0,1,2.52,73252,"1,2-benzoquinone"
O=C1c2ccccc2C(=O)c2c1ccc1c2OCO1,O=C1c2ccccc2C(=O)c2c1ccc1c2OCO1,19,252.22,0,4,2.19,73072,"1,4-benzoquinone"
O=C1c2cccc(O)c2C(=O)c2c3c(cc(O)c21)C12OC1(C(O)CO)C(C#CC=CC#CC2O)N3,O=C1c2ccccc2C(=O)c2c1ccc1c2NC2C#CC=CC#CCC13OC23,35,471.42,2,6,-0.08,155535540,"1,4-benzoquinone"
COC1=CC(=O)c2c(cc(OC)c(C(C)C3=C(O)c4c(cc(OC)c(C(C)O)c4O)C(=O)C3=O)c2O)C1=O,O=C1C(=O)c2ccccc2C=C1Cc1ccc2c(c1)C(=O)C=CC2=O,38,524.48,6,4,2.92,170989302,"1,2-benzoquinone"
O=C1C=C(O)C(c2ccc(-c3ccccc3)cc2)=CC1=O,O=C1C=CC(c2ccc(-c3ccccc3)cc2)=CC1=O,21,276.29,2,3,3.33,51041917,"1,2-benzoquinone"
O=C(O)c1c(C(=O)O)c2ooc2c2ccccc12,c1ccc2c(c1)ccc1ooc12,18,246.17,2,3,2.58,19850951,"1,2-naphthoquinone"
CCCCCCCC1=C(Br)c2nc3ccccn3c2C(=O)C1=O,O=C1C=Cc2nc3ccccn3c2C1=O,23,375.27,6,3,4.57,76326853,"1,2-benzoquinone"
Nc1c(OCCO)cc(NC2CCCCC2)c2c1C(=O)c1ccccc1C2=O,O=C1c2ccccc2C(=O)c2c(NC3CCCCC3)cccc21,28,380.44,5,4,3.16,90702,anthraquinone
O=C(O)C1=NC2=C(C1)c1c(C(=O)O)cc(C(=O)O)nc1C(=O)C2=O,O=C1C(=O)c2ncccc2C2=C1N=CC2,24,330.21,3,3,-0.12,15631480,"1,2-benzoquinone"
O=C1CC(c2ccco2)C2=C(N1)c1ccccc1C(=O)C2=O,O=C1CC(c2ccco2)C2=C(N1)c1ccccc1C(=O)C2=O,22,293.28,1,4,2.06,162664183,"1,2-benzoquinone"
COC1=C(Cc2ccccc2)C(=O)C2=C(C1=O)C(COC(N)=O)C1(O)C3C(CN21)N3C,O=C1C=C(Cc2ccccc2)C(=O)C2=C1CC1C3NC3CN21,31,425.44,5,5,-0.05,10071050,"1,4-benzoquinone"
Cn1c(=O)c2c(n1-c1ccccc1)-c1ccc(F)cc1C(=O)C2=O,O=C1C(=O)c2c(n(-c3ccccc3)[nH]c2=O)-c2ccccc21,24,322.3,1,4,2.36,155354725,"1,2-benzoquinone"
O=C1C=c2ccccc2=C(c2cccc3ccccc23)C1=O,O=C1C=c2ccccc2=C(c2cccc3ccccc23)C1=O,22,284.31,1,4,1.97,141032955,"1,2-benzoquinone"
COC(=O)C(C1=C(O)c2ccccc2C(=O)C1=O)C(F)(C(=O)NC1CCCCC1)C(=O)OC,O=C(CCC1=Cc2ccccc2C(=O)C1=O)NC1CCCCC1,33,461.44,6,3,1.84,146169037,"1,2-benzoquinone"
O=C(COC(=O)c1ccc2c(c1Cl)C(=O)c1ccccc1C2=O)NC1CCCCC1,O=C(COC(=O)c1ccc2c(c1)C(=O)c1ccccc1C2=O)NC1CCCCC1,30,425.87,4,4,3.72,3547096,anthraquinone
CN1CCN(CCC(=O)Nc2ccc3c(c2)C(=O)c2cc(NC(=O)CCN4CCN(C)CC4)ccc2C3=O)CC1,O=C(CCN1CCNCC1)Nc1ccc2c(c1)C(=O)c1cc(NC(=O)CCN3CCNCC3)ccc1C2=O,40,546.67,8,5,1.61,44242846,anthraquinone
O=C1C(Nc2ccc(F)cc2)=C(N2CCCC2)C(=O)c2ccccc21,O=C1C(Nc2ccccc2)=C(N2CCCC2)C(=O)c2ccccc21,25,336.37,3,4,3.62,9880878,"1,4-naphthoquinone"
CC(C)(C)OC(=O)N1CCC(O)(CSC2=CC(=O)C(=O)c3ccc(F)cc32)CC1,O=C1C=C(SCC2CCNCC2)c2ccccc2C1=O,29,421.49,3,3,3.43,67439097,"1,2-benzoquinone"
CCC1=C(CC)C2(C=CC(=O)C=C2)C2=CC(=O)C(=O)C=C21,O=C1C=CC2(C=C1)C=CC1=CC(=O)C(=O)C=C12,21,280.32,2,3,2.8,101738325,"1,2-benzoquinone"
CN1CCN(C(=O)c2cc3c(s2)C(=O)c2sc(C(=O)N4CCN(C)CC4)cc2C3=O)CC1,O=C1c2cc(C(=O)N3CCNCC3)sc2C(=O)c2sc(C(=O)N3CCNCC3)cc21,32,472.59,2,5,1.36,44439939,"1,4-benzoquinone"
CCNc1cc(N2CCN(C3CCCCC3)CC2)c2noc3c2c1C(=O)c1ccccc1-3,O=C1c2ccccc2-c2onc3c(N4CCN(C5CCCCC5)CC4)ccc1c23,32,430.55,4,6,4.93,16009256,anthraquinone
CNCCC(=O)Nc1ccc(NC(=O)CCNC)c2c1C(=O)c1ccccc1C2=O,O=C1c2ccccc2C(=O)c2ccccc21,30,408.46,8,3,1.56,146500,anthraquinone
COC1=CC(=O)c2c(c(COC(=O)Cc3ccc(-c4ccccc4)cc3)c(C)n2C)C1=O,O=C(Cc1ccc(-c2ccccc2)cc1)OCc1c[nH]c2c1C(=O)C=CC2=O,32,429.47,6,4,4.2,10622481,"1,4-benzoquinone"
O=C1c2ccccc2C(=O)c2c1cc(NS(=O)(=O)c1ccccc1)c(O)c2O,O=C1c2ccccc2C(=O)c2cc(NS(=O)(=O)c3ccccc3)ccc21,28,395.39,3,4,2.67,162648171,"1,4-naphthoquinone"
COc1ccc(Sc2cc3c(c4nsnc24)C(=O)c2ccccc2C3=O)cc1,O=C1c2ccccc2C(=O)c2c1cc(Sc1ccccc1)c1nsnc21,28,404.47,3,5,4.63,74223179,"1,4-naphthoquinone"
CC1=CC(C)CCC(O)C(C)C(O)C(C)c2sc(c3c2C(=O)C(=O)C(C)=C3O)C(=O)C(C)CC(C)C1,O=C1C=Cc2c3sc(c2C1=O)CCCCCCCC=CCCCCC3=O,36,516.7,0,3,5.88,178296519,"1,2-benzoquinone"
O=C1C2=C(OCCO2)C(=O)c2ccccc21,O=C1C2=C(OCCO2)C(=O)c2ccccc21,16,216.19,0,3,1.32,14080458,"1,4-naphthoquinone"
NC(CC1=CC2=C(NC(C(=O)O)CC2C(=O)O)C(=O)C1=O)C(=O)O,O=C1C=CC2=C(NCCC2)C1=O,24,338.27,5,2,-1.73,11954214,"1,2-benzoquinone"
COC12C(COC(N)=O)C3=C(C(=O)C(C)=C(NCCSSc4ccc([N+](=O)[O-])cc4)C3=O)N1CC1NC12,O=C1C=C(NCCSSc2ccccc2)C(=O)C2=C1N1CC3NC3C1C2,37,547.62,10,5,1.33,56855,"1,4-benzoquinone"
O=C1C(=O)c2ccccc2C2=C1SCC1(CCN(C(=O)Oc3ccccn3)CC1)O2,O=C1C(=O)c2ccccc2C2=C1SCC1(CCN(C(=O)Oc3ccccn3)CC1)O2,30,422.46,1,5,3.31,57661977,"1,2-naphthoquinone"
COc1ccc(-c2cn(C3C4=C(OC3(C)C)c3ccccc3C(=O)C4=O)nn2)cc1,O=C1C(=O)c2ccccc2C2=C1C(n1cc(-c3ccccc3)nn1)CO2,30,401.42,3,5,3.48,60143789,"1,2-benzoquinone"
COc1cccc2c1C(=O)c1ccc(C)c(O)c1C2=O,O=C1c2ccccc2C(=O)c2ccccc21,20,268.27,1,3,2.48,13970503,anthraquinone
Cc1ccc2oc3cc(NCCCN(C)C)c4c(=O)c5ccccc5c(=O)c4c3[nH]c2c1,O=c1c2ccccc2c(=O)c2c1ccc1oc3ccccc3[nH]c12,32,427.5,5,5,4.61,2847109,"1,4-naphthoquinone"
COc1cccc(-c2cc(C(=O)NC3=C(Cl)C(=O)c4ccccc4C3=O)ccc2OC)c1,O=C(NC1=CC(=O)c2ccccc2C1=O)c1cccc(-c2ccccc2)c1,32,447.87,5,4,4.63,44564510,"1,4-naphthoquinone"
Cc1c(C(=O)N2CCC(F)(F)CC2)oc2c1C(=O)C(=O)c1ccccc1-2,O=C1C(=O)c2cc(C(=O)N3CCCCC3)oc2-c2ccccc21,26,359.33,1,4,3.51,162515221,"1,2-benzoquinone"
O=C(O)C1=NC(C(=O)O)CC(C=CN2C3=CC(=O)C(=O)C=C3CC2C(=O)O)=C1,O=C1C=C2CCN(C=CC3=CC=NCC3)C2=CC1=O,28,386.32,5,3,-0.07,126456435,"1,2-benzoquinone"
CN(C)CCNc1cc(N(C)C)c2noc3c2c1C(=O)c1ccccc1-3,O=C1c2ccccc2-c2onc3cccc1c23,26,350.42,5,4,3.08,20867975,"1,4-naphthoquinone"
Nc1c(-c2nnc(-c3ccc4c(c3N)C(=O)c3ccccc3C4=O)o2)ccc2c1C(=O)c1ccccc1C2=O,O=C1c2ccccc2C(=O)c2cc(-c3nnc(-c4ccc5c(c4)C(=O)c4ccccc4C5=O)o3)ccc21,39,512.48,2,7,4.12,104246,"1,4-naphthoquinone"
O=C1c2ccccc2C(=O)c2scnc21,O=C1c2ccccc2C(=O)c2scnc21,15,215.23,0,3,1.92,11790588,"1,4-naphthoquinone"
O=C(C=Cc1ccc(O)cc1)c1ccc(NC2=C(N3CCCCC3)C(=O)c3ccccc3C2=O)cc1,O=C(C=Cc1ccccc1)c1ccc(NC2=C(N3CCCCC3)C(=O)c3ccccc3C2=O)cc1,36,478.55,6,5,5.48,5341375,"1,4-benzoquinone"
CC1CC2=C(O1)c1ccc3ccccc3c1C(=O)C2=O,O=C1C(=O)c2c(ccc3ccccc23)C2=C1CCO2,20,264.28,0,4,3.13,24937858,"1,2-naphthoquinone"
CN(C)C=Nc1ccc2c(c1)C(=O)c1ccc(N=CN(C)C)cc1C2=O,O=C1c2ccccc2C(=O)c2ccccc21,26,348.41,4,3,2.9,151858,anthraquinone
O=C1C=CC=C(C=CC(=O)c2ccccc2)C1=O,O=C1C=CC=C(C=CC(=O)c2ccccc2)C1=O,18,238.24,3,2,2.06,129852222,"1,2-benzoquinone"
COC(=O)c1c(-c2cc(O)c3c(c2)C(=O)c2cccc(O)c2C3=O)nn(-c2ccccc2)c1C(=O)OC,O=C1c2ccccc2C(=O)c2cc(-c3ccn(-c4ccccc4)n3)ccc21,37,498.45,4,5,3.3,162647204,anthraquinone
COc1cc(C(CC=C(C)C)OC(=O)C2CCCO2)c(OC)c2c1C(=O)C=CC2=O,O=C1C=CC(=O)c2cc(COC(=O)C3CCCO3)ccc21,30,414.45,7,3,3.76,53361727,"1,4-benzoquinone"
CC(C)N(CCOc1ccc2c3c(oc2c1)C(=O)c1ncccc1C3=O)C(C)C,O=C1c2ncccc2C(=O)c2c1oc1ccccc21,29,392.46,6,4,4.1,44428914,"1,4-benzoquinone"
NCCCNCCCCNCc1ccc(OC2=CC(=O)c3cc4ccccc4cc3C2=O)cc1,O=C1C=C(Oc2ccccc2)C(=O)c2cc3ccccc3cc21,34,457.57,12,4,3.99,71459095,"1,4-benzoquinone"
O=C1C(=O)c2ccccc2C(O)=C1CN1CCOCC1,O=C1C(=O)c2ccccc2C=C1CN1CCOCC1,20,273.29,2,3,1.05,233370,"1,2-naphthoquinone"
COC1=CC(=O)C(O)=C(CC2(C)C3=C(CCC2C)C(C)(C)CCC3)C1=O,O=C1C=CC(=O)C(CC2CCCC3=C2CCCC3)=C1,26,358.48,3,3,4.81,13917509,"1,4-benzoquinone"
O=c1c(=O)c2c(O)c3c(=O)c(=O)c4c(ccc5[nH][nH][nH][nH]c54)c3cc2c2cccc(O)c12,O=c1c(=O)c2cc3c(=O)c(=O)c4c(ccc5[nH][nH][nH][nH]c54)c3cc2c2ccccc12,32,428.36,0,6,1.62,171716522,"1,2-naphthoquinone"
O=C1C(NS(=O)(=O)c2cccs2)=C(N2CCOCC2)C(=O)c2ccccc21,O=C1C(NS(=O)(=O)c2cccs2)=C(N2CCOCC2)C(=O)c2ccccc21,27,404.47,4,4,1.65,3743652,"1,4-naphthoquinone"
O=C1C=Cc2[nH]c(S(=O)(=O)c3ccccc3F)c(-c3ccccc3)c2C1=O,O=C1C=Cc2[nH]c(S(=O)(=O)c3ccccc3)c(-c3ccccc3)c2C1=O,27,381.38,3,4,3.43,132234115,"1,2-benzoquinone"
O=C(C=Cc1ccc(C=NCc2ccccc2)cc1)c1cccc2c1C(=O)c1ccccc1C2=O,O=C(C=Cc1ccc(C=NCc2ccccc2)cc1)c1cccc2c1C(=O)c1ccccc1C2=O,35,455.51,6,5,5.98,72947874,anthraquinone
O=C1C=C2OCOC2=CC1=O,O=C1C=C2OCOC2=CC1=O,11,152.1,0,2,-0.09,343423,"1,2-benzoquinone"
O=C1C(=O)c2ccccc2C(O)=C1C1C(=O)c2ccccc2C(=O)C1O,O=C1C(=O)c2ccccc2C=C1C1CC(=O)c2ccccc2C1=O,26,348.31,1,4,1.78,501493,"1,2-benzoquinone"
CC1(C)C(=O)NC2=C1C(=O)C(=O)c1cccc(OCc3ccccc3)c12,O=C1CC2=C(N1)c1c(OCc3ccccc3)cccc1C(=O)C2=O,26,347.37,3,4,2.9,9968108,"1,2-naphthoquinone"
CC(=O)OC1CCC(C)OC12OCC1=C(C(=O)C(=O)C(C)=C1O)C2OC(C)=O,O=C1C=CC2=C(CC3(CCCCO3)OC2)C1=O,28,394.38,2,3,1.06,139584458,"1,2-benzoquinone"
CC1=C(C)C2=C(CCC(C)(C)O2)C(=O)C1=O,O=C1C=CC2=C(CCCO2)C1=O,16,220.27,0,2,2.32,192898,"1,2-benzoquinone"
CC1OC(C)(OC2CC(O)(C(=O)CO)Cc3c(O)c4c(c(O)c32)C(=O)c2ccccc2C4=O)CC(O)C1O,O=C1c2ccccc2C(=O)c2cc3c(cc21)CCCC3OC1CCCCO1,38,528.51,4,5,0.42,118704579,anthraquinone
O=C1C=C(c2ccc3ccccc3c2O)c2ccccc2C1=O,O=C1C=C(c2ccc3ccccc3c2)c2ccccc2C1=O,23,300.31,1,4,3.74,53363468,"1,2-benzoquinone"
CN1CCc2cccc3c2C1=CC(=O)C3=O,O=C1C=C2NCCc3cccc(c32)C1=O,16,213.24,0,3,1.28,145970963,"1,2-benzoquinone"
O=C1C(=O)c2ccccc2C(O)=C1CCc1ccc(-c2ccccc2)cc1,O=C1C(=O)c2ccccc2C=C1CCc1ccc(-c2ccccc2)cc1,27,354.41,4,4,5.02,502611,"1,2-benzoquinone"
Cc1c2oc3cc(F)ccc3[nH]c-2cc(=O)c1=O,O=c1cc2[nH]c3ccccc3oc-2cc1=O,18,245.21,0,3,2.03,168341915,"1,2-benzoquinone"
CN(C)c1cccc2c1C(=O)c1c(c(O)c3ccccc3c1O)C2=O,O=C1c2ccccc2C(=O)c2cc3ccccc3cc21,25,333.34,1,4,3.09,213193,anthraquinone
O=C1C(=O)c2ccc3ccccc3c2-c2ccccc21,O=C1C(=O)c2ccc3ccccc3c2-c2ccccc21,20,258.28,0,4,3.89,15558055,"1,2-benzoquinone"
CS(=O)(=O)n1cc(-c2ccccc2)c2c1C(C(F)(F)F)=CC(=O)C2=O,O=C1C=Cc2[nH]cc(-c3ccccc3)c2C1=O,25,369.32,2,3,2.67,153507416,"1,2-benzoquinone"
[N-]=[N+]=NC1=C(S(=O)(=O)Oc2ccc(O)cc2O)c2c(N=[N+]=[N-])cccc2C(=O)C1=O,O=C1C=C(S(=O)(=O)Oc2ccccc2)c2ccccc2C1=O,30,428.34,5,3,3.19,54373861,"1,2-naphthoquinone"
O=C1C(Cl)=C(NCCCn2ccnc2[N+](=O)[O-])C(=O)c2ccccc21,O=C1C=C(NCCCn2ccnc2)C(=O)c2ccccc21,25,360.76,6,3,2.3,11523355,"1,4-benzoquinone"
O=C1C=c2cc3cc4ccccc4cc3cc2=CC1=O,O=C1C=c2cc3cc4ccccc4cc3cc2=CC1=O,20,258.28,0,4,1.71,21889416,"1,2-benzoquinone"
CC(=O)C(C)(C)C1=C(O)c2ccccc2C(=O)C1=O,O=C1C=Cc2ccccc2C1=O,19,258.27,2,2,2.34,642734,"1,2-benzoquinone"
O=C(O)c1ccccc1Nc1cccc2c1C(=O)c1cccc(Nc3ccccc3C(=O)O)c1C2=O,O=C1c2cccc(Nc3ccccc3)c2C(=O)c2cccc(Nc3ccccc3)c21,36,478.46,6,5,5.35,66490,"1,4-benzoquinone"
O=C1C(=O)c2ccccc2C(O)=C1CN1CCN(c2ccccc2)CC1,O=C1C(=O)c2ccccc2C=C1CN1CCN(c2ccccc2)CC1,26,348.4,3,4,2.54,71596019,"1,2-benzoquinone"
Cc1ccc(Sc2ccc3c(c2)C(=O)c2cc(O)c(O)cc2C3=O)cc1,O=C1c2ccccc2C(=O)c2cc(Sc3ccccc3)ccc21,26,362.41,2,4,4.33,71452025,"1,4-benzoquinone"
CC(=CCC1=CC(=O)C(C)=CC1=O)CCC=C(C)Cc1cc(C)co1,O=C1C=CC(=O)C(CC=CCCC=CCc2ccco2)=C1,25,338.45,7,2,5.22,23425134,"1,4-benzoquinone"
CC(C)(C)n1[nH]c2c3c(ccc2c1=O)C(=O)c1ccccc1C3=O,O=C1c2ccccc2C(=O)c2c1ccc1c(=O)[nH][nH]c21,24,320.35,0,4,2.86,2847380,"1,4-benzoquinone"
CCOC1=C(C)C(=O)c2ccn3c(C)ncc3c2C1=O,O=C1C=CC(=O)c2c1ccn1cncc21,20,270.29,2,3,2.33,9903535,"1,4-benzoquinone"
O=C1C(=O)c2ccccc2C(O)=C1C=C1CCCC1,O=C1C(=O)c2ccccc2C=C1C=C1CCCC1,19,254.28,1,3,3.22,13847479,"1,2-benzoquinone"
COC1=CC(=O)c2c(nc3n2CCC3)C1=O,O=C1C=CC(=O)c2c1nc1n2CCC1,16,218.21,1,3,0.74,10727527,"1,4-benzoquinone"
CC1=C(Nc2ccccc2)C(=O)C(=O)c2ccccc21,O=C1C(=O)c2ccccc2C=C1Nc1ccccc1,20,263.3,2,3,3.3,145916033,"1,2-naphthoquinone"
O=C1OCC2=C1C(c1ccc(Cl)cc1)C1=C(N2)C(=O)c2ccccc2C1=O,O=C1OCC2=C1C(c1ccccc1)C1=C(N2)C(=O)c2ccccc2C1=O,27,377.78,1,5,3.17,162644065,"1,4-naphthoquinone"
O=C1C=C2c3ccccc3-c3cccc(c32)C1=O,O=C1C=C2c3ccccc3-c3cccc(c32)C1=O,18,232.24,0,4,2.86,21481,"1,2-benzoquinone"
O=C1c2ccccc2C(=O)c2cc(CCl)ccc21,O=C1c2ccccc2C(=O)c2ccccc21,18,256.69,1,3,3.2,344311,"1,4-benzoquinone"
COC1=C(O)c2cc3oc(C(C)=O)c(O)c3c(O)c2C(=O)C1=O,O=C1C=Cc2cc3occc3cc2C1=O,23,318.24,2,3,1.69,6710774,"1,2-benzoquinone"
O=C1C=C(N2CCCc3ccccc32)c2ccccc2C1=O,O=C1C=C(N2CCCc3ccccc32)c2ccccc2C1=O,22,289.33,1,4,3.25,14722228,"1,2-naphthoquinone"
O=C1C(=O)c2c(nc3ccccn23)C(Br)=C1c1ccccc1,O=C1C(=O)c2c(nc3ccccn23)C=C1c1ccccc1,22,353.18,1,4,3.36,76308751,"1,2-benzoquinone"
CC(C)C1=Cc2c(cc3c(cc2=O)C(C)(C)C(=O)C(O)=C3)C(=O)C1=O,O=C1C=Cc2cc3c(c(=O)cc2C1)C=CC(=O)C3=O,25,338.36,1,3,2.61,135496174,"1,2-benzoquinone"
CC(C)=CCC(OC(=O)c1ccco1)C1=CC(=O)c2c(O)ccc(O)c2C1=O,O=C(OCC1=CC(=O)c2ccccc2C1=O)c1ccco1,28,382.37,5,3,3.58,50903200,"1,4-benzoquinone"
COc1cc(C)cc2c1C(=O)C=C(c1c(C)cc3c(c1OC)C(=O)C(Nc1ccc(Cl)cc1)=CC3=O)C2=O,O=C1C=C(Nc2ccccc2)C(=O)c2cc(C3=CC(=O)c4ccccc4C3=O)ccc21,38,527.96,5,5,5.81,25111918,"1,4-benzoquinone"
O=C1C(=O)c2ncccc2-c2ccccc21,O=C1C(=O)c2ncccc2-c2ccccc21,16,209.2,0,3,2.13,12394151,"1,2-benzoquinone"
COc1ccc2c(c1)C(O)=C(CC=C(C)C)C(=O)C2=O,O=C1C=Cc2ccccc2C1=O,20,272.3,3,2,3.09,269216,"1,2-benzoquinone"
COC1CC(C)(O)Cc2cc3c(c(O)c21)C(=O)c1c(O)cc2c(c1C3=O)OC1OC2(C)C(O)C(N(C)C=O)C1O,O=C1c2cc3c(cc2C(=O)c2c1ccc1c2OC2CCCC1O2)CCCC3,40,555.54,3,6,0.4,44368738,anthraquinone
COc1cc2c(c(C=Cc3cccc4ccccc34)c1C(=O)O)C(=O)c1c(O)cccc1C2=O,O=C1c2ccccc2C(=O)c2c(C=Cc3cccc4ccccc34)cccc21,34,450.45,4,5,5.2,23661627,anthraquinone
COc1ccc(Nc2cc(S(=O)(=O)O)c(N)c3c2C(=O)c2ccccc2C3=O)cc1,O=C1c2ccccc2C(=O)c2c(Nc3ccccc3)cccc21,30,424.43,4,4,3.04,108643,"1,4-benzoquinone"
CC12CCC3C(C)(C)CCCC3(C)C1=CC1=CC(=O)C(=O)C=C1O2,O=C1C=C2C=C3C(CCC4CCCCC34)OC2=CC1=O,24,326.44,0,4,4.29,460087,"1,2-benzoquinone"
O=C1C=C(Oc2ccc(Cl)cc2F)C(=O)c2cc3ccccc3cc21,O=C1C=C(Oc2ccccc2)C(=O)c2cc3ccccc3cc21,25,352.75,2,4,4.97,44447788,"1,4-benzoquinone"
O=C1C=Cc2c(c3ccccc3c3ccccc23)C1=O,O=C1C=Cc2c(c3ccccc3c3ccccc23)C1=O,20,258.28,0,4,3.77,187317,"1,2-benzoquinone"
CCC(C)(O)c1cc(=O)c2c(C)cc3c(c2o1)C(=O)c1c(O)cccc1C3=O,O=C1c2ccccc2C(=O)c2c1ccc1c(=O)ccoc21,28,378.38,2,4,3.2,122388088,anthraquinone
COc1c2c(c(O)c3c1C(=O)c1c(cc(O)c(C)c1O)C3=O)-c1c(cc3c(c1O)C(=O)N1CCCNC31)CC2,O=C1c2ccccc2C(=O)c2cc3c(cc21)CCc1cc2c(cc1-3)C(=O)N1CCCNC21,39,528.52,1,7,2.81,45271372,anthraquinone
COC(CNC(=O)c1ccc2c3c(onc13)-c1ccccc1C2=O)OC,O=C1c2ccccc2-c2onc3cccc1c23,26,352.35,5,4,2.39,1916369,"1,4-benzoquinone"
CC(CN(C)C)Oc1ccc2c3c(oc2c1)C(=O)c1ncccc1C3=O,O=C1c2ncccc2C(=O)c2c1oc1ccccc21,26,350.37,4,4,2.93,44428915,"1,4-benzoquinone"
COc1ccccc1C(=O)OC1CCC(C)(C)c2ccc3c(c21)C(=O)C(=O)c1c(C)coc1-3,O=C(OC1CCCc2ccc3c(c21)C(=O)C(=O)c1ccoc1-3)c1ccccc1,33,444.48,3,5,5.61,62705685,"1,2-benzoquinone"
COc1nn(-c2ccc(C(F)(F)F)cc2)c2c1C(=O)C(=O)c1ccccc1-2,O=C1C(=O)c2cnn(-c3ccccc3)c2-c2ccccc21,27,372.3,2,4,3.95,155354544,"1,2-benzoquinone"
C=C(C)C1CCC(C)=CC1C1=C(O)C(=O)C(CCCCC)=CC1=O,O=C1C=CC(=O)C(C2C=CCCC2)=C1,24,328.45,6,2,5.01,11393311,"1,4-benzoquinone"
CCOc1cccc2cc(C(=O)OC(CC=C(C)C)C3=CC(=O)c4c(O)ccc(O)c4C3=O)oc12,O=C(OCC1=CC(=O)c2ccccc2C1=O)c1cc2ccccc2o1,35,476.48,7,4,5.13,162674739,"1,4-naphthoquinone"
O=C1C(=O)c2ccccc2C(O)=C1CC1=C(O)c2ccccc2C(=O)C1=O,O=C1C(=O)c2ccccc2C=C1CC1=Cc2ccccc2C(=O)C1=O,27,360.32,2,4,2.85,252335,"1,2-benzoquinone"
O=C1C(=O)C2=C(CCCC2)C(O)=C1CCCC1CCCCC1,O=C1C(=O)C2=C(C=C1CCCC1CCCCC1)CCCC2,22,302.41,4,3,4.57,44370285,"1,2-benzoquinone"
[N-]=[N+]=NC1=C(N=[N+]=[N-])c2c(cccc2S(=O)(=O)Oc2ccccc2)C(=O)C1=O,O=C1C=Cc2c(cccc2S(=O)(=O)Oc2ccccc2)C1=O,28,396.34,5,3,3.51,18955200,"1,2-naphthoquinone"
O=C1C=Cc2ccc3ccc4ccc5ccccc5c4c3c2C1=O,O=C1C=Cc2ccc3ccc4ccc5ccccc5c4c3c2C1=O,24,308.34,0,5,4.92,162411356,"1,2-naphthoquinone"
CC(=O)c1cc2c(C)cc3c(c2o1)C(=O)c1c(OC(C)C)cccc1C3=O,O=C1c2ccccc2C(=O)c2c1ccc1ccoc21,27,362.38,3,4,4.51,122183441,anthraquinone
COC12C(COC(N)=O)C3=C(C(=O)C(CSc4nnnn4C)=C(N)C3=O)N1CC1NC12,O=C1C=C(CSc2nnn[nH]2)C(=O)C2=C1CC1C3NC3CN21,31,448.47,6,5,-2.36,10366391,"1,4-benzoquinone"
COc1cc(O)c2c(c1O)C(=O)c1cc(C)cc(O)c1C2=O,O=C1c2ccccc2C(=O)c2ccccc21,22,300.27,1,3,1.9,12444971,"1,4-naphthoquinone"
O=C(O)CCCNc1cc(N2CCCCCC2)c2noc3c2c1C(=O)c1ccccc1-3,O=C1c2ccccc2-c2onc3c(N4CCCCCC4)ccc1c23,31,419.48,6,5,4.7,16000516,"1,4-naphthoquinone"
CC(C)N1CCC2(CC1)CSC1=C(O2)c2ccccc2C(=O)C1=O,O=C1C(=O)c2ccccc2C2=C1SCC1(CCNCC1)O2,24,343.45,1,4,3.13,23654957,"1,2-naphthoquinone"
O=C1c2ccccc2C(=O)c2sc(Nc3ccc(Cl)cc3)nc21,O=C1c2ccccc2C(=O)c2sc(Nc3ccccc3)nc21,23,340.79,2,4,4.32,364770,"1,4-naphthoquinone"
O=C1C(=O)c2ncccc2C(O)=C1CCCCCCCCC1CCCCC1,O=C1C(=O)c2ncccc2C=C1CCCCCCCCC1CCCCC1,27,369.5,9,3,5.82,44370294,"1,2-benzoquinone"
O=C1C=C2OC=C(Cc3ccccc3)c3cccc(c32)C1=O,O=C1C=C2OC=C(Cc3ccccc3)c3cccc(c32)C1=O,22,288.3,2,4,3.41,53376261,"1,2-benzoquinone"
Cc1ccc(Nc2ccc(O)c3c2C(=O)c2ccccc2C3=O)cc1,O=C1c2ccccc2C(=O)c2c(Nc3ccccc3)cccc21,25,329.36,2,4,4.22,6680,"1,4-benzoquinone"
CC12CCC(=O)c3coc(c31)C(=O)c1cc3c(cc12)C(=O)C=CC3=O,O=C1C=CC(=O)c2cc3c(cc21)C(=O)c1occ2c1C3CCC2=O,25,332.31,0,5,3.04,370346,"1,4-benzoquinone"
O=C1c2ccccc2C(=O)c2sc(-c3nncs3)cc21,O=C1c2ccccc2C(=O)c2sc(-c3nncs3)cc21,20,298.35,1,4,3.04,137638127,"1,4-benzoquinone"
O=C1C=C(Br)C(=O)C(Br)=C1,O=C1C=CC(=O)C=C1,10,265.89,0,1,1.7,88175,"1,4-benzoquinone"
Cc1ccc(C(=O)c2coc3c2C(=O)C(=O)c2ccccc2-3)cc1,O=C1C(=O)c2c(C(=O)c3ccccc3)coc2-c2ccccc21,24,316.31,2,4,3.87,1736341,"1,2-benzoquinone"
CCCc1cc2c(C)cc3c(c2oc1=O)C(=O)c1c(OC(C)C)cccc1C3=O,O=C1c2ccccc2C(=O)c2c1ccc1ccc(=O)oc21,29,390.44,4,4,4.62,122183426,anthraquinone
O=C1C(=O)c2ccccc2C(O)=C1C(NCCCCl)c1cc(Br)ccc1O,O=C1C(=O)c2ccccc2C=C1Cc1ccccc1,27,450.72,6,3,4.15,127048260,"1,2-benzoquinone"
CC1(C)CCCC2(C)c3cc4c(cc3CCC12)C(=O)C=CC4=O,O=C1C=CC(=O)c2cc3c(cc21)CCC1CCCCC31,23,308.42,0,4,4.65,11381285,"1,4-benzoquinone"
O=c1c2[nH]cc[nH]c2c(=O)c2c(=O)n(Cc3cc(Br)ccc3F)c(=O)c12,O=c1c2[nH]cc[nH]c2c(=O)c2c(=O)n(Cc3ccccc3)c(=O)c12,26,418.18,2,4,1.28,6096816,"1,4-benzoquinone"
COC1=C(C)C(=O)c2[nH]c3ccccc3c2C1=O,O=C1C=CC(=O)c2c1[nH]c1ccccc21,18,241.25,1,3,2.47,10879280,"1,4-benzoquinone"
Cc1oc2c(c1C(=O)NCCCn1ccnc1)C(=O)c1ccc(F)cc1C2=O,O=C(NCCCn1ccnc1)c1coc2c1C(=O)c1ccccc1C2=O,28,381.36,5,4,2.52,145362869,"1,4-benzoquinone"
Cn1c2c(c(=O)n(C)c1=O)C(c1ccc(F)cc1)CC(C1=C(O)c3ccccc3C(=O)C1=O)N2,O=C1C(=O)c2ccccc2C=C1C1CC(c2ccccc2)c2c([nH]c(=O)[nH]c2=O)N1,34,461.45,2,5,2.27,137346376,"1,2-benzoquinone"
COC1=CC(=O)C=C(CC=C(C)CCC=C(C)CCC=C(C)CCC=C(C)CCC=C(C)CCC=C(C)C)C1=O,O=C1C=CC(=O)C=C1,40,546.84,18,1,10.58,5280826,"1,4-benzoquinone"
O=C1C=Cc2cc3ccccc3cc2C1=O,O=C1C=Cc2cc3ccccc3cc2C1=O,16,208.22,0,3,2.62,101219,"1,2-benzoquinone"
CN1CCC(=C2c3ccccc3Sc3ccccc32)CC1,c1ccc2c(c1)Sc1ccccc1C2=C1CCNCC1,21,293.44,0,4,4.68,117594051,"1,2-naphthoquinone"
O=C1C(Cl)=C(NCCCN2CCOCC2)C(=O)c2ccccc21,O=C1C=C(NCCCN2CCOCC2)C(=O)c2ccccc21,23,334.8,5,3,1.83,31118,"1,4-benzoquinone"
O=C1c2cccc(O)c2C(=O)c2c1cc(O)c1c2CC(c2cccc3ccccc23)OC1=O,O=C1OC(c2cccc3ccccc23)Cc2c1ccc1c2C(=O)c2ccccc2C1=O,33,436.42,1,6,4.48,44434507,anthraquinone
CCOC(=O)c1c2c(n(Cc3ccccc3)c1C)-c1nc[nH]c1C(=O)C2=O,O=C1C(=O)c2[nH]cnc2-c2c1ccn2Cc1ccccc1,27,363.37,4,4,2.79,24205838,"1,2-benzoquinone"
CC(C)(C)C1=CC(C(C)(C)C)=C(O)C(=O)C1=O,O=C1C=CC=CC1=O,17,236.31,0,1,2.97,12282529,"1,2-benzoquinone"
Cc1cc2c(o1)-c1c(c3ccccc3c(=O)n1CCCN1CCCC1)C(=O)C2=O,O=C1C(=O)c2c(n(CCCN3CCCC3)c(=O)c3ccccc23)-c2occc21,29,390.44,4,5,3.43,137644553,"1,2-benzoquinone"
COC1=C(N)C(=O)c2nc(-c3nc(C(=O)O)c(C)c(-c4ccc(OC)c(OC)c4O)c3N)ccc2C1=O,O=C1C=CC(=O)c2nc(-c3cc(-c4ccccc4)ccn3)ccc21,37,506.47,6,4,2.32,5298,"1,4-benzoquinone"
CNc1c(C(=O)O)ccc2c1C(=O)c1ccccc1C2=O,O=C1c2ccccc2C(=O)c2ccccc21,21,281.27,2,3,2.2,3126042,"1,4-benzoquinone"
CC(C)(C)c1cc(C2=C(O)c3cc4ccccc4cc3C(=O)C2=O)cc(C(C)(C)C)c1O,O=C1C(=O)c2cc3ccccc3cc2C=C1c1ccccc1,32,428.53,1,4,6.33,11133738,"1,2-naphthoquinone"
O=C1C(=O)c2ccccc2C2=C1SCC1(CCN(CC(O)COCc3ccccc3)CC1)O2,O=C1C(=O)c2ccccc2C2=C1SCC1(CCN(CCCOCc3ccccc3)CC1)O2,33,465.57,6,5,3.3,57661904,"1,2-naphthoquinone"
C=C(C)c1cc2c(=O)c3c(O)cc4c(c3oc2c2c1C(=O)C(OC)=CC2=O)C=CC(C)(C)O4,O=C1C=CC(=O)c2c1ccc1c(=O)c3ccc4c(c3oc21)C=CCO4,33,444.44,2,5,4.78,15725888,"1,4-benzoquinone"
Cc1cc2c(cc1C)-c1oc(CN3CCN(CCNC(=O)C=Cc4cccnc4)CC3)c(C)c1C(=O)C2=O,O=C(C=Cc1cccnc1)NCCN1CCN(Cc2cc3c(o2)-c2ccccc2C(=O)C3=O)CC1,38,512.61,7,5,3.59,168272739,"1,2-benzoquinone"
CSC1=CC(=O)c2ccccc2C1=O,O=C1C=CC(=O)c2ccccc21,14,204.25,1,2,2.31,96324,"1,4-benzoquinone"
CC(C)(COC(=O)c1ccccc1)CC1=C(O)c2ccccc2C(=O)C1=O,O=C1C(=O)c2ccccc2C=C1CCCOC(=O)c1ccccc1,27,364.4,5,3,3.99,10808757,"1,2-benzoquinone"
COc1cccc(NC2=C(N3CCCCC3)C(=O)c3ccccc3C2=O)c1,O=C1C(Nc2ccccc2)=C(N2CCCCC2)C(=O)c2ccccc21,27,362.43,4,4,3.88,1386402,"1,4-naphthoquinone"
CCN1CCN(c2cc3c(cc2F)c(=O)c(C(=O)C=CC2=CC(=O)C(=O)C=C2)cn3C2CC2)CC1,O=C1C=CC(C=CC(=O)c2cn(C3CC3)c3cc(N4CCNCC4)ccc3c2=O)=CC1=O,35,475.52,6,5,2.99,175034834,"1,2-benzoquinone"
Cc1noc(C)c1NC1=CC(=O)C(=O)c2ccccc21,O=C1C=C(Nc2cnoc2)c2ccccc2C1=O,20,268.27,2,3,2.51,10468222,"1,2-naphthoquinone"
COc1ccc(Nc2cc(N3CCN(c4ccccc4)CC3)c3noc4c3c2C(=O)c2ccccc2-4)cc1,O=C1c2ccccc2-c2onc3c(N4CCN(c5ccccc5)CC4)cc(Nc4ccccc4)c1c23,38,502.57,5,7,6.12,1918036,anthraquinone
C=CC1(C)CCN1C1=CC(=O)C(=O)C=C1OC,O=C1C=CC(N2CCC2)=CC1=O,17,233.27,3,2,1.2,11806565,"1,2-benzoquinone"
O=C(OCc1cc(O)c2c(c1)C(=O)c1cccc(O)c1C2=O)c1ccc(O)cc1,O=C(OCc1ccc2c(c1)C(=O)c1ccccc1C2=O)c1ccccc1,29,390.35,3,4,2.94,73058259,anthraquinone
COC1=C(c2ccccc2)C(=O)C(OC)=C(c2ccccc2)C1=O,O=C1C=C(c2ccccc2)C(=O)C=C1c1ccccc1,24,320.34,4,3,3.25,180510,"1,4-benzoquinone"
CCCCCCCCC1CC2=C(O1)c1ccccc1C(=O)C2=O,O=C1C(=O)c2ccccc2C2=C1CCO2,23,312.41,7,3,4.7,101886088,"1,2-benzoquinone"
O=C1C=C(N(c2ccccc2)c2ccccc2)c2ccccc2C1=O,O=C1C=C(N(c2ccccc2)c2ccccc2)c2ccccc2C1=O,25,325.37,3,4,4.63,53468519,"1,2-naphthoquinone"
CCc1ccccc1NC1=C(Cl)C(=O)c2ncncc2C1=O,O=C1C(Nc2ccccc2)=CC(=O)c2ncncc21,22,313.74,3,3,2.98,44342288,"1,4-benzoquinone"
O=c1c2oc3ccccc3oc=2c(=O)c2ccccc12,O=c1c2oc3ccccc3oc=2c(=O)c2ccccc12,20,264.24,0,4,2.62,323140,"1,4-naphthoquinone"
CC1CC(=O)c2c(cc3c(c2O)C(=O)c2ccc(Cl)c(O)c2C3=O)C1O,O=C1CCCc2cc3c(cc21)C(=O)c1ccccc1C3=O,26,372.76,0,4,2.78,101239150,anthraquinone
O=C1C(=O)c2ccccc2C(O)=C1CCc1ccc(SC(F)(F)F)cc1,O=C1C(=O)c2ccccc2C=C1CCc1ccccc1,26,378.37,4,3,4.97,14424183,"1,2-benzoquinone"
CC1(O)CC2(O)C=CC3=C(C(=O)c4cccc(O)c4C3=O)C2(O)C(=O)C1O,O=C1C2=C(C(=O)c3ccccc31)C1C(=O)CCCC1C=C2,27,372.33,0,4,-0.82,43854,"1,4-benzoquinone"
CCCCCNc1ccc(NCC(CC)CCCC)c2c1C(=O)c1ccccc1C2=O,O=C1c2ccccc2C(=O)c2ccccc21,31,420.6,12,3,6.69,21117994,anthraquinone
COc1cc2c(cc1OC)CC(N(C)CC1=CC(=O)C(=O)C=C1)CC2,O=C1C=CC(CNC2CCc3ccccc3C2)=CC1=O,25,341.41,5,3,2.13,3058519,"1,2-benzoquinone"
Cc1cc2c(NCCN)c3c(c(NCCN)c2o1)C(=O)c1ccccc1C3=O,O=C1c2ccccc2C(=O)c2cc3occc3cc21,28,378.43,6,4,2.26,51032956,"1,4-benzoquinone"
COc1c2c(c(O)c3c1C(=O)c1c(cc(O)c(C)c1O)C3=O)-c1c(cc3c(c1O)C(=O)OC3N(C)C)CC2,O=C1OCc2cc3c(cc21)-c1cc2c(cc1CC3)C(=O)c1ccccc1C2=O,38,517.49,2,6,3.1,478887,anthraquinone
COC1=C(c2ccccc2)C(=O)C(=O)C(c2ccccc2)=C1,O=C1C(=O)C(c2ccccc2)=CC=C1c1ccccc1,22,290.32,3,3,3.28,11594472,"1,2-benzoquinone"
O=C1c2ccccc2C(=O)c2c1cc(SCc1ccccc1)c1nsnc21,O=C1c2ccccc2C(=O)c2c1cc(SCc1ccccc1)c1nsnc21,27,388.47,3,5,4.76,72190855,"1,4-benzoquinone"
O=C(COC(=O)c1ccc2c(c1Cl)C(=O)c1ccccc1C2=O)NC1CC1,O=C(COC(=O)c1ccc2c(c1)C(=O)c1ccccc1C2=O)NC1CC1,27,383.79,4,4,2.55,4651841,anthraquinone
O=C1C=C(O)C(c2cccc3c2oc2ccccc23)=CC1=O,O=C1C=CC(c2cccc3c2oc2ccccc23)=CC1=O,22,290.27,1,4,3.56,72375186,"1,2-benzoquinone"
CCCCCCC=CCCCCCCCC1=C(O)C(=O)C=C(OC)C1=O,O=C1C=CC(=O)C=C1,26,362.51,14,1,5.74,76312344,"1,4-benzoquinone"
CCCCCCCCCCCC1=Cc2sc(=O)[nH]c2C(=O)C1=O,O=C1C=Cc2sc(=O)[nH]c2C1=O,23,335.47,10,2,4.51,89677327,"1,2-benzoquinone"
O=C1C=C(c2cccc([N+](=O)[O-])c2)c2ccccc2C1=O,O=C1C=C(c2ccccc2)c2ccccc2C1=O,21,279.25,2,3,2.79,9814234,"1,2-benzoquinone"
O=C1C=C(c2ccc(F)nc2)C(=O)c2ccccc21,O=C1C=C(c2cccnc2)C(=O)c2ccccc21,19,253.23,1,3,2.68,162671177,"1,4-naphthoquinone"
Cc1cc(C)c2c3n(nc2n1)C1=C(CN3)C(=O)C(=O)c2ccccc21,O=C1C(=O)c2ccccc2C2=C1CNc1c3cccnc3nn12,25,330.35,0,5,2.5,136116818,"1,2-naphthoquinone"
CCCCNC(C1=C(O)c2ccccc2C(=O)C1=O)c1cc(Br)ccc1O,O=C1C(=O)c2ccccc2C=C1Cc1ccccc1,27,430.3,6,3,4.32,127051747,"1,2-benzoquinone"
O=C(c1ccccc1)c1cc2c(o1)C(=O)c1ccccc1C2=O,O=C(c1ccccc1)c1cc2c(o1)C(=O)c1ccccc1C2=O,23,302.29,2,4,3.29,10357536,"1,4-benzoquinone"
O=C1C(N2CC2)=CC(=O)c2c(OS(=O)(=O)c3cccc4cccnc34)cccc21,O=C1C(N2CC2)=CC(=O)c2c(OS(=O)(=O)c3cccc4cccnc34)cccc21,29,406.42,4,5,2.58,14867505,"1,4-benzoquinone"
CCCCOC(=O)c1cc(=O)c(=O)c2oc3cc(N(C)C)ccc3[nH]c1=2,O=c1ccc2[nH]c3ccccc3oc=2c1=O,26,356.38,5,3,2.23,127040642,"1,2-benzoquinone"
CC1(O)Cc2cc3c(c(O)c2CO1)C(O)=CC(=O)C3=O,O=C1C=Cc2cc3c(cc2C1=O)CCOC3,20,276.24,0,3,0.84,102515262,"1,2-naphthoquinone"
O=C1C(=O)c2c(nc3cnccn23)-c2ncccc21,O=C1C(=O)c2c(nc3cnccn23)-c2ncccc21,19,250.22,0,4,1.17,16126498,"1,2-benzoquinone"
O=C(C=Cc1ccccc1)OC1=C(C2CCC(c3ccc(Cl)cc3)CC2)C(=O)c2ccccc2C1=O,O=C(C=Cc1ccccc1)OC1=C(C2CCC(c3ccccc3)CC2)C(=O)c2ccccc2C1=O,36,496.99,5,5,7.2,44513995,"1,4-benzoquinone"
COc1ccnc2c1C(=O)c1c(-c3ccccc3NC(=O)C(F)(F)F)ccnc1C2=O,O=C1c2ncccc2C(=O)c2c(-c3ccccc3)ccnc21,31,427.34,3,4,3.43,9888747,"1,4-benzoquinone"
CC(C)Oc1ccc2c(c1)C=CC(=O)C2=O,O=C1C=Cc2ccccc2C1=O,16,216.24,2,2,2.25,134845114,"1,2-naphthoquinone"
Cc1ccc2c(c1CCC=O)C(=O)C(=O)C(C(C)C)=C2,O=C1C=Cc2ccccc2C1=O,20,270.33,4,2,2.93,44325458,"1,2-benzoquinone"
O=C1C(NCCNc2c3c(nc4cc(Cl)ccc24)CCCC3)=CC(=O)c2c(O)cccc21,O=C1C=C(NCCNc2c3c(nc4ccccc24)CCCC3)C(=O)c2ccccc21,32,447.92,5,5,4.44,78350462,"1,4-benzoquinone"
O=C1c2ccccc2C(=O)c2c1ccc(OC1OC(COC3OCC(O)C(O)C3O)C(O)C(O)C1O)c2O,O=C1c2ccccc2C(=O)c2cc(OC3CCCC(COC4CCCCO4)O3)ccc21,38,534.47,5,5,-2.19,92101,"1,4-benzoquinone"
Cc1ccc(NC(C2=C(O)c3ccccc3C(=O)C2=O)c2ccccn2)cc1,O=C1C(=O)c2ccccc2C=C1C(Nc1ccccc1)c1ccccn1,28,370.41,4,4,4.28,127052376,"1,2-benzoquinone"
CC(C)=CCCC(C)=CCCC(C)=CCC1=C(O)c2ccccc2C(=O)C1=O,O=C1C=Cc2ccccc2C1=O,28,378.51,8,2,6.53,122388250,"1,2-benzoquinone"
O=C1C(=O)c2cc3cc4ccccc4cc3cc2-c2ccccc21,O=C1C(=O)c2cc3cc4ccccc4cc3cc2-c2ccccc21,24,308.34,0,5,5.04,15388787,"1,2-naphthoquinone"
O=C1C(Nc2ccc(Cl)cc2)=C(N2CCCCC2)C(=O)c2ccccc21,O=C1C(Nc2ccccc2)=C(N2CCCCC2)C(=O)c2ccccc21,26,366.85,3,4,4.53,2847809,"1,4-benzoquinone"
O=C1c2ccccc2C(=O)c2c1ccc1[nH]c(CN3CCN(c4ccccn4)CC3)nc21,O=C1c2ccccc2C(=O)c2c1ccc1[nH]c(CN3CCN(c4ccccn4)CC3)nc21,32,423.48,3,6,3.06,53372498,anthraquinone
Cc1ccc2c(c1)C(=O)c1nccnc1C2=O,O=C1c2ccccc2C(=O)c2nccnc21,17,224.22,0,3,1.56,12129674,"1,4-benzoquinone"
COc1c(CC=C(C)C)c2c(c3oc(=O)c(-c4ccc(O)cc4)c(O)c13)C=CC(C)(C)O2,O=c1oc2c3c(ccc2cc1-c1ccccc1)OCC=C3,32,434.49,4,4,5.57,117598522,"1,2-benzoquinone"
O=C1C(=O)c2c(oc3c2CCCC3)-c2ccccc21,O=C1C(=O)c2c(oc3c2CCCC3)-c2ccccc21,19,252.27,0,4,3.2,11817600,"1,2-benzoquinone"
COC(=O)c1cc2cc(CCc3cc4c(o3)C(=O)c3c(O)c(OC)cc(OC)c3C4=O)c(O)c(O)c2c(=O)o1,O=C1c2ccccc2C(=O)c2oc(CCc3ccc4c(=O)occc4c3)cc21,39,536.45,6,5,2.87,5378308,"1,4-benzoquinone"
CC1=C(CCCCOC2OC3OC4(C)CCC5C(C)CCC(C2C)C35OO4)C(=O)C(C(C)C)=CC1=O,O=C1C=CC(=O)C(CCCCOC2CC3CCCC4CCC5OOC43C(O2)O5)=C1,36,502.65,7,6,5.43,145950531,"1,4-benzoquinone"
Cc1cc2c(o1)C(=O)c1cc3c(c(O)c1C2=O)C(=O)CCCC3(C)C,O=C1CCCCc2cc3c(cc21)C(=O)c1ccoc1C3=O,25,338.36,0,4,3.71,162670626,"1,4-naphthoquinone"
Nc1ccc2c(c1)C(=O)c1cc(N)ccc1C2=O,O=C1c2ccccc2C(=O)c2ccccc21,18,238.25,0,3,1.63,11798,"1,4-benzoquinone"
O=C1C2=C(C(=O)c3c(O)cccc31)S(=O)(=O)CCN2,O=C1C2=C(C(=O)c3ccccc31)S(=O)(=O)CCN2,19,279.27,0,3,0.0,11680709,"1,4-benzoquinone"
O=C1c2ccccc2C(=O)c2c1cc(N1CCN(Cc3ccccc3)CC1)c1nsnc21,O=C1c2ccccc2C(=O)c2c1cc(N1CCN(Cc3ccccc3)CC1)c1nsnc21,32,440.53,3,6,3.79,74223646,anthraquinone
CN1CCN(c2ccc(NC3=CC(=O)c4ncccc4C3=O)cc2)CC1,O=C1C(Nc2ccc(N3CCNCC3)cc2)=CC(=O)c2ncccc21,26,348.41,3,4,2.21,145957600,"1,4-benzoquinone"
CCN(CCCCCCNC1=CC(=O)C(NCCCCCCN(CC)Cc2ccco2)=CC1=O)Cc1ccco1,O=C1C=C(NCCCCCCNCc2ccco2)C(=O)C=C1NCCCCCCNCc1ccco1,40,552.76,22,3,5.44,11757349,"1,4-benzoquinone"
O=C1C(N2CC2)=C(N2CC2)C(=O)c2ncncc21,O=C1C(N2CC2)=C(N2CC2)C(=O)c2ncncc21,18,242.24,2,4,-0.3,100687,"1,4-benzoquinone"
O=C1C=CC=C(Nc2ccccc2)C1=O,O=C1C=CC=C(Nc2ccccc2)C1=O,15,199.21,2,2,1.69,129655152,"1,2-benzoquinone"
O=C1c2ccccc2C(=O)c2c1oc1ccc3ccccc3c21,O=C1c2ccccc2C(=O)c2c1oc1ccc3ccccc3c21,23,298.3,0,5,4.36,220855,"1,4-naphthoquinone"
O=C1C(=O)c2ccccc2C(O)=C1N1CCN(c2ccc([N+](=O)[O-])cc2)CC1,O=C1C(=O)c2ccccc2C=C1N1CCN(c2ccccc2)CC1,28,379.37,3,4,2.41,155544523,"1,2-benzoquinone"
CC1COC2C3=C(C(=O)C=CC3=O)C3OC(=O)C4CCC5C1CCC25C43,O=C1C=CC(=O)C2=C1C1OC(=O)C3CCC4C5CCOC2C4(CC5)C31,26,354.4,0,6,2.0,127052126,"1,4-benzoquinone"
Cc1c2c(cc3c1C(=O)C(=O)C(C(C)C)=C3)C(C)(C)C(=O)C(O)=C2,O=C1C=Cc2cc3c(cc2C1)C=CC(=O)C3=O,24,324.38,1,3,3.56,135545140,"1,2-benzoquinone"
CCOC(=O)Nn1c2c([nH]c1=O)-c1ccccc1C(=O)C2=O,O=C1C(=O)c2[nH]c(=O)[nH]c2-c2ccccc21,22,301.26,2,3,0.92,10709409,"1,2-benzoquinone"
Cc1noc(NC2=CC(=O)C(=O)c3ccccc32)c1C,O=C1C=C(Nc2ccno2)c2ccccc2C1=O,20,268.27,2,3,2.51,133732,"1,2-benzoquinone"
CC1(c2ccccc2)CC2=C(O1)c1ccccc1C(=O)C2=O,O=C1C(=O)c2ccccc2C2=C1CC(c1ccccc1)O2,22,290.32,1,4,3.5,15743025,"1,2-benzoquinone"
O=C1C(=O)c2c(cccc2S(=O)(=O)O)-c2ccccc21,O=C1C(=O)c2ccccc2-c2ccccc21,20,288.28,1,3,1.98,53639570,"1,2-naphthoquinone"
O=C1c2ccccc2C(=O)c2c1ccc1c2CCCC1,O=C1c2ccccc2C(=O)c2c1ccc1c2CCCC1,20,262.31,0,4,3.34,314049,anthraquinone
CCOC(=O)C1(N)CSC2=C1C(=O)c1ncccc1C2=O,O=C1C2=C(CCS2)C(=O)c2ncccc21,21,304.33,2,3,0.72,24799041,"1,4-benzoquinone"
Cc1ccc(S(=O)(=O)n2cc(C)c3c2C(=O)C(=O)C=C3N(C)Cc2ccccc2)cc1,O=C1C=C(NCc2ccccc2)c2ccn(S(=O)(=O)c3ccccc3)c2C1=O,31,434.52,5,4,3.58,16216458,"1,2-benzoquinone"
O=c1cc2c3cc(=O)c(=O)cc3c3cc(=O)c(=O)cc3c2cc1=O,O=c1cc2c3cc(=O)c(=O)cc3c3cc(=O)c(=O)cc3c2cc1=O,24,318.24,0,4,-0.38,122533272,"1,2-benzoquinone"
O=C1C(=O)c2c(ccc3ccccc23)-c2ccccc21,O=C1C(=O)c2c(ccc3ccccc23)-c2ccccc21,20,258.28,0,4,3.89,16317,"1,2-benzoquinone"
O=C1C(=O)c2nc(CN3CCCCC3)n(Cc3ccccc3)c2-c2ccccc21,O=C1C(=O)c2nc(CN3CCCCC3)n(Cc3ccccc3)c2-c2ccccc21,29,385.47,4,5,3.96,561743,"1,2-naphthoquinone"
CC1=CC(C)CCC2OC(C3=C4C(=C(C)C(=O)C3=O)OC3(OC(C)(C)OC43)C(C)CC(C)C1)C(C)C(O)C2C,O=C1C=C2OC34CCCCC=CCCCC5CCCC(O5)C(=C2C3OCO4)C1=O,39,542.71,0,5,5.42,10792599,"1,2-benzoquinone"
CCOC(=O)c1c(-c2ccccc2)oc2c1C(=O)c1ccccc1C2=O,O=C1c2ccccc2C(=O)c2oc(-c3ccccc3)cc21,26,346.34,3,4,3.9,822829,"1,4-naphthoquinone"
Cc1c(CN2CCCC2)oc2c1C(=O)C(=O)c1ccccc1-2,O=C1C(=O)c2cc(CN3CCCC3)oc2-c2ccccc21,22,295.34,2,4,3.23,90682679,"1,2-benzoquinone"
CCSC1=C(C)C(=O)c2ccccc2C1=O,O=C1C=CC(=O)c2ccccc21,16,232.3,2,2,3.09,259836,"1,4-benzoquinone"
O=C1C(=O)c2ccccc2C2=C1SCC1(CCCN(CC(O)Cc3ccccc3)C1)O2,O=C1C(=O)c2ccccc2C2=C1SCC1(CCCN(CCCc3ccccc3)C1)O2,31,435.55,4,5,3.32,57661817,"1,2-naphthoquinone"
COc1cc(C(CC=C(C)C)OC(=O)CC(C)(C)O)c(OC)c2c1C(=O)C=CC2=O,O=C1C=CC(=O)c2ccccc21,30,416.47,8,2,3.74,53361681,"1,4-benzoquinone"
CN(C)C1=CC(=O)C(=O)c2ncccc21,O=C1C=Cc2cccnc2C1=O,15,202.21,1,2,0.75,257738,"1,2-benzoquinone"
Cc1ccc(S(=O)(=O)n2cc(C)c3c2C(=O)C(=O)C=C3)cc1,O=C1C=Cc2ccn(S(=O)(=O)c3ccccc3)c2C1=O,22,315.35,2,3,2.12,12989641,"1,2-benzoquinone"
CCC1COC2=C(C)C(=O)C(=O)c3c(C)ccc1c32,O=C1C=C2OCCc3cccc(c32)C1=O,19,256.3,1,3,3.02,44393557,"1,2-benzoquinone"
COC(=O)c1c(N2CCOCC2)c(=O)c(=O)c2oc3cc(N(C)C)ccc3[nH]c1=2,O=c1c(N2CCOCC2)cc2[nH]c3ccccc3oc=2c1=O,29,399.4,3,4,0.9,127025924,"1,2-benzoquinone"
CC1CCCN(c2cc(NCCCC(=O)O)c3c4c(onc24)-c2ccccc2C3=O)C1,O=C1c2ccccc2-c2onc3c(N4CCCCC4)ccc1c23,31,419.48,6,5,4.55,15995634,anthraquinone
CCN(CCCCCCNC1=CC(=O)c2ccccc2C1=O)Cc1ccccc1OC,O=C1C=C(NCCCCCCNCc2ccccc2)C(=O)c2ccccc21,31,420.55,12,3,4.63,56925980,"1,4-benzoquinone"
O=C1C=C(OCCCCC(=O)N2CCOCC2)c2ccccc2C1=O,O=C1C=C(OCCCCC(=O)N2CCOCC2)c2ccccc2C1=O,25,343.38,6,3,1.84,22899217,"1,2-naphthoquinone"
CCC1(O)CC(=O)c2c(cc3c(c2O)C(=O)c2c(O)cccc2C3=O)C1C(=O)OC,O=C1CCCc2cc3c(cc21)C(=O)c1ccccc1C3=O,30,410.38,2,4,1.86,443827,"1,4-benzoquinone"
COC1=CC(=O)C(=O)C(CC2(C)C3=C(CCC2C)C(C)(C)CCC3)=C1OC,O=C1C=CC=C(CC2CCCC3=C2CCCC3)C1=O,27,372.51,4,3,4.9,44123829,"1,2-benzoquinone"
O=C1c2ccccc2C(=O)c2c1ccc1[nH]c(SCCN3CCCCC3)nc21,O=C1c2ccccc2C(=O)c2c1ccc1[nH]c(SCCN3CCCCC3)nc21,28,391.5,4,5,3.92,53358075,anthraquinone
COc1cccc2c1C(=O)c1c(O)c3c(c(O)c1C2=O)C=C(C(C)=O)CC3O,O=C1c2ccccc2C(=O)c2cc3c(cc21)C=CCC3,28,380.35,2,4,2.29,44362608,anthraquinone
CC1(C)OC2=C(C=C1Br)C(=O)C(=O)c1ccccc12,O=C1C(=O)c2ccccc2C2=C1C=CCO2,19,319.15,0,3,3.25,20662782,"1,2-benzoquinone"
O=C1C(OCC(=O)N2CCNCC2)=CC(=O)c2c(O)cccc21,O=C1C=C(OCC(=O)N2CCNCC2)C(=O)c2ccccc21,23,316.31,3,3,0.1,162661516,"1,4-naphthoquinone"
COc1cc(O)c2c(c1)C(=O)C1=C(COC(C)C1)C2=O,O=C1C2=C(COCC2)C(=O)c2ccccc21,20,274.27,1,3,1.89,45257194,"1,4-naphthoquinone"
CC(C)=CCCC(C)C1=C(O)C(Nc2ccccc2Cl)=C(C)C(=O)C1=O,O=C1C=CC(Nc2ccccc2)=CC1=O,26,373.88,6,2,5.37,394015,"1,2-benzoquinone"
O=C1C(=O)c2ccccc2C(O)=C1CCCCC1CCC2CCCCC2C1,O=C1C(=O)c2ccccc2C=C1CCCCC1CCC2CCCCC2C1,27,366.5,5,4,5.89,4343369,"1,2-naphthoquinone"
O=C1C=C2c3cccc4ccc5ccc(c2c5c34)C1=O,O=C1C=C2c3cccc4ccc5ccc(c2c5c34)C1=O,20,256.26,0,5,3.5,10848651,"1,2-naphthoquinone"
O=C1C(=O)c2cc(C(F)(F)F)ccc2-c2ccccc21,O=C1C(=O)c2ccccc2-c2ccccc21,20,276.21,0,3,3.75,59748673,"1,2-benzoquinone"
O=C(O)c1ccc(Nc2cc(N3CCN(C4CCCCC4)CC3)c3noc4c3c2C(=O)c2ccccc2-4)cc1,O=C1c2ccccc2-c2onc3c(N4CCN(C5CCCCC5)CC4)cc(Nc4ccccc4)c1c23,39,522.61,5,7,5.94,3666186,"1,4-benzoquinone"
CCC1CC(=O)c2c(cc(O)c3c2C(=O)c2cccc(OC4CC(NC(C)=O)C(O)C(C)O4)c2C3=O)C1,O=C1c2ccc3c(c2C(=O)c2cccc(OC4CCCCO4)c21)C(=O)CCC3,37,507.54,4,5,2.7,11755955,anthraquinone
CC1=CC(=O)c2ccc(CO)cc2C1=O,O=C1C=CC(=O)c2ccccc21,15,202.21,1,2,1.5,11820154,"1,4-naphthoquinone"
CC1=C(N2CC2)C(=O)c2c(c(CO)c(CO)n2C)C1=O,O=C1C=C(N2CC2)C(=O)c2[nH]ccc21,20,276.29,3,3,-0.02,10016279,"1,4-benzoquinone"
CC12CCC3C4=C(CCC3C1CCC2=O)C(=O)C(=O)C=C4,O=C1C=CC2=C(CCC3C2CCC2C(=O)CCC23)C1=O,21,284.36,0,4,2.8,114862,"1,2-benzoquinone"
COc1cc(C(NCc2ccccc2)C2=C(O)c3ccccc3C(=O)C2=O)ccc1O,O=C1C(=O)c2ccccc2C=C1C(NCc1ccccc1)c1ccccc1,31,415.45,6,4,3.97,137660392,"1,2-benzoquinone"
O=CCC1=C(O)c2ccccc2C(=O)C1=O,O=C1C=Cc2ccccc2C1=O,16,216.19,2,2,1.31,282285,"1,2-benzoquinone"
CCCCCCC(C)(C)C1=CC2=C(C(=O)C1=O)c1c(cnn1CC)C(C)(C)O2,O=C1C=CC2=C(C1=O)c1[nH]ncc1CO2,28,384.52,7,3,4.95,91824816,"1,2-benzoquinone"
O=c1cc2cccc3c4cccc5cccc(c(c1=O)c23)c54,O=c1cc2cccc3c4cccc5cccc(c(c1=O)c23)c54,22,282.3,0,5,3.9,22245540,"1,2-benzoquinone"
CC1C2=C(NC(=O)C1O)C(=O)c1ccccc1C2=O,O=C1CCC2=C(N1)C(=O)c1ccccc1C2=O,19,257.25,0,3,0.45,10706277,"1,4-naphthoquinone"
O=C1c2ccccc2C(=O)c2c1cc(S(=O)(=O)c1cccc(F)c1)c1nsnc21,O=C1c2ccccc2C(=O)c2c1cc(S(=O)(=O)c1ccccc1)c1nsnc21,29,424.43,2,5,3.44,74223110,anthraquinone
CCOC(=O)c1c(C)[nH]c2c1-c1ccccc1C(=O)C2=O,O=C1C(=O)c2[nH]ccc2-c2ccccc21,21,283.28,2,3,2.55,1736294,"1,2-benzoquinone"
O=C1C(N2CC2)=CC(=O)c2c1nc1n2CCCCC1,O=C1C(N2CC2)=CC(=O)c2c1nc1n2CCCCC1,19,257.29,1,4,1.19,25053356,"1,4-benzoquinone"
Cc1cnc2c(c1)C(=O)c1cccnc1C2=O,O=C1c2cccnc2C(=O)c2ncccc21,17,224.22,0,3,1.56,13126949,"1,4-benzoquinone"
CN(C1=CC(=O)C(=O)c2ccccc21)C1CCCCC1,O=C1C=C(NC2CCCCC2)c2ccccc2C1=O,20,269.34,2,3,3.06,3082237,"1,2-benzoquinone"
N#Cc1ccc(OCCOc2ccc(CC3=C(O)c4ccccc4C(=O)C3=O)cc2)cc1,O=C1C(=O)c2ccccc2C=C1Cc1ccc(OCCOc2ccccc2)cc1,32,425.44,7,4,4.29,44586427,"1,2-benzoquinone"
CCN(CCCNC1=CC(=O)C(NCCCN(CC)Cc2ccccc2OC)=CC1=O)Cc1ccccc1OC,O=C1C=C(NCCCNCc2ccccc2)C(=O)C=C1NCCCNCc1ccccc1,40,548.73,18,3,3.93,10007683,"1,4-benzoquinone"
O=C1C(=O)c2ccccc2C(O)=C1C1CCC1,O=C1C(=O)c2ccccc2C=C1C1CCC1,17,228.25,1,3,2.52,44332462,"1,2-benzoquinone"
CSc1c(C(C)C)c(=O)c2cc(O)c3c(=O)c4c(O)cccc4c(=O)c3c2c1=O,O=c1ccc(=O)c2c1ccc1c(=O)c3ccccc3c(=O)c12,29,408.43,2,4,2.72,170989439,anthraquinone
O=C(Sc1nc2c3c(ccc2[nH]1)C(=O)c1ccccc1C3=O)c1cc(C(F)(F)F)ccc1C(F)(F)F,O=C(Sc1nc2c3c(ccc2[nH]1)C(=O)c1ccccc1C3=O)c1ccccc1,36,520.41,2,5,6.31,53358306,anthraquinone
NC(=O)CC1OC(=O)Cc2cc3c(c(O)c21)C(=O)c1c(O)cccc1C3=O,O=C1Cc2cc3c(cc2CO1)C(=O)c1ccccc1C3=O,27,367.31,2,4,0.89,100036,anthraquinone
Cc1cccc(Sc2cc3c(c4nsnc24)C(=O)c2ccccc2C3=O)c1,O=C1c2ccccc2C(=O)c2c1cc(Sc1ccccc1)c1nsnc21,27,388.47,2,5,4.93,74223112,anthraquinone
CCCCCC(O)c1c(O)cc2c(c1O)C(=O)c1c(cc(O)c(Cl)c1O)C2=O,O=C1c2ccccc2C(=O)c2ccccc21,28,406.82,5,3,3.55,60199736,"1,4-benzoquinone"
O=C1C(=O)c2ccccc2C(O)=C1Sc1ccccc1,O=C1C(=O)c2ccccc2C=C1Sc1ccccc1,20,282.32,2,3,3.47,268014,"1,2-benzoquinone"
O=C(CN1CCN(c2ccc(F)cc2)CC1)OCc1cc(O)c2c(c1)C(=O)c1cccc(O)c1C2=O,O=C(CN1CCN(c2ccccc2)CC1)OCc1ccc2c(c1)C(=O)c1ccccc1C2=O,36,490.49,5,5,2.88,168287603,anthraquinone
Cc1oc2c(c1C(=O)NCCCN1CCCC1)C(=O)c1ccccc1C2=O,O=C(NCCCN1CCCC1)c1coc2c1C(=O)c1ccccc1C2=O,27,366.42,5,4,2.58,145362855,"1,4-benzoquinone"
O=C1C(=O)c2ccccc2C(O)=C1CCCCCCCCCCC1=C(O)c2ccccc2C(=O)C1=O,O=C1C(=O)c2ccccc2C=C1CCCCCCCCCCC1=Cc2ccccc2C(=O)C1=O,36,486.56,11,4,6.36,44332492,"1,2-benzoquinone"
O=C1C=CC(=O)c2c1ccc1c3ccccc3n(-c3ccccc3)c21,O=C1C=CC(=O)c2c1ccc1c3ccccc3n(-c3ccccc3)c21,25,323.35,1,5,4.72,369537,"1,4-naphthoquinone"
N#Cc1c(F)c(F)c(C#N)c2oc3ccc4ccccc4c3c3c(ccc4ccccc43)oc12,c1ccc2c(c1)ccc1oc3ccccc3oc3ccc4ccccc4c3c12,34,446.41,0,6,7.78,156285867,"1,2-benzoquinone"
COC1=C2CC(C)CC(OC)C(O)C(C)C=C(C)C(OC(N)=O)C(OC)C=CC=C(C)C(=O)NC(=CC1=O)C2=O,O=C1C=C2CCCCCCC=CCCC=CC=CC(=O)NC(=C1)C2=O,40,560.64,4,2,2.41,5288382,"1,4-benzoquinone"
CC(C)=CCC(OC(=O)CC(F)(F)F)C1=CC(=O)c2c(O)ccc(O)c2C1=O,O=C1C=CC(=O)c2ccccc21,28,398.33,5,2,3.62,73053783,"1,4-benzoquinone"
O=C1c2ccccc2C(=O)c2c1nnn2-c1cc(F)c(-c2ccc(F)cc2)c(F)c1,O=C1c2ccccc2C(=O)c2c1nnn2-c1ccc(-c2ccccc2)cc1,30,405.34,2,5,4.13,156010064,"1,4-naphthoquinone"
O=C1C(=O)c2ccccc2C(O)=C1CC(=O)c1ccccc1,O=C1C(=O)c2ccccc2C=C1CC(=O)c1ccccc1,22,292.29,3,3,2.99,868445,"1,2-benzoquinone"
O=C(O)Cc1ccc(CNc2cc3c(c(O)c2O)C(=O)c2ccccc2C3=O)cc1,O=C1c2ccccc2C(=O)c2cc(NCc3ccccc3)ccc21,30,403.39,5,4,3.11,168268863,anthraquinone
COc1ncnc2c1-c1cc(F)ccc1C(=O)C2=O,O=C1C(=O)c2ncncc2-c2ccccc21,19,258.21,1,3,1.67,57830098,"1,2-benzoquinone"
CC1OC2CC(=O)OC2c2c(O)c3c(c(O)c21)C(=O)C1=C(C3=O)C2CC(OC3CCC(O)C(C)O3)C1(O)C(C)O2,O=C1CC2OCc3cc4c(cc3C2O1)C(=O)C1=C(C4=O)C2COC1CC2OC1CCCCO1,40,558.54,2,8,1.41,73415810,"1,4-naphthoquinone"
O=C1C(=O)c2ccccc2C2=C1SCC1(CCN(C(=O)c3cccnc3)CC1)O2,O=C1C(=O)c2ccccc2C2=C1SCC1(CCN(C(=O)c3cccnc3)CC1)O2,29,406.46,1,5,2.95,57661887,"1,2-naphthoquinone"
CC(=O)NC1=CC(=O)C(NCCN2CCCCC2)=CC1=O,O=C1C=CC(=O)C(NCCN2CCCCC2)=C1,21,291.35,5,2,0.12,137634599,"1,4-benzoquinone"
CC1=C(Cc2cccnc2)C(=O)c2ccccc2C1=O,O=C1C=C(Cc2cccnc2)C(=O)c2ccccc21,20,263.3,2,3,3.02,14277789,"1,4-benzoquinone"
COC1=C(C(=O)O)C(C)C23OC24c2cc(O)c5c(c2NC3C#CC=CC#CC14)C(=O)c1c(O)ccc(O)c1C5=O,O=C1c2ccccc2C(=O)c2c1ccc1c2NC2C#CC=CC#CC3C=CCC24OC134,40,537.48,2,7,2.16,10030135,"1,4-benzoquinone"
Cc1ccc(NC2=CC(=O)C(=O)c3ccccc32)cc1C,O=C1C=C(Nc2ccccc2)c2ccccc2C1=O,21,277.32,2,3,3.52,272565,"1,2-benzoquinone"
O=C(O)CNC(=O)c1cccc2c1C(=O)c1cccc(O)c1C2=O,O=C1c2ccccc2C(=O)c2ccccc21,24,325.28,3,3,0.98,72725583,anthraquinone
O=C1C(=O)c2oc(-c3ccc(F)cc3)nc2-c2cccnc21,O=C1C(=O)c2oc(-c3ccccc3)nc2-c2cccnc21,22,294.24,1,4,2.92,118211393,"1,2-benzoquinone"
Nc1c(Oc2ccccc2)c(Oc2ccccc2)c(N)c2c1C(=O)c1ccccc1C2=O,O=C1c2ccccc2C(=O)c2cc(Oc3ccccc3)c(Oc3ccccc3)cc21,32,422.44,4,5,5.21,80839,"1,4-benzoquinone"
O=C1C(=O)c2ccccc2C2=C1SCC1(CCN(CCCC(F)(F)F)CC1)O2,O=C1C(=O)c2ccccc2C2=C1SCC1(CCNCC1)O2,28,411.45,3,4,4.06,57661910,"1,2-benzoquinone"
O=C(NC1CCNC1)c1csc2c1C(=O)c1c(c(O)c3ccccc3c1O)C2=O,O=C(NC1CCNC1)c1csc2c1C(=O)c1cc3ccccc3cc1C2=O,29,408.44,2,5,2.18,162664772,"1,4-naphthoquinone"
O=C1C(Cl)=C(Nc2ccc(C(F)(F)F)cc2)C(=O)c2c1cccc2[N+](=O)[O-],O=C1C=C(Nc2ccccc2)C(=O)c2ccccc21,27,396.71,3,3,4.56,71563072,"1,4-naphthoquinone"
O=C1C=C(Nc2ccccc2)C(=O)c2ccccc21,O=C1C=C(Nc2ccccc2)C(=O)c2ccccc21,19,249.27,2,3,3.06,81124,"1,4-benzoquinone"
CCC(C)C(OC(C)=O)C(C)C1=CC(=O)C2=C(OC3(C)CCC4OC(C(C)(C)O)CCC4(C)C3C2O)C1=O,O=C1C=CC(=O)C2=C1CC1C(CCC3OCCCC31)O2,38,532.67,6,4,3.82,161747,"1,4-benzoquinone"
O=C(c1ccc(C(F)(F)F)cc1)c1cc2c(s1)-c1sc(C(=O)c3ccc(C(F)(F)F)cc3)cc1C(=O)C2=O,O=C(c1ccccc1)c1cc2c(s1)-c1sc(C(=O)c3ccccc3)cc1C(=O)C2=O,38,564.48,4,5,7.36,90312992,"1,2-benzoquinone"
O=C1C=C(N2CCc3ccccc32)c2ccccc2C1=O,O=C1C=C(N2CCc3ccccc32)c2ccccc2C1=O,21,275.31,1,4,2.86,45034521,"1,2-benzoquinone"
COc1ccccc1C(=O)Nc1cccc2c1C(=O)C(=O)C=C2,O=C1C=Cc2cccc(NC(=O)c3ccccc3)c2C1=O,23,307.31,3,3,2.73,169491203,"1,2-naphthoquinone"
CN(C)CCNc1cc(N2CCCCC2)c2noc3c2c1C(=O)c1ccccc1-3,O=C1c2ccccc2-c2onc3c(N4CCCCC4)ccc1c23,29,390.49,5,5,4.0,20867956,"1,4-naphthoquinone"
COc1c(C)c(-c2c(C)c(OC)c3c(c2OC)C(=O)C(=O)C=C3)c(OC)c2c1C=CC(=O)C2=O,O=C1C=Cc2ccc(-c3ccc4c(c3)C(=O)C(=O)C=C4)cc2C1=O,34,462.45,5,4,3.56,13468242,"1,2-benzoquinone"
CC1COC2=C1C(=O)C(=O)c1c2ccc2c1CCCC2=O,O=C1C(=O)c2c(ccc3c2CCCC3=O)C2=C1CCO2,21,282.29,0,4,2.35,147007780,"1,2-naphthoquinone"
CC1CN(C2CCC(C#N)(c3ccc(F)cc3)CC2)CCC1(C(=O)O)c1ccccc1,c1ccc(C2CCC(N3CCC(c4ccccc4)CC3)CC2)cc1,31,420.53,4,4,4.89,137524497,"1,2-benzoquinone"
COc1cc(C)c2c(=O)c3c(oc2c1)C(=O)c1c(O)c(OC)cc(O)c1C3=O,O=C1c2ccccc2C(=O)c2c1oc1ccccc1c2=O,28,382.32,2,4,2.31,36433,"1,4-benzoquinone"
O=C1c2ccccc2C(=O)c2c1cc(S(=O)(=O)Nc1ccc(C(F)(F)F)cc1)c(O)c2O,O=C1c2ccccc2C(=O)c2cc(S(=O)(=O)Nc3ccccc3)ccc21,32,463.39,3,4,3.69,66521681,"1,4-benzoquinone"
CCOC(=O)C(CC(=O)c1cccc2c1C(=O)c1ccccc1C2=O)=NNC(=S)NCc1ccco1,O=C(CC=NNC(=S)NCc1ccco1)c1cccc2c1C(=O)c1ccccc1C2=O,36,503.54,8,4,3.21,71699191,anthraquinone
CC(=O)OC1CCn2c1nc1c2C(=O)C(N2CC2)=C(C)C1=O,O=C1C=C(N2CC2)C(=O)c2c1nc1n2CCC1,22,301.3,2,4,0.86,11722378,"1,4-benzoquinone"
CCOC1C2=C(C(=O)C(=O)C(C(C)COC(C)=O)=C2O)C2(C)CCCC(C)(C)C2C1O,O=C1C=CC2=C(C1=O)C1CCCCC1CC2,31,434.53,5,3,3.06,14193979,"1,2-benzoquinone"
O=C1C(=O)c2cc(NC(=O)c3ccccc3C(F)(F)F)ccc2-c2ccccc21,O=C(Nc1ccc2c(c1)C(=O)C(=O)c1ccccc1-2)c1ccccc1,29,395.34,2,4,5.0,17948076,"1,2-benzoquinone"
CCCCCNC(=O)C(=O)Nc1ccc2c(c1)C(=O)c1ccccc1C2=O,O=C1c2ccccc2C(=O)c2ccccc21,27,364.4,5,3,2.71,57959,anthraquinone
O=C1C(=O)c2ccccc2C2=C1CC(c1ccccc1)O2,O=C1C(=O)c2ccccc2C2=C1CC(c1ccccc1)O2,21,276.29,1,4,3.32,15743021,"1,2-benzoquinone"
O=C1C=Cc2ccc3cc4cc5ccccc5cc4cc3c2C1=O,O=C1C=Cc2ccc3cc4cc5ccccc5cc4cc3c2C1=O,24,308.34,0,5,4.92,87064953,"1,2-benzoquinone"
CC(C)(C)C1=CC(C(C)(C)C)=C(Cl)C(=O)C1=O,O=C1C=CC=CC1=O,17,254.76,0,1,3.65,315448,"1,2-benzoquinone"
COc1ccc(SC2=C(Cl)C(=O)c3[nH]c(-c4ccccc4)nc3C2=O)cc1,O=C1C(Sc2ccccc2)=CC(=O)c2[nH]c(-c3ccccc3)nc21,27,396.86,4,4,4.71,25066445,"1,4-benzoquinone"
O=C1C(=O)c2ccccc2C2=C1CC1C=CCC1O2,O=C1C(=O)c2ccccc2C2=C1CC1C=CCC1O2,19,252.27,0,4,2.53,135011050,"1,2-naphthoquinone"
COc1ccc2c(c1O)C(=O)c1c(O)cc(C)cc1C2=O,O=C1c2ccccc2C(=O)c2ccccc21,21,284.27,1,3,2.19,17752643,"1,4-naphthoquinone"
CN(CCN(C)C1=C(O)c2ccccc2C(=O)C1=O)Cc1ccccc1,O=C1C(=O)c2ccccc2C=C1NCCNCc1ccccc1,26,350.42,6,3,2.74,13934791,"1,2-naphthoquinone"
O=C1C=C(C(=O)C2(O)CCCCC2)c2ccc3ccc(C(=O)C4(O)CCCCC4)cc3c2C1=O,O=C1C=C(C(=O)C2CCCCC2)c2ccc3ccc(C(=O)C4CCCCC4)cc3c2C1=O,34,460.53,4,5,4.13,20430127,"1,2-naphthoquinone"
CC(=O)OC1C(CO)OC(Oc2cccc3c2C(=O)c2c(O)cc(C)cc2C3=O)C1O,O=C1c2ccccc2C(=O)c2c(OC3CCCO3)cccc21,31,428.39,4,4,0.86,156010561,"1,4-naphthoquinone"
O=C1C=C(O)C(Cc2ccccc2)=CC1=O,O=C1C=CC(Cc2ccccc2)=CC1=O,16,214.22,2,2,1.75,51041683,"1,2-benzoquinone"
Cc1cccc(Nc2cc(NCCN3CCOCC3)c3noc4c3c2C(=O)c2ccccc2-4)c1,O=C1c2ccccc2-c2onc3c(NCCN4CCOCC4)cc(Nc4ccccc4)c1c23,34,454.53,6,6,4.84,171785309,anthraquinone
O=C1c2ccccc2C(=O)c2c1cc(Sc1ccccc1F)c1nsnc21,O=C1c2ccccc2C(=O)c2c1cc(Sc1ccccc1)c1nsnc21,27,392.44,2,5,4.76,122191402,anthraquinone
O=C1C(=O)c2c(oc3c(=O)n(CCN4CCCCC4)ccc23)-c2ccccc21,O=C1C(=O)c2c(oc3c(=O)n(CCN4CCCCC4)ccc23)-c2ccccc21,28,376.41,3,5,3.13,178302735,"1,2-benzoquinone"
O=C1C=C(O)C(c2ccc(O)cc2)=CC1=O,O=C1C=CC(c2ccccc2)=CC1=O,16,216.19,1,2,1.37,51041915,"1,2-benzoquinone"
Cc1nnc(NS(=O)(=O)c2ccc(NC3=C(Cl)C(=O)c4ccccc4C3=O)cc2)s1,O=C1C=C(Nc2ccc(S(=O)(=O)Nc3nncs3)cc2)C(=O)c2ccccc21,30,460.92,5,4,3.59,49863869,"1,4-naphthoquinone"
O=C1c2ccccc2C(=O)c2[nH]c(-c3cncs3)nc21,O=C1c2ccccc2C(=O)c2[nH]c(-c3cncs3)nc21,20,281.3,1,4,2.31,145992195,"1,4-naphthoquinone"
CC1CSC2=C(O1)c1cc(-c3ccccc3)ccc1C(=O)C2=O,O=C1C(=O)c2ccc(-c3ccccc3)cc2C2=C1SCCO2,23,322.39,1,4,3.94,25263858,"1,2-naphthoquinone"
Cc1cc(O)c2c(c1)C(O)C13Cc4cc(O)c5c(c4C1C=CC(O)C3OC2=O)C(=O)c1cccc(O)c1C5=O,O=C1OC2CC=CC3c4c(ccc5c4C(=O)c4ccccc4C5=O)CC23Cc2ccccc21,39,526.5,0,7,2.72,119026021,"1,4-naphthoquinone"
O=C1c2c(O)ccc(O)c2C(=O)c2c(NCCN3CCCC3)ccc(NCCN3CCCC3)c21,O=C1c2ccccc2C(=O)c2c(NCCN3CCCC3)ccc(NCCN3CCCC3)c21,34,464.57,8,5,2.89,135471,anthraquinone
Cc1cc(O)c2c(c1)C(=O)c1cccc(OC3OC(COC4OCC(O)C(O)C4O)C(O)C(O)C3O)c1C2=O,O=C1c2ccccc2C(=O)c2c(OC3CCCC(COC4CCCCO4)O3)cccc21,39,548.5,5,5,-1.88,162980707,anthraquinone
O=C1C=C(NCC2CCCCC2)C(=O)c2ccccc21,O=C1C=C(NCC2CCCCC2)C(=O)c2ccccc21,20,269.34,3,3,3.12,32141,"1,4-benzoquinone"
Cc1cnc2c(c1)C(=O)c1nccc(Cl)c1C2=O,O=C1c2cccnc2C(=O)c2cccnc21,18,258.66,0,3,2.21,10199066,"1,4-benzoquinone"
O=C1c2ccccc2C(=O)c2cc(F)ccc21,O=C1c2ccccc2C(=O)c2ccccc21,17,226.21,0,3,2.6,235565,"1,4-benzoquinone"
CN(C)c1ccc(C(=CC2=CC(=O)C(=O)c3ccccc32)c2ccc(N(C)C)cc2)cc1,O=C1C=C(C=C(c2ccccc2)c2ccccc2)c2ccccc2C1=O,32,422.53,5,4,5.1,292226,"1,2-benzoquinone"
Cc1ccc(C(=CC2=CC(=O)C(=O)c3ccccc32)c2ccc(C)cc2)cc1,O=C1C=C(C=C(c2ccccc2)c2ccccc2)c2ccccc2C1=O,28,364.44,3,4,5.58,10713815,"1,2-benzoquinone"
CC(C)C1=CC(=O)c2c(ccc3c2C=CCC3(C)C)C1=O,O=C1C=CC(=O)c2c1ccc1c2C=CCC1,21,280.37,1,3,4.34,10039317,"1,4-benzoquinone"
O=C1CC2OC(c3ccsc3)C3=C(C(=O)c4ccccc4C3=O)C2O1,O=C1CC2OC(c3ccsc3)C3=C(C(=O)c4ccccc4C3=O)C2O1,25,352.37,1,5,2.88,42624500,"1,4-benzoquinone"
O=C1c2ccccc2C(=O)c2c1ccc1[nH]c(SCCN3CCCC3)nc21,O=C1c2ccccc2C(=O)c2c1ccc1[nH]c(SCCN3CCCC3)nc21,27,377.47,4,5,3.53,58406291,"1,4-benzoquinone"
O=C1c2ccccc2C(=O)c2c1ccc(C(=O)N1CCCCC1)c2NCCO,O=C1c2ccccc2C(=O)c2cc(C(=O)N3CCCCC3)ccc21,28,378.43,4,4,2.49,3740013,"1,4-benzoquinone"
CC(C)C1=C(O)c2ccc3c(c2C(=O)C1=O)CCCC3(C)C,O=C1C=Cc2ccc3c(c2C1=O)CCCC3,22,298.38,1,3,3.99,15690458,"1,2-benzoquinone"
CC1=CCCC2C1(C)CCC(C)C2(C)CC1=CC(=O)C=C(O)C1=O,O=C1C=CC(=O)C(CC2CCCC3C=CCCC32)=C1,24,328.45,2,3,4.7,452329,"1,4-benzoquinone"
Cc1c2ccccc2cc2ooc12,c1ccc2cc3ooc3cc2c1,13,172.18,0,3,3.49,129762847,"1,2-benzoquinone"
COc1ccc2c(c1OC)C(=O)c1c3c(c(CO)c(O)c1C2=O)C(=O)OC3,O=C1OCc2c1ccc1c2C(=O)c2ccccc2C1=O,27,370.31,3,4,1.35,14704556,anthraquinone
CC1=CC(=O)C(C(C)(C)CC(=O)N2CCN(c3cc4c(cc3F)c(=O)c(C(=O)O)cn4C3CC3)CC2)=C(C)C1=O,O=C1C=CC(=O)C(CCC(=O)N2CCN(c3ccc4c(=O)ccn(C5CC5)c4c3)CC2)=C1,40,549.6,6,5,3.65,122180387,"1,4-benzoquinone"
Cc1ccnc2c1C(=O)C(=O)c1ccccc1-2,O=C1C(=O)c2cccnc2-c2ccccc21,17,223.23,0,3,2.44,86259765,"1,2-naphthoquinone"
O=C(Nc1ccc(N2CCOCC2)cc1)c1cc(O)c2c(c1)C(=O)c1cccc(O)c1C2=O,O=C(Nc1ccc(N2CCOCC2)cc1)c1ccc2c(c1)C(=O)c1ccccc1C2=O,33,444.44,3,5,2.96,171785308,anthraquinone
CC1(C)OC2=C(C(=O)C(=O)c3ccccc32)C2c3cc(Br)ccc3OCC21,O=C1C(=O)c2ccccc2C2=C1C1c3ccccc3OCC1CO2,27,425.28,0,5,4.53,25140015,"1,2-benzoquinone"
COc1cccc2c1C(=O)c1sc(C(C)=O)cc1C2=O,O=C1c2ccccc2C(=O)c2sccc21,20,286.31,2,3,2.73,118707728,"1,4-naphthoquinone"
COc1cc(O)c2c(c1O)C(=O)C(=O)C=C2O,O=C1C=Cc2ccccc2C1=O,17,236.18,1,2,0.77,12009383,"1,2-benzoquinone"
Cc1c(CNCCCNC(=O)C=Cc2cccnc2)oc2c1C(=O)C(=O)c1c-2ccc2c1CCCC2(C)C,O=C(C=Cc1cccnc1)NCCCNCc1cc2c(o1)-c1ccc3c(c1C(=O)C2=O)CCCC3,38,511.62,8,5,4.95,168284440,"1,2-benzoquinone"
Cc1cccc2c3c(ccc12)C(O)=C(C(C)COC=O)C(=O)C3=O,O=C1C=Cc2ccc3ccccc3c2C1=O,24,324.33,4,3,2.99,101792520,"1,2-benzoquinone"
NC1=CC(=O)C(=O)C=C1N,O=C1C=CC=CC1=O,10,138.13,0,1,-1.18,15965685,"1,2-benzoquinone"
O=C(CCN1CCCC1)Nc1cccc2c1C(=O)c1c(NC(=O)CCN3CCCC3)cccc1C2=O,O=C(CCN1CCCC1)Nc1cccc2c1C(=O)c1c(NC(=O)CCN3CCCC3)cccc1C2=O,36,488.59,8,5,3.31,10814862,"1,4-benzoquinone"
CN1CCC(N(C)C2=CC(=O)C(=O)c3ccccc32)CC1,O=C1C=C(NC2CCNCC2)c2ccccc2C1=O,21,284.36,2,3,1.82,14722229,"1,2-naphthoquinone"
O=c1c(=O)c2cccc3ccc4cccc1c4c32,O=c1c(=O)c2cccc3ccc4cccc1c4c32,18,232.24,0,4,2.74,160814,"1,2-benzoquinone"
CC(C)CCOc1cc2c(cc1OCCC(C)C)-c1cc(OCCC(C)C)c(OCCC(C)C)cc1C(=O)C2=O,O=C1C(=O)c2ccccc2-c2ccccc21,40,552.75,16,3,8.43,9985091,"1,2-benzoquinone"
O=C1c2ccccc2C(=O)c2c1cccc2-c1cccnc1,O=C1c2ccccc2C(=O)c2c1cccc2-c1cccnc1,22,285.3,1,4,3.52,57140222,anthraquinone
O=C1C(=O)c2ccc3ccccc3c2-c2sccc21,O=C1C(=O)c2ccc3ccccc3c2-c2sccc21,19,264.3,0,4,3.95,162650679,"1,2-benzoquinone"
CCc1nc2c([nH]1)C(=O)C(=O)c1cc(F)ccc1-2,O=C1C(=O)c2[nH]cnc2-c2ccccc21,18,244.22,1,3,2.16,123620319,"1,2-benzoquinone"
CNC(=O)C(=O)Nc1cccc2c1C(=O)c1ccccc1C2=O,O=C1c2ccccc2C(=O)c2ccccc21,23,308.29,1,3,1.15,56438,anthraquinone
O=C1C=C(Nc2ccccc2C(=O)c2ccccc2)c2ccccc2C1=O,O=C1C=C(Nc2ccccc2C(=O)c2ccccc2)c2ccccc2C1=O,27,353.38,4,4,4.14,367785,"1,2-benzoquinone"
CC(C)=CCCC(C)C1=C(Nc2ccccc2F)C(O)=C(C)C(=O)C1=O,O=C1C=CC(Nc2ccccc2)=CC1=O,26,357.43,6,2,4.86,394014,"1,2-benzoquinone"
CC(=O)Nc1ccc(OC(=O)c2ccccc2O)cc1,O=C(Oc1ccccc1)c1ccccc1,20,271.27,3,2,2.57,117591616,"1,2-naphthoquinone"
CC12CCCC3(COC1=O)C1=C(C=CC23)C(O)=CC(=O)C1=O,O=C1C=CC2=C(C1=O)C13CCCC(C(=O)OC1)C3C=C2,22,300.31,0,4,1.8,127035328,"1,2-benzoquinone"
O=C1C=C(N2CC2)C(=O)C(c2ccc(Oc3ccccc3)cc2)=C1N1CC1,O=C1C=C(N2CC2)C(=O)C(c2ccc(Oc3ccccc3)cc2)=C1N1CC1,27,358.4,5,5,2.86,10760839,"1,4-benzoquinone"
O=C1C(=O)c2occc2-c2c1ccc1ccccc21,O=C1C(=O)c2occc2-c2c1ccc1ccccc21,19,248.24,0,4,3.48,162661290,"1,2-benzoquinone"
CN(C)Cc1nc2c(o1)-c1ccccc1C(=O)C2=O,O=C1C(=O)c2ncoc2-c2ccccc21,19,256.26,2,3,1.78,91820640,"1,2-benzoquinone"
O=C1OCC(O)=C1C(C1=C(O)c2ccccc2C(=O)C1=O)c1cccc2ccccc12,O=C1OCC=C1C(C1=Cc2ccccc2C(=O)C1=O)c1cccc2ccccc12,31,412.4,3,5,4.03,155803548,"1,2-naphthoquinone"
N#Cc1cc(-c2ccccc2)oc1NC1=CC(=O)C(=O)c2ccccc21,O=C1C=C(Nc2ccc(-c3ccccc3)o2)c2ccccc2C1=O,26,340.34,3,4,4.04,134936433,"1,2-naphthoquinone"
CC(C)(C)OC(=O)N1CCC(O)(CSC2=CC(=O)C(=O)c3ccccc32)CC1,O=C1C=C(SCC2CCNCC2)c2ccccc2C1=O,28,403.5,3,3,3.29,57661963,"1,2-naphthoquinone"
CC(C)(C)OC(=O)N1CCC(n2nnc3c2C(=O)C(=O)c2ccccc2-3)CC1,O=C1C(=O)c2c(nnn2C2CCNCC2)-c2ccccc21,28,382.42,1,4,2.9,161082428,"1,2-benzoquinone"
N#CC1=C(O)c2ccccc2C(=O)C1=O,O=C1C=Cc2ccccc2C1=O,15,199.16,0,2,1.24,164775,"1,2-naphthoquinone"
COC1=C(C(C)C)C(=O)C2=C(C1=O)C1(C)CCCC(C)(C)C1C2C=O,O=C1C=CC(=O)C2=C1CC1CCCCC21,25,344.45,3,3,3.65,11290884,"1,4-benzoquinone"
C=CCSc1nc2c3c(ccc2[nH]1)C(=O)c1ccccc1C3=O,O=C1c2ccccc2C(=O)c2c1ccc1[nH]cnc21,23,320.37,3,4,3.62,53358191,anthraquinone
Cc1c(CN(C)Cc2ccc(F)c(Cl)c2)oc2c1C(=O)C(=O)c1c-2ccc2c(C)cccc12,O=C1C(=O)c2c(ccc3ccccc23)-c2oc(CNCc3ccccc3)cc21,33,461.92,4,5,6.52,145583802,"1,2-naphthoquinone"
C=CCNC1=C(N(C)C(C)=O)C(=O)c2ccccc2C1=O,O=C1C=CC(=O)c2ccccc21,21,284.32,4,2,1.53,56951834,"1,4-naphthoquinone"
CCCCCC1C(=O)OC(C)C(NC(=O)c2cccc(NC=O)c2O)C(=O)OC(C)C1OC(=O)CC(C)C,O=C1CCCOC(=O)C(NC(=O)c2ccccc2)CO1,38,534.61,11,2,3.09,117591811,"1,2-naphthoquinone"
O=C1c2cnncc2C(=O)c2nc3cc4c(cc3nc21)OCO4,O=C1c2cnncc2C(=O)c2nc3cc4c(cc3nc21)OCO4,23,306.24,0,5,0.92,16126451,"1,4-benzoquinone"
O=c1c(O)c2cccc3c4cccc5cccc(c(c1=O)c23)c54,O=c1cc2cccc3c4cccc5cccc(c(c1=O)c23)c54,23,298.3,0,5,3.6,129706905,"1,2-benzoquinone"
O=C1C=C(O)c2c(O)ccc(O)c2C1=O,O=C1C=Cc2ccccc2C1=O,15,206.15,0,2,0.76,376951,"1,2-benzoquinone"
Nc1ccc(O)c2c1C(=O)c1c(N)cc(Br)c(O)c1C2=O,O=C1c2ccccc2C(=O)c2ccccc21,21,349.14,0,3,1.8,6454985,anthraquinone
O=C1c2cccc3c2C(=O)c2c(cccc21)OCCOCCOCCOCCO3,O=C1c2cccc3c2C(=O)c2c(cccc21)OCCOCCOCCOCCO3,29,398.41,0,4,2.28,362911,anthraquinone
Cc1cc(O)c2c3c(ncc2c1)C(=O)c1c(OC2CC(O)C(O)C(C)O2)cccc1C3=O,O=C1c2ncc3ccccc3c2C(=O)c2cccc(OC3CCCCO3)c21,32,435.43,2,5,2.26,122182600,"1,4-naphthoquinone"
O=C1C(Oc2ccc(O)cc2)=C(Cl)C(=O)c2ncccc21,O=C1C(Oc2ccccc2)=CC(=O)c2ncccc21,21,301.69,2,3,2.7,84972989,"1,4-benzoquinone"
CC(=O)OC1CCn2c1nc1c2C(=O)C(C)=CC1=O,O=C1C=CC(=O)c2c1nc1n2CCC1,19,260.25,1,3,1.22,14589260,"1,4-benzoquinone"
O=C1C(=O)c2cc3cn[nH]c3nc2-c2ccccc21,O=C1C(=O)c2cc3cn[nH]c3nc2-c2ccccc21,19,249.23,0,4,2.0,168266479,"1,2-naphthoquinone"
O=C1c2ccccc2C(=O)c2c1ccc1nonc21,O=C1c2ccccc2C(=O)c2c1ccc1nonc21,19,250.21,0,4,2.0,619491,"1,4-benzoquinone"
O=C1C(=O)c2ccccc2C(O)=C1c1cccs1,O=C1C(=O)c2ccccc2C=C1c1cccs1,18,256.28,1,3,2.94,135037500,"1,2-naphthoquinone"
COC1=C(C)C(=O)C2=C(C1=O)C1C3CC4=C(C(=O)C(=O)C(C)=C4O)C(CNC(=O)C(C)=O)N3C(C#N)C(C2)N1C,O=C1C=CC2=C(CN3CC4CC5=C(C(=O)C=CC5=O)C(N4)C3C2)C1=O,40,548.55,4,5,-0.24,171352586,"1,2-benzoquinone"
COC(=O)c1cc2cc3c(c(O)c2c(=O)o1)OC1(CC3)CC2=C(O1)C(=O)c1c(O)c(OC)cc(O)c1C2=O,O=C1C2=C(OC3(CCc4cc5ccoc(=O)c5cc4O3)C2)C(=O)c2ccccc21,38,522.42,2,6,2.48,137321735,"1,4-naphthoquinone"
Cc1ccc(OCCCCCCCCC2=C(O)c3ccccc3C(=O)C2=O)cc1,O=C1C(=O)c2ccccc2C=C1CCCCCCCCOc1ccccc1,29,392.5,10,3,5.84,10293932,"1,2-naphthoquinone"
O=C1c2ccccc2C(=O)c2c1ccc1[nH]c(CN3CCOCC3)nc21,O=C1c2ccccc2C(=O)c2c1ccc1[nH]c(CN3CCOCC3)nc21,26,347.37,2,5,2.17,53372361,anthraquinone
O=C(CCN1CCCC1)Nc1ccc2c(c1)C(=O)c1cc(NC(=O)CCN3CCCC3)ccc1C2=O,O=C(CCN1CCCC1)Nc1ccc2c(c1)C(=O)c1cc(NC(=O)CCN3CCCC3)ccc1C2=O,36,488.59,8,5,3.31,10719801,"1,4-benzoquinone"
O=C1C=c2cc(-c3cc4cc(O)c(O)cc4[nH]3)[nH]c2=CC1=O,O=C1C=c2cc(-c3cc4ccccc4[nH]3)[nH]c2=CC1=O,22,294.27,1,4,0.29,86134038,"1,2-benzoquinone"
O=C1C(=O)c2cccc3c2C(=C1Cl)OCC3n1cc(-c2ccccc2)nn1,O=C1C=C2OCC(n3cc(-c4ccccc4)nn3)c3cccc(c32)C1=O,27,377.79,2,5,3.24,72707795,"1,2-benzoquinone"
C=C(C)C1Cc2c(oc3cc(O)c(CC=C(C)C)c(O)c3c2=O)C2=C1C(=O)C(=O)C(CC=C(C)C)=C2O,O=C1C=CC2=C(CCc3c2oc2ccccc2c3=O)C1=O,37,502.56,5,4,5.54,46887814,"1,2-benzoquinone"
Cc1ccc(C)c(NC2C3=C(OC2(C)C)c2ccccc2C(=O)C3=O)c1,O=C1C(=O)c2ccccc2C2=C1C(Nc1ccccc1)CO2,26,347.41,2,4,4.07,44436897,"1,2-benzoquinone"
O=C1C(=O)C2=CC=C1CC2,O=C1C(=O)C2=CC=C1CC2,10,134.13,0,3,0.78,129630866,"1,2-benzoquinone"
CCCCc1ccc(NC2=C(Cl)C(=O)c3ccccc3C2=O)cc1,O=C1C=C(Nc2ccccc2)C(=O)c2ccccc21,24,339.82,5,3,4.97,2817422,"1,4-benzoquinone"
O=C1C(=O)c2ccccc2C(O)=C1C1CCCOC1,O=C1C(=O)c2ccccc2C=C1C1CCCOC1,19,258.27,1,3,2.15,44332509,"1,2-benzoquinone"
O=C1C(=O)c2ccc(Br)cc2C2=C1SCC1(CCN(CC(O)COc3ccc(Cl)cc3)CC1)O2,O=C1C(=O)c2ccccc2C2=C1SCC1(CCN(CCCOc3ccccc3)CC1)O2,34,564.89,5,5,4.57,57661978,"1,2-naphthoquinone"
O=c1c2[nH]c3ccccc3oc=2c2ccccc2c1=O,O=c1c2[nH]c3ccccc3oc=2c2ccccc2c1=O,20,263.25,0,4,2.36,139214029,"1,2-benzoquinone"
O=C1C=C(C2=CC(=O)C(=O)c3ccccc32)c2ccccc2C1=O,O=C1C=C(C2=CC(=O)C(=O)c3ccccc32)c2ccccc2C1=O,24,314.3,1,4,2.68,386891,"1,2-benzoquinone"
COc1cccc2c1C(=O)C=C(Oc1ccccc1)C2=O,O=C1C=C(Oc2ccccc2)C(=O)c2ccccc21,21,280.28,3,3,3.04,122185493,"1,4-benzoquinone"
CC(C)C1=CC2=C(C(=O)C1=O)C13CCCC(C)(C)C1CC2OC3,O=C1C=CC2=C(C1=O)C13CCCCC1CC2OC3,23,314.43,1,5,3.63,155535497,"1,2-benzoquinone"
O=C1C(=O)C(F)=c2cc3cc4cc5ccccc5cc4cc3cc2=C1F,O=C1C=c2cc3cc4cc5ccccc5cc4cc3cc2=CC1=O,26,344.32,0,5,3.45,87250038,"1,2-benzoquinone"
Cc1nc2c(s1)C(=O)C=C(NCCN(C)C)C2=O,O=C1C=CC(=O)c2scnc21,18,265.34,4,2,0.87,10286059,"1,4-benzoquinone"
O=C1C=C(N2CC3CCC(CC3)C2)c2ccccc2C1=O,O=C1C=C(N2CC3CCC(CC3)C2)c2ccccc2C1=O,21,281.36,1,5,2.91,599770,"1,2-benzoquinone"
O=C1C=C(Nc2cc(F)cc(F)c2)C(=O)c2cnccc21,O=C1C=C(Nc2ccccc2)C(=O)c2cnccc21,21,286.24,2,3,2.73,15537871,"1,4-benzoquinone"
COC1=C(CC(C)C)C(=O)C2=C(C1=O)C(COC(N)=O)C1(OC)C3NC3CN21,O=C1C=CC(=O)C2=C1CC1C3NC3CN21,28,391.42,6,4,0.06,10023343,"1,4-benzoquinone"
CC(C)CC1=CC(CC(C)C)=C(F)C(=O)C1=O,O=C1C=CC=CC1=O,17,238.3,4,1,3.38,69498711,"1,2-benzoquinone"
CC(c1cc2c(o1)C(=O)c1ccccc1C2=O)N1CCOCC1,O=C1c2ccccc2C(=O)c2oc(CN3CCOCC3)cc21,23,311.34,2,4,2.45,145984422,"1,4-naphthoquinone"
O=C1c2[nH]cc(CNC3CCCNC3)c2C(=O)c2c1c(O)c1ccccc1c2O,O=C1c2cc3ccccc3cc2C(=O)c2c(CNC3CCCNC3)c[nH]c21,29,391.43,3,5,2.2,137100898,"1,4-benzoquinone"
C=CCNC1=C(Cl)C(=O)c2ccccc2C1=O,O=C1C=CC(=O)c2ccccc21,17,247.68,3,2,2.29,1716436,"1,4-benzoquinone"
CC(O)C1C=CC2(OC3=C(c4ccc(O)cc4)C(=O)C(=O)C(c4ccc(O)cc4)=C3O2)O1,O=C1C(=O)C(c2ccccc2)=C2OC3(C=CCO3)OC2=C1c1ccccc1,32,434.4,3,5,2.41,14426699,"1,2-benzoquinone"
Cc1cccc2c3c(ccc12)-c1oc2c(c1C(=O)C3=O)CCN(CCN1CCCCC1)C2,O=C1C(=O)c2c(ccc3ccccc23)-c2oc3c(c21)CCN(CCN1CCCCC1)C3,32,428.53,3,6,4.63,172451158,"1,2-benzoquinone"
Cc1cc(O)c2c(c1O)C(=O)c1c(O)cccc1C2=O,O=C1c2ccccc2C(=O)c2ccccc21,20,270.24,0,3,1.89,100242,anthraquinone
COC1=C(C)C(=O)c2c(cc(O)c3c2OC(C)C3(C)CCC=C(C)C)C1=O,O=C1C=CC(=O)c2c1ccc1c2OCC1,27,370.45,4,3,4.48,131835,"1,4-naphthoquinone"
CCCCOCCn1c(=N)c2c(N)c3c(=O)c4ccccc4c(=O)c3c(N)c2c1=O,N=c1[nH]c(=O)c2cc3c(=O)c4ccccc4c(=O)c3cc12,30,406.44,6,4,1.36,121702,anthraquinone
CC(C)C1=CC2=C(C(=O)C1=O)C13CCCC(C)(C)C1C(OC3=O)C2O,O=C1C=CC2=C(C1=O)C13CCCCC1C(C2)OC3=O,25,344.41,1,4,2.13,23243691,"1,2-benzoquinone"
O=c1c2ccccc2c(=O)c2c1ccc1[nH]c3c(ccc4c(=O)c5c(Cl)cccc5c(=O)c43)[nH]c12,O=c1c2ccccc2c(=O)c2c1ccc1[nH]c3c(ccc4c(=O)c5ccccc5c(=O)c43)[nH]c12,35,476.88,0,7,4.79,18955562,anthraquinone
c1cc(CCCc2ccncc2)ccn1,c1cc(CCCc2ccncc2)ccn1,15,198.27,4,2,2.65,139200786,"1,2-naphthoquinone"
Cc1occ2c1C(=O)c1c(O)cccc1C2=O,O=C1c2ccccc2C(=O)c2cocc21,17,228.2,0,3,2.07,11390536,"1,4-naphthoquinone"
O=C1C=CC(=O)c2c(O)c(N3CCN(CCO)CC3)c(Cl)c(O)c21,O=C1C=CC(=O)c2cc(N3CCNCC3)ccc21,24,352.77,3,3,0.8,377971,"1,4-benzoquinone"
COc1cccc2c1C(=O)c1c(O)c3c(c(O)c1C2=O)CC(O)(C(=O)CO)CC3OC1CC2NCOC2C(C)O1,O=C1c2ccccc2C(=O)c2cc3c(cc21)CCCC3OC1CC2NCOC2CO1,40,555.54,5,6,0.63,11599300,"1,4-benzoquinone"
CCN(CC)CCNc1cc(C)nc2c1C(=O)C(=O)C=C2N1CCCCC1,O=C1C=C(N2CCCCC2)c2ncccc2C1=O,27,370.5,7,3,2.74,2296326,"1,2-benzoquinone"
O=C1C=CC(=O)C(C2=C3C(=O)N(CCc4ccccc4)CC(=O)N3CCC2)=C1,O=C1C=CC(=O)C(C2=C3C(=O)N(CCc4ccccc4)CC(=O)N3CCC2)=C1,28,376.41,4,4,1.58,998883,"1,4-benzoquinone"
CCOC(=O)c1c2c(n3cccc(Cl)c13)C(=O)c1ncccc1C2=O,O=C1c2cccnc2C(=O)c2c1cc1ccccn21,25,354.75,2,4,2.94,24939278,"1,4-benzoquinone"
Cc1ccc2c(n1)C(=O)c1c(c(O)n(Cc3cccc(Br)c3)c1O)C2=O,O=C1c2cn(Cc3ccccc3)cc2C(=O)c2ncccc21,26,413.23,2,4,3.19,135405860,"1,4-benzoquinone"
COc1ccc(C=CC(=O)c2ccc(NC3C4=C(OC3(C)C)c3ccccc3C(=O)C4=O)cc2)cc1,O=C1C(=O)c2ccccc2C2=C1C(Nc1ccc(C(=O)C=Cc3ccccc3)cc1)CO2,36,479.53,6,5,5.36,122191550,"1,2-benzoquinone"
O=C1c2ccccc2C(=O)c2c1nnn2-c1cc(F)c(-c2cccc(CO)c2)c(F)c1,O=C1c2ccccc2C(=O)c2c1nnn2-c1ccc(-c2ccccc2)cc1,31,417.37,3,5,3.48,145997863,"1,4-benzoquinone"
O=C1C(=O)c2ccccc2C(O)=C1C1=CCCCC1,O=C1C(=O)c2ccccc2C=C1C1=CCCCC1,19,254.28,1,3,3.22,13614365,"1,2-benzoquinone"
O=C1C(=O)c2c(oc3c2CCN(C2CCC(N4CCOCC4)CC2)C3=O)-c2ccccc21,O=C1C(=O)c2c(oc3c2CCN(C2CCC(N4CCOCC4)CC2)C3=O)-c2ccccc21,32,434.49,2,6,2.97,178315852,"1,2-benzoquinone"
Cc1ccc(Nc2cccc3c2C(=O)c2cccc(Nc4ccc(C)cc4S(=O)(=O)O)c2C3=O)c(S(=O)(=O)O)c1,O=C1c2cccc(Nc3ccccc3)c2C(=O)c2cccc(Nc3ccccc3)c21,40,578.62,6,5,5.06,62605,anthraquinone
CN(C)CCNc1ccc(O)c2c1C(=O)c1c(Cl)ccc(Cl)c1C2=O,O=C1c2ccccc2C(=O)c2ccccc21,25,379.24,4,3,3.45,13905025,"1,4-benzoquinone"
CC1=C(CCCCOC(=O)CC2OC3OC4(C)CCC5C(C)CCC(C2C)C35OO4)C(=O)C(C(C)C)=CC1=O,O=C1C=CC(=O)C(CCCCOC(=O)CC2CC3CCCC4CCC5OOC43C(O2)O5)=C1,39,544.69,8,6,5.39,145952647,"1,4-benzoquinone"
Cc1ccc(CCCCOC2=CC(=O)C(=O)c3ccccc32)cc1,O=C1C=C(OCCCCc2ccccc2)c2ccccc2C1=O,24,320.39,6,3,4.14,22899213,"1,2-naphthoquinone"
O=C1c2c[n+]([O-])c3ccccc3c2C(=O)c2[nH]c3ccccc3c21,O=C1c2c[nH+]c3ccccc3c2C(=O)c2[nH]c3ccccc3c21,24,314.3,0,5,2.73,9926867,"1,4-benzoquinone"
COCc1c(O)cc2c(c1O)C(=O)c1ccc(O)c(O)c1C2=O,O=C1c2ccccc2C(=O)c2ccccc21,23,316.26,2,3,1.43,163070387,anthraquinone
COC1=CC(=O)C(=O)c2cnccc21,O=C1C=Cc2ccncc2C1=O,14,189.17,1,2,0.83,451411,"1,2-benzoquinone"
COc1ccc(OC)c(NC2=CC(=O)c3c(cnc4cccc(O)c34)C2=O)c1,O=C1C(Nc2ccccc2)=CC(=O)c2c1cnc1ccccc21,28,376.37,4,4,3.33,136015307,"1,4-benzoquinone"
O=C1C(=O)c2[nH]c(=O)[nH]c2-c2ccccc21,O=C1C(=O)c2[nH]c(=O)[nH]c2-c2ccccc21,16,214.18,0,3,0.75,12369244,"1,2-naphthoquinone"
COC1=CC(C2c3cc4c(cc3C(Nc3cccc([N+](=O)[O-])c3)C3COC(=O)C23)OCO4)=CC(=O)C1=O,O=C1C=CC(C2c3cc4c(cc3C(Nc3ccccc3)C3COC(=O)C23)OCO4)=CC1=O,37,504.45,5,6,2.97,44584636,"1,2-benzoquinone"
O=C1C(=O)c2ccccc2C(O)=C1CNCCCCl,O=C1C=Cc2ccccc2C1=O,19,279.72,5,2,1.94,127048243,"1,2-benzoquinone"
C=C1OC2=C(C(=O)C(=O)c3ccccc32)C1(C)C,C=C1CC2=C(O1)c1ccccc1C(=O)C2=O,18,240.26,0,3,2.73,11564963,"1,2-benzoquinone"
CC1=C(CCCCCCC(C)C)c2[nH]c3ccccc3c2C(=O)C1=O,O=C1C=Cc2[nH]c3ccccc3c2C1=O,25,337.46,7,3,5.7,10019979,"1,2-benzoquinone"
Nc1c(Sc2ccc(O)cc2)cc(O)c2c1C(=O)c1ccccc1C2=O,O=C1c2ccccc2C(=O)c2cc(Sc3ccccc3)ccc21,26,363.39,2,4,3.61,106145,"1,4-naphthoquinone"
CC1CCC=C(CN2CCC3(CC2)CSC2=C(O3)c3ccccc3C(=O)C2=O)C=C1F,O=C1C(=O)c2ccccc2C2=C1SCC1(CCN(CC3=CCCCC=C3)CC1)O2,31,439.55,2,5,4.93,143586929,"1,2-naphthoquinone"
COc1ccc(CC2=CC(=O)C(=O)C=C2C)cc1,O=C1C=CC(Cc2ccccc2)=CC1=O,18,242.27,3,2,2.26,320668,"1,2-benzoquinone"
CCCc1ccc(-c2ccc(NC3=C(O)c4ccccc4C(=O)C3=O)cc2)cc1,O=C1C(=O)c2ccccc2C=C1Nc1ccc(-c2ccccc2)cc1,29,383.45,5,4,5.41,70690229,"1,2-benzoquinone"
CCCn1c(O)c(C2=CC(=O)c3[nH]cc(CCN)c3C2=O)n(C)c1=O,O=C1C(c2c[nH]c(=O)[nH]2)=CC(=O)c2[nH]ccc21,25,344.37,5,3,0.59,135783309,"1,4-benzoquinone"
CCCN1C(=O)NC2(CSC3=C2C(=O)c2ccccc2C3=O)C1=O,O=C1NC(=O)C2(CSC3=C2C(=O)c2ccccc2C3=O)N1,24,342.38,2,4,1.77,11175258,"1,4-benzoquinone"
O=C1C=C(Nc2ccc(S(=O)(=O)Nc3ncccn3)cc2)c2ccccc2C1=O,O=C1C=C(Nc2ccc(S(=O)(=O)Nc3ncccn3)cc2)c2ccccc2C1=O,29,406.42,5,4,2.5,367782,"1,2-benzoquinone"
O=C1c2ncccc2C(=O)c2[nH]c(-c3ccncc3)nc21,O=C1c2ncccc2C(=O)c2[nH]c(-c3ccncc3)nc21,21,276.25,1,4,1.64,145982245,"1,4-benzoquinone"
COc1cccc2c1C(=O)c1c(OC)cc(C)cc1C2=O,O=C1c2ccccc2C(=O)c2ccccc21,21,282.3,2,3,2.79,189763,"1,4-benzoquinone"
CC(C)(O)Cc1ccc2c(c1)-c1cc(OCCC3CC3)ccc1C(=O)C2=O,O=C1C(=O)c2ccc(OCCC3CC3)cc2-c2ccccc21,27,364.44,6,4,4.22,44474503,"1,2-benzoquinone"
Cc1noc2nc3c(c(-c4ccc(F)cc4)c12)C(=O)C(=O)c1ccccc1-3,O=C1C(=O)c2c(nc3oncc3c2-c2ccccc2)-c2ccccc21,27,358.33,1,5,4.38,53386556,"1,2-naphthoquinone"
Cn1c(N)c(C(C=Cc2ccccc2)C2=C(O)c3ccccc3C(=O)C2=O)c(=O)n(C)c1=O,O=C1C(=O)c2ccccc2C=C1C(C=Cc1ccccc1)c1c[nH]c(=O)[nH]c1=O,33,443.46,4,4,2.2,139221286,"1,2-naphthoquinone"
O=C(NCc1cccs1)c1ccc(C=CC(=O)c2cccc3c2C(=O)c2ccccc2C3=O)cc1,O=C(NCc1cccs1)c1ccc(C=CC(=O)c2cccc3c2C(=O)c2ccccc2C3=O)cc1,35,477.54,6,5,5.35,145984836,anthraquinone
O=C(NC1(C(=O)NCc2ccc(Cl)cc2)CSC2=C1C(=O)c1ccccc1C2=O)c1ccc(Cl)cc1,O=C(NC1(C(=O)NCc2ccccc2)CSC2=C1C(=O)c1ccccc1C2=O)c1ccccc1,36,537.42,5,5,4.86,122191807,"1,4-benzoquinone"
Nc1cccc(Nc2cc(S(=O)(=O)O)c(N)c3c2C(=O)c2ccccc2C3=O)c1,O=C1c2ccccc2C(=O)c2c(Nc3ccccc3)cccc21,29,409.42,3,4,2.62,419493,"1,4-naphthoquinone"
C#CCCOC1=C(Cl)C(=O)c2cccnc2C1=O,O=C1C=CC(=O)c2ncccc21,18,261.66,3,2,1.95,137651623,"1,4-benzoquinone"
O=C1CC(c2cccs2)C2=C(N1)c1ccccc1C(=O)C2=O,O=C1CC(c2cccs2)C2=C(N1)c1ccccc1C(=O)C2=O,22,309.35,1,4,2.53,162671393,"1,2-benzoquinone"
CN1CCC(Oc2ccc(Cl)c(-c3nc4c(o3)C(=O)c3ccccc3C4=O)c2)C1,O=C1c2ccccc2C(=O)c2oc(-c3cccc(OC4CCNC4)c3)nc21,29,408.84,3,5,3.85,168286784,"1,4-naphthoquinone"
Cc1ccc(OC(=O)N2CCC3(CC2)CSC2=C(O3)c3ccccc3C(=O)C2=O)cn1,O=C1C(=O)c2ccccc2C2=C1SCC1(CCN(C(=O)Oc3cccnc3)CC1)O2,31,436.49,1,5,3.62,57661829,"1,2-naphthoquinone"
CCCCOC1OC(=O)c2c1cc1c(c2O)-c2c(O)c3c(c(OC)c2CC1)C(=O)c1c(cc(O)c(C)c1O)C3=O,O=C1OCc2cc3c(cc21)-c1cc2c(cc1CC3)C(=O)c1ccccc1C2=O,40,546.53,5,6,4.35,460032,anthraquinone
O=C1C(=O)c2ccccc2C(O)=C1C1CC=C(c2ccc(Cl)cc2)CC1,O=C1C(=O)c2ccccc2C=C1C1CC=C(c2ccccc2)CC1,26,364.83,2,4,5.26,129011946,"1,2-naphthoquinone"
CC(C)C1=C(Nc2ccccc2)c2ccc3c(c2C(=O)C1=O)CCCC3(C)C,O=C1C=C(Nc2ccccc2)c2ccc3c(c2C1=O)CCCC3,28,373.5,3,4,5.55,44409834,"1,2-benzoquinone"
COC1=C(O)c2cc3c(c(O)c2C(=O)C1=O)C(C)OC(C)C3,O=C1C=Cc2cc3c(cc2C1=O)COCC3,22,304.3,1,3,2.05,14523293,"1,2-benzoquinone"
CC1CN(CCCN2CCc3c(oc4c3C(=O)C(=O)c3ccccc3-4)C2=O)CC(C)N1,O=C1C(=O)c2c(oc3c2CCN(CCCN2CCNCC2)C3=O)-c2ccccc21,31,421.5,4,5,2.4,178294386,"1,2-benzoquinone"
N#CC(=CC1=CC(=O)C(=O)C([N+](=O)[O-])=C1)C1=CN(O)C=CN1,O=C1C=CC(C=CC2=CNC=CN2)=CC1=O,22,300.23,3,2,0.28,134463689,"1,2-benzoquinone"
O=C1c2cc(O)cc(O)c2C(=O)c2cccc(O)c21,O=C1c2ccccc2C(=O)c2ccccc21,19,256.21,0,3,1.58,11265324,anthraquinone
O=C1C(=O)c2ccccc2C(O)=C1Cc1ccc(OCCOc2cccc3ccccc23)cc1,O=C1C(=O)c2ccccc2C=C1Cc1ccc(OCCOc2cccc3ccccc23)cc1,34,450.49,7,5,5.57,44586362,"1,2-benzoquinone"
CC(C)=CCCC1=CCC2=C(C1)C(=O)C=CC2=O,O=C1C=CC(=O)C2=C1CC=CC2,18,242.32,3,2,3.46,10060286,"1,4-benzoquinone"
CCCCCCCCCCCCCCCCCC(=O)NCC(C)(C)CC1=C(O)c2ccccc2C(=O)C1=O,O=C1C=Cc2ccccc2C1=O,38,525.77,20,2,8.52,71575165,"1,2-benzoquinone"
O=C(Nc1cccc2c1C(=O)c1c(NC(=O)c3ccccc3)cccc1C2=O)c1ccccc1,O=C(Nc1cccc2c1C(=O)c1c(NC(=O)c3ccccc3)cccc1C2=O)c1ccccc1,34,446.46,4,5,4.97,2839734,"1,4-naphthoquinone"
O=C1C(=O)c2ccccc2C(O)=C1C1(c2ccc(Cl)cc2)CCCCC1,O=C1C(=O)c2ccccc2C=C1C1(c2ccccc2)CCCCC1,26,366.84,2,4,5.28,22116152,"1,2-naphthoquinone"
CC(C)C1=C(O)C2=C(OC3(C)CCCC(C)(C)C3C=C2)C(=O)C1=O,O=C1C=CC2=C(OC3CCCCC3C=C2)C1=O,24,330.42,1,3,4.03,164615968,"1,2-benzoquinone"
O=C1c2cccc(O)c2C(=O)c2c(OCCN(CCO)Cc3ccccc3)cccc21,O=C1c2ccccc2C(=O)c2c(OCCNCc3ccccc3)cccc21,31,417.46,8,4,3.04,433238,anthraquinone
O=C1C(=O)c2ccccc2C(O)=C1CCCCCC1=C(O)c2ccccc2C(=O)C1=O,O=C1C(=O)c2ccccc2C=C1CCCCCC1=Cc2ccccc2C(=O)C1=O,31,416.43,6,4,4.41,44332397,"1,2-benzoquinone"
CC(C)=CCCC1(C)C=Cc2c(ccc3c2C(=O)C(=O)C(CC2=CC(=O)c4ccccc4C2=O)=C3O)O1,O=C1C(=O)c2c(ccc3c2C=CCO3)C=C1CC1=CC(=O)c2ccccc2C1=O,37,494.54,5,5,6.03,467803,"1,2-benzoquinone"
O=C1C(=O)c2ccccc2C2=C1SCC1(CCN(c3cnccn3)CC1)O2,O=C1C(=O)c2ccccc2C2=C1SCC1(CCN(c3cnccn3)CC1)O2,27,379.44,1,5,2.71,57661836,"1,2-naphthoquinone"
Cc1cc(C(=O)N2CCC3(CC2)CSC2=C(O3)c3ccccc3C(=O)C2=O)n(C)n1,O=C1C(=O)c2ccccc2C2=C1SCC1(CCN(C(=O)c3ccn[nH]3)CC1)O2,30,423.49,1,5,2.6,57661939,"1,2-naphthoquinone"
O=C1C(=O)c2ccccc2C2=C1SCC1(CCCCC1)O2,O=C1C(=O)c2ccccc2C2=C1SCC1(CCCCC1)O2,21,300.38,0,4,3.59,57661828,"1,2-naphthoquinone"
Nc1c(Oc2ccc(Br)cc2)cc(O)c2c1C(=O)c1ccccc1C2=O,O=C1c2ccccc2C(=O)c2cc(Oc3ccccc3)ccc21,26,410.22,2,4,4.3,108817,"1,4-naphthoquinone"
CC1(O)CC(=O)c2c(cc(O)c3c2C(=O)c2cccc(O)c2C3=O)C1,O=C1c2ccccc2C(=O)c2c1ccc1c2C(=O)CCC1,25,338.31,0,4,1.75,443810,"1,4-benzoquinone"
CC(C)(C)OC(=O)COc1ccc(CC2=C(c3ccccc3)c3ccccc3C(=O)C2=O)cc1,O=C1C(=O)c2ccccc2C(c2ccccc2)=C1Cc1ccccc1,34,454.52,6,4,5.22,10434105,"1,2-benzoquinone"
O=C1c2ccccc2C(=O)c2c1cc(NS(=O)(=O)c1ccc(-c3ccccc3)cc1)c(O)c2O,O=C1c2ccccc2C(=O)c2cc(NS(=O)(=O)c3ccc(-c4ccccc4)cc3)ccc21,34,471.49,4,5,4.34,162646893,"1,4-benzoquinone"
C=CCCCCCCCCCCCC(O)CC(O)COC(C)=O,,23,328.49,16,0,4.14,117598446,"1,2-naphthoquinone"
COC1=CC(=O)C(=O)C(CC=C(C)CCC=C(C)CCC=C(C)C)=C1OC,O=C1C=CC=CC1=O,27,372.51,10,1,5.38,118734026,"1,2-benzoquinone"
O=C1C(=O)c2ccccc2C2=C1SC(CN1CCN(c3ccc(F)cc3)CC1)CO2,O=C1C(=O)c2ccccc2C2=C1SC(CN1CCN(c3ccccc3)CC1)CO2,30,424.5,3,5,3.21,91479462,"1,2-benzoquinone"
O=C1C(=O)c2cc3ccccc3cc2C=C1Nc1ccccc1,O=C1C(=O)c2cc3ccccc3cc2C=C1Nc1ccccc1,23,299.33,2,4,4.06,23462704,"1,2-naphthoquinone"
N#Cc1cc2s[nH]c(-c3c(O)c4cc(F)cc(CCC5CC5)c4[nH]c3=O)nc=2c(=O)c1=O,O=c1[nH]c2c(CCC3CC3)cccc2cc1-c1nc2c(=O)c(=O)ccc=2s[nH]1,32,450.45,4,5,2.48,136427564,"1,2-benzoquinone"
CC1=Cc2ccc3c(c2C(=O)C1=O)CCCC3(C)C,O=C1C=Cc2ccc3c(c2C1=O)CCCC3,19,254.33,0,3,3.47,10682373,"1,2-benzoquinone"
COCc1cc2c(cc1O)C(=O)c1cc(O)ccc1C2=O,O=C1c2ccccc2C(=O)c2ccccc21,21,284.27,2,3,2.02,11580062,anthraquinone
CSc1c(C(=O)Nc2ccc(Br)cc2)ccc2c1C(=O)c1ccccc1C2=O,O=C(Nc1ccccc1)c1ccc2c(c1)C(=O)c1ccccc1C2=O,28,452.33,3,4,5.2,3371290,"1,4-naphthoquinone"
O=C1C(=O)c2cccnc2C(O)=C1CC1CCCCC1,O=C1C(=O)c2cccnc2C=C1CC1CCCCC1,20,271.32,2,3,3.09,304632,"1,2-benzoquinone"
O=c1c(=O)c2cc(-c3ccccc3F)cc3c2-c2c1cc(-c1ccccc1F)cc2c(=O)c3=O,O=c1c(=O)c2cc(-c3ccccc3)cc3c2-c2c1cc(-c1ccccc1)cc2c(=O)c3=O,34,450.4,2,6,4.46,68240071,"1,2-benzoquinone"
COc1cccc2c1C(=O)c1c(O)c3c(c(O)c1C2=O)CC(O)(C(C)=O)CC3OC1OC(C)C(N)C1O,O=C1c2ccccc2C(=O)c2cc3c(cc21)CCCC3OC1CCCO1,37,513.5,4,5,0.64,3036811,"1,4-benzoquinone"
Cc1cc2c(cc1OC1=C(O)C(=O)c3ccccc3C1=O)C(=O)c1ccccc1C2=O,O=C1C=C(Oc2ccc3c(c2)C(=O)c2ccccc2C3=O)C(=O)c2ccccc21,31,410.38,2,5,4.0,135461057,"1,4-benzoquinone"
Cc1ccc(C(=O)Nc2c(NC(=O)CN3CCCC3)ccc3c2C(=O)c2ccccc2C3=O)cc1,O=C(CN1CCCC1)Nc1ccc2c(c1NC(=O)c1ccccc1)C(=O)c1ccccc1C2=O,35,467.53,5,5,4.06,53374588,anthraquinone
CC(C)(C)OC(=O)N1CC=C(c2cccc3c2C(=O)c2ccccc2C3=O)CC1,O=C1c2ccccc2C(=O)c2c1cccc2C1=CCNCC1,29,389.45,1,4,4.49,154697552,"1,4-benzoquinone"
COc1ccc2c(=O)c(=O)c3ccc4ccc5ccc6c(=O)c(=O)c7ccc(OC)cc7c6c5c4c3c2c1,O=c1c(=O)c2ccc3ccc4ccc5c(=O)c(=O)c6ccccc6c5c4c3c2c2ccccc12,38,498.49,2,7,4.94,155933180,"1,2-naphthoquinone"
NC(=O)OCc1c2c(n3c1CCC3)C(=O)C=C(N1CC1)C2=O,O=C1C(N2CC2)=CC(=O)c2c1cc1n2CCC1,22,301.3,3,4,0.61,10424929,"1,4-benzoquinone"
O=C1C(=O)c2ccccc2C(O)=C1C(NCc1ccccn1)c1ccccc1,O=C1C(=O)c2ccccc2C=C1C(NCc1ccccn1)c1ccccc1,28,370.41,5,4,3.65,127052043,"1,2-benzoquinone"
O=C1c2ccccc2-c2onc3c(N4CCCC4)cc(NCCN4CCCC4)c1c23,O=C1c2ccccc2-c2onc3c(N4CCCC4)cc(NCCN4CCCC4)c1c23,30,402.5,5,6,4.15,20867935,anthraquinone
O=C1C(=O)c2c(oc3c2CCN(CCCN2CCCC2)C3=O)-c2ccccc21,O=C1C(=O)c2c(oc3c2CCN(CCCN2CCCC2)C3=O)-c2ccccc21,28,378.43,4,5,2.81,178314734,"1,2-benzoquinone"
COc1ccc(O)c2c1C(=O)C=C(C(CC=C(C)C)OC(=O)C=C(C)C)C2=O,O=C1C=CC(=O)c2ccccc21,28,384.43,6,2,3.94,46833402,"1,4-benzoquinone"
O=C1C(=O)c2ccccc2C2=C1CC(Cn1cc(C3=CCCCC3)nn1)O2,O=C1C(=O)c2ccccc2C2=C1CC(Cn1cc(C3=CCCCC3)nn1)O2,27,361.4,3,5,3.2,134144513,"1,2-benzoquinone"
CCc1cc(O)c2c3c(ncc2c1)C(=O)c1c(O)cccc1C3=O,O=C1c2ccccc2C(=O)c2c1ncc1ccccc21,24,319.32,1,4,2.98,156580931,"1,4-naphthoquinone"
CC1=CC(=O)C(C2=CC(=O)C(C)=CC2=O)=CC1=O,O=C1C=CC(=O)C(C2=CC(=O)C=CC2=O)=C1,18,242.23,1,2,1.04,223827,"1,4-benzoquinone"
CNC1=C2CC(C)CC(OC)C(O)C(C)C=C(C)C(OC(N)=O)C(OC)CCC=C(C)C(=O)NC(=CC1=O)C2=O,O=C1C=C2CCCCCCC=CCCCCC=CC(=O)NC(=C1)C2=O,40,561.68,4,2,2.21,44349509,"1,4-benzoquinone"
CC(C)c1nc2c(s1)C(=O)C(=O)c1cc(CCCc3ccc(F)cc3)ccc1-2,O=C1C(=O)c2scnc2-c2ccc(CCCc3ccccc3)cc21,28,393.48,5,4,5.63,163763815,"1,2-benzoquinone"
COc1nn(-c2ccc(F)cc2)c2c1C(=O)C(=O)c1ccccc1-2,O=C1C(=O)c2cnn(-c3ccccc3)c2-c2ccccc21,24,322.3,2,4,3.07,155354602,"1,2-benzoquinone"
O=c1c2ccccc2c(=O)c2c1c1[nH]c3ccccc3c1c1c(=O)c3ccccc3c(=O)c21,O=c1c2ccccc2c(=O)c2c1c1[nH]c3ccccc3c1c1c(=O)c3ccccc3c(=O)c21,33,427.42,0,7,4.25,362928,anthraquinone
O=C1C(=O)c2c(cccc2[N+](=O)[O-])-c2ccccc21,O=C1C(=O)c2ccccc2-c2ccccc21,19,253.21,1,3,2.64,69754319,"1,2-benzoquinone"
O=C1C(=O)c2ccccc2C(O)=C1C(NCc1ccccc1)c1ccc([N+](=O)[O-])cc1,O=C1C(=O)c2ccccc2C=C1C(NCc1ccccc1)c1ccccc1,31,414.42,6,4,4.16,44139967,"1,2-benzoquinone"
CCOC(=O)C(Cc1ccc(O)cc1)NS(=O)(=O)c1ccc2c(c1)C(=O)c1ccccc1C2=O,O=C1c2ccccc2C(=O)c2cc(S(=O)(=O)NCCc3ccccc3)ccc21,34,479.51,7,4,2.62,3959062,anthraquinone
O=C1C(=O)c2oc3cc(N(Cc4ccccc4)Cc4ccccc4)ccc3c2-c2ccccc21,O=C1C(=O)c2oc3cc(N(Cc4ccccc4)Cc4ccccc4)ccc3c2-c2ccccc21,34,443.5,5,6,6.69,46193690,"1,2-naphthoquinone"
O=C1c2cccnc2C(=O)c2c1c(C(=O)OCCCN1CCCCC1)c1ccccn21,O=C1c2cccnc2C(=O)c2c1c(C(=O)OCCCN1CCCCC1)c1ccccn21,31,417.47,5,5,3.14,122188474,"1,4-benzoquinone"
CC(C)(C)C1=CC(=O)C(=O)C(C(C)(C)C)=C1F,O=C1C=CC=CC1=O,17,238.3,0,1,3.38,129812007,"1,2-benzoquinone"
COC1=CC(=O)c2c(cc(C)c(C(C)=O)c2O)C1=O,O=C1C=CC(=O)c2ccccc21,19,260.24,2,2,1.81,158739,"1,4-benzoquinone"
O=C1c2ccccc2C(=O)c2c1ccc1[nH]c(CN3CCSC3)nc21,O=C1c2ccccc2C(=O)c2c1ccc1[nH]c(CN3CCSC3)nc21,25,349.42,2,5,2.84,53372363,anthraquinone
CCc1cc(=O)c2c(C)cc3c(c2o1)C(=O)c1c(OC)cccc1C3=O,O=C1c2ccccc2C(=O)c2c1ccc1c(=O)ccoc21,26,348.35,2,4,3.45,56833917,"1,4-naphthoquinone"
O=C1C(=O)c2c(nc3ccccn23)-c2cnccc21,O=C1C(=O)c2c(nc3ccccn23)-c2cnccc21,19,249.23,0,4,1.78,72192264,"1,2-benzoquinone"
CN(C)CCCSc1nc2c3c(ccc2[nH]1)C(=O)c1ccccc1C3=O,O=C1c2ccccc2C(=O)c2c1ccc1[nH]cnc21,26,365.46,5,4,3.38,53358078,"1,4-benzoquinone"
CS(=O)(=O)Nc1cccc2c1C(=O)C(=O)C=C2,O=C1C=Cc2ccccc2C1=O,17,251.26,2,2,0.84,91719189,"1,2-naphthoquinone"
NC1=CC(=O)C(=O)c2cccnc21,O=C1C=Cc2ncccc2C1=O,13,174.16,0,2,0.15,279596,"1,2-benzoquinone"
C=C1C2=C(C(=O)C(Br)=C(C(C)C)C2=O)C2(C)CCCC(C)(C)C12O,C=C1C2=C(C(=O)C=CC2=O)C2CCCCC12,24,393.32,1,3,4.26,137662212,"1,4-benzoquinone"
CC1(C2=C(O)c3ccccc3C(=O)C2=O)CCCCCC1,O=C1C(=O)c2ccccc2C=C1C1CCCCCC1,21,284.36,1,3,4.08,21841790,"1,2-naphthoquinone"
O=C1c2cccc(O)c2C(=O)c2c1c(O)c1ccccc1c2O,O=C1c2ccccc2C(=O)c2cc3ccccc3cc21,23,306.27,0,4,2.73,202696,anthraquinone
COC1=C(N)C(=O)c2nc(-c3nc(C(=O)O)c(C)c(-c4ccc(O)c(OC)c4O)c3N)ccc2C1=O,O=C1C=CC(=O)c2nc(-c3cc(-c4ccccc4)ccn3)ccc21,36,492.44,5,4,2.01,129156,"1,4-benzoquinone"
Cc1ccc2c(c1O)C(=O)c1ccc(OC3OC(COC4OCC(O)C(O)C4O)C(O)C(O)C3O)cc1C2=O,O=C1c2ccccc2C(=O)c2cc(OC3CCCC(COC4CCCCO4)O3)ccc21,39,548.5,5,5,-1.88,23786435,anthraquinone
Cc1ccc2c(c1)-c1occ(C)c1C(=O)C2=O,O=C1C(=O)c2ccoc2-c2ccccc21,17,226.23,0,3,2.94,14631798,"1,2-benzoquinone"
O=c1c(=O)c2ccc3c4c(cc5cccc1c5c42)-c1ccccc1-3,O=c1c(=O)c2ccc3c4c(cc5cccc1c5c42)-c1ccccc1-3,24,306.32,0,6,4.39,13614862,"1,2-benzoquinone"
O=C(CCl)Nc1ccc2c(c1NC(=O)Cc1ccccc1)C(=O)c1ccccc1C2=O,O=C(Cc1ccccc1)Nc1cccc2c1C(=O)c1ccccc1C2=O,31,432.86,5,4,3.82,53374390,anthraquinone
O=C(Nc1cccc2c1C(=O)c1ccccc1C2=O)C(=O)NC1CCCCC1,O=C(Nc1cccc2c1C(=O)c1ccccc1C2=O)C(=O)NC1CCCCC1,28,376.41,2,4,2.85,56440,anthraquinone
O=C1C=CC(=O)c2cc(O)ccc21,O=C1C=CC(=O)c2ccccc21,13,174.15,0,2,1.33,11819503,"1,4-benzoquinone"
NCCc1c[nH]c2c1C(=O)c1c(c(-c3ccccc3)c3ccccc3c1-c1ccccc1)C2=O,O=C1c2cc[nH]c2C(=O)c2c1c(-c1ccccc1)c1ccccc1c2-c1ccccc1,34,442.52,4,6,5.78,24825248,"1,4-benzoquinone"
O=C1C=CC(C=Cc2cc(O)cc(O)c2)=CC1=O,O=C1C=CC(C=Cc2ccccc2)=CC1=O,18,242.23,2,2,1.75,132509662,"1,2-benzoquinone"
C#Cc1cccc(NC2C3=C(OC2(C)C)C(=O)c2ccccc2C3=O)c1,O=C1C2=C(C(=O)c3ccccc31)C(Nc1ccccc1)CO2,26,343.38,2,4,3.59,129075011,"1,4-naphthoquinone"
O=C1C=C(N2CC2)C(=O)C(c2cc(-c3ccc(C(=O)N4CCCC4)s3)on2)=C1N1CC1,O=C1C=C(N2CC2)C(=O)C(c2cc(-c3ccc(C(=O)N4CCCC4)s3)on2)=C1N1CC1,31,436.49,5,6,2.02,127045359,"1,4-benzoquinone"
CC1CCN(C(=O)c2ccc3c(c2NCCO)C(=O)c2ccccc2C3=O)CC1,O=C1c2ccccc2C(=O)c2cc(C(=O)N3CCCCC3)ccc21,29,392.46,4,4,2.74,3715401,anthraquinone
CC(C)(CNC(=O)c1ccccc1)CC1=C(O)c2ccccc2C(=O)C1=O,O=C1C(=O)c2ccccc2C=C1CCCNC(=O)c1ccccc1,27,363.41,5,3,3.57,57380422,"1,2-benzoquinone"
O=C1C(=O)c2ccc(Br)nc2-c2nc(Br)ccc21,O=C1C(=O)c2cccnc2-c2ncccc21,18,367.98,0,3,3.05,49817645,"1,2-benzoquinone"
Cc1ccc2c(c1)C(=O)C(=O)C([N+](=O)[O-])=C2O,O=C1C=Cc2ccccc2C1=O,17,233.18,1,2,1.26,12369075,"1,2-benzoquinone"
COc1cc(C)c(OC)c(C2=C(Cl)C(=O)C(=O)c3ccccc32)c1,O=C1C=C(c2ccccc2)c2ccccc2C1=O,24,342.78,3,3,3.78,134936402,"1,2-naphthoquinone"
Cc1oc2c(c1C(=O)NCCCn1cccc1)C(=O)c1ccccc1C2=O,O=C(NCCCn1cccc1)c1coc2c1C(=O)c1ccccc1C2=O,27,362.39,5,4,2.99,145362862,"1,4-benzoquinone"
CN1CCN(c2cc(N3CCN(C(=O)c4ccco4)CC3)c3c4c(onc24)-c2ccccc2C3=O)CC1,O=C1c2ccccc2-c2onc3c(N4CCNCC4)cc(N4CCN(C(=O)c5ccco5)CC4)c1c23,37,497.56,3,7,3.35,20868238,anthraquinone
O=C1C=C(NCCCNc2c3c(nc4ccccc24)CCCC3)C(=O)c2ccccc21,O=C1C=C(NCCCNc2c3c(nc4ccccc24)CCCC3)C(=O)c2ccccc21,31,411.51,6,5,4.47,101886792,"1,4-benzoquinone"
CC1OC(c2ccc3c(c2O)C(=O)c2ccc4c(c2C3=O)C(=O)CC(C)(O)C4)CCC1N(C)C,O=C1c2cc(C3CCCCO3)ccc2C(=O)c2c1ccc1c2C(=O)CCC1,34,463.53,2,5,3.22,11476774,"1,4-naphthoquinone"
Cn1c(N)c(C2=CC(=O)C(=O)c3ccccc32)c(=O)n(C)c1=O,O=C1C=C(c2c[nH]c(=O)[nH]c2=O)c2ccccc2C1=O,23,311.3,1,3,-0.14,132427220,"1,2-naphthoquinone"
OC(c1cc(C(F)(F)F)nc2c(C(F)(F)F)cccc12)C1CCCCN1,c1ccc2c(CC3CCCCN3)ccnc2c1,26,378.32,2,3,4.45,88200506,"1,2-benzoquinone"
Cc1cccc(CCc2cccc(CCC3=C(O)C(=O)C=C(O)C3=O)c2)c1,O=C1C=CC(=O)C(CCc2cccc(CCc3ccccc3)c2)=C1,27,362.43,6,3,4.12,11523380,"1,4-benzoquinone"
O=C1c2cccc(O)c2C(=O)c2c(O)cc(CN3CCCCC3)cc21,O=C1c2ccccc2C(=O)c2cc(CN3CCCCC3)ccc21,25,337.38,2,4,2.86,147677,"1,4-naphthoquinone"
CCn1c2c(c3ccccc31)C(=O)c1c[n+]([O-])c3ccccc3c1C2=O,O=C1c2c[nH+]c3ccccc3c2C(=O)c2[nH]c3ccccc3c21,26,342.35,1,5,3.22,70694680,"1,4-benzoquinone"
Cc1ccc(CN2CCC3(CC2)CSC2=C(O3)c3ccccc3C(=O)C2=O)cc1F,O=C1C(=O)c2ccccc2C2=C1SCC1(CCN(Cc3ccccc3)CC1)O2,30,423.51,2,5,4.37,57661824,"1,2-benzoquinone"
C=CC(C1=CC(=O)C(OC)=CC1=O)c1ccc(O)cc1,O=C1C=CC(=O)C(Cc2ccccc2)=C1,20,270.28,4,2,2.27,3950721,"1,4-benzoquinone"
O=C1c2ccccc2C(=O)c2c1ccc1c(=O)n(-c3ccccc3)[nH]c21,O=C1c2ccccc2C(=O)c2c1ccc1c(=O)n(-c3ccccc3)[nH]c21,26,340.34,1,5,3.09,3126077,"1,4-benzoquinone"
Cc1cccc2c3c(ccc12)-c1oc2c(c1C(=O)C3=O)CCN(CCCN(C)C)C2,O=C1C(=O)c2c(ccc3ccccc23)-c2oc3c(c21)CCNC3,30,402.49,4,5,4.1,172466252,"1,2-benzoquinone"
COc1cc(C(Br)Br)cc2c1C(=O)c1c(O)cccc1C2=O,O=C1c2ccccc2C(=O)c2ccccc21,22,426.06,2,3,3.96,14563116,"1,4-benzoquinone"
COC1=CC(=O)C(OC)=C(C(CCCCCCCCCO)OC(C)=O)C1=O,O=C1C=CC(=O)C=C1,27,382.45,13,1,2.61,137632811,"1,4-benzoquinone"
c1ccoc2ccccc2occcnc1,c1ccoc2ccccc2occcnc1,16,213.24,0,2,3.67,91566755,"1,2-benzoquinone"
CC(=O)Nc1ccc(C(=O)NC2=CC(=O)C(=O)c3ccccc32)cc1,O=C1C=C(NC(=O)c2ccccc2)c2ccccc2C1=O,25,334.33,3,3,2.18,76309428,"1,2-benzoquinone"
NC1CCN(Cc2c[nH]c3c2C(=O)c2c(c(O)c4ccccc4c2O)C3=O)C1,O=C1c2cc3ccccc3cc2C(=O)c2c(CN3CCCC3)c[nH]c21,28,377.4,2,5,1.89,137100896,"1,4-benzoquinone"
CN(C)c1ncc(C2=C(Cl)C(=O)C(N3CCCC3)=C(Cl)C2=O)s1,O=C1C=C(N2CCCC2)C(=O)C=C1c1cncs1,23,372.28,3,3,2.86,1002248,"1,4-benzoquinone"
O=C1C=c2cccc3c2=C(C1=O)c1ccccc1-3,O=C1C=c2cccc3c2=C(C1=O)c1ccccc1-3,18,232.24,0,4,0.8,85806370,"1,2-benzoquinone"
CC(C)=CCC(OC(=O)C=CC(=O)c1ccccc1)C1=CC(=O)c2c(O)ccc(O)c2C1=O,O=C(C=CC(=O)c1ccccc1)OCC1=CC(=O)c2ccccc2C1=O,33,446.46,7,3,4.11,155563761,"1,4-naphthoquinone"
COc1cc2c3c(c1OC)C(=O)C(=O)C1=C3N(CCC1)CC2,O=C1C(=O)c2cccc3c2C2=C1CCCN2CC3,22,299.33,2,4,1.83,386981,"1,2-benzoquinone"
Cc1cc2c(c3oc(C(=O)c4ccccc4)cc13)C(=O)c1c(OC(C)C)cccc1C2=O,O=C(c1ccccc1)c1cc2ccc3c(c2o1)C(=O)c1ccccc1C3=O,32,424.45,4,5,5.53,122183443,"1,4-benzoquinone"
CCOC(=O)On1c2c(N(C)C)c3c(c(C(=O)N4CCC(Cc5ccc(F)cc5)CC4)c(OC)cc31)C(=O)C2=O,O=C1C(=O)c2c(C(=O)N3CCC(Cc4ccccc4)CC3)ccc3[nH]c1cc23,40,551.57,7,5,3.91,69352387,"1,2-benzoquinone"
CC(=O)Nc1c(C)cc(C)c2c1C(=O)C(=O)c1c(-c3ccc(Cl)cc3)coc1-2,O=C1C(=O)c2c(-c3ccccc3)coc2-c2ccccc21,28,393.83,2,4,5.22,44244034,"1,2-benzoquinone"
O=C1C(NC2CCCC2)=C(N2CCCCC2)C(=O)c2ccccc21,O=C1C(NC2CCCC2)=C(N2CCCCC2)C(=O)c2ccccc21,24,324.42,3,4,3.3,45488556,"1,4-benzoquinone"
O=C1C(=O)c2ccc3ccccc3c2-c2c1ccc1ccccc21,O=C1C(=O)c2ccc3ccccc3c2-c2c1ccc1ccccc21,24,308.34,0,5,5.04,11748830,"1,2-benzoquinone"
COC(=O)c1c(NC2CCCCC2)c(=O)c(=O)c2oc3cc(N(C)C)ccc3[nH]c1=2,O=c1c(NC2CCCCC2)cc2[nH]c3ccccc3oc=2c1=O,30,411.46,4,4,2.8,127025636,"1,2-benzoquinone"
COc1cccc2c1C(=O)C1=C(C2=O)c2c(O)cc(CO)cc2C(O)C1O,O=C1C2=C(C(=O)c3ccccc31)c1ccccc1CC2,27,368.34,2,4,1.13,443809,"1,4-benzoquinone"
CCOc1cc2ncnc(NC3=CC(=O)C(OCc4cccs4)=CC3=O)c2cc1NC(=O)C=CCN(C)C,O=C1C=C(OCc2cccs2)C(=O)C=C1Nc1ncnc2ccccc12,38,533.61,11,4,3.69,44428895,"1,4-benzoquinone"
O=C1c2ccccc2C(=O)c2[nH]cnc21,O=C1c2ccccc2C(=O)c2[nH]cnc21,15,198.18,0,3,1.19,225436,"1,4-benzoquinone"
CN1CCC(CNC2=CC(=O)C(=O)c3ccccc32)CC1,O=C1C=C(NCC2CCNCC2)c2ccccc2C1=O,21,284.36,3,3,1.72,54469181,"1,2-naphthoquinone"
O=C1C(N2CC2)=CC(=O)c2c(OS(=O)(=O)c3cccs3)cccc21,O=C1C(N2CC2)=CC(=O)c2c(OS(=O)(=O)c3cccs3)cccc21,24,361.4,4,4,2.09,14867506,"1,4-benzoquinone"
Cc1cc(C)c2c(c1)C(=O)C(=O)c1c(Br)cccc1-2,O=C1C(=O)c2ccccc2-c2ccccc21,19,315.17,0,3,4.11,12678882,"1,2-benzoquinone"
CC1(C)C(=O)NC2=C1C(=O)C(=O)c1ccccc12,O=C1CC2=C(N1)c1ccccc1C(=O)C2=O,18,241.25,0,3,1.32,6604934,"1,2-benzoquinone"
O=C1c2cc(O)cc(O)c2C(=O)c2c1cc1c(c2O)C(CCO)CO1,O=C1c2ccccc2C(=O)c2cc3c(cc21)CCO3,25,342.3,2,4,1.44,156465,anthraquinone
CC(C)(C(=O)C1=CC(=O)C(=O)c2c1ccc1ccc(C(=O)C(C)(C)N3CCOCC3)cc21)N1CCOCC1,O=C1C=C(C(=O)CN2CCOCC2)c2ccc3ccc(C(=O)CN4CCOCC4)cc3c2C1=O,38,518.61,6,5,2.96,20430004,"1,2-naphthoquinone"
COC1=CC(=O)C(Nc2ncnc3cc(OCCCN4CCCC4)c(OC)cc23)=CC1=O,O=C1C=CC(=O)C(Nc2ncnc3cc(OCCCN4CCCC4)ccc23)=C1,32,438.48,9,4,2.48,11662097,"1,4-benzoquinone"
COC1=CC(=O)c2c(cc(OC)c(C(C)C3=C(O)c4c(O)cc(OC)cc4C(=O)C3=O)c2O)C1=O,O=C1C(=O)c2ccccc2C=C1Cc1ccc2c(c1)C(=O)C=CC2=O,35,480.43,5,4,2.86,156581121,"1,2-benzoquinone"
O=C1C(=O)c2[nH]ccc2-c2ccccc21,O=C1C(=O)c2[nH]ccc2-c2ccccc21,15,197.19,0,3,2.06,68950824,"1,2-benzoquinone"
O=C1C=Cc2c(ccc3c2ccc2ccccc23)C1=O,O=C1C=Cc2c(ccc3c2ccc2ccccc23)C1=O,20,258.28,0,4,3.77,16819,"1,2-benzoquinone"
CCn1cc(C(=O)C=CC2=CC(=O)C(=O)C=C2)c(=O)c2cc(F)c(N3CCN(C)CC3)nc21,O=C1C=CC(C=CC(=O)c2c[nH]c3nc(N4CCNCC4)ccc3c2=O)=CC1=O,33,450.47,5,4,1.68,175124287,"1,2-benzoquinone"
O=C1C(=O)C2=C(N3C(=O)C4=C(CCCC4)C3=O)C(F)=C1C(F)(F)C2(F)F,O=C1C(=O)C2=C(N3C(=O)C4=C(CCCC4)C3=O)C=C1CC2,26,373.23,1,5,2.14,21612498,"1,2-benzoquinone"
NCCNC(=O)c1ccc2c(c1)C(=O)c1ccc(C(=O)NCCN)cc1C2=O,O=C1c2ccccc2C(=O)c2ccccc21,28,380.4,6,3,-0.16,25107700,anthraquinone
O=C1C=Cc2c(ccc3c2ccc2c4ccccc4ccc32)C1=O,O=C1C=Cc2c(ccc3c2ccc2c4ccccc4ccc32)C1=O,24,308.34,0,5,4.92,190480,"1,2-naphthoquinone"
O=C1c2ccccc2C(=O)c2c1cc(NS(=O)(=O)c1cccc3cccnc13)c(O)c2O,O=C1c2ccccc2C(=O)c2cc(NS(=O)(=O)c3cccc4cccnc34)ccc21,32,446.44,3,5,3.22,162670776,"1,4-naphthoquinone"
Cc1cc2c(cc1C)C(=O)c1ncccc1C2=O,O=C1c2ccccc2C(=O)c2ncccc21,18,237.26,0,3,2.47,386101,"1,4-naphthoquinone"
COC(=O)c1c2c(n3ccccc13)C(=O)c1cccc(O)c1C2=O,O=C1c2ccccc2C(=O)c2c1cc1ccccn21,24,321.29,1,4,2.21,145982739,"1,4-naphthoquinone"
CCOC(=O)c1c2c(n3ccc(NC(=O)CCN4CCCC4)cc13)C(=O)c1ncccc1C2=O,O=C(CCN1CCCC1)Nc1ccn2c3c(cc2c1)C(=O)c1cccnc1C3=O,34,460.49,6,5,2.71,145955857,"1,4-benzoquinone"
O=C1C(=O)c2c(oc3c2CCN(CCCn2ccnc2)C3=O)-c2ccccc21,O=C1C(=O)c2c(oc3c2CCN(CCCn2ccnc2)C3=O)-c2ccccc21,28,375.38,4,5,2.61,178299736,"1,2-benzoquinone"
O=C(NCCN1CCCC1)c1cc2c(o1)C(=O)c1ccccc1C2=O,O=C(NCCN1CCCC1)c1cc2c(o1)C(=O)c1ccccc1C2=O,25,338.36,4,4,1.88,155564357,"1,4-naphthoquinone"
CC1=C(C)C(=O)C(C(c2ccccc2)c2cccnc2)=C(C)C1=O,O=C1C=CC(=O)C(C(c2ccccc2)c2cccnc2)=C1,24,317.39,3,3,4.02,14277767,"1,4-benzoquinone"
O=C1c2ccccc2C(=O)c2c1cc(NS(=O)(=O)N1CCOCC1)c(O)c2O,O=C1c2ccccc2C(=O)c2cc(NS(=O)(=O)N3CCOCC3)ccc21,28,404.4,3,4,0.86,162651399,anthraquinone
Cc1cc2c(o1)-c1nc(OCCCCN(C)C)c3ccccc3c1C(=O)C2=O,O=C1C(=O)c2c(ncc3ccccc23)-c2occc21,28,378.43,6,4,3.9,137644887,"1,2-benzoquinone"
Cc1cc2c(cc1C)-c1oc(C(=O)N3CCN(c4ccc(F)cc4)CC3)c(C)c1C(=O)C2=O,O=C1C(=O)c2cc(C(=O)N3CCN(c4ccccc4)CC3)oc2-c2ccccc21,33,446.48,2,5,4.35,145951854,"1,2-benzoquinone"
Cc1coc2c1C(=O)C(=O)c1c-2ccc2c1C(=O)C(O)CC2(C)C,O=C1C(=O)c2c(ccc3c2C(=O)CCC3)-c2occc21,24,324.33,0,4,2.86,168277799,"1,2-benzoquinone"
COC1C(Oc2cc(C)cc3cc4c(c(O)c23)C(=O)c2c(O)cccc2C4=O)OC(C)C(O)C1O,O=C1c2ccccc2C(=O)c2cc3c(OC4CCCCO4)cccc3cc21,35,480.47,3,5,2.2,46210465,anthraquinone
O=C1C(=O)c2c(oc(-c3ccccc3)c2-c2ccccc2)-c2ccccc21,O=C1C(=O)c2c(oc(-c3ccccc3)c2-c2ccccc2)-c2ccccc21,27,350.37,2,5,5.66,168351095,"1,2-naphthoquinone"
CN(C)CC(=O)Nc1ccc(NC(=O)CN(C)C)c2c1C(=O)c1ccccc1C2=O,O=C1c2ccccc2C(=O)c2ccccc21,30,408.46,6,3,1.46,146508,anthraquinone
COC1=CC(=O)c2c(c(COC(=O)c3ccccc3)c(C3CC3)n2C)C1=O,O=C(OCc1c(C2CC2)[nH]c2c1C(=O)C=CC2=O)c1ccccc1,27,365.39,5,4,3.17,10546783,"1,4-benzoquinone"
Cc1cc2c(o1)-c1ccc3c(c1C(=O)C2=O)CCCC3(C)C,O=C1C(=O)c2c(ccc3c2CCCC3)-c2occc21,22,294.35,0,4,4.25,12444458,"1,2-benzoquinone"
COc1c2c(c(O)c3c1C(=O)c1c(cc(O)c(C)c1O)C3=O)-c1c(cc3c(c1O)C(=O)N(N(C)C)C3O)CC2,O=C1NCc2cc3c(cc21)-c1cc2c(cc1CC3)C(=O)c1ccccc1C2=O,39,532.51,2,6,2.29,45270548,anthraquinone
O=C1C(Cl)=C(N2CCN(c3ccccc3)CC2)C(=O)c2ccccc21,O=C1C=C(N2CCN(c3ccccc3)CC2)C(=O)c2ccccc21,25,352.82,2,4,3.34,583568,"1,4-naphthoquinone"
CC1=C(C)C(=O)C(N2CCOCC2)=CC1=O,O=C1C=CC(=O)C(N2CCOCC2)=C1,16,221.26,1,2,0.69,2308263,"1,4-benzoquinone"
O=C1C=C(O)C(=O)C(CCc2ccccc2)=C1O,O=C1C=CC(=O)C(CCc2ccccc2)=C1,18,244.25,3,2,2.02,11564993,"1,4-benzoquinone"
COc1ccc2c(c1OC)C(=O)C(=O)C(C)=C2O,O=C1C=Cc2ccccc2C1=O,18,248.23,2,2,1.76,57400772,"1,2-benzoquinone"
CC1=C2SCC(C)(O)c3ccc(C)c(c32)C(=O)C1=O,O=C1C=C2SCCc3cccc(c32)C1=O,19,274.34,0,3,2.45,135034764,"1,2-naphthoquinone"
CCCCCCCCCCCC1=C(O)C(Nc2ccccc2)=CC(=O)C1=O,O=C1C=CC(Nc2ccccc2)=CC1=O,27,369.5,12,2,5.87,15415538,"1,2-benzoquinone"
O=C1c2ccccc2C(=O)c2c1cc(NS(=O)(=O)c1ccc(-c3ccc(Cl)cc3)cc1)c(O)c2O,O=C1c2ccccc2C(=O)c2cc(NS(=O)(=O)c3ccc(-c4ccccc4)cc3)ccc21,35,505.94,4,5,4.99,162661456,"1,4-naphthoquinone"
O=C1C=CC(=O)C2=C1C1c3ccccc3C2c2ccccc21,O=C1C=CC(=O)C2=C1C1c3ccccc3C2c2ccccc21,22,284.31,0,6,3.28,230748,"1,4-benzoquinone"
COC1=CC(=O)c2c(O)c3c(c(O)c2C1=O)C=C(C)OC3,O=C1C=CC(=O)c2cc3c(cc21)C=COC3,21,288.25,1,3,1.9,157509,"1,4-benzoquinone"
CC(C)C1=CC2=C(C(=O)C1=O)C1=CCC(OC(=O)c3ccccc3)C(C)(C)C1C=C2,O=C1C=CC2=C(C1=O)C1=CCC(OC(=O)c3ccccc3)CC1C=C2,30,402.49,3,4,4.79,162897788,"1,2-benzoquinone"
O=C1c2ccc(CN3CCCC3)cc2C(=O)c2nccnc21,O=C1c2ccc(CN3CCCC3)cc2C(=O)c2nccnc21,22,293.33,2,4,1.85,44274271,"1,4-benzoquinone"
O=C1c2nccc(-c3ccccc3[N+](=O)[O-])c2C(=O)c2c1[nH]ccc2=O,O=C1c2nccc(-c3ccccc3)c2C(=O)c2c1[nH]ccc2=O,26,347.29,2,4,2.12,10936933,"1,4-benzoquinone"
O=C(Cl)c1ccc2c(c1)C(=O)c1ccccc1C2=O,O=C1c2ccccc2C(=O)c2ccccc21,19,270.67,1,3,2.84,15025286,"1,4-naphthoquinone"
N#Cc1c(C#N)c(C#N)c2c(c1C#N)C(=O)C(=O)c1nc(F)c(F)nc1-2,O=C1C(=O)c2nccnc2-c2ccccc21,26,346.21,0,3,1.29,166870444,"1,2-benzoquinone"
Cc1[nH]c2c(c1C(=O)NC1CCCNC1)C(=O)c1c(c(O)c3ccccc3c1O)C2=O,O=C(NC1CCCNC1)c1c[nH]c2c1C(=O)c1cc3ccccc3cc1C2=O,31,419.44,2,5,2.14,162669637,"1,4-naphthoquinone"
CC1OC(Oc2cccc3c2C(=O)c2c(O)c4c(c(O)c2C3=O)CC(C)(O)CC4O)C(O)C(N(C)C)C1O,O=C1c2cc3c(cc2C(=O)c2c(OC4CCCCO4)cccc21)CCCC3,38,529.54,3,5,0.38,11756746,"1,4-benzoquinone"
Cc1nn(-c2ccccc2)nc1C(=O)N1CCC2(CC1)CSC1=C(O2)c2ccccc2C(=O)C1=O,O=C1C(=O)c2ccccc2C2=C1SCC1(CCN(C(=O)c3cnn(-c4ccccc4)n3)CC1)O2,35,486.55,2,6,3.45,57661988,"1,2-naphthoquinone"
O=C1C=C(NS(=O)(=O)c2ccccc2)C(=O)c2ccccc21,O=C1C=C(NS(=O)(=O)c2ccccc2)C(=O)c2ccccc21,22,313.33,3,3,1.93,247700,"1,4-benzoquinone"
Cc1ncc(CNC2=CC(=O)C(=O)c3ccccc32)c(N)n1,O=C1C=C(NCc2cncnc2)c2ccccc2C1=O,22,294.31,3,3,1.26,134937762,"1,2-naphthoquinone"
O=C1C(=O)c2ccccc2C2=C1C(c1cccs1)c1cc3c(cc1O2)OCO3,O=C1C(=O)c2ccccc2C2=C1C(c1cccs1)c1cc3c(cc1O2)OCO3,28,388.4,1,6,4.18,154718167,"1,2-naphthoquinone"
CCCCCc1ccc(Oc2c3ccccc3cc3cc4c(cc23)C=CC(=O)C4=O)cc1,O=C1C=Cc2cc3c(Oc4ccccc4)c4ccccc4cc3cc2C1=O,32,420.51,6,5,7.3,21852573,"1,2-naphthoquinone"
O=C1C(=O)c2ccc3c(c2-c2cc4c(cc21)OCO4)OCO3,O=C1C(=O)c2ccc3c(c2-c2cc4c(cc21)OCO4)OCO3,22,296.23,0,5,2.19,341034,"1,2-benzoquinone"
COC1=C(OC)C(=O)c2c(F)c(F)c(F)c(F)c2C1=O,O=C1C=CC(=O)c2ccccc21,20,290.17,2,2,2.13,52918191,"1,4-benzoquinone"
COc1cccc2c1C(=O)C=CC2=O,O=C1C=CC(=O)c2ccccc21,14,188.18,1,2,1.63,123220,"1,4-benzoquinone"
CC(C)C1(O)CC(=O)c2c(cc(O)c3c2C(=O)c2cccc(O)c2C3=O)C1=O,O=C1CCC(=O)c2c1ccc1c2C(=O)c2ccccc2C1=O,28,380.35,1,4,2.03,156581647,anthraquinone
O=c1c(Cc2ccccc2)c2c(Cc3ccccc3)cc3cccc4ccc(c1=O)c2c43,O=c1c(Cc2ccccc2)c2c(Cc3ccccc3)cc3cccc4ccc(c1=O)c2c43,32,412.49,4,6,5.92,19888197,"1,2-naphthoquinone"
COC1=CC(C2c3cc4c(cc3C(Nc3ccc(Cl)cc3)C3COC(=O)C23)OCO4)=CC(=O)C1=O,O=C1C=CC(C2c3cc4c(cc3C(Nc3ccccc3)C3COC(=O)C23)OCO4)=CC1=O,35,493.9,4,6,3.72,44584619,"1,2-benzoquinone"
C=C(C)c1cc2c(o1)C(=O)c1occ(C)c1C2=O,O=C1c2ccoc2C(=O)c2occc21,18,242.23,1,3,2.99,117898,"1,4-benzoquinone"
CC1=CCCC2C1(C)CCC(C)C2(C)CC1=C(O)C(NCCc2c[nH]c3ccccc23)=CC(=O)C1=O,O=C1C=C(NCCc2c[nH]c3ccccc23)C=C(CC2CCCC3C=CCCC32)C1=O,36,486.66,6,5,6.34,76332077,"1,2-benzoquinone"
O=C1c2ccccc2C(=O)c2c1ccc1[nH]c(CNCc3ccc(C(F)(F)F)cc3)nc21,O=C1c2ccccc2C(=O)c2c1ccc1[nH]c(CNCc3ccccc3)nc21,32,435.41,4,5,4.65,53372106,"1,4-naphthoquinone"
COc1cccc2c1C(=O)c1c(c(O)c3cc(C(C)O)ccc3c1O)C2=O,O=C1c2ccccc2C(=O)c2cc3ccccc3cc21,27,364.35,2,4,3.09,127275,anthraquinone
O=c1cc2n(O)c3ccccc3n(O)c-2cc1=O,O=c1cc2[nH]c3ccccc3[nH]c-2cc1=O,18,244.21,0,3,0.74,15192916,"1,2-benzoquinone"
CCN(CCCCCCNC1=CC(=O)C(OC)=CC1=O)Cc1ccccc1OC,O=C1C=CC(=O)C(NCCCCCCNCc2ccccc2)=C1,29,400.52,13,2,3.23,44598348,"1,4-benzoquinone"
C=C1CCCC2C1(C)CCC(C)C2(C)CC1=C(O)C(NC)=CC(=O)C1=O,C=C1CCCC2C(CC3=CC=CC(=O)C3=O)CCCC12,26,357.49,3,3,4.24,132578684,"1,2-benzoquinone"
CCc1ccc(S(=O)(=O)Oc2cccc3c2C(=O)C=C(N2CC2)C3=O)cc1,O=C1C(N2CC2)=CC(=O)c2c(OS(=O)(=O)c3ccccc3)cccc21,27,383.43,5,4,2.6,131581,"1,4-benzoquinone"
O=C(OCCCN1CCN(CCO)CC1)c1cc(O)c2c(c1)C(=O)c1cccc(O)c1C2=O,O=C(OCCCN1CCNCC1)c1ccc2c(c1)C(=O)c1ccccc1C2=O,33,454.48,7,4,1.03,137661576,anthraquinone
CC1OC2CC(=O)OC2C2=C1C(=O)c1c(O)c3c(c(O)c1C2=O)C1CC(OC2CCC(O)C(C)O2)C3(O)C(C)O1,O=C1CC2OCC3=C(C(=O)c4cc5c(cc4C3=O)C3COC5CC3OC3CCCCO3)C2O1,40,558.54,2,8,1.2,136018428,"1,4-benzoquinone"
Nc1c(C(=O)Nc2ccc3c(c2)C(=O)c2ccccc2C3=O)ccc2c1C(=O)c1ccccc1C2=O,O=C(Nc1ccc2c(c1)C(=O)c1ccccc1C2=O)c1ccc2c(c1)C(=O)c1ccccc1C2=O,36,472.46,2,6,4.07,236886,"1,4-naphthoquinone"
O=C(Nc1ccncc1)c1ccc(CNC2=C(Cl)C(=O)c3ccccc3C2=O)cc1,O=C(Nc1ccncc1)c1ccc(CNC2=CC(=O)c3ccccc3C2=O)cc1,30,417.85,5,4,3.95,145235660,"1,4-benzoquinone"
CCN(CC)c1cc(NC2CCCCC2)c2c3c(onc13)-c1ccccc1C2=O,O=C1c2ccccc2-c2onc3ccc(NC4CCCCC4)c1c23,29,389.5,5,5,5.63,16009236,"1,4-naphthoquinone"
CC(C)C1=CC2=C(C(=O)C1=O)C13CCCC(C)(C)C1C(OC3=O)C2=O,O=C1C=CC2=C(C1=O)C13CCCCC1C(OC3=O)C2=O,25,342.39,1,4,2.34,155555314,"1,2-benzoquinone"
N=Nc1ccc2c(S(=O)(=O)OC3=CC=C(C(=O)c4ccccc4)C(=O)C3=O)cccc2c1O,O=C1C(=O)C(C(=O)c2ccccc2)=CC=C1OS(=O)(=O)c1cccc2ccccc12,33,462.44,6,4,3.76,137216157,"1,2-benzoquinone"
CC(C)(C)OC(=O)NCCNC(C1=C(O)c2ccccc2C(=O)C1=O)c1ccccc1,O=C1C(=O)c2ccccc2C=C1Cc1ccccc1,31,422.48,6,3,3.58,127048463,"1,2-benzoquinone"
O=C(C1=CCC(C(F)(F)F)=CC1)c1cc2c(s1)-c1sc(C(=O)c3ccc(C(F)(F)F)cc3)cc1C(=O)C2=O,O=C(C1=CCC=CC1)c1cc2c(s1)-c1sc(C(=O)c3ccccc3)cc1C(=O)C2=O,38,566.5,4,5,7.5,123742637,"1,2-benzoquinone"
Cc1cn(C2=CC(=O)C(=O)c3ccccc32)c2ccccc12,O=C1C=C(n2ccc3ccccc32)c2ccccc2C1=O,22,287.32,1,4,3.6,15307909,"1,2-naphthoquinone"
O=C1c2ccccc2C(=O)c2c1c(O)c1ccccc1c2O,O=C1c2ccccc2C(=O)c2cc3ccccc3cc21,22,290.27,0,4,3.03,344329,"1,4-benzoquinone"
COC1=CC(=O)c2cc(C)cc(-c3cc4ccc(=O)oc4cc3OC)c2C1=O,O=C1C=CC(=O)c2c1cccc2-c1ccc2oc(=O)ccc2c1,28,376.36,3,4,3.69,363452,"1,4-benzoquinone"
O=C1C2=C(CCCC2)C(=O)c2ccccc21,O=C1C2=C(CCCC2)C(=O)c2ccccc21,16,212.25,0,3,2.94,219295,"1,4-benzoquinone"
Cc1coc2c1C(=O)C(=O)c1c-2ccc2c1C(Oc1ccc([N+](=O)[O-])c(F)c1)CCC2(C)C,O=C1C(=O)c2c(ccc3c2C(Oc2ccccc2)CCC3)-c2occc21,33,449.43,3,5,5.87,132505538,"1,2-naphthoquinone"
O=C1C=Cc2c(c3ccccc3c3c2ccc2ccc4ccccc4c23)C1=O,O=C1C=Cc2c(c3ccccc3c3c2ccc2ccc4ccccc4c23)C1=O,28,358.4,0,6,6.08,121293491,"1,2-benzoquinone"
O=C1C=C(N2CCN(c3ccc([N+](=O)[O-])cc3)CC2)c2ccccc2C1=O,O=C1C=C(N2CCN(c3ccccc3)CC2)c2ccccc2C1=O,27,363.37,3,4,2.52,2854260,"1,2-naphthoquinone"
CC(C)C1=C(O)C2=C(C(=O)C1=O)C1(C)CCCC(C)(C)C1CC2,O=C1C=CC2=C(C1=O)C1CCCCC1CC2,23,316.44,1,3,4.53,442084,"1,2-benzoquinone"
O=C1C(NC2CCCCC2)=C(N2CCOCC2)C(=O)c2ccccc21,O=C1C(NC2CCCCC2)=C(N2CCOCC2)C(=O)c2ccccc21,25,340.42,3,4,2.53,3705251,"1,4-benzoquinone"
O=C1C(=O)c2ccccc2C(O)=C1CSc1ccc2ccccc2c1,O=C1C(=O)c2ccccc2C=C1CSc1ccc2ccccc2c1,25,346.41,3,4,4.67,71569081,"1,2-benzoquinone"
CCCCCCCCOc1cc(C)c2c(c1C(C)C)C=C(C)C(=O)C2=O,O=C1C=Cc2ccccc2C1=O,26,356.51,9,2,6.03,134132349,"1,2-benzoquinone"
CCCCCCC(C)(C)C1=CC2=C(C(=O)C1=O)c1nn(C)cc1C(C)(C)O2,O=C1C=CC2=C(C1=O)c1n[nH]cc1CO2,27,370.49,6,3,4.47,118734858,"1,2-benzoquinone"
O=C1C(N2CCCCC2)=C(N2CCCCC2)C(=O)c2ccccc21,O=C1C(N2CCCCC2)=C(N2CCCCC2)C(=O)c2ccccc21,24,324.42,2,4,3.25,419648,"1,4-benzoquinone"
Cc1cc2c3c(c1)c(=O)c(=O)c1cc(C)cc(c1-3)c(=O)c2=O,O=c1c(=O)c2cccc3c2-c2c1cccc2c(=O)c3=O,22,290.27,0,4,1.47,68028811,"1,2-benzoquinone"
CCCCCCCCCCCC1=C(O)c2ncsc2C(=O)C1=O,O=C1C=Cc2ncsc2C1=O,23,335.47,10,2,5.1,3016416,"1,2-benzoquinone"
COC(=O)Nc1nc2ccc(C(=O)c3ccccc3)cc2[nH]1,O=C(c1ccccc1)c1ccc2nc[nH]c2c1,22,295.3,3,3,2.97,117592610,"1,2-naphthoquinone"
CCN(CC)CCOc1ccc2c3c(oc2c1)C(=O)c1ncccc1C3=O,O=C1c2ncccc2C(=O)c2c1oc1ccccc21,27,364.4,6,4,3.32,44428913,"1,4-benzoquinone"
O=C1C(=O)c2ccccc2C(O)=C1C1CCCCC1=O,O=C1C(=O)c2ccccc2C=C1C1CCCCC1=O,20,270.28,1,3,2.48,101375339,"1,2-benzoquinone"
O=C1c2c(O)ccc(O)c2C(=O)c2c(NCCN3CC3)ccc(NCCN3CC3)c21,O=C1c2ccccc2C(=O)c2c(NCCN3CC3)ccc(NCCN3CC3)c21,30,408.46,8,5,1.33,153163,anthraquinone
O=C1C(=O)c2ccccc2C(O)=C1C1CCC(c2ccc(F)cc2)CC1,O=C1C(=O)c2ccccc2C=C1C1CCC(c2ccccc2)CC1,26,350.39,2,4,4.83,101644182,"1,2-naphthoquinone"
Cc1nn(-c2ccc(Br)cc2)c(N=C2C3=C(OC2(C)C)c2ccccc2C(=O)C3=O)c1Br,O=C1C(=O)c2ccccc2C2=C1C(=Nc1ccnn1-c1ccccc1)CO2,32,555.23,2,5,5.76,71525206,"1,2-naphthoquinone"
O=C1C=C(C(O)c2ccc(Cl)cc2)C(=O)c2ccccc21,O=C1C=C(Cc2ccccc2)C(=O)c2ccccc21,21,298.72,2,3,3.38,245919,"1,4-naphthoquinone"
CN(C)C1CCN(c2nc3cc(O)c4c(c3s2)C(=O)c2cccc(O)c2C4=O)CC1,O=C1c2ccccc2C(=O)c2c1ccc1nc(N3CCCCC3)sc21,30,423.49,2,5,3.01,118709328,anthraquinone
O=C1C(=O)c2c(ccc3c2ccc2ccccc23)-c2ccccc21,O=C1C(=O)c2c(ccc3c2ccc2ccccc23)-c2ccccc21,24,308.34,0,5,5.04,185579,"1,2-benzoquinone"
CC1=CC2=C(C(=O)C1=O)C(C)CC(=O)C2(O)C(C)C,O=C1CCC2=C(C=CC(=O)C2=O)C1,19,262.3,1,2,1.38,10912308,"1,2-benzoquinone"
O=C(O)Cc1ccc(CNS(=O)(=O)c2cc3c(c(O)c2O)C(=O)c2ccccc2C3=O)cc1C(=O)O,O=C1c2ccccc2C(=O)c2cc(S(=O)(=O)NCc3ccccc3)ccc21,36,511.46,7,4,1.68,168274745,"1,4-naphthoquinone"
Cc1c(-c2ccccc2)oc2c1C(=O)C(=O)c1ccccc1-2,O=C1C(=O)c2cc(-c3ccccc3)oc2-c2ccccc21,22,288.3,1,4,4.3,25097984,"1,2-benzoquinone"
COc1cc(O)cc2c1C(=O)c1c(cc3c(c1O)C1CCCC(C)(O3)O1)C2=O,O=C1c2ccccc2C(=O)c2cc3c(cc21)OC1CCCC3O1,28,382.37,1,5,3.23,10927054,anthraquinone
Cc1cc2c3c(ccc2s1)C(=O)C(=O)c1ccsc1-3,O=C1C(=O)c2ccc3sccc3c2-c2sccc21,19,284.36,0,4,4.32,162643116,"1,2-benzoquinone"
O=C1c2ccc3nc(-c4ccccc4)sc3c2C(=O)c2ccc3nc(-c4ccccc4)sc3c21,O=C1c2ccc3nc(-c4ccccc4)sc3c2C(=O)c2ccc3nc(-c4ccccc4)sc3c21,34,474.57,2,7,7.02,31425,"1,4-benzoquinone"
O=C1C=C(O)C(Cn2cc(COc3cccc4ccccc34)nn2)=CC1=O,O=C1C=CC(Cn2cc(COc3cccc4ccccc34)nn2)=CC1=O,27,361.36,5,4,2.53,172446482,"1,2-benzoquinone"
CC1=C(O)c2ccc(OC3OC(CO)C(O)C(O)C3O)c(O)c2C(=O)C1=O,O=C1C=Cc2ccc(OC3CCCCO3)cc2C1=O,27,382.32,3,3,-1.37,25113766,"1,2-benzoquinone"
Cc1nn(-c2ccc(Br)cc2)c2nc3c(nc12)C(=O)C(=O)c1ccccc1-3,O=C1C(=O)c2nc3cnn(-c4ccccc4)c3nc2-c2ccccc21,27,419.24,1,5,3.93,155808265,"1,2-naphthoquinone"
COc1cc(O)c2c(c1)C(=O)c1cc3c(c(O)c1C2=O)C(OC1CC(O)C(O)C(C)O1)C(OC)C(C)(O)C3=O,O=C1c2ccccc2C(=O)c2cc3c(cc21)C(=O)CCC3OC1CCCCO1,39,544.51,4,5,0.76,102111463,anthraquinone
CCCCNC(C1=C(O)c2ccccc2C(=O)C1=O)c1cc(C)ccc1O,O=C1C(=O)c2ccccc2C=C1Cc1ccccc1,27,365.43,6,3,3.87,44138537,"1,2-benzoquinone"
O=C1C(Cl)=C(Oc2ccccc2)C(=O)c2ccccc21,O=C1C=C(Oc2ccccc2)C(=O)c2ccccc21,20,284.7,2,3,3.6,219799,"1,4-benzoquinone"
O=C1C=C(c2ccc(C(=O)N3CCCCC3)cc2)C(=O)c2ccccc21,O=C1C=C(c2ccc(C(=O)N3CCCCC3)cc2)C(=O)c2ccccc21,26,345.4,2,4,3.78,162670513,"1,4-naphthoquinone"
CC1=C(N2CC2)C(=O)c2nc3n(c2C1=O)CCC3OC(N)=O,O=C1C(N2CC2)=CC(=O)c2c1nc1n2CCC1,22,302.29,2,4,0.39,9995071,"1,4-benzoquinone"
O=C1C(=O)c2cccnc2-c2ccc(F)cc21,O=C1C(=O)c2cccnc2-c2ccccc21,17,227.19,0,3,2.27,126542776,"1,2-benzoquinone"
CC1(C)CCC2=C(S1)c1ccccc1C(=O)C2=O,O=C1C(=O)c2ccccc2C2=C1CCCS2,18,258.34,0,3,3.47,9903276,"1,2-naphthoquinone"
COc1cccc(OC2=C(Oc3cccc(OC)c3)C(=O)c3c(OC)ccc(OC)c3C2=O)c1,O=C1C(Oc2ccccc2)=C(Oc2ccccc2)C(=O)c2ccccc21,34,462.45,8,4,4.47,10813905,"1,4-benzoquinone"
CC(C)C1=Cc2ccc3c(c2C(=O)C1=O)CCCCCC3,O=C1C=Cc2ccc3c(c2C1=O)CCCCCC3,21,282.38,1,3,4.15,14828168,"1,2-benzoquinone"
O=c1cc2c(O)c3cc(Br)c4cccc5c(O)c6cc(Br)c(c1=O)c2c6c3c45,O=c1cc2cc3ccc4cccc5cc6ccc(c1=O)c2c6c3c45,28,496.11,0,6,5.42,139595438,"1,2-naphthoquinone"
COc1c2n3c4c(cc(F)c(c14)C(=O)C2=O)CN(C(=O)OC(C)(C)C)CC3,O=C1C(=O)c2cc3c1ccc1c3n2CCNC1,27,374.37,1,4,2.92,68718387,"1,2-benzoquinone"
COc1ccc(-c2c(OC)c3c(OC)c4c(cc3oc2=O)OC(C)(C)C=C4)cc1,O=c1oc2cc3c(cc2cc1-c1ccccc1)C=CCO3,29,394.42,4,4,4.67,117593291,"1,2-naphthoquinone"
CCN(CCCNc1cc2c(c(N)c1S(=O)(=O)O)C(=O)c1ccccc1C2=O)c1ccccc1,O=C1c2ccccc2C(=O)c2cc(NCCCNc3ccccc3)ccc21,34,479.56,8,4,3.62,278675,"1,4-benzoquinone"
CC1(c2ccccc2)CCC2=C(O1)c1ccccc1C(=O)C2=O,O=C1C(=O)c2ccccc2C2=C1CCC(c1ccccc1)O2,23,304.34,1,4,3.89,11722562,"1,2-benzoquinone"
CC1CCC2C(C1)C1=C(OC2(C)C)c2ccccc2C(=O)C1=O,O=C1C(=O)c2ccccc2C2=C1C1CCCCC1CO2,23,310.39,0,4,4.02,44588993,"1,2-benzoquinone"
O=C(CCN1CCCCC1)Nc1ccc(NC(=O)CCN2CCCCC2)c2c1C(=O)c1ccccc1C2=O,O=C(CCN1CCCCC1)Nc1ccc(NC(=O)CCN2CCCCC2)c2c1C(=O)c1ccccc1C2=O,38,516.64,8,5,4.09,188688,"1,4-benzoquinone"
COC1CCC=C(C)C(=O)NC2=CC(=O)C(N)=C(CC(C)CC(OC)C(O)C(C)C=C(C)C1OC(N)=O)C2=O,O=C1C=C2CCCCCCC=CCCCCC=CC(=O)NC(=C1)C2=O,39,547.65,3,2,1.94,9915454,"1,4-benzoquinone"
NCCC(=O)Nc1ccc2c(c1)C(=O)c1ccc(NC(=O)CCN)cc1C2=O,O=C1c2ccccc2C(=O)c2ccccc21,28,380.4,6,3,1.04,25108460,anthraquinone
Cc1ccc2c3c(ccc2c1)C(=O)c1c(ccc2c1NC1(C)CC2OC(C)C1O)C3=O,O=C1c2ccc3ccccc3c2C(=O)c2ccc3c(c21)NC1CCOC3C1,31,413.47,0,6,4.32,23643837,anthraquinone
O=C1C=C(Br)C(=O)c2c(O)cccc21,O=C1C=CC(=O)c2ccccc21,14,253.05,0,2,2.05,927514,"1,4-naphthoquinone"
CC1=C(C2=C(C)C(=O)c3c([nH]c4ccccc34)C2=O)C(=O)c2[nH]c3ccccc3c2C1=O,O=C1C(C2=CC(=O)c3c([nH]c4ccccc34)C2=O)=CC(=O)c2c1[nH]c1ccccc21,32,420.42,1,6,4.74,10364815,"1,4-benzoquinone"
N#Cc1ccc(CN2CCC3(CC2)CSC2=C(O3)c3ccccc3C(=O)C2=O)cc1,O=C1C(=O)c2ccccc2C2=C1SCC1(CCN(Cc3ccccc3)CC1)O2,30,416.5,2,5,3.79,23654702,"1,2-naphthoquinone"
O=C1C=CC(C(c2ccccc2)(c2ccccc2)c2ccccc2)=CC1=O,O=C1C=CC(C(c2ccccc2)(c2ccccc2)c2ccccc2)=CC1=O,27,350.42,4,4,4.66,10915098,"1,2-benzoquinone"
O=C1C(=O)c2nc(CN3CCOCC3)oc2-c2ccccc21,O=C1C(=O)c2nc(CN3CCOCC3)oc2-c2ccccc21,22,298.3,2,4,1.55,122668111,"1,2-benzoquinone"
CN1CCN(CCC(=O)Nc2ccc3c(c2)C(=O)c2ccc(NC(=O)CCN4CCN(C)CC4)cc2C3=O)CC1,O=C(CCN1CCNCC1)Nc1ccc2c(c1)C(=O)c1ccc(NC(=O)CCN3CCNCC3)cc1C2=O,40,546.67,8,5,1.61,15162833,"1,4-naphthoquinone"
COc1ccc(OC)c(C(=O)OCC(C)(C)CC2=C(O)c3ccccc3C(=O)C2=O)c1,O=C1C(=O)c2ccccc2C=C1CCCOC(=O)c1ccccc1,31,424.45,7,3,4.01,11750608,"1,2-benzoquinone"
Cc1ccc(S(=O)(=O)Nc2cc(Oc3ccccc3)c(N)c3c2C(=O)c2ccccc2C3=O)cc1,O=C1c2ccccc2C(=O)c2c(NS(=O)(=O)c3ccccc3)cc(Oc3ccccc3)cc21,35,484.53,5,5,4.95,76197,"1,4-benzoquinone"
O=C1c2nnn(Cc3ccccc3)c2C(=O)c2nnn(Cc3ccccc3)c21,O=C1c2nnn(Cc3ccccc3)c2C(=O)c2nnn(Cc3ccccc3)c21,28,370.37,4,5,1.74,1234909,"1,4-benzoquinone"
O=C1c2nc3n(c2C(=O)c2nc4n(c21)CCCC4)CCC3,O=C1c2nc3n(c2C(=O)c2nc4n(c21)CCCC4)CCC3,21,282.3,0,5,1.14,57385223,"1,4-benzoquinone"
Cc1coc2c1C(=O)C(=O)c1c-2ccc2c1C=CC(=O)C2(C)C,O=C1C=Cc2c(ccc3c2C(=O)C(=O)c2ccoc2-3)C1,23,306.32,0,4,3.51,146964961,"1,2-benzoquinone"
CCOC(=O)N1CCN(CC2CSC3=C(O2)c2ccccc2C(=O)C3=O)CC1,O=C1C(=O)c2ccccc2C2=C1SCC(CN1CCNCC1)O2,28,402.47,3,4,2.03,25263574,"1,2-naphthoquinone"
Cc1ccc2c(c1)C(=O)C(=O)c1c(C)cccc1-2,O=C1C(=O)c2ccccc2-c2ccccc21,18,236.27,0,3,3.35,610460,"1,2-naphthoquinone"
O=C1c2cc3oc4ccccc4c4ccccc4oc3cc2C(=O)N1c1ccc(F)cc1,O=C1c2cc3oc4ccccc4c4ccccc4oc3cc2C(=O)N1c1ccccc1,32,423.4,1,6,6.4,1397427,"1,2-benzoquinone"
O=C1C(=O)c2c(oc(-c3ccccc3)cc2=O)C=C1OOC1OC(C(=O)O)C(O)C(O)C1O,O=C1C(=O)c2c(oc(-c3ccccc3)cc2=O)C=C1OOC1CCCCO1,33,460.35,5,4,-0.75,90936253,"1,2-benzoquinone"
COc1ccc2c(c1CN1CCOCC1)C(=O)c1ccccc1C2=O,O=C1c2ccccc2C(=O)c2c(CN3CCOCC3)cccc21,25,337.38,3,4,2.3,3040635,anthraquinone
Cc1c(CN(C)C)oc2c1C(=O)C(=O)c1ccccc1-2,O=C1C(=O)c2ccoc2-c2ccccc21,20,269.3,2,3,2.7,90682674,"1,2-benzoquinone"
CC(=O)Oc1cccc2c1C(=O)c1c(OC(C)=O)cc(COC(=O)CN3CCOCC3)cc1C2=O,O=C(CN1CCOCC1)OCc1ccc2c(c1)C(=O)c1ccccc1C2=O,35,481.46,6,4,1.69,168282530,anthraquinone
COc1cc(O)c(C(=O)C=Cc2ccccc2)c(OC)c1,O=C(C=Cc1ccccc1)c1ccccc1,21,284.31,5,2,3.31,117593849,"1,2-benzoquinone"
Nc1c(Oc2ccc(CN3CCCCCC3=O)cc2)cc(O)c2c1C(=O)c1ccccc1C2=O,O=C1c2ccccc2C(=O)c2cc(Oc3ccc(CN4CCCCCC4=O)cc3)ccc21,34,456.5,4,5,4.44,87897,"1,4-benzoquinone"
Cc1cc2c(c(O)c1C(=O)O)C(=O)c1c(O)cc(O)c(O)c1C2=O,O=C1c2ccccc2C(=O)c2ccccc21,24,330.25,1,3,1.29,5315956,"1,4-benzoquinone"
O=C1C2=C(C(=O)c3ccccc31)C1(CS2)NC(=O)C2CCCN2C1=O,O=C1C2=C(C(=O)c3ccccc31)C1(CS2)NC(=O)C2CCCN2C1=O,25,354.39,0,5,0.93,16203201,"1,4-benzoquinone"
Cc1oc2c(c1C(=O)N1CCC(C)CC1)C(=O)c1ccccc1C2=O,O=C1c2ccccc2C(=O)c2c(C(=O)N3CCCCC3)coc21,25,337.38,1,4,3.24,1382506,"1,4-benzoquinone"
O=C(NC1=C(c2ccc(Oc3ccccc3)cc2)C(=O)c2ccccc2C1=O)c1ccccc1,O=C(NC1=C(c2ccc(Oc3ccccc3)cc2)C(=O)c2ccccc2C1=O)c1ccccc1,34,445.47,5,5,5.7,44564463,"1,4-naphthoquinone"
CCCCCCCCCC1=C(O)C(=O)C(CCCCCCC)=C(O)C1=O,O=C1C=CC(=O)C=C1,26,364.53,14,1,6.26,72195856,"1,4-benzoquinone"
CN1CCN(CCN2CCc3c(oc4c3C(=O)C(=O)c3ccccc3-4)C2=O)CC1,O=C1C(=O)c2c(oc3c2CCN(CCN2CCNCC2)C3=O)-c2ccccc21,29,393.44,3,5,1.57,178298679,"1,2-benzoquinone"
COC1=C(O)c2c(O)c3c(c(O)c2C(=O)C1=O)C(C)OC(C)C3,O=C1C=Cc2cc3c(cc2C1=O)COCC3,23,320.3,1,3,1.76,162924594,"1,2-naphthoquinone"
CCNC(=O)c1ccc2c3c(onc13)-c1ccccc1C2=O,O=C1c2ccccc2-c2onc3cccc1c23,22,292.29,2,4,2.79,776357,anthraquinone
CCCC1=C2OC=C(C)c3ccc(C)c(c32)C(=O)C1=O,O=C1C=C2OC=Cc3cccc(c32)C1=O,20,268.31,2,3,3.66,44405986,"1,2-benzoquinone"
COCCCOc1cccc2c1C(=O)c1c(OCCCOC)cc(NC(=O)CCl)cc1C2=O,O=C1c2ccccc2C(=O)c2ccccc21,33,475.93,12,3,3.47,155514530,"1,4-naphthoquinone"
O=C1C=C(NCCc2cc(Br)c(O)c(Br)c2)C(=O)c2ncccc21,O=C1C=C(NCCc2ccccc2)C(=O)c2ncccc21,24,452.1,4,3,3.41,381594,"1,4-benzoquinone"
O=C(c1ccccc1)c1noc2c1C(=O)c1ccccc1C2=O,O=C(c1ccccc1)c1noc2c1C(=O)c1ccccc1C2=O,23,303.27,2,4,2.68,46224636,"1,4-naphthoquinone"
COC(=O)c1ccccc1C1=C(O)c2ccccc2C(=O)C1=O,O=C1C(=O)c2ccccc2C=C1c1ccccc1,23,308.29,2,3,2.66,138967710,"1,2-naphthoquinone"
NC(Cc1ccc(O)c(-c2c(O)c(O)c3c(c2O)C(=O)c2c(cc(O)c(C(=O)O)c2C(=O)O)C3=O)c1)C(=O)O,O=C1c2ccccc2C(=O)c2cc(-c3ccccc3)ccc21,39,539.41,6,4,1.01,124511649,anthraquinone
COc1cccc2c1C=CC(=O)C2=O,O=C1C=Cc2ccccc2C1=O,14,188.18,1,2,1.47,12336410,"1,2-benzoquinone"
CN(C)CCCn1c(=O)c2c(N)c3c(=O)c4ccccc4c(=O)c3c(N)c2c1=O,O=c1[nH]c(=O)c2cc3c(=O)c4ccccc4c(=O)c3cc12,29,392.42,4,4,0.38,6455329,"1,4-naphthoquinone"
CCCC1OC2CC(=O)OC2C2=C1C(=O)c1c(O)cccc1C2=O,O=C1CC2OCC3=C(C(=O)c4ccccc4C3=O)C2O1,24,328.32,2,4,1.95,163292,"1,4-benzoquinone"
Cc1ccc2c(c1)oc1c2ccc2c3cc4cc(F)c(F)cc4cc3oc21,c1ccc2cc3c(cc2c1)oc1c3ccc2c3ccccc3oc21,27,358.34,0,6,7.23,144608345,"1,2-benzoquinone"
NC(=O)OCc1c(O)c2c(c(O)c1COC(N)=O)C(=O)C=CC2=O,O=C1C=CC(=O)c2ccccc21,24,336.26,4,2,0.22,312765,"1,4-benzoquinone"
Cc1cc2c(C(C)C)c(O)c(O)c3c(O)oc(c1=c1c(C)cc4c(C(C)C)c(=O)c(=O)c5c(O)oc1c45)c23,O=c1cc2ccc(=c3ccc4cccc5coc3c45)c3occ(c1=O)c23,38,514.53,2,6,6.05,135535745,"1,2-benzoquinone"
O=C1c2ccccc2C(=O)c2c1cc(NCc1ccccc1)c1nsnc21,O=C1c2ccccc2C(=O)c2c1cc(NCc1ccccc1)c1nsnc21,27,371.42,3,5,4.08,74223513,"1,4-naphthoquinone"
N#CC(C#N)C1(O)C(=O)c2cccc3c2-c2c(cccc21)C(=O)C3=O,O=C1C(=O)c2cccc3c2-c2c(cccc21)CC3=O,25,328.28,1,4,1.78,166446020,"1,2-naphthoquinone"
O=C(Oc1cccc2c1C(=O)c1cccc(OC(=O)c3ccccc3Cl)c1C2=O)c1ccccc1Cl,O=C(Oc1cccc2c1C(=O)c1cccc(OC(=O)c3ccccc3)c1C2=O)c1ccccc1,36,517.32,4,5,6.21,10481685,"1,4-naphthoquinone"
CC1(O)Cc2ccc3c(c2C(=O)C1O)C(=O)c1cccc(O)c1C3=O,O=C1c2ccccc2C(=O)c2c1ccc1c2C(=O)CCC1,25,338.31,0,4,1.02,71461512,anthraquinone
CC(=O)Nc1cccc(-n2nnc3c2C(=O)c2ccccc2C3=O)c1,O=C1c2ccccc2C(=O)c2c1nnn2-c1ccccc1,25,332.32,2,4,2.0,162659160,"1,4-naphthoquinone"
CC(=O)Oc1c(OC(C)=O)c2c3cc(O)c(O)cc3oc2c2oc3cc(O)c(O)cc3c12,c1ccc2c(c1)oc1c2ccc2c3ccccc3oc21,32,438.34,2,5,4.16,145972991,"1,2-benzoquinone"
CNC1=CC(=O)c2c(O)c3c(c(O)c2C1=O)CC(C)(O)C(O)C3O,O=C1C=CC(=O)c2cc3c(cc21)CCCC3,24,335.31,1,3,-0.72,155546702,"1,4-naphthoquinone"
Cc1ccc(S(=O)(=O)Oc2ccc(NCc3ccc(N)cc3)c3c2C(=O)c2ccccc2C3=O)cc1,O=C1c2ccccc2C(=O)c2c(OS(=O)(=O)c3ccccc3)ccc(NCc3ccccc3)c21,36,498.56,6,5,4.73,72546226,"1,4-benzoquinone"
CC1=C(CCCc2nnnn2CCC#N)C(=O)c2ccccc2C1=O,O=C1C=C(CCCc2nnn[nH]2)C(=O)c2ccccc21,25,335.37,6,3,2.31,11163464,"1,4-benzoquinone"
O=c1ccc2c(cc3c4ccccc4cc4c5cccc6cccc(c65)c2c34)c1=O,O=c1ccc2c(cc3c4ccccc4cc4c5cccc6cccc(c65)c2c34)c1=O,30,382.42,0,7,6.2,88521154,"1,2-benzoquinone"
O=C1C=C(NCc2ccc(Cl)cc2)C(=O)c2ccccc21,O=C1C=C(NCc2ccccc2)C(=O)c2ccccc21,21,297.74,3,3,3.39,2755719,"1,4-benzoquinone"
O=C1c2ccccc2C(=O)c2c(O)c(C(Cc3ccccc3)N(CCCl)CCCl)cc(O)c21,O=C1c2ccccc2C(=O)c2cc(CCc3ccccc3)ccc21,33,484.38,8,4,4.94,122190520,"1,4-benzoquinone"
COC12C(COC(N)=O)C3=C(C(=O)C(C)=C(NCCc4ccccn4)C3=O)N1CC1NC12,O=C1C=C(NCCc2ccccn2)C(=O)C2=C1N1CC3NC3C1C2,32,439.47,7,5,-0.38,44282793,"1,4-benzoquinone"
CCC(=O)OC1c2c(c3c(=O)c4cccc(O)c4c(=O)c=3c2=[N+]=[N-])C(O)C(OC(C)=O)C1(C)O,[N+]=c1c2c(c3c(=O)c4ccccc4c(=O)c1=3)CCCC2,34,468.42,3,4,-0.28,135568382,"1,4-naphthoquinone"
CC(C)(C)c1cc(C2=C(Br)C(=O)C(=O)c3cc4c(cc32)C(C)(C)CCC4(C)C)cc(C(C)(C)C)c1O,O=C1C=C(c2ccccc2)c2cc3c(cc2C1=O)CCCC3,36,551.57,1,4,8.26,10864573,"1,2-naphthoquinone"
O=C1c2ccccc2C(=O)c2c1oc(C(F)(F)F)c2C(=O)c1ccc2ccccc2c1,O=C(c1ccc2ccccc2c1)c1coc2c1C(=O)c1ccccc1C2=O,31,420.34,2,5,5.46,1368620,"1,4-naphthoquinone"
O=C1c2ccccc2C(=O)c2c1ccc1[nH]c(SC(=O)N3CCCC3)nc21,O=C1c2ccccc2C(=O)c2c1ccc1[nH]c(SC(=O)N3CCCC3)nc21,27,377.43,1,5,3.65,53358416,anthraquinone
CC(C)(C)c1cc(C2=C(O)c3cc4c(cc3C(=O)C2=O)C(C)(C)CCC4(C)C)cc(C(C)(C)C)c1O,O=C1C(=O)c2cc3c(cc2C=C1c1ccccc1)CCCC3,36,488.67,1,4,7.53,10345405,"1,2-naphthoquinone"
CCOC(=O)C1CCc2c(ccc3c2C(=O)C(=O)c2c(C)coc2-3)C1(C)C,O=C1C(=O)c2c(ccc3c2CCCC3)-c2occc21,27,366.41,2,4,4.04,44416304,"1,2-benzoquinone"
O=C1c2ccccc2-c2onc3c(Cl)cc(NC4CCCCC4)c1c23,O=C1c2ccccc2-c2onc3ccc(NC4CCCCC4)c1c23,25,352.82,2,5,5.44,1049140,anthraquinone
O=C1c2cccc(Oc3ccccc3)c2C(=O)c2c(Oc3ccccc3)cccc21,O=C1c2cccc(Oc3ccccc3)c2C(=O)c2c(Oc3ccccc3)cccc21,30,392.41,4,5,6.05,66501,"1,4-benzoquinone"
O=C1C(=O)c2ccccc2C2=C1SCC1(CCN(C(=O)Nc3ccccc3)CC1)O2,O=C1C(=O)c2ccccc2C2=C1SCC1(CCN(C(=O)Nc3ccccc3)CC1)O2,30,420.49,1,5,3.95,57661864,"1,2-naphthoquinone"
O=C1C(N2CC2)=CC(=O)c2c(OS(=O)(=O)C=Cc3ccccc3)cccc21,O=C1C(N2CC2)=CC(=O)c2c(OS(=O)(=O)C=Cc3ccccc3)cccc21,27,381.41,5,4,2.64,14867501,"1,4-benzoquinone"
C=C1C(=O)OC2C1CCC(C)=CCCC1(C)OC21,C=C1C(=O)OC2C1CCC=CCCC1OC12,18,248.32,0,3,2.76,117593399,"1,2-naphthoquinone"
O=C1c2ccccc2C(=O)c2c1cc(Sc1ccc3ccccc3c1)c1nsnc21,O=C1c2ccccc2C(=O)c2c1cc(Sc1ccc3ccccc3c1)c1nsnc21,30,424.51,2,6,5.77,74223316,anthraquinone
O=C1C(=O)c2ccccc2C(O)=C1C(C1=C(O)c2ccccc2C(=O)C1=O)c1ccccc1Br,O=C1C(=O)c2ccccc2C=C1C(C1=Cc2ccccc2C(=O)C1=O)c1ccccc1,34,515.32,3,5,5.0,289850,"1,2-benzoquinone"
COC1=CC(C2c3cc4c(cc3C(Oc3ccc(F)cc3)C3COC(=O)C23)OCO4)=CC(=O)C1=O,O=C1C=CC(C2c3cc4c(cc3C(Oc3ccccc3)C3COC(=O)C23)OCO4)=CC1=O,35,478.43,4,6,3.17,44584604,"1,2-benzoquinone"
Cc1ccc(N2NC(=O)NC3(CSC4=C3C(=O)c3ncccc3C4=O)C2=O)cc1,O=C1NN(c2ccccc2)C(=O)C2(CSC3=C2C(=O)c2ncccc2C3=O)N1,29,406.42,1,5,1.77,25179724,"1,4-benzoquinone"
O=C1C(=O)c2ccccc2C(O)=C1C1(Nc2cccnc2)C(=O)c2ccccc2C1=O,O=C1C(=O)c2ccccc2C=C1C1(Nc2cccnc2)C(=O)c2ccccc2C1=O,31,410.39,3,5,3.05,154824442,"1,2-naphthoquinone"
CCc1nc2c(n1C)-c1ccc(F)cc1C(=O)C2=O,O=C1C(=O)c2nc[nH]c2-c2ccccc21,19,258.25,1,3,2.17,118210775,"1,2-benzoquinone"
CC(C)(C)C1=CC=C(C(C)(C)C)C(=O)C1=O,O=C1C=CC=CC1=O,16,220.31,0,1,3.08,141870,"1,2-benzoquinone"
O=C1C=C(Oc2ccccc2)C(=O)c2ccccc21,O=C1C=C(Oc2ccccc2)C(=O)c2ccccc21,19,250.25,2,3,3.03,15828698,"1,4-benzoquinone"
CC(CO)N1CCc2c(oc3c2C(=O)C(=O)c2ccccc2-3)C1,O=C1C(=O)c2c(oc3c2CCNC3)-c2ccccc21,23,311.34,2,4,2.06,177657686,"1,2-benzoquinone"
CN1CCN(c2cc(NCCN3CCCCC3)c3c4c(onc24)-c2ccccc2C3=O)CC1,O=C1c2ccccc2-c2onc3c(N4CCNCC4)cc(NCCN4CCCCC4)c1c23,33,445.57,5,6,3.69,134146800,anthraquinone
Cc1cccc2c1C(=O)c1c(CO)coc1C2=O,O=C1c2ccccc2C(=O)c2occc21,18,242.23,1,3,1.86,11010115,"1,4-naphthoquinone"
O=C1C=Cc2nsnc2C1=O,O=C1C=Cc2nsnc2C1=O,11,166.16,0,2,0.32,13781711,"1,2-benzoquinone"
CCCNC1=CC(=O)c2ccccc2C1=O,O=C1C=CC(=O)c2ccccc21,16,215.25,3,2,1.95,349505,"1,4-benzoquinone"
CC(C)C1=Cc2ccc3c(c2C(=O)C1=O)CCCC3=O,O=C1C=Cc2ccc3c(c2C1=O)CCCC3=O,20,268.31,1,3,3.01,14828176,"1,2-benzoquinone"
O=C1NNC(=O)C2(CSC3=C2C(=O)c2ncccc2C3=O)N1,O=C1NNC(=O)C2(CSC3=C2C(=O)c2ncccc2C3=O)N1,22,316.3,0,4,-0.46,44593453,"1,4-benzoquinone"
O=C1c2ccccc2C(=O)c2c1[nH]c1ccc(F)cc21,O=C1c2ccccc2C(=O)c2c1[nH]c1ccccc21,20,265.24,0,4,3.08,44470808,"1,4-naphthoquinone"
O=C1C=C(NCc2ccccc2)C(=O)C=C1NCc1ccccc1,O=C1C=C(NCc2ccccc2)C(=O)C=C1NCc1ccccc1,24,318.38,6,3,2.49,12468250,"1,4-benzoquinone"
O=C1C(Nc2ccccc2)=C(Cl)C(=O)c2ncncc21,O=C1C(Nc2ccccc2)=CC(=O)c2ncncc21,20,285.69,2,3,2.42,44341973,"1,4-benzoquinone"
O=C(Oc1ccc2c(c1OC(=O)c1ccccc1)C(=O)c1ccccc1C2=O)c1ccccc1,O=C(Oc1ccc2c(c1OC(=O)c1ccccc1)C(=O)c1ccccc1C2=O)c1ccccc1,34,448.43,4,5,4.9,3091683,anthraquinone
CC1=CC(=O)c2c(C=O)c(O)c(O)c(C(C)C)c2C1=O,O=C1C=CC(=O)c2ccccc21,20,274.27,2,2,2.36,182249,"1,4-benzoquinone"
O=c1c2[nH]cc[nH]c2c(=O)c2c(=O)n(Cc3ccc(Br)cc3F)c(=O)c12,O=c1c2[nH]cc[nH]c2c(=O)c2c(=O)n(Cc3ccccc3)c(=O)c12,26,418.18,2,4,1.28,6096815,"1,4-benzoquinone"
O=C(Nc1nc2ccccc2s1)C(F)(F)C(F)(F)C(=O)Nc1nc2ccccc2s1,O=C(CCC(=O)Nc1nc2ccccc2s1)Nc1nc2ccccc2s1,30,454.43,5,4,4.75,159498008,"1,2-benzoquinone"
Cc1cc(O)c2c(c1)C(=O)C(c1c(O)c3c(C)cccc3oc1=O)=C(c1c(O)c3c(C)cccc3oc1=O)C2=O,O=C1C(c2cc3ccccc3oc2=O)=C(c2cc3ccccc3oc2=O)C(=O)c2ccccc21,40,536.49,2,6,4.93,135454728,"1,4-naphthoquinone"
CC(O)c1cc2c(o1)-c1cccc(O)c1C(=O)C2=O,O=C1C(=O)c2ccoc2-c2ccccc21,19,258.23,1,3,2.08,172445403,"1,2-benzoquinone"
COC1=C(C(C)=O)C(=O)C(=O)c2c(O)c3c(c(O)c21)C([N+](=O)[O-])C1CCCCC1C3=O,O=C1C=Cc2cc3c(cc2C1=O)C(=O)C1CCCCC1C3,31,429.38,3,4,2.13,23358492,"1,2-naphthoquinone"
CC1(C)CCCC2(C)C1CCC1(C)C3=CC(=O)C(=O)c4[nH]cc(c43)CC12O,O=C1C=C2c3c(c[nH]c3C1=O)CC1C2CCC2CCCCC21,27,367.49,0,5,4.08,71717608,"1,2-benzoquinone"
O=C1C=C(NC(=O)c2cccnc2)c2ccccc2C1=O,O=C1C=C(NC(=O)c2cccnc2)c2ccccc2C1=O,21,278.27,2,3,1.62,76313119,"1,2-benzoquinone"
COC1=CC(=O)c2c(O)c3c(c(O)c2C1=O)CC(C)OC3=O,O=C1OCCc2cc3c(cc21)C(=O)C=CC3=O,22,304.25,1,3,1.11,101064754,"1,4-benzoquinone"
CCCN1C(=O)N(C)C(C(=O)OC)(C2=CC(=O)c3[nH]cc(CCNC(=O)CCc4ccccc4)c3C2=O)C1=O,O=C(CCc1ccccc1)NCCc1c[nH]c2c1C(=O)C(C1NC(=O)NC1=O)=CC2=O,39,534.57,10,4,1.83,24825249,"1,4-benzoquinone"
CC1Cn2c(c([N+](=O)[O-])c(C3=C(O)c4ccccc4C(=O)C3=O)c2-c2ccc(F)cc2)N1,O=C1C(=O)c2ccccc2C=C1c1cc2n(c1-c1ccccc1)CCN2,32,433.4,3,5,4.21,177615893,"1,2-naphthoquinone"
O=C(Nc1cccc2c1C(=O)C(=O)C=C2c1ccccc1)OCc1ccccc1,O=C(Nc1cccc2c1C(=O)C(=O)C=C2c1ccccc1)OCc1ccccc1,29,383.4,4,4,4.63,44300940,"1,2-benzoquinone"
O=C1C=CC(=O)c2c1ncc1c2nc2sccn21,O=C1C=CC(=O)c2c1ncc1c2nc2sccn21,18,255.26,0,4,1.88,406815,"1,4-benzoquinone"
COc1cc(O)c2c(c1)-c1oc(C)cc1C(=O)C2=O,O=C1C(=O)c2ccoc2-c2ccccc21,19,258.23,1,3,2.35,132523661,"1,2-benzoquinone"
COC12C(COC(N)=O)C3=C(C(=O)C(C)=C(Nc4ccc(O)c([N+](=O)[O-])c4)C3=O)N1CC1NC12,O=C1C=C(Nc2ccccc2)C(=O)C2=C1N1CC3NC3C1C2,34,471.43,6,5,0.12,44313091,"1,4-benzoquinone"
O=c1c(=O)c2c3ccccc3cc3ccc4cccc1c4c32,O=c1c(=O)c2c3ccccc3cc3ccc4cccc1c4c32,22,282.3,0,5,3.9,43384,"1,2-benzoquinone"
Cc1ccc2c(c1CCC(=O)NCCCCCC(=O)CNc1ccccc1N)C(=O)C(=O)C(C(C)C)=C2,O=C(CCCCCNC(=O)CCc1cccc2c1C(=O)C(=O)C=C2)CNc1ccccc1,37,503.64,13,3,4.67,168299204,"1,2-benzoquinone"
CC1(C)OC2=C(C(=O)C(=O)c3ccccc32)C1n1cc(CNC2=CC(=O)c3ccccc3C2=O)nn1,O=C1C(=O)c2ccccc2C2=C1C(n1cc(CNC3=CC(=O)c4ccccc4C3=O)nn1)CO2,36,480.48,4,6,2.86,72203992,"1,4-benzoquinone"
CC1=C(C)C(O)=C(C2=C(O)c3ccccc3C(=O)C2=O)C(=O)C1=O,O=C1C=CC=C(C2=Cc3ccccc3C(=O)C2=O)C1=O,24,324.29,1,3,2.02,137278658,"1,2-naphthoquinone"
CCNC(=O)CCNC(=O)CCCNC(=O)CCNC(=O)CCCCOC1=CC(=O)C(=O)c2ccccc21,O=C1C=Cc2ccccc2C1=O,38,528.61,17,2,1.02,22647818,"1,2-naphthoquinone"
CC1(C)OC2=C(C(=O)C(=O)c3ccccc32)C2c3c(ccc4ccccc34)OCC21,O=C1C(=O)c2ccccc2C2=C1C1c3c(ccc4ccccc34)OCC1CO2,30,396.44,0,6,4.92,25140010,"1,2-benzoquinone"
O=C1C(=O)c2ccc(-c3ccccc3)cc2C2=C1SCC1(CCN(C(=O)c3cccc(Cl)c3)CC1)O2,O=C1C(=O)c2ccc(-c3ccccc3)cc2C2=C1SCC1(CCN(C(=O)c3ccccc3)CC1)O2,36,516.02,2,6,5.88,57661883,"1,2-naphthoquinone"
CN(C)S(=O)(=O)c1cccc(NC(=O)c2ccc3c(c2Cl)C(=O)c2ccccc2C3=O)c1,O=C(Nc1ccccc1)c1ccc2c(c1)C(=O)c1ccccc1C2=O,32,468.92,4,4,3.62,4154159,anthraquinone
N#Cc1c(F)c(NC2CCCCC2)c2oc3ccccc3c3ccccc3oc2c1C#N,c1cc(NC2CCCCC2)c2oc3ccccc3c3ccccc3oc2c1,32,425.46,2,5,7.08,144765426,"1,2-benzoquinone"
O=C1C(=O)c2cc3cc4ccccc4cc3cc2C=C1Oc1ccccc1,O=C1C(=O)c2cc3cc4ccccc4cc3cc2C=C1Oc1ccccc1,27,350.37,2,5,5.18,17855937,"1,2-benzoquinone"
CC(=O)NCCNc1ccc(NCCNC(C)=O)c2c1C(=O)c1c(O)ccc(O)c1C2=O,O=C1c2ccccc2C(=O)c2ccccc21,32,440.46,8,3,0.97,149470,anthraquinone
CC(c1cc2c(o1)C(=O)c1ccccc1C2=O)N1CCCC1,O=C1c2ccccc2C(=O)c2oc(CN3CCCC3)cc21,22,295.34,2,4,3.21,141513278,"1,4-naphthoquinone"
CCC(C)C=C(C)C1=Cc2cc3c(c(O)c2CO1)C(=O)C(=O)C(OC)=C3,O=C1C=Cc2cc3c(cc2C1=O)COC=C3,26,354.4,4,3,4.01,15735803,"1,2-benzoquinone"
O=C1C=C(OCCCCCNC2CCCCC2)c2ccccc2C1=O,O=C1C=C(OCCCCCNC2CCCCC2)c2ccccc2C1=O,25,341.45,8,3,3.9,22899215,"1,2-naphthoquinone"
O=c1cc2[nH]c3ccccc3oc-2cc1=O,O=c1cc2[nH]c3ccccc3oc-2cc1=O,16,213.19,0,3,1.59,192750,"1,2-benzoquinone"
Cc1coc2c1C(=O)C(=O)c1c-2ccc2c1C(OC(=O)c1ccccc1)CCC2(C)C,O=C(OC1CCCc2ccc3c(c21)C(=O)C(=O)c1ccoc1-3)c1ccccc1,31,414.46,2,5,5.6,62705684,"1,2-benzoquinone"
COc1cc2c(cc1O)COC1C3=C(OCC21)C(=O)c1ccccc1C3=O,O=C1C2=C(C(=O)c3ccccc31)C1OCc3ccccc3C1CO2,27,364.35,1,5,2.75,25208551,"1,4-benzoquinone"
COc1ccc2c3c(nc(OC)c2c1OC)-c1cc2c(cc1C(=O)C3=O)OCO2,O=C1C(=O)c2c(ncc3ccccc23)-c2cc3c(cc21)OCO3,29,393.35,3,5,3.04,11014703,"1,2-naphthoquinone"
O=C1C(=O)c2c(ccc3ccccc23)-c2ccc3ccccc3c21,O=C1C(=O)c2c(ccc3ccccc23)-c2ccc3ccccc3c21,24,308.34,0,5,5.04,3015190,"1,2-benzoquinone"
O=C1C(=O)c2c(nc3ccccn23)C(Br)=C1C1CCCCC1,O=C1C(=O)c2c(nc3ccccn23)C=C1C1CCCCC1,22,359.22,1,4,3.79,76334113,"1,2-benzoquinone"
O=C(c1cc2c(o1)C(=O)c1ccccc1C2=O)c1cccs1,O=C(c1cc2c(o1)C(=O)c1ccccc1C2=O)c1cccs1,22,308.31,2,4,3.35,66561020,"1,4-benzoquinone"
COC(=O)C(Cc1cn(C2=CC(=O)C(=O)c3ccccc32)cn1)NCc1ccccc1,O=C1C=C(n2cnc(CCNCc3ccccc3)c2)c2ccccc2C1=O,31,415.45,7,4,2.41,101086519,"1,2-benzoquinone"
O=C1c2ccccc2C(=O)c2c1cc(NS(=O)(=O)c1ccc(N3CCCCC3)cc1)c(O)c2O,O=C1c2ccccc2C(=O)c2cc(NS(=O)(=O)c3ccc(N4CCCCC4)cc3)ccc21,34,478.53,4,5,3.66,162646115,"1,4-benzoquinone"
CC(C)NCC(=O)Nc1cccc2c1C(=O)c1ccccc1C2=O,O=C1c2ccccc2C(=O)c2ccccc21,24,322.36,4,3,2.4,16421299,anthraquinone
O=C1C(=O)c2cc3c(ccc4ccccc43)cc2-c2ccccc21,O=C1C(=O)c2cc3c(ccc4ccccc43)cc2-c2ccccc21,24,308.34,0,5,5.04,19511,"1,2-benzoquinone"
CCc1nc2c([nH]1)C(=O)C(=O)c1cc(NCC3=CC=C(F)C(C)C3)ccc1-2,O=C1C(=O)c2[nH]cnc2-c2ccc(NCC3=CC=CCC3)cc21,27,365.41,4,4,4.25,169937394,"1,2-benzoquinone"
O=C1C=C(c2ccccc2)C(=O)c2ccccc21,O=C1C=C(c2ccccc2)C(=O)c2ccccc21,18,234.25,1,3,3.15,296675,"1,4-benzoquinone"
C=C1C(C)CCCC1(C)CCC(C)=CCC1=C(O)C(NCC(=O)O)=CC(=O)C1=O,C=C1CCCCC1CCC=CCC1=CC=CC(=O)C1=O,29,401.5,8,2,4.01,24766872,"1,2-benzoquinone"
O=C1C=C(N2CC2)c2ccccc2C1=O,O=C1C=C(N2CC2)c2ccccc2C1=O,15,199.21,1,3,1.11,9922,"1,2-benzoquinone"
Cc1cc(F)ccc1OCc1nc2c([nH]1)C(=O)C(=O)c1ccccc1-2,O=C1C(=O)c2[nH]c(COc3ccccc3)nc2-c2ccccc21,25,336.32,3,4,3.48,118218507,"1,2-benzoquinone"
O=C1C(=O)c2ccccc2C(O)=C1C1CC2CCC1C2,O=C1C(=O)c2ccccc2C=C1C1CC2CCC1C2,20,268.31,1,4,3.16,44332516,"1,2-benzoquinone"
O=C1C=Cc2cc3c(ccc4ccccc43)cc2C1=O,O=C1C=Cc2cc3c(ccc4ccccc43)cc2C1=O,20,258.28,0,4,3.77,187316,"1,2-naphthoquinone"
Cc1cccc2c3c(ccc12)-c1occ(CN2CCC(CO)C2)c1C(=O)C3=O,O=C1C(=O)c2c(ccc3ccccc23)-c2occ(CN3CCCC3)c21,28,375.42,3,5,3.6,137635663,"1,2-benzoquinone"
O=C(CN1CCSCC1)OCc1cc(O)c2c(c1)C(=O)c1cccc(O)c1C2=O,O=C(CN1CCSCC1)OCc1ccc2c(c1)C(=O)c1ccccc1C2=O,29,413.45,4,4,1.97,168275039,anthraquinone
O=C1c2ccccc2C(=O)c2cc(OCC(O)Cn3cnc4ccccc43)ccc21,O=C1c2ccccc2C(=O)c2cc(OCCCn3cnc4ccccc43)ccc21,30,398.42,5,5,3.25,7182494,anthraquinone
O=C1c2ccccc2C(=O)c2[nH]c(-c3cnc[nH]3)nc21,O=C1c2ccccc2C(=O)c2[nH]c(-c3cnc[nH]3)nc21,20,264.24,1,4,1.58,145989915,"1,4-naphthoquinone"
Cc1cc(O)c2oc3c(O)c(O)cc(C)c3c3c(C)cc(O)c(O)c3oc2c1,c1ccc2oc3ccccc3c3ccccc3oc2c1,28,382.37,0,4,4.91,10992573,"1,2-benzoquinone"
COc1cccc(-c2cc(=O)c3ccc(OC)cc3o2)c1,O=c1cc(-c2ccccc2)oc2ccccc12,21,282.3,3,3,3.48,117591727,"1,2-naphthoquinone"
COc1cc(O)c2c(c1)C(=O)C1=C(C2=O)C(OCC2C(=O)CCC2C)OC(C)=C1,O=C1C2=C(C(=O)c3ccccc31)C(OCC1CCCC1=O)OC=C2,29,398.41,4,4,2.97,156016442,"1,4-naphthoquinone"
O=C1C(NS(=O)(=O)c2cccs2)=C(N2CCN(c3cccc(C(F)(F)F)c3)CC2)C(=O)c2ccccc21,O=C1C(NS(=O)(=O)c2cccs2)=C(N2CCN(c3ccccc3)CC2)C(=O)c2ccccc21,37,547.58,5,5,4.16,5176545,"1,4-benzoquinone"
CC(C)(C(=O)C1=CC(=O)C(=O)c2c1ccc1ccc(C(=O)C(C)(C)N3CCCCC3)cc21)N1CCCCC1,O=C1C=C(C(=O)CN2CCCCC2)c2ccc3ccc(C(=O)CN4CCCCC4)cc3c2C1=O,38,514.67,6,5,5.27,20430236,"1,2-naphthoquinone"
CC(C)C1=C(O)C2=C(C(=O)C1=O)C1(C)CCCC(C)(C)C1C2C=O,O=C1C=CC2=C(C1=O)C1CCCCC1C2,24,330.42,2,3,3.56,15276281,"1,2-benzoquinone"
CC1=CC(=O)c2[nH]c3ccc(Cl)cc3c2C1=O,O=C1C=CC(=O)c2c1[nH]c1ccccc21,17,245.67,0,3,3.15,14831886,"1,4-benzoquinone"
O=C1C(=O)c2ccccc2C(O)=C1CCCCC1CCCCC1,O=C1C(=O)c2ccccc2C=C1CCCCC1CCCCC1,23,312.41,5,3,4.86,233209,"1,2-benzoquinone"
CC(C)CC(CO)N1CCc2c(oc3c2C(=O)C(=O)c2ccccc2-3)C1,O=C1C(=O)c2c(oc3c2CCNC3)-c2ccccc21,26,353.42,4,4,3.09,172638562,"1,2-benzoquinone"
CCOC(=O)Nc1cccc2c1C(=O)C(=O)C=C2c1ccccc1,O=C1C=C(c2ccccc2)c2ccccc2C1=O,24,321.33,3,3,3.45,44300994,"1,2-benzoquinone"
O=c1c(O)c2c3c(O)c(O)cc4cccc(c5c(O)c(O)c(O)c(c1=O)c52)c43,O=c1cc2c3cccc4cccc(c5cccc(c1=O)c52)c43,28,378.29,0,5,2.13,136494500,"1,2-naphthoquinone"
O=C1c2ccccc2C(=O)c2c1ccc1[nH]c(CN3CCC4(CC3)OCCO4)nc21,O=C1c2ccccc2C(=O)c2c1ccc1[nH]c(CN3CCC4(CC3)OCCO4)nc21,30,403.44,2,6,2.68,53372232,anthraquinone
O=C1C(=O)c2c(oc3c2CCN(C(=O)c2cccs2)C3)-c2ccccc21,O=C1C(=O)c2c(oc3c2CCN(C(=O)c2cccs2)C3)-c2ccccc21,26,363.39,1,5,3.59,177659014,"1,2-benzoquinone"
COc1cc(CO)cc2c1C(=O)c1c(O)cc(O)cc1C2=O,O=C1c2ccccc2C(=O)c2ccccc21,22,300.27,2,3,1.37,10040432,"1,4-benzoquinone"
Cc1cc(-c2c(O)c3c(=O)ccc(=O)c=3c(=O)c2=O)c2c(O)c3c(O)c4c(c(O)c3c(O)c2c1)C=CC(C)(C)O4,O=c1ccc(=O)c2c(=O)c(=O)c(-c3cccc4cc5cc6c(cc5cc34)OCC=C6)cc1=2,40,540.48,1,6,2.72,162850995,"1,2-benzoquinone"
COc1cccc2c1C(=O)c1c(O)c3c(c(O)c1C2=O)CC(O)(C(C)=O)CC3OC1CC(N)C(OC)C(C)O1,O=C1c2ccccc2C(=O)c2cc3c(cc21)CCCC3OC1CCCCO1,39,541.55,5,5,1.68,152947,anthraquinone
Cc1ccc(C2CC(c3ccc([N+](=O)[O-])cc3)C3=C(O2)c2ccccc2C(=O)C3=O)cc1,O=C1C(=O)c2ccccc2C2=C1C(c1ccccc1)CC(c1ccccc1)O2,32,425.44,3,5,5.33,45258105,"1,2-benzoquinone"
Cc1cc(O)c2c(c1)C(=O)c1cc(OC3OC(C)C(O)C(O)C3O)cc(O)c1C2=O,O=C1c2ccccc2C(=O)c2cc(OC3CCCCO3)ccc21,30,416.38,2,4,0.39,196979,"1,4-benzoquinone"
CC1=C(Br)C(=O)C(C(C)C)=C(Br)C1=O,O=C1C=CC(=O)C=C1,14,322.0,1,1,3.11,34474,"1,4-benzoquinone"
CC1(C)OC2OC(COC3C4=C(OC3(C)C)c3ccccc3C(=O)C4=O)C(OCc3ccccc3)C2O1,O=C1C(=O)c2ccccc2C2=C1C(OCC1OC3OCOC3C1OCc1ccccc1)CO2,37,506.55,6,6,3.82,155569589,"1,2-benzoquinone"
O=C1C(N2CC2)=CC(=O)c2nc(-c3ccccn3)ccc21,O=C1C(N2CC2)=CC(=O)c2nc(-c3ccccn3)ccc21,21,277.28,2,4,1.72,44335307,"1,4-benzoquinone"
Cc1cc2c(cc1C)-c1oc(CN3CCC(N4CCOCC4)CC3)c(C)c1C(=O)C2=O,O=C1C(=O)c2cc(CN3CCC(N4CCOCC4)CC3)oc2-c2ccccc21,31,422.53,3,5,3.55,164610256,"1,2-benzoquinone"
O=C1c2c(O)ccc(O)c2C(=O)c2c(NCCNCCO)ccc(Cl)c21,O=C1c2ccccc2C(=O)c2ccccc21,26,376.8,6,3,1.52,13905023,"1,4-benzoquinone"
Cc1ccc(S(=O)(=O)Oc2ccc(OS(=O)(=O)c3ccc(C)cc3)c3c2C(=O)c2ccccc2C3=O)cc1,O=C1c2ccccc2C(=O)c2c(OS(=O)(=O)c3ccccc3)ccc(OS(=O)(=O)c3ccccc3)c21,38,548.59,6,5,4.61,384116,"1,4-benzoquinone"
O=C1c2ccccc2C(=O)c2[nH]c(-c3ccncc3Cl)nc21,O=C1c2ccccc2C(=O)c2[nH]c(-c3ccncc3)nc21,22,309.71,1,4,2.9,145980148,"1,4-naphthoquinone"
c1ccc2cc3cc4c(ccc5ooc54)cc3cc2c1,c1ccc2cc3cc4c(ccc5ooc54)cc3cc2c1,20,258.28,0,5,5.49,129773149,"1,2-naphthoquinone"
CCN1CCN(C2=C(Nc3ccccc3)C(=O)c3ccccc3C2=O)CC1,O=C1C(Nc2ccccc2)=C(N2CCNCC2)C(=O)c2ccccc21,27,361.45,4,4,3.03,56951841,"1,4-naphthoquinone"
O=C(CN1CCOCC1)OCc1cc(O)c2c(c1)C(=O)c1cccc(O)c1C2=O,O=C(CN1CCOCC1)OCc1ccc2c(c1)C(=O)c1ccccc1C2=O,29,397.38,4,4,1.25,168294647,anthraquinone
O=C1C=C(O)c2c(cnc3c2NC(C(=O)O)CC3O)C1=O,O=C1C=Cc2c(cnc3c2NCCC3)C1=O,21,290.23,1,3,0.05,118796940,"1,2-benzoquinone"
O=C1C(=O)c2ccccc2C2=C1CC1(C=CC=C1)O2,O=C1C(=O)c2ccccc2C2=C1CC1(C=CC=C1)O2,19,250.25,0,4,2.45,90668251,"1,2-benzoquinone"
COC1=C(C)C(=O)C2=C(C1=O)C1C3CC4=C(C(=O)C(OC)=C(C)C4=O)C(COC(C)=O)N3C(O)C(C2)N1C,O=C1C=CC(=O)C2=C1CC1C3NC(CC4=C3C(=O)C=CC4=O)CN1C2,38,526.54,4,5,0.13,9849761,"1,4-benzoquinone"
COc1cc(=O)c2ccc3c(=O)cc(OC)c(=O)c3c2c1=O,O=c1ccc(=O)c2c1ccc1c(=O)ccc(=O)c12,22,298.25,2,3,0.33,44550923,"1,4-naphthoquinone"
O=C1C(=O)c2ccccc2C2=C1CC(c1cn(-c3ccc(Cl)c(Cl)c3)nn1)O2,O=C1C(=O)c2ccccc2C2=C1CC(c1cn(-c3ccccc3)nn1)O2,28,412.23,2,5,4.21,145981362,"1,2-benzoquinone"
CC(O)(CO)C1CC2=C(O1)c1ccccc1C(=O)C2=O,O=C1C(=O)c2ccccc2C2=C1CCO2,20,274.27,2,3,0.7,139177209,"1,2-naphthoquinone"
O=C1CN(CCCc2ncc[nH]2)C(=O)C2(CSC3=C2C(=O)c2ccccc2C3=O)N1,O=C1CN(CCCc2ncc[nH]2)C(=O)C2(CSC3=C2C(=O)c2ccccc2C3=O)N1,30,422.47,4,5,1.12,44576698,"1,4-benzoquinone"
COC1=CC(=O)C(=O)c2c1nc1c(C)c3ccn(C)cc3c(C)c21,O=C1C=Cc2nc3cc4cc[nH]cc4cc3c2C1=O,24,320.35,1,4,3.1,44369801,"1,2-benzoquinone"
NCCc1c[nH]c2c1C(=O)C(=O)C=C2C1=CC(=O)C(=O)c2c(CCN)c[nH]c21,O=C1C=C(C2=CC(=O)C(=O)c3cc[nH]c32)c2[nH]ccc2C1=O,28,378.39,5,4,0.34,85827028,"1,2-benzoquinone"
CC1=C(CSC(=S)N2CCSCC2)C(=O)c2ccccc2C1=O,O=C1C=C(CSC(=S)N2CCSCC2)C(=O)c2ccccc21,23,363.53,2,3,3.45,145962338,"1,4-naphthoquinone"
COC1C=CC=C(C)C(=O)NC2=CC(=O)C(=O)C(=C2O)CC(C)CC(OC)C(O)C(C)C=C(C)C1OC(N)=O,O=C1C=CC=CCCC=CCCCCCCC2=CC(=CC(=O)C2=O)N1,39,546.62,3,2,2.32,44349539,"1,2-benzoquinone"
O=C1C(=O)c2ccccc2C2=C1SCC(CN1CCN(c3ccc(F)cc3)CC1)O2,O=C1C(=O)c2ccccc2C2=C1SCC(CN1CCN(c3ccccc3)CC1)O2,30,424.5,3,5,3.21,25229684,"1,2-benzoquinone"
C=C1C2=C(C(=O)C(C)=C(N)C2=O)N2CC3C(N3C)C12O,C=C1C2=C(C(=O)C=CC2=O)N2CC3NC3C12,20,273.29,0,4,-1.12,173251,"1,4-benzoquinone"
O=c1c2ccccc2c(=O)c2c1sc1c(=O)c3ncccc3c(=O)c12,O=c1c2ccccc2c(=O)c2c1sc1c(=O)c3ncccc3c(=O)c12,25,345.34,0,5,2.07,73052165,"1,4-benzoquinone"
C=CCC1=Cc2ccccc2C(=O)C1=O,O=C1C=Cc2ccccc2C1=O,15,198.22,2,2,2.41,11252602,"1,2-benzoquinone"
Cn1c(NCCc2ccccc2)c(C2=CC(=O)C(=O)c3ccccc32)c(=O)n(C)c1=O,O=C1C=C(c2c(NCCc3ccccc3)[nH]c(=O)[nH]c2=O)c2ccccc2C1=O,31,415.45,5,4,1.94,132427230,"1,2-naphthoquinone"
Nc1ccc(O)c2c1C(=O)c1c(O)c(Br)cc(N)c1C2=O,O=C1c2ccccc2C(=O)c2ccccc21,21,349.14,0,3,1.8,117969,"1,4-naphthoquinone"
O=C1c2ccccc2C(=O)c2c1ccc1[nH]c(CNCc3cccc(C(F)(F)F)c3)nc21,O=C1c2ccccc2C(=O)c2c1ccc1[nH]c(CNCc3ccccc3)nc21,32,435.41,4,5,4.65,53372105,anthraquinone
O=C(COC(=O)c1cccc2c1C(=O)c1ccccc1C2=O)NC1CCCCC1,O=C(COC(=O)c1cccc2c1C(=O)c1ccccc1C2=O)NC1CCCCC1,29,391.42,4,4,3.07,5113275,anthraquinone
CNC1CC(c2c(O)c3c(c4c(O)cc(C)cc24)C(=O)c2cccc(O)c2C3=O)OC(C)C1O,O=C1c2ccccc2C(=O)c2c1cc(C1CCCCO1)c1ccccc21,34,463.49,2,5,2.84,46872823,"1,4-naphthoquinone"
Cc1cccc2c1C(c1ccccc1)=C(c1ccccc1)C(=O)C2=O,O=C1C(=O)c2ccccc2C(c2ccccc2)=C1c1ccccc1,25,324.38,2,4,4.72,168335059,"1,2-naphthoquinone"
O=C(Nc1ccn(C2OC(CO)C(O)C2(F)F)c(=O)n1)c1ccc2c(c1)C(=O)c1ccccc1C2=O,O=C(Nc1ccn(C2CCCO2)c(=O)n1)c1ccc2c(c1)C(=O)c1ccccc1C2=O,36,497.41,4,5,1.16,162666757,"1,4-naphthoquinone"
COc1cc2[nH]c3c(c2cc1OC)C(=O)C(C)=CC3=O,O=C1C=CC(=O)c2c1[nH]c1ccccc21,20,271.27,2,3,2.51,11184822,"1,4-benzoquinone"
O=C1C=C(NCCCN2CCOCC2)c2ccccc2C1=O,O=C1C=C(NCCCN2CCOCC2)c2ccccc2C1=O,22,300.36,5,3,1.1,575179,"1,2-naphthoquinone"
O=C1C=CC(=O)c2c(O)c(N3CCN(CCOCCO)CC3)c(Br)c(O)c21,O=C1C=CC(=O)c2cc(N3CCNCC3)ccc21,27,441.28,6,3,0.93,378196,"1,4-benzoquinone"
Cc1cc(C)n2nc(Nc3ccccc3)c(C(=O)Nc3ccc4c(c3)C(=O)c3ccccc3C4=O)c2n1,O=C1c2ccccc2C(=O)c2cc(NC(=O)c3c(Nc4ccccc4)nn4cccnc34)ccc21,37,487.52,4,6,5.12,46205715,anthraquinone
O=C1c2ccccc2C(=O)c2c1cnc1ccccc21,O=C1c2ccccc2C(=O)c2c1cnc1ccccc21,20,259.26,0,4,3.01,12143355,"1,4-benzoquinone"
Cc1cc(O)c2c3c(ccc2c1)C(=O)c1c(ccc(C2CC(O)C(OC4CCC(O)C(C)O4)C(C)O2)c1O)C3=O,O=C1c2cc(C3CCC(OC4CCCCO4)CO3)ccc2C(=O)c2c1ccc1ccccc21,40,548.59,3,6,3.82,139588235,anthraquinone
CC(C)CCNC1=CC(=O)c2ccccc2C1=O,O=C1C=CC(=O)c2ccccc21,18,243.31,4,2,2.59,141401321,"1,4-benzoquinone"
CC(NS(=O)(=O)c1ccc(Cl)cc1)C1=CC(=O)c2c(O)ccc(O)c2C1=O,O=C1C=C(CNS(=O)(=O)c2ccccc2)C(=O)c2ccccc21,27,407.83,4,3,2.42,25195129,"1,4-benzoquinone"
CC12CCCC(O1)c1c(cc3c(c1O)C(=O)c1c(O)cc(O)cc1C3=O)O2,O=C1c2ccccc2C(=O)c2cc3c(cc21)OC1CCCC3O1,27,368.34,0,5,2.93,638296,"1,4-benzoquinone"
CCOC(=O)c1c2c(n(C)c1C)C(Cl)=C(Cl)C(=O)C2=O,O=C1C=Cc2[nH]ccc2C1=O,20,316.14,2,2,2.42,13316108,"1,2-benzoquinone"
CCC1=C(O)C(=O)C=C(O)C1=O,O=C1C=CC(=O)C=C1,12,168.15,1,1,0.8,821411,"1,4-benzoquinone"
Nc1c(C2=CC(=O)C(=O)c3ccccc32)c(=O)[nH]c(=S)n1-c1ccccc1,O=C1C=C(c2cn(-c3ccccc3)c(=S)[nH]c2=O)c2ccccc2C1=O,27,375.41,2,4,2.67,132427391,"1,2-naphthoquinone"
O=C1c2cccnc2C(=O)c2c1c(C(=O)OCCN1CCCCC1)c1ccccn21,O=C1c2cccnc2C(=O)c2c1c(C(=O)OCCN1CCCCC1)c1ccccn21,30,403.44,4,5,2.75,122188472,"1,4-benzoquinone"
Cc1c(C)c(O)c2c(c1O)C(=O)c1ccccc1C2=O,O=C1c2ccccc2C(=O)c2ccccc21,20,268.27,0,3,2.49,100574,"1,4-benzoquinone"
CC(C)(C)c1ccc(-c2cn(Cc3cc4c(o3)-c3ccccc3C(=O)C4=O)nn2)cc1,O=C1C(=O)c2cc(Cn3cc(-c4ccccc4)nn3)oc2-c2ccccc21,31,411.46,3,5,4.93,177658517,"1,2-benzoquinone"
CCc1ccc(Sc2c(N)c3c(c(N)c2Sc2ccc(CC)cc2)C(=O)c2ccccc2C3=O)cc1,O=C1c2ccccc2C(=O)c2cc(Sc3ccccc3)c(Sc3ccccc3)cc21,36,510.68,6,5,7.05,3126028,anthraquinone
O=c1c2[nH]cc[nH]c2c(=O)c2c(=O)n(Cc3cccc(C(F)(F)F)c3)c(=O)c12,O=c1c2[nH]cc[nH]c2c(=O)c2c(=O)n(Cc3ccccc3)c(=O)c12,28,389.29,2,4,1.4,6096812,"1,4-benzoquinone"
CC(=O)N(C1=C(N2CCCC2)C(=O)c2ccccc2C1=O)c1ccccc1C,O=C1C(Nc2ccccc2)=C(N2CCCC2)C(=O)c2ccccc21,28,374.44,3,4,3.73,2914539,"1,4-benzoquinone"
O=c1ccc2c3cccc4ccc5cc6ccccc6c(c2c1=O)c5c43,O=c1ccc2c3cccc4ccc5cc6ccccc6c(c2c1=O)c5c43,26,332.36,0,6,5.05,71370700,"1,2-benzoquinone"
O=C1c2ccccc2C(=O)c2c1cc(O)c(COC1OC(CO)C(O)C(O)C1O)c2O,O=C1c2ccccc2C(=O)c2cc(COC3CCCCO3)ccc21,31,432.38,4,4,-0.81,168299872,anthraquinone
O=C1C=C(O)c2cc(Br)ccc2C1=O,O=C1C=Cc2ccccc2C1=O,14,253.05,0,2,2.11,436321,"1,2-benzoquinone"
COc1cc2c3c(c(OC)c(O)c2cc1C)=C(C)C(=O)C(=O)C=3,O=C1C=c2ccc3ccccc3c2=CC1=O,23,312.32,2,3,0.97,71746631,"1,2-benzoquinone"
CC1(C)SC2=C(C(C#N)=C(Oc3cc(F)cc(Cl)c3)C(=O)C2=O)C1O,O=C1C(=O)C2=C(C=C1Oc1ccccc1)CCS2,25,379.8,2,3,2.93,121269871,"1,2-benzoquinone"
O=C(Nc1ccc2c(c1)-c1ccccc1C(=O)C2=O)c1ccccc1F,O=C(Nc1ccc2c(c1)-c1ccccc1C(=O)C2=O)c1ccccc1,26,345.33,2,4,4.12,10783699,"1,2-benzoquinone"
O=C1C(=O)c2ccccc2C2=C1CCC(c1ccccc1)O2,O=C1C(=O)c2ccccc2C2=C1CCC(c1ccccc1)O2,22,290.32,1,4,3.71,11659297,"1,2-benzoquinone"
CC(C)(C)OC(=O)N1CCC2(CC1)CSC1=C(O2)c2cc(-c3ccccc3)ccc2C(=O)C1=O,O=C1C(=O)c2ccc(-c3ccccc3)cc2C2=C1SCC1(CCNCC1)O2,34,477.58,1,5,5.32,57661870,"1,2-naphthoquinone"
O=C1c2ccccc2C(=O)c2c1ccc1[nH]c(CN3CCCCC3)nc21,O=C1c2ccccc2C(=O)c2c1ccc1[nH]c(CN3CCCCC3)nc21,26,345.4,2,5,3.32,53372229,anthraquinone
CC1(C)OC2=C(CC1O)C(=O)c1ccccc1C2=O,O=C1C2=C(OCCC2)C(=O)c2ccccc21,19,258.27,0,3,1.88,11032562,"1,4-naphthoquinone"
O=C1C(=O)c2ccc(-c3ccncc3)cc2C2=C1SCC1(CCNCC1)O2,O=C1C(=O)c2ccc(-c3ccncc3)cc2C2=C1SCC1(CCNCC1)O2,27,378.45,1,5,3.07,57661936,"1,2-naphthoquinone"
CC(=O)OC1CCc2c1[nH]c1c2C(=O)C(N2CC2)=CC1=O,O=C1C=C(N2CC2)C(=O)c2c1[nH]c1c2CCC1,21,286.29,2,4,1.14,11098123,"1,4-benzoquinone"
CC(=O)NC1=CC(=O)C(NC(C(=O)O)C(C)C)=CC1=O,O=C1C=CC(=O)C=C1,20,280.28,5,1,-0.26,56834465,"1,4-benzoquinone"
O=C1C(Nc2ccc(C3CCCCC3)cc2)=CC(=O)c2ncncc21,O=C1C(Nc2ccc(C3CCCCC3)cc2)=CC(=O)c2ncncc21,25,333.39,3,4,3.9,130408024,"1,4-benzoquinone"
CC(C)c1nc2c([nH]1)C(=O)C(=O)c1ccccc1-2,O=C1C(=O)c2[nH]cnc2-c2ccccc21,18,240.26,1,3,2.58,91820639,"1,2-benzoquinone"
CCC1(O)CC(=O)c2c(O)c3c(c(O)c2C1C(=O)OC)C(=O)c1cccc(O)c1C3=O,O=C1CCCc2cc3c(cc21)C(=O)c1ccccc1C3=O,31,426.38,2,4,1.56,133657,"1,4-benzoquinone"
O=C1c2nccc(-c3ccccc3NC(=O)C(F)(F)F)c2C(=O)c2ccc(=O)[nH]c21,O=C1c2nccc(-c3ccccc3)c2C(=O)c2ccc(=O)[nH]c21,30,413.31,2,4,2.71,10971685,"1,4-benzoquinone"
CC(C)C1=C(O)C2=C(CC3=CCCC(C)(C)C3CC2)C(=O)C1=O,O=C1C=CC2=C(CC3=CCCCC3CC2)C1=O,23,314.43,1,3,4.45,11120605,"1,2-benzoquinone"
COc1c(Br)c2c(c(OC)c1OC)-c1cc3c(cc1C(=O)C2=O)OCO3,O=C1C(=O)c2cc3c(cc2-c2ccccc21)OCO3,26,421.2,3,4,3.25,12678881,"1,2-benzoquinone"
CC(C)OC(=O)c1cc2c(s1)C(=O)c1c(O)cccc1C2=O,O=C1c2ccccc2C(=O)c2sccc21,22,316.33,2,3,2.79,118707764,"1,4-benzoquinone"
O=C1C2=C(C(=O)c3cc4c(cc31)CCCC4)S(=O)(=O)CCN2,O=C1C2=C(C(=O)c3cc4c(cc31)CCCC4)S(=O)(=O)CCN2,22,317.37,0,4,1.17,44582408,"1,4-naphthoquinone"
O=C1C=C(O)C(Cl)=CC1=O,O=C1C=CC=CC1=O,10,158.54,0,1,0.7,19427629,"1,2-benzoquinone"
COC(=O)c1c(OCCN2CCCC2)c2ccccc2c2oc3c(c12)C(=O)c1ccccc1C3=O,O=C1c2ccccc2C(=O)c2c1oc1c2cc(OCCN2CCCC2)c2ccccc21,35,469.49,5,6,4.62,44407277,"1,4-naphthoquinone"
O=C1c2ccccc2C(=O)c2cscc21,O=C1c2ccccc2C(=O)c2cscc21,15,214.24,0,3,2.52,288473,"1,4-naphthoquinone"
CCCCCCCCCCCC1=C(O)C2=C(C(=O)C1=O)C(c1ccc([N+](=O)[O-])cc1)c1ccccc1N2,O=C1C=CC2=C(C1=O)C(c1ccccc1)c1ccccc1N2,37,502.61,12,4,7.29,171342676,"1,2-benzoquinone"
O=C1C(=O)c2ccccc2C(O)=C1N1CCN(c2cccc(Cl)c2Cl)CC1,O=C1C(=O)c2ccccc2C=C1N1CCN(c2ccccc2)CC1,27,403.27,2,4,3.81,155567039,"1,2-benzoquinone"
CC1=CCCC2C1(C)CCC(C)C2(C)CC1=CC(=O)C=C(NCCc2ccccc2)C1=O,O=C1C=C(CC2CCCC3C=CCCC32)C(=O)C(NCCc2ccccc2)=C1,32,431.62,6,4,5.97,21778674,"1,4-benzoquinone"
COC(=O)C1c2c(O)c3c(c(O)c2C(O)CC1(O)CC(C)=O)C(=O)c1c(O)cccc1C3=O,O=C1c2ccccc2C(=O)c2cc3c(cc21)CCCC3,33,456.4,3,4,0.98,23251486,anthraquinone
O=C(NC1CCNC1)c1cc2c(o1)C(=O)c1c(c(O)c3ccccc3c1O)C2=O,O=C(NC1CCNC1)c1cc2c(o1)C(=O)c1cc3ccccc3cc1C2=O,29,392.37,2,5,1.71,155546136,"1,4-naphthoquinone"
Cc1cc(O)c2c(c1)C(=O)C=C(c1c(C)cc3c(c1O)C(=O)C=CC3=O)C2=O,O=C1C=CC(=O)c2cc(C3=CC(=O)c4ccccc4C3=O)ccc21,28,374.35,1,4,3.11,15559060,"1,4-naphthoquinone"
O=c1c(=O)c2ccc(-c3ccccc3)c3c2-c2c1cccc2c(=O)c3=O,O=c1c(=O)c2ccc(-c3ccccc3)c3c2-c2c1cccc2c(=O)c3=O,26,338.32,1,5,2.52,166624763,"1,2-naphthoquinone"
O=C1C=CC2=C(CCc3ccccc32)C1=O,O=C1C=CC2=C(CCc3ccccc32)C1=O,16,210.23,0,3,2.09,70554162,"1,2-benzoquinone"
COc1cc2c(cc1OC)CN(S(=O)(=O)c1ccc(NC3=C(Cl)C(=O)c4ccccc4C3=O)cc1)CC2,O=C1C=C(Nc2ccc(S(=O)(=O)N3CCc4ccccc4C3)cc2)C(=O)c2ccccc21,37,539.01,6,5,4.39,122193902,"1,4-benzoquinone"
O=C1C(=O)c2nc[nH]c(=O)c2-c2cc(F)ccc21,O=C1C(=O)c2nc[nH]c(=O)c2-c2ccccc21,18,244.18,0,3,0.96,136183249,"1,2-benzoquinone"
CC1=C(NCCCNCCCN)C(=O)c2c(O)cccc2C1=O,O=C1C=CC(=O)c2ccccc21,23,317.39,8,2,0.96,10519546,"1,4-benzoquinone"
CC1(C)OC2=C(CC1SCc1ccccc1)C(=O)C(=O)c1ccccc12,O=C1C(=O)c2ccccc2C2=C1CC(SCc1ccccc1)CO2,26,364.47,3,4,4.66,122187683,"1,2-benzoquinone"
O=C1C=Cc2c(cccc2-c2ccccc2)C1=O,O=C1C=Cc2c(cccc2-c2ccccc2)C1=O,18,234.25,1,3,3.13,12336406,"1,2-benzoquinone"
Nc1c(S(=O)(=O)O)cc(Nc2ccc3c(c2)CCCC3)c2c1C(=O)c1ccccc1C2=O,O=C1c2ccccc2C(=O)c2c(Nc3ccc4c(c3)CCCC4)cccc21,32,448.5,3,5,3.91,56944134,anthraquinone
CC(=O)c1c(O)cc(OC2OCC(O)C(O)C2O)c(-c2c(C)cc(O)c3c2C(=O)c2cccc(O)c2C3=O)c1O,O=C1c2ccccc2C(=O)c2c1cccc2-c1ccccc1OC1CCCCO1,40,552.49,4,5,1.28,10951777,"1,4-naphthoquinone"
CCCCC1=C(F)C(F)=C(CCCC)C(=O)C1=O,O=C1C=CC=CC1=O,18,256.29,6,1,3.97,69498472,"1,2-benzoquinone"
Cc1cccc2c1-c1ccc3c(c1C(=O)C2=O)C(C)CO3,O=C1C(=O)c2c(ccc3c2CCO3)-c2ccccc21,21,278.31,0,4,3.54,616679,"1,2-naphthoquinone"
Cc1oc2c(c1C(=O)N1CCN(C)CC1)C(=O)c1ccccc1C2=O,O=C1c2ccccc2C(=O)c2c(C(=O)N3CCNCC3)coc21,25,338.36,1,4,1.75,1382508,"1,4-benzoquinone"
C#CC1(O)CCC2C3CCC4=Cc5oncc5CC4(C)C3CCC21C,C1=C2CCC3C4CCCC4CCC3C2Cc2cnoc21,25,337.46,0,5,4.22,117594815,"1,2-naphthoquinone"
CC1OC2=C(C(=O)C(=O)c3ccccc32)C1c1ccccc1,O=C1C(=O)c2ccccc2C2=C1C(c1ccccc1)CO2,22,290.32,1,4,3.37,11716218,"1,2-naphthoquinone"
Cc1cc(O)c2c(c1)C(=O)c1cc(OC3(O)COCC3(O)CO)cc(OC3OC(CO)C(O)C(O)C3O)c1C2=O,O=C1c2ccccc2C(=O)c2c(OC3CCCCO3)cc(OC3CCOC3)cc21,40,564.5,6,5,-2.52,46173833,"1,4-benzoquinone"
O=C1C2=C(C(=O)c3ccccc31)C1(CS2)NC(=O)C(CS)NC1=O,O=C1CNC(=O)C2(CSC3=C2C(=O)c2ccccc2C3=O)N1,24,360.42,1,4,0.35,16203309,"1,4-benzoquinone"
CC(C)(CNC(=O)c1ccccc1O)CC1=C(O)c2ccccc2C(=O)C1=O,O=C1C(=O)c2ccccc2C=C1CCCNC(=O)c1ccccc1,28,379.41,5,3,3.27,57380423,"1,2-benzoquinone"
CC(=O)c1ccc2c(c1)-c1ccccc1C(=O)C2=O,O=C1C(=O)c2ccccc2-c2ccccc21,19,250.25,1,3,2.94,344026,"1,2-benzoquinone"
Cc1oc2c(c1C(=O)N1CCCC(N)C1)C(=O)c1c(c(O)c3ccccc3c1O)C2=O,O=C1c2cc3ccccc3cc2C(=O)c2c(C(=O)N3CCCCC3)coc21,31,420.42,1,5,2.49,137631203,"1,4-benzoquinone"
O=C1C(=O)c2ccccc2C(O)=C1Sc1ccc(Cl)cc1,O=C1C(=O)c2ccccc2C=C1Sc1ccccc1,21,316.76,2,3,4.12,279013,"1,2-naphthoquinone"
O=C1C(=O)c2ccccc2C2=C1SCC(CNCCc1ccccc1)O2,O=C1C(=O)c2ccccc2C2=C1SCC(CNCCc1ccccc1)O2,26,365.45,5,4,3.08,25263711,"1,2-naphthoquinone"
CCOC(=O)c1c2c(n(-c3ccc(C)cc3)c1C)-c1ccccc1C(=O)C2=O,O=C1C(=O)c2ccn(-c3ccccc3)c2-c2ccccc21,28,373.41,3,4,4.32,4241078,"1,2-naphthoquinone"
CCSc1c(N2CCNCC2)c(F)cc2cc(C(=O)C=CC3=CC(=O)C(=O)C=C3)c[n+]([O-])c12,O=C1C=CC(C=CC(=O)c2c[nH+]c3cc(N4CCNCC4)ccc3c2)=CC1=O,33,467.52,6,4,2.51,175037152,"1,2-benzoquinone"
CC1=C(C)C(=O)C(Cc2cccnc2)=C(C)C1=O,O=C1C=CC(=O)C(Cc2cccnc2)=C1,18,241.29,2,2,2.43,93543,"1,4-benzoquinone"
O=C1C=CC2=C3c4cc(O)c(O)cc4CC3(O)COC2=C1O,O=C1C=CC2=C3c4ccccc4CC3COC2=C1,22,300.27,0,4,1.08,137002586,"1,2-naphthoquinone"
COc1ccc(CNC(=O)c2c(C)oc3c2C(=O)c2ccccc2C3=O)cc1,O=C(NCc1ccccc1)c1coc2c1C(=O)c1ccccc1C2=O,28,375.38,4,4,3.3,2142305,"1,4-benzoquinone"
O=C(O)c1cccc(Nc2cc(N3CCCCCC3)c3noc4c3c2C(=O)c2ccccc2-4)c1,O=C1c2ccccc2-c2onc3c(N4CCCCCC4)cc(Nc4ccccc4)c1c23,34,453.5,4,6,5.86,3675673,"1,4-naphthoquinone"
C=C1CCCC(C)(C)C1CCc1ccc2c(c1)C(=O)C=C(OC)C2=O,C=C1CCCCC1CCc1ccc2c(c1)C(=O)C=CC2=O,25,338.45,4,3,4.91,53262716,"1,4-naphthoquinone"
O=C1C(=O)c2ccccc2C(O)=C1CCc1ccc(Oc2ccccc2)cc1,O=C1C(=O)c2ccccc2C=C1CCc1ccc(Oc2ccccc2)cc1,28,370.4,5,4,5.15,502606,"1,2-benzoquinone"
Cc1ccc(S(=O)(=O)c2cc3c(c4nsnc24)C(=O)c2ccccc2C3=O)cc1,O=C1c2ccccc2C(=O)c2c1cc(S(=O)(=O)c1ccccc1)c1nsnc21,29,420.47,2,5,3.61,52944660,"1,4-benzoquinone"
O=C1C(=O)c2ccccc2C(O)=C1C1CCCC1,O=C1C(=O)c2ccccc2C=C1C1CCCC1,18,242.27,1,3,2.91,44332398,"1,2-benzoquinone"
COc1cccc(S(=O)(=O)Nc2cc3c(c(O)c2O)C(=O)c2ccccc2C3=O)c1,O=C1c2ccccc2C(=O)c2cc(NS(=O)(=O)c3ccccc3)ccc21,30,425.42,4,4,2.68,162658280,"1,4-benzoquinone"
O=C1C=C(NC(Cc2ccccc2)C(=O)Nc2ccc(C(F)(F)F)cc2)C(=O)c2ccccc21,O=C1C=C(NC(Cc2ccccc2)C(=O)Nc2ccccc2)C(=O)c2ccccc21,34,464.44,6,4,4.81,141744796,"1,4-naphthoquinone"
O=C1C(N2CC2)=C(N2CC2)C(=O)c2c(O)cccc21,O=C1C(N2CC2)=C(N2CC2)C(=O)c2ccccc21,19,256.26,2,4,0.61,14460431,"1,4-naphthoquinone"
CC(C)(C)C1CCC(CC2=C(O)c3ccccc3C(=O)C2=O)CC1,O=C1C(=O)c2ccccc2C=C1CC1CCCCC1,24,326.44,2,3,4.96,71768,"1,2-benzoquinone"
COc1cc2c(c(OC)c1CN1CCN(c3ccccc3)CC1)C(=O)c1ccccc1C2=O,O=C1c2ccccc2C(=O)c2cc(CN3CCN(c4ccccc4)CC3)ccc21,33,442.52,5,5,3.8,45489225,"1,4-benzoquinone"
CON=C1CCc2c1ccc1c3c(ccc21)C(=O)C(=O)C=C3,N=C1CCc2c1ccc1c3c(ccc21)C(=O)C(=O)C=C3,22,291.31,1,4,2.92,6506538,"1,2-benzoquinone"
Cc1cc2c(cc1C)-c1oc(CN3CCN(C)CC3)c(C)c1C(=O)C2=O,O=C1C(=O)c2cc(CN3CCNCC3)oc2-c2ccccc21,26,352.43,2,4,3.0,164616185,"1,2-benzoquinone"
O=C1C(Cl)=C(Cl)C(=O)c2cnccc21,O=C1C=CC(=O)c2cnccc21,14,228.03,0,2,2.15,150081,"1,4-benzoquinone"
O=C1C=C(NC2CCN(Cc3ccccc3)C2)c2ccccc2C1=O,O=C1C=C(NC2CCN(Cc3ccccc3)C2)c2ccccc2C1=O,25,332.4,4,4,2.66,122196522,"1,2-benzoquinone"
O=C1C(Cl)=C(N2CCC(C(=O)O)CC2)C(=O)c2ccccc21,O=C1C=C(N2CCCCC2)C(=O)c2ccccc21,22,319.74,2,3,2.31,949131,"1,4-naphthoquinone"
Cc1coc2c1C(=O)C(=O)c1c-2ccc2c1CCC(C)(C)C2,O=C1C(=O)c2c(ccc3c2CCCC3)-c2occc21,22,294.35,0,4,4.15,56924702,"1,2-benzoquinone"
CC(C)(C)C1CCc2ncc3c(c2C1)C(=O)C1=C(C3=O)C2CCC1C2,O=C1C2=C(C(=O)c3c1cnc1c3CCCC1)C1CCC2C1,25,335.45,0,5,4.34,90671765,"1,4-benzoquinone"
Cc1coc2c1C(=O)C(=O)c1c(C)ccc(C)c1-2,O=C1C(=O)c2ccoc2-c2ccccc21,18,240.26,0,3,3.25,137641351,"1,2-benzoquinone"
O=C1c2c([N+](=O)[O-])cc([N+](=O)[O-])c(O)c2C(=O)c2c(O)c([N+](=O)[O-])cc([N+](=O)[O-])c21,O=C1c2ccccc2C(=O)c2ccccc21,30,420.2,4,3,1.51,3938245,"1,4-benzoquinone"
CC(C)CC(=O)OCC(C)(C)CC1=C(O)c2ccccc2C(=O)C1=O,O=C1C=Cc2ccccc2C1=O,25,344.41,6,2,3.73,45487243,"1,2-benzoquinone"
COc1ccc2c(c1O)C(=O)c1ccc(O)cc1C2=O,O=C1c2ccccc2C(=O)c2ccccc21,20,270.24,1,3,1.88,132521,anthraquinone
Cc1cccc(OC(=O)N2CCC3(CC2)CSC2=C(O3)c3cc(F)ccc3C(=O)C2=O)c1,O=C1C(=O)c2ccccc2C2=C1SCC1(CCN(C(=O)Oc3ccccc3)CC1)O2,32,453.49,1,5,4.37,58244753,"1,2-benzoquinone"
CC(=O)OC1CC(C)OC2(OC3CC(=O)OC3C3=C2C(=O)c2c(O)cccc2C3=O)C1O,O=C1CC2OC3(CCCCO3)C3=C(C(=O)c4ccccc4C3=O)C2O1,32,444.39,1,5,0.58,3042324,"1,4-naphthoquinone"
CCc1c(C(=O)OC)cc2c(c1O)C(=O)c1c(O)cc3cc(C)c(Cl)c(OC)c3c1C2=O,O=C1c2ccccc2C(=O)c2c1ccc1ccccc21,32,454.86,3,4,4.35,24762579,"1,4-benzoquinone"
CC1=C(O)c2c(c(COC(N)=O)c3n2CC(N)C3O)C(=O)C1=O,O=C1C=Cc2c(cc3n2CCC3)C1=O,23,321.29,2,3,-0.49,204780,"1,2-benzoquinone"
O=C1C=C(n2c3ccccc3c3ccccc32)c2ccccc2C1=O,O=C1C=C(n2c3ccccc3c3ccccc32)c2ccccc2C1=O,25,323.35,1,5,4.45,53468518,"1,2-benzoquinone"
O=C1C=Cc2c(c3c(c4ccccc24)-c2ccccc2C3)C1=O,O=C1C=Cc2c(c3c(c4ccccc24)-c2ccccc2C3)C1=O,23,296.32,0,5,4.19,129860017,"1,2-naphthoquinone"
CC(C)=CCCc1cc(O)c2c(c1O)C(=O)c1ccccc1C2=O,O=C1c2ccccc2C(=O)c2ccccc21,24,322.36,3,3,3.77,21576545,anthraquinone
CC(C)=CC1Oc2c(c3c(c4ccccc24)OC(C)(C)C=C3)C2=C1C(=O)c1ccccc1C2=O,O=C1C2=C(C(=O)c3ccccc31)c1c3c(c4ccccc4c1OC2)OCC=C3,34,448.52,1,6,6.58,3574508,"1,4-benzoquinone"
O=C1c2ccccc2C(=O)c2c1cc(N1CCCC1)c1nsnc21,O=C1c2ccccc2C(=O)c2c1cc(N1CCCC1)c1nsnc21,24,335.39,1,5,3.07,74223518,anthraquinone
O=c1c(Cl)c2c(Cl)ccc3c4cccc5cccc(c(c1=O)c23)c54,O=c1cc2cccc3c4cccc5cccc(c(c1=O)c23)c54,24,351.19,0,5,5.2,129649008,"1,2-benzoquinone"
COC(=O)C1C2CON=C2c2cc3c(cc2C1C1=CC(=O)C(=O)C(OC)=C1)OCO3,O=C1C=CC(C2CC3CON=C3c3cc4c(cc32)OCO4)=CC1=O,30,411.37,3,5,1.26,510893,"1,2-benzoquinone"
CC(=O)N1CCN(c2cc3c(c4nsnc24)C(=O)c2ccccc2C3=O)CC1,O=C1c2ccccc2C(=O)c2c1cc(N1CCNCC1)c1nsnc21,28,392.44,1,5,2.14,74223577,"1,4-benzoquinone"
CCOc1cccc2c1C1=C(C(=O)C2=O)C(C)(C)C(=O)N1,O=C1CC2=C(N1)c1ccccc1C(=O)C2=O,21,285.3,2,3,1.72,9835519,"1,2-naphthoquinone"
Cc1cc(O)c2c(c1)C(=O)C(c1c(C)cc3c(c1O)C(=O)C1OC1C3=O)=CC2=O,O=C1C=C(c2ccc3c(c2)C(=O)C2OC2C3=O)C(=O)c2ccccc21,29,390.35,1,5,2.32,122720,"1,4-benzoquinone"
O=C1C=Cc2ccc3ccc4ccc5ccc6ccccc6c5c4c3c2C1=O,O=C1C=Cc2ccc3ccc4ccc5ccc6ccccc6c5c4c3c2C1=O,28,358.4,0,6,6.08,101900471,"1,2-benzoquinone"
O=C1C=CC=C(CC=CC(c2noc3cc(F)ccc23)N2CCCCC2)C1=O,O=C1C=CC=C(CC=CC(c2noc3ccccc23)N2CCCCC2)C1=O,28,380.42,5,4,4.07,173319971,"1,2-benzoquinone"
O=C1c2ccccc2C(=O)c2c1cc(NS(=O)(=O)c1ccc3ccccc3c1)c(O)c2O,O=C1c2ccccc2C(=O)c2cc(NS(=O)(=O)c3ccc4ccccc4c3)ccc21,32,445.45,3,5,3.83,162669208,"1,4-benzoquinone"
CCN(CC)CC(O)CNc1ccc(N)c2c1C(=O)c1ccccc1C2=O,O=C1c2ccccc2C(=O)c2ccccc21,27,367.45,7,3,2.16,10474140,anthraquinone
CN(C)CCNC1=CC(=O)C(=O)c2ccccc21,O=C1C=Cc2ccccc2C1=O,18,244.29,4,2,0.94,12805924,"1,2-benzoquinone"
O=C(O)c1cc(OCc2ccccc2)c2c(c1)C(=O)c1cccc(OCc3ccccc3)c1C2=O,O=C1c2cccc(OCc3ccccc3)c2C(=O)c2c(OCc3ccccc3)cccc21,35,464.47,7,5,5.32,10457147,"1,4-naphthoquinone"
CC(=CCC1=C(O)C(NCC(=O)O)=CC(=O)C1=O)CCC1(C)CCC=C(C)C1C,O=C1C=CC=C(CC=CCCC2CC=CCC2)C1=O,29,401.5,8,2,4.01,24766873,"1,2-benzoquinone"
O=C1C2=C(C(=O)c3ncccc31)C1(CS2)NC(=O)N(c2ccncc2)C1=O,O=C1C2=C(C(=O)c3ncccc31)C1(CS2)NC(=O)N(c2ccncc2)C1=O,27,378.37,1,5,1.35,25179526,"1,4-benzoquinone"
CN(C)CCNc1nnc(NCCN(C)C)c2c1C(=O)c1ccccc1C2=O,O=C1c2ccccc2C(=O)c2cnncc21,28,382.47,8,3,1.2,45262515,"1,4-benzoquinone"
O=C1c2cc(O)cc(O)c2C(=O)c2c1cc(O)c(CO)c2O,O=C1c2ccccc2C(=O)c2ccccc21,22,302.24,1,3,0.78,11779662,anthraquinone
Cc1ccc2c(c1)c(=O)c(=O)c1cc3c(cc12)c(=O)c(=O)c1cc(C)ccc13,O=c1c(=O)c2cc3c(cc2c2ccccc12)c(=O)c(=O)c1ccccc13,28,366.37,0,5,3.23,57567818,"1,2-naphthoquinone"
Cc1coc2c1C(=O)C(=O)c1c-2ccc2c1CCC(O)C2(C)O,O=C1C(=O)c2c(ccc3c2CCCC3)-c2occc21,23,312.32,0,4,2.15,126072,"1,2-benzoquinone"
O=C1c2cc(CO)cc(O)c2C(=O)c2cccc(O)c21,O=C1c2ccccc2C(=O)c2ccccc21,20,270.24,1,3,1.37,617886,"1,4-benzoquinone"
Cc1ccc[n+](C2=C([O-])c3c(O)ccc(O)c3C(=O)C2=O)c1,O=C1C(=O)c2ccccc2C=C1[n+]1ccccc1,22,297.27,1,3,0.15,135417272,"1,2-naphthoquinone"
O=C1C(=O)c2cc(Cl)cnc2-c2ncc(Cl)cc21,O=C1C(=O)c2cccnc2-c2ncccc21,18,279.08,0,3,2.83,12297603,"1,2-benzoquinone"
CC(C)CNc1cc(NC2CC2)c2c3c(onc13)-c1ccccc1C2=O,O=C1c2ccccc2-c2onc3ccc(NC4CC4)c1c23,26,347.42,5,5,4.68,171785306,anthraquinone
C=CCCC1=C(C)C(=O)C(=O)c2nc(CN(C)c3ccc(F)cc3)oc21,O=C1C=Cc2oc(CNc3ccccc3)nc2C1=O,26,354.38,6,3,3.96,164142156,"1,2-benzoquinone"
C=CC(C)(C)C1=C(O)c2c(O)cccc2C(=O)C1=O,O=C1C=Cc2ccccc2C1=O,19,258.27,2,2,2.64,46885615,"1,2-benzoquinone"
CCc1nc2c(o1)C(=O)C=C(NCCN(C)C)C2=O,O=C1C=CC(=O)c2ocnc21,19,263.3,5,2,0.65,44406317,"1,4-benzoquinone"
NCC(=O)NCC(=O)Nc1ccc2c(c1)C(=O)c1ccc(NC(=O)CNC(=O)CN)cc1C2=O,O=C1c2ccccc2C(=O)c2ccccc21,34,466.45,8,3,-1.51,25108391,anthraquinone
CC(=O)C1=C(C)C(=O)C(=O)c2ccccc21,O=C1C=Cc2ccccc2C1=O,16,214.22,1,2,1.81,12316618,"1,2-naphthoquinone"
COC(C(=O)OC1CC2=C(OC1(C)C)c1ccccc1C(=O)C2=O)c1ccccc1,O=C(Cc1ccccc1)OC1COC2=C(C1)C(=O)C(=O)c1ccccc12,30,406.43,4,4,3.66,16109214,"1,2-benzoquinone"
Cc1cc(O)c2c(c1)C(=O)c1c(c(O)cc(O)c1-c1c(O)cc(O)c3c1C(=O)c1cc(C)cc(O)c1C3=O)C2=O,O=C1c2ccccc2C(=O)c2c1cccc2-c1cccc2c1C(=O)c1ccccc1C2=O,40,538.46,1,6,3.75,73071,"1,4-benzoquinone"
COc1cc(C)cc2c1C(=O)C=C(c1c(C)cc3c(c1OC)C(=O)C(NCc1ccccc1)=CC3=O)C2=O,O=C1C=C(NCc2ccccc2)C(=O)c2cc(C3=CC(=O)c4ccccc4C3=O)ccc21,38,507.54,6,5,4.84,25111919,"1,4-benzoquinone"
Cc1cccc(S(=O)(=O)C2C3=C(OC2(C)C)c2ccccc2C(=O)C3=O)c1,O=C1C(=O)c2ccccc2C2=C1C(S(=O)(=O)c1ccccc1)CO2,27,382.44,2,4,3.12,168294108,"1,2-benzoquinone"
CC(=O)OC1CC2C3(C)CCCC2(COC3=O)C2=C1C(O)=C(C(C)C)C(=O)C2=O,O=C1C=CC2=C(C1=O)C13CCCC(C(=O)OC1)C3CC2,29,402.44,2,4,2.59,13967167,"1,2-benzoquinone"
CC1=CC(=O)c2c(ccc(O)c2O)C1=O,O=C1C=CC(=O)c2ccccc21,15,204.18,0,2,1.42,13468231,"1,4-benzoquinone"
CC(=O)c1cc2c(o1)-c1ccccc1C(=O)C2=O,O=C1C(=O)c2ccoc2-c2ccccc21,18,240.21,1,3,2.53,145950692,"1,2-benzoquinone"
O=C1C=C(F)c2c(n(Cc3ccc(F)c(C(=O)N4CCN(c5ccccn5)CC4)c3)c(=O)[nH]c2=O)C1=O,O=C1C=Cc2c(n(Cc3cccc(C(=O)N4CCN(c5ccccn5)CC4)c3)c(=O)[nH]c2=O)C1=O,37,507.45,4,5,1.16,151823278,"1,2-benzoquinone"
CCC1(O)CC(OC2CC(N)C(O)C(C)O2)c2c(O)c3c(c(O)c2C1C(=O)O)C(=O)c1cccc(O)c1C3=O,O=C1c2ccccc2C(=O)c2cc3c(cc21)CCCC3OC1CCCCO1,39,543.53,4,5,1.17,126779,anthraquinone
Cc1cc(O)c2c(c1)C(=O)C=C(C1=C(O)c3c(O)cc(C)cc3C(=O)C1=O)C2=O,O=C1C(=O)c2ccccc2C=C1C1=CC(=O)c2ccccc2C1=O,29,390.35,1,4,2.75,5379682,"1,2-naphthoquinone"
Cc1ccc(S(=O)(=O)Oc2ccc(Nc3cc(S(=O)(=O)O)c(N)c4c3C(=O)c3ccccc3C4=O)cc2)cc1,O=C1c2ccccc2C(=O)c2c(Nc3ccc(OS(=O)(=O)c4ccccc4)cc3)cccc21,39,564.6,6,5,4.11,106264,anthraquinone
CC(=CCC1=C(C)C(=O)c2ccccc2C1=O)CCC(=O)O,O=C1C=CC(=O)c2ccccc21,22,298.34,5,2,3.58,20348793,"1,4-benzoquinone"
COc1cc2c(c(OC)c1CC=C(C)C)CC(C1=CC(=O)C(=O)C(CC=C(C)C)=C1O)CO2,O=C1C=CC(C2COc3ccccc3C2)=CC1=O,33,452.55,7,3,5.01,56925920,"1,2-benzoquinone"
CC1=C2OCC(C)c3cc(O)c(C)c(c32)C(=O)C1=O,O=C1C=C2OCCc3cccc(c32)C1=O,19,258.27,0,3,2.33,14167667,"1,2-benzoquinone"
Cc1ccc(S(=O)(=O)N2c3ccccc3C3COC4=C(C(=O)c5ccccc5C4=O)C32)cc1,O=C1C2=C(C(=O)c3ccccc31)C1C(CO2)c2ccccc2N1S(=O)(=O)c1ccccc1,33,457.51,2,6,4.02,54764924,"1,4-benzoquinone"
CC1(O)CC(=O)c2c(ccc3c2C(=O)c2cccc(O)c2C3=O)C1,O=C1c2ccccc2C(=O)c2c1ccc1c2C(=O)CCC1,24,322.32,0,4,2.05,160887,"1,4-benzoquinone"
CCCCCCCCCCCC1=C(O)C2=C(C(=O)C1=O)C(c1ccsc1)c1ccccc1N2,O=C1C=CC2=C(C1=O)C(c1ccsc1)c1ccccc1N2,33,463.64,11,4,7.44,171353475,"1,2-benzoquinone"
O=C1C(=O)c2ccccc2C(O)=C1C(Sc1ccc([N+](=O)[O-])cc1)c1ccc([N+](=O)[O-])cc1,O=C1C(=O)c2ccccc2C=C1C(Sc1ccccc1)c1ccccc1,33,462.44,6,4,5.07,71569723,"1,2-benzoquinone"
CC1=CC(=O)C2=C(CC3C2(C)CCC2C3(C)CCC3C(C)(C)C(O)CCC32C)C1=O,O=C1C=CC(=O)C2=C1CC1C2CCC2C3CCCCC3CCC12,30,410.6,0,5,5.42,11200717,"1,4-benzoquinone"
NS(=O)(=O)c1ccc2c(c1)C(=O)C(=O)C=C2NS(=O)(=O)c1ccc2ccc(O)c(O)c2c1,O=C1C=C(NS(=O)(=O)c2ccc3ccccc3c2)c2ccccc2C1=O,32,474.47,4,4,0.98,91691221,"1,2-naphthoquinone"
COC(=O)c1cc2c(c(O)c1C(C)OC(=O)CO)C(=O)c1c(O)cc3cc(C)c(Cl)c(OC)c3c1C2=O,O=C1c2ccccc2C(=O)c2c1ccc1ccccc21,37,528.9,5,4,3.38,24180661,"1,4-benzoquinone"
COC1=C(C)C(=O)C2=C(CCc3cc(O)ccc3O2)C1=O,O=C1C=CC(=O)C2=C1CCc1ccccc1O2,21,286.28,1,3,2.04,16679966,"1,4-benzoquinone"
CC(F)c1cc2c(o1)-c1cccc(O)c1C(=O)C2=O,O=C1C(=O)c2ccoc2-c2ccccc21,19,260.22,1,3,3.06,154674974,"1,2-benzoquinone"
O=C(CN1CCCCC1)NC1(CO)CSC2=C1C(=O)c1ccccc1C2=O,O=C(CN1CCCCC1)NC1CSC2=C1C(=O)c1ccccc1C2=O,27,386.47,4,4,1.4,122191805,"1,4-benzoquinone"
O=C1C=C(Nc2cccc(NC3=CC(=O)C(=O)c4ccccc43)n2)c2ccccc2C1=O,O=C1C=C(Nc2cccc(NC3=CC(=O)C(=O)c4ccccc43)n2)c2ccccc2C1=O,32,421.41,4,5,3.52,276846,"1,2-benzoquinone"
O=c1cc2c3cc(O)c(O)c4cccc(c5cccc(c1=O)c52)c43,O=c1cc2c3cccc4cccc(c5cccc(c1=O)c52)c43,24,314.3,0,5,3.31,15933447,"1,2-benzoquinone"
Cn1c(N)c(CC2=C(O)c3ccccc3C(=O)C2=O)c(=O)n(C)c1=O,O=C1C(=O)c2ccccc2C=C1Cc1c[nH]c(=O)[nH]c1=O,25,341.32,2,3,-0.06,145945679,"1,2-naphthoquinone"
C=C(C)C1CCC(C)=CC1C1=C(O)C(NCc2ccccc2)=C(CCCCC)C(=O)C1=O,O=C1C=C(NCc2ccccc2)C=C(C2C=CCCC2)C1=O,32,433.59,9,3,6.12,118465221,"1,2-benzoquinone"
O=C1C=CC(=O)C(Cc2ccccc2)=C1,O=C1C=CC(=O)C(Cc2ccccc2)=C1,15,198.22,2,2,1.86,607796,"1,4-benzoquinone"
Cc1ccc(S(=O)(=O)n2cc(C)c3c2C(=O)C(=O)C=C3SCc2ccccc2)cc1,O=C1C=C(SCc2ccccc2)c2ccn(S(=O)(=O)c3ccccc3)c2C1=O,30,437.54,5,4,4.38,11396477,"1,2-benzoquinone"
Cc1c(C)c(C)c(C)c(C)c1C,c1ccccc1,12,162.28,0,1,3.54,139101733,"1,2-benzoquinone"
O=C1c2ccccc2C(=O)c2c1ccc1nccnc21,O=C1c2ccccc2C(=O)c2c1ccc1nccnc21,20,260.25,0,4,2.41,12567021,"1,4-benzoquinone"
O=C1C=C(NC(Cc2c[nH]c3ccccc23)C(=O)O)C(=O)c2ccccc21,O=C1C=C(NCCc2c[nH]c3ccccc23)C(=O)c2ccccc21,27,360.37,5,4,2.72,56605052,"1,4-benzoquinone"
O=CN1CCN(C2=C(O)c3ccccc3C(=O)C2=O)CC1,O=C1C(=O)c2ccccc2C=C1N1CCNCC1,21,286.29,2,3,0.45,13934784,"1,2-naphthoquinone"
O=C1C(Nc2ccc3c(c2)OCO3)=C(Cl)C(=O)c2ncncc21,O=C1C(Nc2ccc3c(c2)OCO3)=CC(=O)c2ncncc21,23,329.7,2,4,2.15,44342008,"1,4-benzoquinone"
CC1CC2=C(O1)c1sccc1C(=O)C2=O,O=C1C(=O)c2ccsc2C2=C1CCO2,15,220.25,0,3,2.03,177645238,"1,2-benzoquinone"
Cc1cc(O)c2c(c1)C(=O)c1cc(O)cc(OC3OC(CO)C(O)C(O)C3O)c1C2=O,O=C1c2ccccc2C(=O)c2c(OC3CCCCO3)cccc21,31,432.38,3,4,-0.64,99649,"1,4-benzoquinone"
CN(C)CCOc1cc2oc3c(c2c2ccccc12)C(=O)c1ccccc1C3=O,O=C1c2ccccc2C(=O)c2c1oc1ccc3ccccc3c21,29,385.42,4,5,4.3,10091464,"1,4-benzoquinone"
O=C1C=C(c2c(-c3ccccc3)[nH]c3ccccc23)c2ccccc2C1=O,O=C1C=C(c2c(-c3ccccc3)[nH]c3ccccc23)c2ccccc2C1=O,27,349.39,2,5,5.03,15322755,"1,2-benzoquinone"
O=C1C=Cc2nc3ccccc3cc2C1=O,O=C1C=Cc2nc3ccccc3cc2C1=O,16,209.2,0,3,2.01,22117053,"1,2-benzoquinone"
CC(C)N(C1=C(O)c2ccccc2C(=O)C1=O)C(C)C,O=C1C=Cc2ccccc2C1=O,20,273.33,3,2,2.8,44405485,"1,2-benzoquinone"
NC1=C(NC(=O)c2ccccc2)C(=O)c2ccccc2C1=O,O=C(NC1=CC(=O)c2ccccc2C1=O)c1ccccc1,22,292.29,2,3,1.67,12408761,"1,4-naphthoquinone"
Cc1cc2c(cc1C)-c1oc(CN3CCC(N4CCCC4)CC3)c(C)c1C(=O)C2=O,O=C1C(=O)c2cc(CN3CCC(N4CCCC4)CC3)oc2-c2ccccc21,30,406.53,3,5,4.31,164628527,"1,2-benzoquinone"
Cc1coc2c1C(=O)C(=O)c1c-2ccc2c1COCC2,O=C1C(=O)c2c(ccc3c2COCC3)-c2occc21,20,268.27,0,4,2.71,56951263,"1,2-benzoquinone"
CC(C)N(C)CCc1c[nH]c2cc3ooc3cc12,c1cc2cc3ooc3cc2[nH]1,18,246.31,4,3,3.39,44382992,"1,2-benzoquinone"
CCC1(O)CCc2c(cc3c(c2O)C(=O)c2c(O)ccc(O)c2C3=O)C1C(=O)OC,O=C1c2ccccc2C(=O)c2cc3c(cc21)CCCC3,30,412.39,2,4,1.92,167969,"1,4-naphthoquinone"
Cc1[nH]c2ccccc2c1C1=C(Cl)C(=O)C(N2CCOCC2)=C(Cl)C1=O,O=C1C=C(N2CCOCC2)C(=O)C=C1c1c[nH]c2ccccc12,26,391.25,2,4,3.36,168270576,"1,4-benzoquinone"
CC(C(=O)OCC(=O)Nc1ccc(Cl)c2c1C(=O)c1ccccc1C2=O)N1C(=O)c2ccccc2C1=O,O=C(COC(=O)CN1C(=O)c2ccccc2C1=O)Nc1cccc2c1C(=O)c1ccccc1C2=O,37,516.89,5,5,3.28,4430899,anthraquinone
O=C1C(=O)c2ccccc2C(O)=C1NCCNc1ccnc2cc(Cl)ccc12,O=C1C(=O)c2ccccc2C=C1NCCNc1ccnc2ccccc12,28,393.83,5,4,3.58,168287271,"1,2-benzoquinone"
CCCCCCOc1ccc(NC2=C(Cl)C(=O)c3cccnc3C2=O)cc1,O=C1C=C(Nc2ccccc2)C(=O)c2ncccc21,27,384.86,8,3,4.98,379075,"1,4-benzoquinone"
O=C1C(Nc2ccccc2)=CC(=O)c2ncccc21,O=C1C(Nc2ccccc2)=CC(=O)c2ncccc21,19,250.26,2,3,2.46,3976,"1,4-benzoquinone"
CC1Oc2c(O)c3c(c(O)c2C1(C)C)C=CC(=O)C3=O,O=C1C=Cc2cc3c(cc2C1=O)OCC3,20,274.27,0,3,1.93,11425805,"1,2-naphthoquinone"
CCOC(=O)c1c(-c2ccccc2)oc2c1C(=O)C(=O)C(Br)=C2,O=C1C=Cc2oc(-c3ccccc3)cc2C1=O,23,375.17,3,3,3.62,12224781,"1,2-benzoquinone"
Nc1c(S(=O)(=O)O)cc(Nc2cccc(Nc3nc(Cl)nc(Cl)n3)c2)c2c1C(=O)c1ccccc1C2=O,O=C1c2ccccc2C(=O)c2c(Nc3cccc(Nc4ncncn4)c3)cccc21,37,557.38,5,5,4.27,53308119,"1,4-benzoquinone"
COC1=C(C(C)C)C(=O)C2=C(C1=O)C1(C)CCCC(C)(C)C1=CC2O,O=C1C=CC(=O)C2=C1CC=C1CCCCC12,25,344.45,2,3,3.51,467786,"1,4-benzoquinone"
COC(=O)C1CCCN1C1=CC(=O)C(=O)C=C1C,O=C1C=CC(N2CCCC2)=CC1=O,18,249.27,2,2,0.61,86229539,"1,2-benzoquinone"
CC(C)=CCCC(C)=CCCc1ccc2c(c1)C(=O)c1ccccc1C2=O,O=C1c2ccccc2C(=O)c2ccccc21,27,358.48,6,3,6.09,155816692,anthraquinone
CCCCCC1=C(F)C(O)=C(CC=C(C)CCC=C(C)C)C(=O)C1=O,O=C1C=CC=CC1=O,25,348.46,9,1,5.84,177067674,"1,2-benzoquinone"
COCCOc1cc2ncnc(NC3=CC(=O)C(Cl)=C(OCC4CC4)C3=O)c2cc1OC,O=C1C=C(Nc2ncnc3ccccc23)C(=O)C(OCC2CC2)=C1,32,459.89,10,4,2.99,11561658,"1,4-benzoquinone"
COC1=CC(C(=O)Nc2ccc(-c3ccccc3)cc2[N+](=O)[O-])=CC(=O)C1=O,O=C1C=CC(C(=O)Nc2ccc(-c3ccccc3)cc2)=CC1=O,28,378.34,5,3,2.81,56946723,"1,2-benzoquinone"
O=C1C(=O)c2cccc(O)c2C(O)=C1C1=CC(=O)c2cccc(O)c2C1=O,O=C1C(=O)c2ccccc2C=C1C1=CC(=O)c2ccccc2C1=O,27,362.29,1,4,2.14,632371,"1,2-naphthoquinone"
O=C1c2ccccc2C(=O)c2c(NCCc3ccccn3)ccc(NCCc3ccccn3)c21,O=C1c2ccccc2C(=O)c2c(NCCc3ccccn3)ccc(NCCc3ccccn3)c21,34,448.53,8,5,4.56,153176,anthraquinone
Cc1oc2c(c1C(=O)N1CCC(N)C1)C(=O)c1c(c(O)c3ccccc3c1O)C2=O,O=C1c2cc3ccccc3cc2C(=O)c2c(C(=O)N3CCCC3)coc21,30,406.39,1,5,2.1,137631210,"1,4-benzoquinone"
O=C1C(=O)c2ccccc2C(O)=C1C(c1ccc(Br)cc1)c1c(O)c2ccccc2oc1=O,O=C1C(=O)c2ccccc2C=C1C(c1ccccc1)c1cc2ccccc2oc1=O,33,503.3,3,5,5.13,137646796,"1,2-benzoquinone"
O=C1c2cccnc2C(=O)c2c1c(C(=O)NCCN1CCOCC1)c1ccccn21,O=C1c2cccnc2C(=O)c2c1c(C(=O)NCCN1CCOCC1)c1ccccn21,30,404.43,4,5,1.17,122188460,"1,4-benzoquinone"
Cc1ccc2c(c1CCC(=O)O)C(=O)C(=O)C(C(C)C)=C2,O=C1C=Cc2ccccc2C1=O,21,286.33,4,2,2.82,44325469,"1,2-benzoquinone"
COC(=O)c1cc(O)c2c(c1)C(=O)c1ccccc1C2=O,O=C1c2ccccc2C(=O)c2ccccc21,21,282.25,1,3,1.95,10902055,"1,4-naphthoquinone"
Cc1ccc(SCCCCC2=C(O)c3ccccc3C(=O)C2=O)cc1,O=C1C(=O)c2ccccc2C=C1CCCCSc1ccccc1,25,352.46,6,3,4.99,268481,"1,2-naphthoquinone"
O=C(O)c1cc(O)c2c(c1)C(=O)c1cc(O)c(Br)c(O)c1C2=O,O=C1c2ccccc2C(=O)c2ccccc21,23,379.12,1,3,2.04,46209656,anthraquinone
O=C1c2ccccc2C(=O)c2c1c1c3nc4ccccc4nc3c3cccc4c3c1n2S4(=O)=O,O=C1c2ccccc2C(=O)c2c1c1c3nc4ccccc4nc3c3cccc4c3c1n2S4(=O)=O,34,461.46,0,8,4.22,80400,"1,4-benzoquinone"
O=C(COC(=O)Cn1cnc2ccccc21)Nc1cccc2c1C(=O)c1ccccc1C2=O,O=C(COC(=O)Cn1cnc2ccccc21)Nc1cccc2c1C(=O)c1ccccc1C2=O,33,439.43,5,5,2.99,3931213,"1,4-benzoquinone"
CCOC(=O)C(CC(=O)c1cccc2c1C(=O)c1ccccc1C2=O)=NNC(=S)NCc1cccnc1,O=C(CC=NNC(=S)NCc1cccnc1)c1cccc2c1C(=O)c1ccccc1C2=O,37,514.56,8,4,3.01,71699193,anthraquinone
CCOC1=C(Cl)C(=O)C(=O)C(N=[N+]=[N-])=C1C#Cc1ccccc1,O=C1C=CC(C#Cc2ccccc2)=CC1=O,23,327.73,3,2,3.24,13571115,"1,2-benzoquinone"
N#CC(C#N)=C1N=c2c(c3cccc4c(=O)c(=O)c5cccc2c5c43)=C1C#N,C=C1C=c2c(c3cccc4c(=O)c(=O)c5cccc2c5c43)=N1,28,358.32,0,5,1.35,166446027,"1,2-naphthoquinone"
CC1(OC(=O)c2ccccc2)COC2=C(Cl)C(=O)C(=O)c3cccc1c32,O=C1C=C2OCC(OC(=O)c3ccccc3)c3cccc(c32)C1=O,26,368.77,2,4,3.46,53375911,"1,2-benzoquinone"
O=C1C(=O)C(NC(=O)c2ccccc2)=CC=C1F,O=C1C=CC=C(NC(=O)c2ccccc2)C1=O,18,245.21,2,2,1.31,140089857,"1,2-benzoquinone"
COc1ccc(C(=O)c2c(C(F)(F)F)oc3c2C(=O)c2ccccc2C3=O)cc1,O=C(c1ccccc1)c1coc2c1C(=O)c1ccccc1C2=O,29,400.31,3,4,4.31,1368249,"1,4-benzoquinone"
COC(=O)c1c2c(n(C)c1Cc1ccccc1)-c1ccccc1C(=O)C2=O,O=C1C(=O)c2cc(Cc3ccccc3)[nH]c2-c2ccccc21,27,359.38,3,4,3.45,129778557,"1,2-naphthoquinone"
CNC1=C2CC(C)CC(OC)C(O)C(C)C=C(C)C(OC(N)=O)C(OC)C=CC=C(C)C(=O)NC(=CC1=O)C2=O,O=C1C=C2CCCCCCC=CCCC=CC=CC(=O)NC(=C1)C2=O,40,559.66,4,2,1.98,44349460,"1,4-benzoquinone"
NC1=C(N)C(=O)c2ccccc2C1=O,O=C1C=CC(=O)c2ccccc21,14,188.19,0,2,0.19,4167268,"1,4-benzoquinone"
O=C1C(=O)c2cc(NC(=O)c3ccccc3[N+](=O)[O-])ccc2-c2ccccc21,O=C(Nc1ccc2c(c1)C(=O)C(=O)c1ccccc1-2)c1ccccc1,28,372.34,3,4,3.89,17948075,"1,2-naphthoquinone"
O=C1C(=O)c2ccccc2C(O)=C1c1ccco1,O=C1C(=O)c2ccccc2C=C1c1ccco1,18,240.21,1,3,2.47,71425993,"1,2-benzoquinone"
COC1CC(O)C=C(C)C(=O)NC2=CC(=O)C(=O)C(=C2O)CC(C)CC(OC)C(O)C(C)C=C(C)C1OC(N)=O,O=C1C=CCCCCC=CCCCCCCC2=CC(=CC(=O)C2=O)N1,40,564.63,3,2,1.51,171347132,"1,2-benzoquinone"
CCc1cc2c(o1)-c1cccc(O)c1C(=O)C2=O,O=C1C(=O)c2ccoc2-c2ccccc21,18,242.23,1,3,2.59,10610171,"1,2-benzoquinone"
O=C1c2ccccc2C(=O)c2c1nnn2-c1ccc([N+](=O)[O-])cc1,O=C1c2ccccc2C(=O)c2c1nnn2-c1ccccc1,24,320.26,2,4,1.95,14914794,"1,4-benzoquinone"
Cc1cc(=O)[nH]c2c1C(=O)C(=O)C=C2N1CCOCC1,O=C1C=C(N2CCOCC2)c2[nH]c(=O)ccc2C1=O,20,274.28,1,3,0.12,24204327,"1,2-benzoquinone"
O=C1C(=O)c2cccc3c2C(=C1Cl)OC=C3c1ccccc1,O=C1C=C2OC=C(c3ccccc3)c3cccc(c32)C1=O,22,308.72,1,4,3.78,53376149,"1,2-benzoquinone"
CCc1c(O)c2c(c(O)c1OC1(CC)C(=O)C(=O)c3c(O)c(O)cc(O)c3C1=O)C(=O)C(=O)C=C2O,O=C1C=Cc2ccc(OC3C(=O)C(=O)c4ccccc4C3=O)cc2C1=O,36,498.4,4,4,1.62,101937087,"1,2-benzoquinone"
Nc1ccc(-c2ccc(N)c3ooc23)cc1,c1ccc(-c2cccc3ooc23)cc1,16,214.22,1,3,2.86,129662476,"1,2-benzoquinone"
O=C1C=C(OCCCCCCOC2=CC(=O)c3ccccc3C2=O)c2ccccc2C1=O,O=C1C=C(OCCCCCCOC2=CC(=O)c3ccccc3C2=O)c2ccccc2C1=O,32,430.46,9,4,4.35,9932409,"1,2-naphthoquinone"
CCCCCCCCCc1cc[n+](C2=C([O-])C3=C(C(=O)C2=O)C2c4ccccc4C3c3ccccc32)cc1,O=C1C(=O)C2=C(C=C1[n+]1ccccc1)C1c3ccccc3C2c2ccccc21,38,503.64,9,7,5.54,24181951,"1,2-benzoquinone"
O=C1c2ccccc2C(=O)c2c(Sc3ccccc3)cccc21,O=C1c2ccccc2C(=O)c2c(Sc3ccccc3)cccc21,23,316.38,2,4,4.61,25905,"1,4-benzoquinone"
CC(=O)c1cccc2c1C(=O)c1cccc(OCc3ccccc3)c1C2=O,O=C1c2ccccc2C(=O)c2c(OCc3ccccc3)cccc21,27,356.38,4,4,4.24,72725645,"1,4-naphthoquinone"
COc1c(Cl)c(C)cc2cc(O)c3c(c12)C(=O)c1cc2c(c(O)c1C3=O)C(C)OC2=O,O=C1OCc2cc3c(cc21)C(=O)c1c(ccc2ccccc12)C3=O,31,438.82,1,5,4.23,24762578,"1,4-benzoquinone"
O=C1c2ccccc2C(=O)c2c(Nc3ccc(S(=O)(=O)N(CCO)CCO)cc3)ccc(O)c21,O=C1c2ccccc2C(=O)c2c(Nc3ccccc3)cccc21,34,482.51,8,4,1.89,271592,anthraquinone
CCOC(=O)c1c2c(n3ccccc13)C(=O)c1ccccc1C2=O,O=C1c2ccccc2C(=O)c2c1cc1ccccn21,24,319.32,2,4,2.89,273769,"1,4-benzoquinone"
Cc1ccc2c(c1)C(=O)C(=O)C(c1cccc(C(F)(F)F)c1)=C2c1ccccc1,O=C1C(=O)c2ccccc2C(c2ccccc2)=C1c1ccccc1,29,392.38,2,4,5.74,168335056,"1,2-benzoquinone"
CC1=C(Nc2ccccc2)c2ccccc2C(=O)C1=O,O=C1C=C(Nc2ccccc2)c2ccccc2C1=O,20,263.3,2,3,3.3,129852658,"1,2-naphthoquinone"
O=C(NC(=S)NCCC1CCN(Cc2ccccc2)CC1)c1ccc2c(c1)C(=O)c1ccccc1C2=O,O=C(NC(=S)NCCC1CCN(Cc2ccccc2)CC1)c1ccc2c(c1)C(=O)c1ccccc1C2=O,37,511.65,6,5,4.37,3072953,"1,4-benzoquinone"
Cc1cccc2c1C(=O)C(=O)c1ccccc1-2,O=C1C(=O)c2ccccc2-c2ccccc21,17,222.24,0,3,3.04,20374039,"1,2-benzoquinone"
CCC1=C(OC)c2nc(C)ccc2C(=O)C1=O,O=C1C=Cc2ncccc2C1=O,17,231.25,2,2,1.92,363460,"1,2-benzoquinone"
O=C1C=CC2=C(C1=O)C(O)(C(F)(F)F)CS2,O=C1C=CC2=C(CCS2)C1=O,16,250.2,0,2,0.99,118165048,"1,2-benzoquinone"
O=C1c2ccccc2C(=O)c2c1cccc2N1CCCC1,O=C1c2ccccc2C(=O)c2c1cccc2N1CCCC1,21,277.32,1,4,3.06,2890949,"1,4-benzoquinone"
O=C1C=C(Sc2ccccc2)C(=O)C=C1Sc1ccccc1,O=C1C=C(Sc2ccccc2)C(=O)C=C1Sc1ccccc1,22,324.43,4,3,4.49,86928,"1,4-benzoquinone"
CN1CCc2cn(C)c3c2C1=CC(=O)C3=O,O=C1C=C2NCCc3c[nH]c(c32)C1=O,16,216.24,0,3,0.62,19938282,"1,2-benzoquinone"
CN(C)c1ccc(N2C(=O)C(Oc3ccccc3)C2c2ccc3c(c2)C(=O)c2ccccc2C3=O)cc1,O=C1c2ccccc2C(=O)c2cc(C3C(Oc4ccccc4)C(=O)N3c3ccccc3)ccc21,37,488.54,5,6,5.06,66561088,anthraquinone
COc1cccc2c1C(=O)c1c(O)c3c(c(O)c1C2=O)CC(O)(C(C)=O)CC3OC1OC(C)C(O)C(N)C1O,O=C1c2ccccc2C(=O)c2cc3c(cc21)CCCC3OC1CCCCO1,39,543.53,4,5,-0.0,3050290,"1,4-naphthoquinone"
CCc1onc(C)c1NC1=CC(=O)C(=O)c2ccccc21,O=C1C=C(Nc2cnoc2)c2ccccc2C1=O,21,282.3,3,3,2.76,15373823,"1,2-benzoquinone"
COc1ccc(O)c2c1C(=O)c1ccccc1C2=O,O=C1c2ccccc2C(=O)c2ccccc21,19,254.24,1,3,2.18,313347,"1,4-benzoquinone"
Cc1ccccc1-c1ccc2c(c1)-c1cc(-c3ccccc3C(F)(F)F)ccc1C(=O)C2=O,O=C1C(=O)c2ccc(-c3ccccc3)cc2-c2cc(-c3ccccc3)ccc21,33,442.44,2,5,7.39,58301297,"1,2-benzoquinone"
CC1=COC2=C(C)C(=O)C(=O)c3c(C)cc(C)c1c32,O=C1C=C2OC=Cc3cccc(c32)C1=O,19,254.28,0,3,3.19,135081941,"1,2-naphthoquinone"
CCOC(=O)C1CCc2ncc3c(c2C1)C(=O)C1=C(C3=O)C2CCC1CC2,O=C1C2=C(C(=O)c3c1cnc1c3CCCC1)C1CCC2CC1,27,365.43,2,6,3.25,90671769,"1,4-benzoquinone"
O=C(NC1CCCNC1)c1cc2c(o1)C(=O)c1c(c(O)c3ccccc3c1O)C2=O,O=C(NC1CCCNC1)c1cc2c(o1)C(=O)c1cc3ccccc3cc1C2=O,30,406.39,2,5,2.1,142769890,"1,4-benzoquinone"
O=C1C(Cl)=C(NCCN2CCCCC2)C(=O)c2ccccc21,O=C1C=C(NCCN2CCCCC2)C(=O)c2ccccc21,22,318.8,4,3,2.59,4679493,"1,4-benzoquinone"
COc1c(CBr)c(CBr)c(OC)c2c1C(=O)c1ccccc1C2=O,O=C1c2ccccc2C(=O)c2ccccc21,24,454.11,4,3,4.27,333263,anthraquinone
NS(=O)(=O)c1ccc(N=Nc2ncc(CCNC3=CC(=O)C(=O)c4ccccc43)[nH]2)cc1,O=C1C=C(NCCc2cnc(N=Nc3ccccc3)[nH]2)c2ccccc2C1=O,32,450.48,7,4,2.41,318753,"1,2-naphthoquinone"
CCCCCCC(C)(C)C1=CC(=O)C2=C(OC(C)(C)c3cn[nH]c32)C1=O,O=C1C=CC(=O)C2=C1OCc1cn[nH]c12,26,356.47,6,3,4.46,60148509,"1,4-benzoquinone"
COc1cc(-n2c(C)nc3c2-c2ccccc2C(=O)C3=O)cc(OC)c1OC,O=C1C(=O)c2ncn(-c3ccccc3)c2-c2ccccc21,28,378.38,4,4,3.25,633232,"1,2-naphthoquinone"
CCCCC1=CC(=O)c2ccccc2C1=O,O=C1C=CC(=O)c2ccccc21,16,214.26,3,2,3.18,182194,"1,4-naphthoquinone"
O=C1C(=O)c2c(nc3ccccn23)-c2ccncc21,O=C1C(=O)c2c(nc3ccccn23)-c2ccncc21,19,249.23,0,4,1.78,72191971,"1,2-benzoquinone"
CC(C)(C)C1=CC(=O)C(=O)C(Br)=C1,O=C1C=CC=CC1=O,13,243.1,0,1,2.39,12485699,"1,2-benzoquinone"
O=C1c2ccccc2C(=O)c2c1cccc2C1=CCN(C(=O)Nc2ccccc2)CC1,O=C1c2ccccc2C(=O)c2c1cccc2C1=CCN(C(=O)Nc2ccccc2)CC1,31,408.46,2,5,4.78,154697551,anthraquinone
COC12C(COC(N)=O)C3=C(C(=O)C(C)=C(OCC4CC4)C3=O)N1CC1NC12,O=C1C=C(OCC2CC2)C(=O)C2=C1N1CC3NC3C1C2,28,389.41,6,5,-0.18,44313025,"1,4-benzoquinone"
Cc1cc(O)c2c(c1)C(=O)c1cc(CO)cc(O)c1C2=O,O=C1c2ccccc2C(=O)c2ccccc21,21,284.27,1,3,1.67,71413104,anthraquinone
COc1cccc2c1C(=O)C(=O)C=C2c1ccc(O)c2c(OC)cccc12,O=C1C=C(c2cccc3ccccc23)c2ccccc2C1=O,27,360.37,3,4,3.76,139589988,"1,2-benzoquinone"
O=C(CSc1n[nH]c(=O)[nH]c1=O)Nc1ccc2c(c1)C(=O)c1ccccc1C2=O,O=C(CSc1n[nH]c(=O)[nH]c1=O)Nc1ccc2c(c1)C(=O)c1ccccc1C2=O,29,408.4,4,4,0.96,5114397,anthraquinone
CC1(C)OC2=C(CC1OC(=O)CCC(=O)N1CCCC1)C(=O)C(=O)c1ccccc12,O=C(CCC(=O)N1CCCC1)OC1COC2=C(C1)C(=O)C(=O)c1ccccc12,30,411.45,4,4,2.68,22899240,"1,2-naphthoquinone"
O=C1C(=O)c2nc3ccccc3nc2-c2ccccc21,O=C1C(=O)c2nc3ccccc3nc2-c2ccccc21,20,260.25,0,4,2.68,256911,"1,2-benzoquinone"
O=C(O)CNCCNc1ccc(NCCNCCO)c2c1C(=O)c1c(O)ccc(O)c1C2=O,O=C1c2ccccc2C(=O)c2ccccc21,33,458.47,12,3,-0.05,126803,anthraquinone
CN(C)CCCNC(=O)c1cc(NC(=O)CCNC(=O)c2ccc3c(c2)C(=O)c2ccccc2C3=O)cn1C,O=C(CCNC(=O)c1ccc2c(c1)C(=O)c1ccccc1C2=O)Nc1cc[nH]c1,39,529.6,10,4,2.24,641665,anthraquinone
O=C1C=Cc2ccc3cccnc3c2C1=O,O=C1C=Cc2ccc3cccnc3c2C1=O,16,209.2,0,3,2.01,19922501,"1,2-naphthoquinone"
Cc1cc(F)cc2oc3c(C(=O)Nc4ccccc4)nc4c(O)n(C)cc(c5cc(C(C)(C)O)ccc5oc12)c43,O=C(Nc1ccccc1)c1nc2c[nH]cc3c4ccccc4oc4ccccc4oc1c23,40,539.56,3,6,6.98,168980364,"1,2-benzoquinone"
CC(C)(C)OC(=O)N1CCC(CC(=O)N2CCC3(CC2)CSC2=C(O3)c3ccccc3C(=O)C2=O)CC1,O=C1C(=O)c2ccccc2C2=C1SCC1(CCN(C(=O)CC3CCNCC3)CC1)O2,37,526.66,2,5,4.28,57661851,"1,2-naphthoquinone"
O=C1C=C(C2CCCCC2)C(=O)c2ccccc21,O=C1C=C(C2CCCCC2)C(=O)c2ccccc21,18,240.3,1,3,3.57,259760,"1,4-benzoquinone"
Cc1cc(O)c2c(c1)C1OC(=O)C(CC(C)C)N1C1=C2C(=O)c2cccc(OC3CC(O)C(O)C(C)O3)c2C1=O,O=C1CN2C3=C(C(=O)c4cccc(OC5CCCCO5)c4C3=O)c3ccccc3C2O1,40,549.58,4,6,3.01,53318487,"1,4-benzoquinone"
O=C1C(=O)c2ccccc2C(O)=C1Nc1ccc(O)c(CN2CCOCC2)c1,O=C1C(=O)c2ccccc2C=C1Nc1cccc(CN2CCOCC2)c1,28,380.4,4,4,2.33,168282867,"1,2-benzoquinone"
N#CC1(NS(=O)(=O)c2ccc3c(c2)C(=O)c2ccccc2C3=O)CC1,O=C1c2ccccc2C(=O)c2cc(S(=O)(=O)NC3CC3)ccc21,25,352.37,3,4,1.8,145983675,anthraquinone
O=C(CCCCOC1=CC(=O)C(=O)c2ccccc21)OCc1ccccc1,O=C(CCCCOC1=CC(=O)C(=O)c2ccccc21)OCc1ccccc1,27,364.4,8,3,3.72,22647819,"1,2-naphthoquinone"
O=C1C(=O)c2ccccc2C(O)=C1C(c1cccs1)c1c[nH]c2ccccc12,O=C1C(=O)c2ccccc2C=C1C(c1cccs1)c1c[nH]c2ccccc12,28,385.44,3,5,5.1,134132856,"1,2-benzoquinone"
Nc1c(S(=O)(=O)O)cc(C(=O)c2ccccc2)c2c1C(=O)c1ccccc1C2=O,O=C(c1ccccc1)c1cccc2c1C(=O)c1ccccc1C2=O,29,407.4,3,4,2.52,47753,anthraquinone
Cc1c(O)c(O)c2c(c1O)C(=O)c1ccc(O)c(O)c1C2=O,O=C1c2ccccc2C(=O)c2ccccc21,22,302.24,0,3,1.3,20240722,anthraquinone
CC(=O)OCCC1=Cc2c(-c3ccccc3N=[N+]=[N-])ccnc2C(=O)C1=O,O=C1C=Cc2c(-c3ccccc3)ccnc2C1=O,27,362.35,5,3,3.79,14482745,"1,2-benzoquinone"
O=C1C=c2[nH]cc(-c3c[nH]c4cc(O)c(O)cc34)c2=CC1=O,O=C1C=c2[nH]cc(-c3c[nH]c4ccccc34)c2=CC1=O,22,294.27,1,4,0.29,122443118,"1,2-benzoquinone"
O=C1c2ccccc2C(=O)c2c1oc1cc(O)ccc21,O=C1c2ccccc2C(=O)c2c1oc1ccccc21,20,264.24,0,4,2.91,1512583,"1,4-naphthoquinone"
COC1=CC(=O)C(O)=C(CC=C(C)CCC2(C)CCC=C(C)C2C)C1=O,O=C1C=CC(=O)C(CC=CCCC2CC=CCC2)=C1,26,358.48,6,2,4.98,6440837,"1,4-benzoquinone"
CCCCn1cnc2c1C(=O)c1ncn(CCCC)c1C2=O,O=C1c2nc[nH]c2C(=O)c2nc[nH]c21,22,300.36,6,3,2.46,70685685,"1,4-benzoquinone"
CCOC(=O)c1cc2c([nH]1)C(=O)C(=O)c1c(C(=O)OC)cc(C(=O)OC)nc1-2,O=C1C(=O)c2[nH]ccc2-c2ncccc21,28,386.32,4,3,1.21,11760834,"1,2-benzoquinone"
O=C1C(=O)c2cc3cc4cc5ccccc5cc4cc3cc2C=C1Oc1ccccc1,O=C1C(=O)c2cc3cc4cc5ccccc5cc4cc3cc2C=C1Oc1ccccc1,31,400.43,2,6,6.33,129673274,"1,2-naphthoquinone"
N#Cc1ccc(-n2nnc3c2C(=O)c2ccccc2C3=O)cc1,O=C1c2ccccc2C(=O)c2c1nnn2-c1ccccc1,23,300.28,1,4,1.91,147977685,"1,4-naphthoquinone"
O=C1C=C(NCCCCC2CCCCC2)c2ccccc2C1=O,O=C1C=C(NCCCCC2CCCCC2)c2ccccc2C1=O,23,311.43,6,3,4.13,267580,"1,2-benzoquinone"
O=C1C(=O)c2ccccc2C(O)=C1CCCc1ccc(C2CCCCCC2)cc1,O=C1C(=O)c2ccccc2C=C1CCCc1ccc(C2CCCCCC2)cc1,29,388.51,5,4,6.18,270723,"1,2-benzoquinone"
CCN1CC(C(=O)C=CC2=CC(=O)C(=O)C=C2)=Cc2cc(F)c(N3CCN(C)CC3)cc21,O=C1C=CC(C=CC(=O)C2=Cc3ccc(N4CCNCC4)cc3NC2)=CC1=O,32,435.5,5,4,2.56,175688284,"1,2-benzoquinone"
COc1cc2c(NC3=CC(=O)C(OCc4ccccn4)=CC3=O)ncnc2cc1OCCCN1CCCC1,O=C1C=C(OCc2ccccn2)C(=O)C=C1Nc1ncnc2cc(OCCCN3CCCC3)ccc12,38,515.57,11,5,3.45,11670781,"1,4-benzoquinone"
O=C(OCCCCCCN1CCOCC1)c1cc(O)c2c(c1)C(=O)c1cccc(O)c1C2=O,O=C(OCCCCCCN1CCOCC1)c1ccc2c(c1)C(=O)c1ccccc1C2=O,33,453.49,8,4,2.92,137633234,anthraquinone
COC1=CC(C2c3cc4c(cc3C(NC(=O)N(CCCl)N=O)C3COC(=O)C23)OCO4)=CC(=O)C1=O,O=C1C=CC(C2c3cc4c(cc3CC3COC(=O)C32)OCO4)=CC1=O,36,517.88,6,5,1.88,44313548,"1,2-benzoquinone"
O=C1C=C(C2=CC(=C3C=CN(O)C(F)=C3)ON2)C=C([N+](=O)[O-])C1=O,O=C1C=CC(C2=CC(=C3C=CNC=C3)ON2)=CC1=O,24,333.23,2,3,0.93,67037143,"1,2-benzoquinone"
O=C1c2ccccc2C(=O)c2c1ccc(C(=O)N1CCN(c3ccccn3)CC1)c2NCCO,O=C1c2ccccc2C(=O)c2cc(C(=O)N3CCN(c4ccccn4)CC3)ccc21,34,456.5,5,5,2.22,46504441,anthraquinone
CCOCc1c(O)cc2c(c1O)C(=O)c1ccc(OC)cc1C2=O,O=C1c2ccccc2C(=O)c2ccccc21,24,328.32,4,3,2.42,11724003,anthraquinone
Cc1c(CN2CCOCC2)oc2c1C(=O)C(=O)c1ccccc1-2,O=C1C(=O)c2cc(CN3CCOCC3)oc2-c2ccccc21,23,311.34,2,4,2.47,90682678,"1,2-benzoquinone"
CC1=C(N)C(=O)c2c(COC(N)=O)c3n(c2C1=O)CC(N)C3O,O=C1C=CC(=O)c2c1cc1n2CCC1,23,320.31,2,3,-0.93,5288782,"1,4-benzoquinone"
CC(=O)OCC1OC(OC2=CC(=O)c3c(O)cccc3C2=O)C(OC(C)=O)C(OC(C)=O)C1OC(C)=O,O=C1C=C(OC2CCCCO2)C(=O)c2ccccc21,37,520.44,7,3,0.75,3066827,"1,4-naphthoquinone"
O=C1c2ccccc2C(=O)c2c1cc(NS(=O)(=O)c1ccc(-c3ccc(F)cc3)cc1)c(O)c2O,O=C1c2ccccc2C(=O)c2cc(NS(=O)(=O)c3ccc(-c4ccccc4)cc3)ccc21,35,489.48,4,5,4.48,162666586,"1,4-benzoquinone"
CCC1=CCc2c(O)c3c(c(O)c2C1C(=O)OC)C(=O)c1cccc(O)c1C3=O,O=C1c2ccccc2C(=O)c2cc3c(cc21)CC=CC3,29,394.38,2,4,2.73,149526,anthraquinone
O=C1c2cnccc2C(=O)c2nc3cc(OC(F)(F)F)ccc3nc21,O=C1c2ccncc2C(=O)c2nc3ccccc3nc21,25,345.24,1,4,2.7,44422254,"1,4-benzoquinone"
O=C1C(=O)c2ccccc2C(O)=C1c1cccc(F)c1,O=C1C(=O)c2ccccc2C=C1c1ccccc1,20,268.24,1,3,3.02,825426,"1,2-benzoquinone"
CC1CC=C2C(CCCC2(C)C)C1(C)CC1=C(O)C(NCCc2ccccc2)=CC(=O)C1=O,O=C1C=C(NCCc2ccccc2)C=C(CC2CCC=C3CCCCC32)C1=O,33,447.62,6,4,5.86,45380089,"1,2-benzoquinone"
O=c1ccc(=O)c2c(=O)c3ccccc3c(=O)c1=2,O=c1ccc(=O)c2c(=O)c3ccccc3c(=O)c1=2,18,238.2,0,3,-0.12,137169,"1,4-naphthoquinone"
O=C(NC1CCCNC1)c1cc2c(s1)C(=O)c1c(c(O)c3ccccc3c1O)C2=O,O=C(NC1CCCNC1)c1cc2c(s1)C(=O)c1cc3ccccc3cc1C2=O,30,422.46,2,5,2.57,164621585,"1,4-naphthoquinone"
O=C1C(NS(=O)(=O)c2ccccc2)=C(c2ccoc2)C(=O)c2ccccc21,O=C1C(NS(=O)(=O)c2ccccc2)=C(c2ccoc2)C(=O)c2ccccc21,27,379.39,4,4,3.05,90656649,"1,4-naphthoquinone"
COC1CC(C)(O)Cc2cc3c(c(O)c21)C(=O)c1c(O)cc2c(c1C3=O)OC1OC2(C)C(O)C(N(C)C)C1O,O=C1c2cc3c(cc2C(=O)c2c1ccc1c2OC2CCCC1O2)CCCC3,39,541.55,2,6,0.87,5288818,"1,4-benzoquinone"
Cc1cc2c(NCCN=C(N)N)c3c(c(NCCN=C(N)N)c2o1)C(=O)c1ccccc1C3=O,O=C1c2ccccc2C(=O)c2cc3occc3cc21,34,462.51,8,4,0.89,50994505,anthraquinone
CN1CCc2c[nH]c3c2C1=CC(=O)C3=O,O=C1C=C2NCCc3c[nH]c(c32)C1=O,15,202.21,0,3,0.61,2947,"1,2-benzoquinone"
CCC1(O)CCc2c(O)c3c(c(O)c2C1C(=O)OC)C(=O)c1cccc(O)c1C3=O,O=C1c2ccccc2C(=O)c2cc3c(cc21)CCCC3,30,412.39,2,4,1.92,11611296,anthraquinone
O=C1C(Nc2ccc(N3CCOCC3)cc2)=CC(=O)c2ncncc21,O=C1C(Nc2ccc(N3CCOCC3)cc2)=CC(=O)c2ncncc21,25,336.35,3,4,1.69,130408049,"1,4-benzoquinone"
O=C1c2ccccc2C(=O)c2c1nnn2Cc1cccc(C(=O)N2CCOCC2)c1,O=C1c2ccccc2C(=O)c2c1nnn2Cc1cccc(C(=O)N2CCOCC2)c1,30,402.41,3,5,1.57,122193595,"1,4-benzoquinone"
O=C1C2=C(CC=CC2)C(=O)c2ccccc21,O=C1C2=C(CC=CC2)C(=O)c2ccccc21,16,210.23,0,3,2.71,150862,"1,4-benzoquinone"
COCCOc1cc(N)c2c(c1N)C(=O)c1ccccc1C2=O,O=C1c2ccccc2C(=O)c2ccccc21,23,312.33,4,3,1.65,118430,anthraquinone
COC1=C(N)C(=O)c2c(ccnc2-c2ccc(N)cc2)C1=O,O=C1C=CC(=O)c2c1ccnc2-c1ccccc1,22,295.3,2,3,1.53,15696687,"1,4-benzoquinone"
N#Cc1cc(F)cc(OC2=C(C(F)F)C3=C(SC(F)(F)C3=N)C(=O)C2=O)c1,N=C1CSC2=C1C=C(Oc1ccccc1)C(=O)C2=O,27,400.28,3,3,3.36,121269960,"1,2-benzoquinone"
Cc1nn(CCc2ccc(F)cc2)c2c1C(=O)C(=O)c1ccccc1-2,O=C1C(=O)c2cnn(CCc3ccccc3)c2-c2ccccc21,25,334.35,3,4,3.62,162734611,"1,2-benzoquinone"
CC1=CCC2=C(C)C(=O)C(=O)c3c(C)ccc1c32,O=C1C=C2CC=Cc3cccc(c32)C1=O,18,238.29,0,3,3.34,44393804,"1,2-benzoquinone"
CC(=O)Nc1nc(-c2cc3s[nH]c(-c4c(O)c5cc(F)cc(CCC(C)C)c5[nH]c4=O)nc=3c(=O)c2=O)cs1,O=c1[nH]c2ccccc2cc1-c1nc2c(=O)c(=O)c(-c3cscn3)cc=2s[nH]1,39,567.62,6,5,3.94,136439845,"1,2-benzoquinone"
CCC(=O)OC1CCC2C3CCc4cc(O)ccc4C3CCC12C,c1ccc2c(c1)CCC1C2CCC2CCCC21,24,328.45,2,4,4.57,117591641,"1,2-naphthoquinone"
COC(=O)c1c(OCCN(C)C)c2ccccc2c2oc3c(c12)C(=O)c1ccccc1C3=O,O=C1c2ccccc2C(=O)c2c1oc1c2ccc2ccccc21,33,443.46,5,5,4.09,44407238,"1,4-naphthoquinone"
COc1cc(C)cc(C(=O)O)c1C1=C(O)c2cccc(O)c2C(=O)C1=O,O=C1C(=O)c2ccccc2C=C1c1ccccc1,26,354.31,3,3,2.6,10360755,"1,2-benzoquinone"
O=C1C=C(O)c2ccc(=O)[nH]c2C1=O,O=C1C=Cc2ccc(=O)[nH]c2C1=O,14,191.14,0,2,0.04,269723,"1,2-benzoquinone"
CNC1=C(Br)C(=O)c2ccncc2C1=O,O=C1C=CC(=O)c2cnccc21,15,267.08,1,2,1.29,2596,"1,4-benzoquinone"
O=C1c2ccccc2C(=O)c2c(-c3ccccc3)nsc21,O=C1c2ccccc2C(=O)c2c(-c3ccccc3)nsc21,21,291.33,1,4,3.59,12678680,"1,4-benzoquinone"
O=C1c2cccc(Cl)c2C(=O)c2c1cccc2N1CCCC1,O=C1c2ccccc2C(=O)c2c1cccc2N1CCCC1,22,311.77,1,4,3.72,2917207,anthraquinone
O=C1C(=O)c2ccc(F)cc2C2=C1SCC1(CCN(C(=O)O)CC1)O2,O=C1C(=O)c2ccccc2C2=C1SCC1(CCNCC1)O2,25,363.37,0,4,2.54,140147840,"1,2-benzoquinone"
O=C1C=CC(=O)c2c(C=Cc3ccccc3)cccc21,O=C1C=CC(=O)c2c(C=Cc3ccccc3)cccc21,20,260.29,2,3,3.79,145951871,"1,4-benzoquinone"
O=C(O)Cn1c(O)c(-c2ccc(O)c(O)c2)c2c3c(c(O)c(-c4ccc(O)c(O)c4)c21)=CC(=O)C(=O)C=3,O=C1C=c2cc(-c3ccccc3)c3[nH]cc(-c4ccccc4)c3c2=CC1=O,37,503.42,4,5,1.01,46919794,"1,2-benzoquinone"
CNc1ccc(Br)c2c1C(=O)c1ccccc1C2=O,O=C1c2ccccc2C(=O)c2ccccc21,19,316.15,1,3,3.27,31418,"1,4-benzoquinone"
O=c1ccc2c(=O)[nH]c(=O)c=2c1=O,O=c1ccc2c(=O)[nH]c(=O)c=2c1=O,13,177.11,0,2,-1.94,129824850,"1,2-benzoquinone"
O=C1c2ccccc2C(=O)c2c1ccc1c(=O)c3c(ccc4ccccc43)[nH]c21,O=C1c2ccccc2C(=O)c2c1ccc1c(=O)c3c(ccc4ccccc43)[nH]c21,29,375.38,0,6,4.61,77329,anthraquinone
Nc1c(Oc2ccc(S(=O)(=O)Nc3ccc(O)cc3)cc2)cc(O)c2c1C(=O)c1ccccc1C2=O,O=C1c2ccccc2C(=O)c2cc(Oc3ccc(S(=O)(=O)Nc4ccccc4)cc3)ccc21,36,502.5,5,5,4.05,3019703,anthraquinone
O=C(CCCCC1SCC2NC(=O)NC21)NCCCCCCNC(=O)COC1=CC(=O)c2c(O)cccc2C1=O,O=C(CCCCC1SCC2NC(=O)NC21)NCCCCCCNC(=O)COC1=CC(=O)c2ccccc2C1=O,40,572.68,15,4,2.19,162645768,"1,4-naphthoquinone"
Cn1c(N)c(C(C2=C(O)c3ccccc3C(=O)C2=O)c2cccc(O)c2)c(=O)n(C)c1=O,O=C1C(=O)c2ccccc2C=C1C(c1ccccc1)c1c[nH]c(=O)[nH]c1=O,32,433.42,3,4,1.24,134694568,"1,2-naphthoquinone"
O=C(OCC#CCOC1=C(OCC#CCOC(=O)c2ccccc2)C(=O)c2ncccc2C1=O)c1ccccc1,O=C(OCC#CCOC1=C(OCC#CCOC(=O)c2ccccc2)C(=O)c2ncccc2C1=O)c1ccccc1,40,535.51,8,4,3.43,137649736,"1,4-benzoquinone"
O=C1c2ccccc2C(=O)c2ncccc21,O=C1c2ccccc2C(=O)c2ncccc21,16,209.2,0,3,1.86,323141,"1,4-benzoquinone"
Nc1ccc2c(c1)C(=O)C(=O)c1c-2nc2ccccn12,O=C1C(=O)c2c(nc3ccccn23)-c2ccccc21,20,263.26,0,4,1.96,70287067,"1,2-benzoquinone"
O=C1C=CC=C(c2ccc(-c3ccccc3)cc2)C1=O,O=C1C=CC=C(c2ccc(-c3ccccc3)cc2)C1=O,20,260.29,2,3,3.45,129729786,"1,2-benzoquinone"
Nc1c(Oc2ccccc2)cc(O)c2c1C(=O)c1ccccc1C2=O,O=C1c2ccccc2C(=O)c2cc(Oc3ccccc3)ccc21,25,331.33,2,4,3.54,28531,"1,4-benzoquinone"
O=C1C=C(c2cnc3ccccc3c2)C(=O)c2ccccc21,O=C1C=C(c2cnc3ccccc3c2)C(=O)c2ccccc21,22,285.3,1,4,3.7,162664194,"1,4-naphthoquinone"
O=C1c2ccccc2C(=O)c2[nH]ncc21,O=C1c2ccccc2C(=O)c2[nH]ncc21,15,198.18,0,3,1.19,301369,"1,4-naphthoquinone"
O=C(O)c1cc2oc3ccccc3c3ccccc3oc2cc1C(=O)Nc1ccc(F)cc1,O=C(Nc1ccccc1)c1ccc2oc3ccccc3c3ccccc3oc2c1,33,441.41,3,5,6.55,1218402,"1,2-benzoquinone"
COC1=CC(=O)C(=O)c2c1ccc1c(OC)c(OC)c(OC)cc21,O=C1C=Cc2ccc3ccccc3c2C1=O,24,328.32,4,3,2.62,129820021,"1,2-naphthoquinone"
CC1(C)OC2=C(C(=O)C(=O)c3ccccc32)C1Sc1ccccc1,O=C1C(=O)c2ccccc2C2=C1C(Sc1ccccc1)CO2,24,336.41,2,4,4.13,122182543,"1,2-benzoquinone"
COC1=C(N)C(=O)c2c(ccnc2-c2ccccn2)C1=O,O=C1C=CC(=O)c2c1ccnc2-c1ccccn1,21,281.27,2,3,1.34,15696681,"1,4-benzoquinone"
O=C1C=C(N2CCN(c3ccccn3)CC2)C(=O)c2c(O)ccc(O)c21,O=C1C=C(N2CCN(c3ccccn3)CC2)C(=O)c2ccccc21,26,351.36,2,4,1.58,376947,"1,4-benzoquinone"
COC1=CC(C2c3cc4c(cc3C(=O)C3COC(=O)C32)OCO4)=CC(=O)C1=O,O=C1C=CC(C2c3cc4c(cc3C(=O)C3COC(=O)C32)OCO4)=CC1=O,28,382.32,2,5,1.09,44584657,"1,2-benzoquinone"
O=C1C(=O)c2[nH]c3ccccc3c2-c2ccccc21,O=C1C(=O)c2[nH]c3ccccc3c2-c2ccccc21,19,247.25,0,4,3.21,11207363,"1,2-naphthoquinone"
C=C(C)CCCc1c(C)ccc2c1C(=O)C(=O)C(C(C)C)=C2O,O=C1C=Cc2ccccc2C1=O,23,312.41,5,2,4.58,821448,"1,2-benzoquinone"
COC1=C(OC)C(=O)C(CCCCCCCCCCO)=C(C)C1=O,O=C1C=CC(=O)C=C1,24,338.44,12,1,3.46,3686,"1,4-benzoquinone"
COC12C(COC(N)=O)C3=C(C(=O)C(CSc4ccc([N+](=O)[O-])cc4)=C(N)C3=O)N1CC1NC12,O=C1C=C(CSc2ccccc2)C(=O)C2=C1CC1C3NC3CN21,34,487.49,7,5,0.03,10435546,"1,4-benzoquinone"
O=C1c2ccccc2C(=O)c2c1cccc2N1CCN(CCO)CC1,O=C1c2ccccc2C(=O)c2c1cccc2N1CCNCC1,25,336.39,3,4,1.58,2889110,"1,4-benzoquinone"
O=C1C(Cl)=C(NCCc2ccccc2)C(=O)c2ccccc21,O=C1C=C(NCCc2ccccc2)C(=O)c2ccccc21,22,311.77,4,3,3.35,237490,"1,4-benzoquinone"
O=C(NCCN1CCOCC1)c1cc(O)c2c(c1)C(=O)c1cccc(O)c1C2=O,O=C(NCCN1CCOCC1)c1ccc2c(c1)C(=O)c1ccccc1C2=O,29,396.4,4,4,0.94,134144173,anthraquinone
COc1cc(O)c2c(c1)C(=O)c1cc3c(c(O)c1C2=O)C(O)CC(C)(O)C3,O=C1c2ccccc2C(=O)c2cc3c(cc21)CCCC3,27,370.36,1,4,1.61,102111462,anthraquinone
O=C1C(=O)c2ccccc2C(O)=C1n1nnc2ccccc21,O=C1C(=O)c2ccccc2C=C1n1nnc2ccccc21,22,291.27,1,4,2.08,3505824,"1,2-benzoquinone"
O=Cc1ccc2c(c1)C(=O)c1ccccc1C2=O,O=C1c2ccccc2C(=O)c2ccccc21,18,236.23,1,3,2.27,344310,"1,4-benzoquinone"
O=C1C=C(N2CCOCC2)c2ccccc2C1=O,O=C1C=C(N2CCOCC2)c2ccccc2C1=O,18,243.26,1,3,1.13,272529,"1,2-benzoquinone"
O=C1c2ccccc2C(=O)c2cc(S(=O)(=O)N3C(=O)NC4(CC5CCC4C5)C3=O)ccc21,O=C1c2ccccc2C(=O)c2cc(S(=O)(=O)N3C(=O)NC4(CC5CCC4C5)C3=O)ccc21,32,450.47,2,6,2.26,71718534,anthraquinone
N#Cc1snc2sc3c(=O)c4ccccc4c(=O)c=3sc12,O=c1c2sc3csnc3sc=2c(=O)c2ccccc12,21,328.4,0,4,2.89,139598001,"1,4-benzoquinone"
CC(C)=CCC(OC(=O)c1cc2cccc(C(C)(C)C)c2o1)C1=CC(=O)c2c(O)ccc(O)c2C1=O,O=C(OCC1=CC(=O)c2ccccc2C1=O)c1cc2ccccc2o1,36,488.54,5,4,6.03,162668305,"1,4-naphthoquinone"
NCCC1=CC(=O)C(=O)C=C1,O=C1C=CC=CC1=O,11,151.16,2,1,-0.03,162602,"1,2-benzoquinone"
O=C1C(Cl)=C(NCCN2CCOCC2)C(=O)c2ncccc21,O=C1C=C(NCCN2CCOCC2)C(=O)c2ncccc21,22,321.76,4,3,0.83,379077,"1,4-benzoquinone"
CCOC(=O)C1CCCN(C(=O)c2c(C)oc3c2C(=O)c2ccccc2C3=O)C1,O=C1c2ccccc2C(=O)c2c(C(=O)N3CCCCC3)coc21,29,395.41,3,4,2.78,4102620,"1,4-benzoquinone"
Cc1cc2c(cc1C)-c1oc(CNCCNC(=O)C=Cc3cccnc3)c(C)c1C(=O)C2=O,O=C(C=Cc1cccnc1)NCCNCc1cc2c(o1)-c1ccccc1C(=O)C2=O,33,443.5,7,4,3.57,168277400,"1,2-benzoquinone"
O=C(CN1CCCCC1)Nc1ccc2c(c1)C(=O)c1cc(NC(=O)CN3CCCCC3)ccc1C2=O,O=C(CN1CCCCC1)Nc1ccc2c(c1)C(=O)c1cc(NC(=O)CN3CCCCC3)ccc1C2=O,36,488.59,6,5,3.31,44568668,"1,4-benzoquinone"
Cc1cccc(NCc2oc3c(c2C)C(=O)C(=O)c2ccccc2-3)c1,O=C1C(=O)c2cc(CNc3ccccc3)oc2-c2ccccc21,25,331.37,3,4,4.55,90682688,"1,2-benzoquinone"
COC(=O)C1=C(C)CC(=O)c2c1cc1c(c2O)C(=O)c2c(O)cccc2C1=O,O=C1CC=Cc2cc3c(cc21)C(=O)c1ccccc1C3=O,28,378.34,1,4,2.41,5289026,"1,4-benzoquinone"
CC1=CC(C)CCC2OC(C3=c4c(O)c(oc4=C(C)C(=O)C3=O)C(C)CC(C)C1)C(C)C(O)C2C,O=C1C=c2oc3cc2=C(C1=O)C1CCCC(CCCC=CCCCC3)O1,35,484.63,0,4,3.75,178299351,"1,2-benzoquinone"
CCCCCCCCCCCCCCSC1=C(O)c2ncccc2C(=O)C1=O,O=C1C=Cc2ncccc2C1=O,28,403.59,14,2,6.51,44370213,"1,2-benzoquinone"
O=C(C=Cc1ccc(C=NCc2cccs2)cc1)c1cccc2c1C(=O)c1ccccc1C2=O,O=C(C=Cc1ccc(C=NCc2cccs2)cc1)c1cccc2c1C(=O)c1ccccc1C2=O,34,461.54,6,5,6.04,72947671,anthraquinone
COc1cc(=O)c2c(=O)c3c(c(=O)c=2c1=O)=C(O)C1(O)c2c(cc4cc(C)oc(=O)c4c2O)CCC1(O)C=3O,O=c1ccc(=O)c2c(=O)c3c(c(=O)c1=2)=CC1CCc2cc4ccoc(=O)c4cc2C1C=3,39,534.43,1,6,-2.23,135469160,"1,4-benzoquinone"
COc1ccc(SCC2=C(O)c3ccccc3C(=O)C2=O)cc1,O=C1C(=O)c2ccccc2C=C1CSc1ccccc1,23,326.37,4,3,3.52,71569074,"1,2-benzoquinone"
O=C1c2ccccc2C(=O)c2c1cc(NS(=O)(=O)c1ccc(C3CCCCC3)cc1)c(O)c2O,O=C1c2ccccc2C(=O)c2cc(NS(=O)(=O)c3ccc(C4CCCCC4)cc3)ccc21,34,477.54,4,5,4.72,162658547,"1,4-benzoquinone"
Cc1cccc2c3c(ccc12)C(=O)C(=O)C1=C3OCC1C,O=C1C(=O)c2ccc3ccccc3c2C2=C1CCO2,21,278.31,0,4,3.29,44425164,"1,2-benzoquinone"
COC1=CC(=O)c2c(c(COc3ccc([N+](=O)[O-])cc3)c(C)n2C)C1=O,O=C1C=CC(=O)c2c(COc3ccccc3)c[nH]c21,26,356.33,5,3,2.73,4470790,"1,4-benzoquinone"
CC1(C)CCC2=C(O1)c1ccc(Cl)cc1C(=O)C2=O,O=C1C(=O)c2ccccc2C2=C1CCCO2,19,276.72,0,3,3.41,44176961,"1,2-benzoquinone"
CC1(CC=CC2=C(O)c3ccccc3C(=O)C2=O)OCCO1,O=C1C(=O)c2ccccc2C=C1C=CCC1OCCO1,22,300.31,3,3,2.43,10935462,"1,2-benzoquinone"
CN1CCN(c2ccc(NC3=CC(=O)c4cccnc4C3=O)cc2)CC1,O=C1C=C(Nc2ccc(N3CCNCC3)cc2)C(=O)c2ncccc21,26,348.41,3,4,2.21,145959131,"1,4-benzoquinone"
CC(C)C1=C(O)C2=C(CC34CCCC(C)(CO3)C4C=C2)C(=O)C1=O,O=C1C=CC2=C(CC34CCCC(CO3)C4C=C2)C1=O,24,328.41,1,4,3.44,101936039,"1,2-benzoquinone"
O=C(CCN(CCO)CCO)Nc1ccc2c(c1)C(=O)c1ccc(NC(=O)CCN(CCO)CCO)cc1C2=O,O=C1c2ccccc2C(=O)c2ccccc21,40,556.62,16,3,-0.31,374318,"1,4-naphthoquinone"
CC1=C(N2CCOCC2)C(N2CCOCC2)=C(C)C(=O)C1=O,O=C1C=C(N2CCOCC2)C(N2CCOCC2)=CC1=O,22,306.36,2,3,0.35,336021,"1,2-benzoquinone"
O=C1C=CC(=O)C2=C1C(O)CCC21Oc2cccc3cccc(c23)O1,O=C1C=CC(=O)C2=C1CCCC21Oc2cccc3cccc(c23)O1,25,334.33,0,5,2.47,25147587,"1,4-benzoquinone"
COC1=CC(=O)c2cc3c4c(cc(OC)c(OC)c4c2C1=O)CCN3,O=C1C=CC(=O)c2c1cc1c3c(cccc23)CCN1,25,339.35,3,4,2.73,10830917,"1,4-naphthoquinone"
CC(=O)Nc1ccc(C(C2=C(O)c3ccccc3C(=O)C2=O)C2=C(O)c3ccccc3C(=O)C2=O)cc1,O=C1C(=O)c2ccccc2C=C1C(C1=Cc2ccccc2C(=O)C1=O)c1ccccc1,37,493.47,4,5,4.2,272653,"1,2-benzoquinone"
COC1=CC(=O)C2=C(CC3(C)C(=C2)C(CO)=CCC3O)C1=O,O=C1C=CC(=O)C2=C1C=C1C=CCCC1C2,22,302.33,2,3,0.98,404386,"1,4-benzoquinone"
O=C1c2ccccc2C(=O)c2c1nc1ccccn21,O=C1c2ccccc2C(=O)c2c1nc1ccccn21,19,248.24,0,4,2.11,1530613,"1,4-benzoquinone"
CC(=O)NC1=C(NC2CCS(=O)(=O)C2)C(=O)c2ccccc2C1=O,O=C1C=C(NC2CCS(=O)(=O)C2)C(=O)c2ccccc21,24,348.38,3,3,0.19,3661963,"1,4-benzoquinone"
O=C1c2ccccc2C(=O)c2c1sc1nc3ccccc3n21,O=C1c2ccccc2C(=O)c2c1sc1nc3ccccc3n21,22,304.33,0,5,3.32,380630,"1,4-naphthoquinone"
Cc1cccc2c3c(ccc12)C(O)=C(C(C)CO)C(=O)C3=O,O=C1C=Cc2ccc3ccccc3c2C1=O,22,296.32,2,3,2.81,149138,"1,2-benzoquinone"
O=C1c2ccccc2C(=O)c2c1nnn2-c1cnc(Cl)c(Cl)c1,O=C1c2ccccc2C(=O)c2c1nnn2-c1cccnc1,23,345.14,1,4,2.74,148651756,"1,4-naphthoquinone"
CC1=CC(=O)C(=O)C2=C1OC1(C2)C(C)CCC2C3(C)CCC(O)C(C)(C)C3CCC21C,O=C1C=CC2=C(CC3(CCCC4C5CCCCC5CCC43)O2)C1=O,31,426.6,0,5,5.15,44297772,"1,2-benzoquinone"
COC1=C(OC)C(=O)C(C2COc3cc(OC)ccc3C2)=CC1=O,O=C1C=CC(=O)C(C2COc3ccccc3C2)=C1,24,330.34,4,3,1.83,44575522,"1,4-benzoquinone"
COC1=CC(=O)C(=O)c2oc3c(c21)COc1cc(OC)ccc1-3,O=C1C=Cc2c(oc3c2COc2ccccc2-3)C1=O,23,312.28,2,4,2.6,44257495,"1,2-benzoquinone"
CCCC1=C(F)C(O)=C(CC=C(C)CCC=C(C)C)C(=O)C1=O,O=C1C=CC=CC1=O,23,320.4,7,1,5.06,177067652,"1,2-benzoquinone"
COc1nsc2c1C(=O)c1c(O)cccc1C2=O,O=C1c2ccccc2C(=O)c2sncc21,18,261.26,1,3,1.63,10332864,"1,4-benzoquinone"
Cc1c[nH]c2c1C(N(C)Cc1ccccc1)=CC(=O)C2=O,O=C1C=C(NCc2ccccc2)c2cc[nH]c2C1=O,21,280.33,3,3,2.56,16216457,"1,2-benzoquinone"
Cc1cc(O)c2c(c1)CC(O)c1c(O)c3c(c(O)c1-2)C(=O)C=CC3=O,O=C1C=CC(=O)c2cc3c(cc21)CCc1ccccc1-3,25,338.32,0,4,2.3,51354812,"1,4-benzoquinone"
C=C1CCCC2C1(C)CCC(C)C2(C)CC1=C(O)C(N)=CC(=O)C1=O,C=C1CCCC2C(CC3=CC=CC(=O)C3=O)CCCC12,25,343.47,2,3,3.98,3081931,"1,2-benzoquinone"
O=C1CC(c2c(F)cccc2F)C2=C(N1)c1ccccc1C(=O)C2=O,O=C1CC(c2ccccc2)C2=C(N1)c1ccccc1C(=O)C2=O,25,339.3,1,4,2.75,162676517,"1,2-benzoquinone"
O=C1C(=O)c2cc(-c3ccccc3)oc2-c2ccccc21,O=C1C(=O)c2cc(-c3ccccc3)oc2-c2ccccc21,21,274.27,1,4,3.99,10912707,"1,2-benzoquinone"
CC1=CCCC2(C)C1=C(O)C(=O)c1cc3c(cc12)C(=O)C=CC3=O,O=C1C=CC(=O)c2cc3c(cc21)C(=O)C=C1C=CCCC13,24,320.34,0,4,3.63,46927876,"1,4-benzoquinone"
COc1ccc(-c2c3c(nc4ncnn24)-c2ccccc2C(=O)C3=O)cc1,O=C1C(=O)c2c(nc3ncnn3c2-c2ccccc2)-c2ccccc21,27,356.34,2,5,2.85,71817373,"1,2-benzoquinone"
Nc1ccc(-c2ccc(N)c3c2C(=O)c2ccccc2C3=O)c2c1C(=O)c1ccccc1C2=O,O=C1c2ccccc2C(=O)c2c1cccc2-c1cccc2c1C(=O)c1ccccc1C2=O,34,444.45,1,6,4.07,77669,"1,4-benzoquinone"
CCOc1ccc(C2CCC3=C(O2)c2ccccc2C(=O)C3=O)cc1,O=C1C(=O)c2ccccc2C2=C1CCC(c1ccccc1)O2,25,334.37,3,4,4.11,53328543,"1,2-benzoquinone"
COC(=O)c1cccc(NC2c3cc4c(cc3C(C3=CC(=O)C(=O)C(OC)=C3)C3C(=O)OCC23)OCO4)c1,O=C1C=CC(C2c3cc4c(cc3C(Nc3ccccc3)C3COC(=O)C23)OCO4)=CC1=O,38,517.49,5,6,2.85,44584593,"1,2-benzoquinone"
O=C1C(N2CCOCC2)=C(n2nnc3ccccc32)C(=O)c2ccccc21,O=C1C(N2CCOCC2)=C(n2nnc3ccccc32)C(=O)c2ccccc21,27,360.37,2,5,2.01,1405137,"1,4-benzoquinone"
O=C1C(=O)c2cc(F)sc2-c2sc(F)cc21,O=C1C(=O)c2ccsc2-c2sccc21,16,256.25,0,3,3.13,68267080,"1,2-benzoquinone"
O=C1c2ccccc2C(=O)c2c1cc(NS(=O)(=O)c1ccc(Cl)s1)c(O)c2O,O=C1c2ccccc2C(=O)c2cc(NS(=O)(=O)c3cccs3)ccc21,28,435.87,3,4,3.39,162645562,"1,4-benzoquinone"
CCOC(=O)C(C(=O)OCC)c1cc(Br)c2noc3c2c1C(=O)c1ccccc1-3,O=C1c2ccccc2-c2onc3cccc1c23,29,458.26,5,4,4.01,659226,"1,4-benzoquinone"
O=C(OCCCCCN1CCN(CCO)CC1)c1cc(O)c2c(c1)C(=O)c1cccc(O)c1C2=O,O=C(OCCCCCN1CCNCC1)c1ccc2c(c1)C(=O)c1ccccc1C2=O,35,482.53,9,4,1.81,137647524,anthraquinone
CN(C)CCCOC1C(C(O)CO)OC2OC(C)(C)OC21,C1CC2OCOC2O1,21,305.37,7,2,-0.45,117592062,"1,2-naphthoquinone"
CC1=CC(=O)C2=C(O)c3c(O)cccc3C34Oc5c(ccc6c5C(=O)c5c(O)cc(C)cc5C6=O)C23C1C(C)O4,O=C1C=CC2COC34Oc5c(ccc6c5C(=O)c5ccccc5C6=O)C23C1=Cc1ccccc14,40,534.52,0,8,4.51,11843167,"1,4-naphthoquinone"
NCCc1c[nH]c2c1C(=O)C(=O)C=C2,O=C1C=Cc2[nH]ccc2C1=O,14,190.2,2,2,0.29,130948,"1,2-benzoquinone"
CC(=O)N(C1=C(N(C)C)C(=O)c2ccccc2C1=O)c1cccc(Cl)c1,O=C1C=C(Nc2ccccc2)C(=O)c2ccccc21,26,368.82,3,3,3.55,2903111,"1,4-benzoquinone"
O=C1c2ccccc2C(=O)c2c1ccc1[nH]c(SCCN3CCOCC3)nc21,O=C1c2ccccc2C(=O)c2c1ccc1[nH]c(SCCN3CCOCC3)nc21,28,393.47,4,5,2.76,53358076,anthraquinone
CC1=C(N)C(=O)C2=C(C1=O)N1CC3C(N3C)C1(O)C2COC(N)=O,O=C1C=CC(=O)C2=C1CC1C3NC3CN21,24,334.33,2,4,-1.96,15572005,"1,4-benzoquinone"
O=C1C(=O)c2ccccc2C(O)=C1CCCCl,O=C1C=Cc2ccccc2C1=O,17,250.68,3,2,2.74,4678554,"1,2-benzoquinone"
O=C(C=Cc1ccc(C=Nc2cccc(C(F)(F)F)c2)cc1)c1cccc2c1C(=O)c1ccccc1C2=O,O=C(C=Cc1ccc(C=Nc2ccccc2)cc1)c1cccc2c1C(=O)c1ccccc1C2=O,38,509.48,5,5,7.13,72947669,anthraquinone
CC(NC1CCNCC1)C(=O)Nc1ccc2c(c1)C(=O)c1ccc(NC(=O)C(C)NC3CCNCC3)cc1C2=O,O=C(CNC1CCNCC1)Nc1ccc2c(c1)C(=O)c1ccc(NC(=O)CNC3CCNCC3)cc1C2=O,40,546.67,8,5,1.8,156017464,anthraquinone
NC1=Cc2ccccc2C(=O)C1=O,O=C1C=Cc2ccccc2C1=O,13,173.17,0,2,0.75,69714344,"1,2-benzoquinone"
CC(=O)NC1=C(N2CCOCC2)C(=O)c2nonc2C1=O,O=C1C=C(N2CCOCC2)C(=O)c2nonc21,21,292.25,2,3,-0.87,540312,"1,4-benzoquinone"
CC12CCc3c(ccc4c3C=CC(=O)C4=O)C1CCC2=O,O=C1C=Cc2c(ccc3c2CCC2C(=O)CCC32)C1=O,21,280.32,0,4,2.86,71355999,"1,2-benzoquinone"
O=C1C=C(NC(=O)c2ccccc2)c2ccccc2C1=O,O=C1C=C(NC(=O)c2ccccc2)c2ccccc2C1=O,21,277.28,2,3,2.22,76309427,"1,2-benzoquinone"
CC(=O)NCCc1cn(C2=C(C)C(=O)C(=O)C(C(C)CCC=C(C)C)=C2O)c2ccccc12,O=C1C=CC(n2ccc3ccccc32)=CC1=O,33,448.56,8,3,4.9,66554348,"1,2-benzoquinone"
NCCNc1ccc(NCCN)c2c1C(=O)c1c(O)ccc(O)c1C2=O,O=C1c2ccccc2C(=O)c2ccccc21,26,356.38,6,3,0.61,125982,"1,4-benzoquinone"
COC1=CC(=O)c2c(O)c(C)c(CC(C)=O)c(O)c2C1=O,O=C1C=CC(=O)c2ccccc21,21,290.27,3,2,1.45,10149,"1,4-benzoquinone"
COC1=CC(=O)C(OC)=C(CCCCCCCCCCO)C1=O,O=C1C=CC(=O)C=C1,23,324.42,12,1,3.07,137650981,"1,4-benzoquinone"
COc1cc(O)c2c(c1)C(=O)c1cccc(OC)c1C2=O,O=C1c2ccccc2C(=O)c2ccccc21,21,284.27,2,3,2.18,10379122,anthraquinone
O=C1C=Cc2c(c(-c3ccccc3)nn2S(=O)(=O)c2ccc(F)cc2)C1=O,O=C1C=Cc2c(c(-c3ccccc3)nn2S(=O)(=O)c2ccccc2)C1=O,27,382.37,3,4,2.7,153507365,"1,2-benzoquinone"
Cc1ccc(Cn2cc(CNC3=C(Cl)C(=O)c4cccnc4C3=O)nn2)cc1,O=C1C=C(NCc2cn(Cc3ccccc3)nn2)C(=O)c2ncccc21,28,393.83,5,4,2.65,139600304,"1,4-benzoquinone"
CN(C)C(=Nc1ccc2c(c1)C(=O)c1ccc(N=C(C3CC3)N(C)C)cc1C2=O)C1CC1,O=C1c2ccc(N=CC3CC3)cc2C(=O)c2ccc(N=CC3CC3)cc21,32,428.54,4,5,4.47,53724710,anthraquinone
COc1cc(C(=O)SC(CC=C(C)C)c2cc(OC)c3c(c2OC)C(=O)C=CC3=O)cc(OC)c1OC,O=C(SCc1ccc2c(c1)C(=O)C=CC2=O)c1ccccc1,37,526.61,10,3,5.64,141743015,"1,4-benzoquinone"
O=C1c2ccccc2C(=O)c2c1ccc1c(=O)n(C3CCCCC3)[nH]c21,O=C1c2ccccc2C(=O)c2c1ccc1c(=O)n(C3CCCCC3)[nH]c21,26,346.39,1,5,3.61,2847852,"1,4-benzoquinone"
Cc1ccc(C(=O)Nc2c(NC(=O)CN3CCOCC3)ccc3c2C(=O)c2ccccc2C3=O)cc1,O=C(CN1CCOCC1)Nc1ccc2c(c1NC(=O)c1ccccc1)C(=O)c1ccccc1C2=O,36,483.52,5,5,3.29,53374687,anthraquinone
CCN1CCN(c2cc(N3CCN(C(=O)c4ccco4)CC3)c3c4c(onc24)-c2ccccc2C3=O)CC1,O=C1c2ccccc2-c2onc3c(N4CCNCC4)cc(N4CCN(C(=O)c5ccco5)CC4)c1c23,38,511.58,4,7,3.74,20868233,anthraquinone
O=C1C(=O)c2ccccc2C(O)=C1C(C[N+](=O)[O-])c1ccc(Br)cc1,O=C1C(=O)c2ccccc2C=C1Cc1ccccc1,25,402.2,4,3,3.54,139038724,"1,2-naphthoquinone"
CC(=O)NC1=CC=CC(=O)C1=O,O=C1C=CC=CC1=O,12,165.15,1,1,-0.29,129713443,"1,2-benzoquinone"
O=C1C=C(N2CCOCC2)c2cnccc2C1=O,O=C1C=C(N2CCOCC2)c2cnccc2C1=O,18,244.25,1,3,0.52,363436,"1,2-benzoquinone"
O=C(Nc1cccc2c1C(=O)c1ccccc1C2=O)c1ccccc1Cl,O=C(Nc1cccc2c1C(=O)c1ccccc1C2=O)c1ccccc1,26,361.78,2,4,4.37,2839048,anthraquinone
CC(=O)OC1C(Oc2cc(O)c3c(c2)C(=O)c2cc(C)cc(O)c2C3=O)OC(C)C(O)C1OC(C)=O,O=C1c2ccccc2C(=O)c2cc(OC3CCCCO3)ccc21,36,500.46,4,4,1.53,25107460,"1,4-naphthoquinone"
CCN(CC)CCCn1c(C=Cc2ccccc2)nc2c1-c1ccccc1C(=O)C2=O,O=C1C(=O)c2nc(C=Cc3ccccc3)[nH]c2-c2ccccc21,31,413.52,8,4,4.83,5368047,"1,2-naphthoquinone"
O=C1c2cccc(O)c2C(=O)c2c(O)cc(C(=O)N3CCN(c4nccs4)CC3)cc21,O=C1c2ccccc2C(=O)c2cc(C(=O)N3CCN(c4nccs4)CC3)ccc21,31,435.46,2,5,2.29,171785315,anthraquinone
O=C(O)c1ccc(Cn2nnc3c2C(=O)c2ccccc2C3=O)cc1,O=C1c2ccccc2C(=O)c2c1nnn2Cc1ccccc1,25,333.3,3,4,1.8,122193591,"1,4-benzoquinone"
[N-]=[N+]=Nc1c(N=[N+]=[N-])c2c3c(ccc2c2ccccc12)C(=O)C(=O)C=C3,O=C1C=Cc2c(ccc3c2ccc2ccccc23)C1=O,26,340.3,2,4,5.66,19774908,"1,2-naphthoquinone"
O=C1c2ccccc2C(=O)c2c1cccc2N1CCOCC1,O=C1c2ccccc2C(=O)c2c1cccc2N1CCOCC1,22,293.32,1,4,2.3,304457,"1,4-benzoquinone"
O=C1C(Nc2ccccc2)=C(NS(=O)(=O)c2ccccc2)C(=O)c2ccccc21,O=C1C(Nc2ccccc2)=C(NS(=O)(=O)c2ccccc2)C(=O)c2ccccc21,29,404.45,5,4,3.37,5019739,"1,4-benzoquinone"
O=C1C(NCc2ccc(F)cc2)=CC(=O)c2ncncc21,O=C1C(NCc2ccccc2)=CC(=O)c2ncncc21,21,283.26,3,3,1.67,130408029,"1,4-benzoquinone"
Cc1[nH]c2ccccc2c1C1=C(Cl)C(=O)C(Cl)=C(N2CCOCC2)C1=O,O=C1C=C(c2c[nH]c3ccccc23)C(=O)C(N2CCOCC2)=C1,26,391.25,2,4,3.36,163322347,"1,4-benzoquinone"
CC1(C)SC2=C(C1=O)C(Br)=C(Oc1cc(F)cc(Cl)c1)C(=O)C2=O,O=C1CSC2=C1C=C(Oc1ccccc1)C(=O)C2=O,24,431.67,2,3,3.96,118164981,"1,2-benzoquinone"
Cc1oc2c(c1C(=O)NC1CCS(=O)(=O)C1)C(=O)c1ccccc1C2=O,O=C(NC1CCS(=O)(=O)C1)c1coc2c1C(=O)c1ccccc1C2=O,26,373.39,2,4,1.28,16432354,"1,4-benzoquinone"
COC(=O)CC1Cc2c(O)c3c(c(O)c2C(C)O1)C(=O)C1=C(C3=O)C2CC(O)C1(O)C(C)O2,O=C1C2=C(C(=O)c3cc4c(cc31)COCC4)C1CCC2CO1,33,460.44,2,6,0.62,3048743,"1,4-naphthoquinone"
CNC1CCC(c2ccc3c(c2O)C(=O)c2cc(SC)c4cc(C)cc(O)c4c2C3=O)OC1C,O=C1c2cc(C3CCCCO3)ccc2C(=O)c2c1ccc1ccccc21,34,477.58,3,5,4.88,156580826,"1,4-naphthoquinone"
Cc1cc(O)c2c(c1)C(=O)c1cc(O)c(-c3c(O)cc4c(O)c5c(cc4c3O)CC(C)(O)CC5=O)c(O)c1C2=O,O=C1CCCc2cc3cc(-c4ccc5c(c4)C(=O)c4ccccc4C5=O)ccc3cc21,40,542.5,1,6,3.7,71717072,"1,4-naphthoquinone"
Cc1ccc(Nc2cccc3c2C(=O)c2c(Nc4ccc(C)cc4)cccc2C3=O)cc1,O=C1c2cccc(Nc3ccccc3)c2C(=O)c2c(Nc3ccccc3)cccc21,32,418.5,4,5,6.57,66500,"1,4-benzoquinone"
COC1=C(O)c2cc3c(c(O)c2C(=O)C1=O)C=CC(C)O3,O=C1C=Cc2cc3c(cc2C1=O)C=CCO3,21,288.25,1,3,1.82,156581499,"1,2-benzoquinone"
Cc1ccc(S(=O)(=O)OCc2ccc3c(c2)C(=O)c2ccccc2C3=O)cc1,O=C1c2ccccc2C(=O)c2cc(COS(=O)(=O)c3ccccc3)ccc21,28,392.43,4,4,3.68,44274410,anthraquinone
CCOC1=CC2=C(C(=O)C(Cl)=CC2=O)C2CN(S(=O)(=O)c3ccc(C)cc3)C(c3ccccc3)C12,O=C1C=CC(=O)C2=C1C=CC1C2CN(S(=O)(=O)c2ccccc2)C1c1ccccc1,35,510.01,5,5,4.48,51358972,"1,4-benzoquinone"
O=C1c2ccccc2C(=O)c2c(Nc3ccc4c5c(cccc35)C(=O)c3ccccc3-4)cccc21,O=C1c2ccccc2C(=O)c2c(Nc3ccc4c5c(cccc35)C(=O)c3ccccc3-4)cccc21,35,451.48,2,7,6.57,66496,"1,4-benzoquinone"
O=C(OC1=C(C2CCC(c3ccc(Cl)cc3)CC2)C(=O)c2ccccc2C1=O)c1ccc(F)cc1,O=C(OC1=C(C2CCC(c3ccccc3)CC2)C(=O)c2ccccc2C1=O)c1ccccc1,35,488.94,4,5,6.94,44514579,"1,4-benzoquinone"
O=C1C(=O)c2c(Cc3ccc(F)cc3)coc2C(Br)=C1Br,O=C1C=Cc2occ(Cc3ccccc3)c2C1=O,21,414.02,2,3,4.23,90975553,"1,2-benzoquinone"
O=C1C=C(O)C(c2ccc3c(c2)Sc2ccccc2S3)=CC1=O,O=C1C=CC(c2ccc3c(c2)Sc2ccccc2S3)=CC1=O,23,338.41,1,4,4.28,51041919,"1,2-benzoquinone"
COC1C=CC=CC=CCC(O)C(C)C(O)C(C)=CCCC2=CC(=O)C=C(NC(=O)C1)C2=O,O=C1C=C2CCC=CCCCCC=CC=CC=CCCC(=O)NC(=C1)C2=O,33,455.55,1,2,2.63,6440886,"1,4-benzoquinone"
O=C1C=Cc2c(nc3ccccn23)C1=O,O=C1C=Cc2c(nc3ccccn23)C1=O,15,198.18,0,3,1.11,91317723,"1,2-benzoquinone"
COC1=CC(=O)c2cc(C)cc(O)c2C1=O,O=C1C=CC(=O)c2ccccc21,16,218.21,1,2,1.61,5276616,"1,4-benzoquinone"
COc1ccc2c3c([nH]c2c1CC=C(C)C)C(=O)C=C(C)C3=O,O=C1C=CC(=O)c2c1[nH]c1ccccc21,23,309.37,3,3,4.01,375141,"1,4-benzoquinone"
Cc1c(C2=CC(=O)C(=O)c3ccccc32)[nH]c2ccccc12,O=C1C=C(c2cc3ccccc3[nH]2)c2ccccc2C1=O,22,287.32,1,4,3.67,15307908,"1,2-naphthoquinone"
CC1=C(O)C2=C(C(=O)C1=O)C(CO)N1C(C#N)C3CC4C(C1C2N1CCOC41)N3C,O=C1C=CC2=C(CN3CC4CC5C(N4)C3C2N2CCOC52)C1=O,30,412.45,1,6,-1.05,163340,"1,2-benzoquinone"
COC(=O)c1cc2cc3c(c(O)c2c(=O)o1)OC1(CC3)CC2=C(O1)c1c(OC)cc(OC)c(O)c1C(=O)C2=O,O=C1C(=O)c2ccccc2C2=C1CC1(CCc3cc4ccoc(=O)c4cc3O1)O2,39,536.45,3,6,2.63,97042233,"1,2-naphthoquinone"
O=C1C(=O)c2sccc2-c2ccccc21,O=C1C(=O)c2sccc2-c2ccccc21,15,214.24,0,3,2.79,138373780,"1,2-benzoquinone"
O=c1c(=O)c2cccc3c4ccccc4c4cccc1c4c23,O=c1c(=O)c2cccc3c4ccccc4c4cccc1c4c23,22,282.3,0,5,3.9,12446177,"1,2-benzoquinone"
O=C1c2ccncc2C(=O)c2c(-c3ccc(OCCN4CCOCC4)cc3)noc21,O=C1c2ccncc2C(=O)c2c(-c3ccc(OCCN4CCOCC4)cc3)noc21,30,405.41,5,5,2.22,60165826,"1,4-benzoquinone"
CC1=CCCc2c1ccc1c2C(=O)C(=O)C2=C1OCC2C,O=C1C(=O)c2c(ccc3c2CCC=C3)C2=C1CCO2,21,280.32,0,4,3.18,124416,"1,2-benzoquinone"
COC(=O)C1c2cc3c(c(O)c2CCC1(C)O)C(=O)c1c(O)cccc1C3=O,O=C1c2ccccc2C(=O)c2cc3c(cc21)CCCC3,28,382.37,1,4,1.83,10948946,anthraquinone
CC(C)(C)NC(=O)c1ccc(Cn2ccc3cc(NC(=O)C4=CC=C(F)C(=O)C4=O)ccc32)cc1,O=C1C=CC=C(C(=O)Nc2ccc3c(ccn3Cc3ccccc3)c2)C1=O,35,473.5,5,4,4.09,175004103,"1,2-benzoquinone"
CC1=C(C2=C(C)C(=O)C(=O)C(C(C)C)=C2)C=C(C(C)C)C(=O)C1=O,O=C1C=CC(C2=CC(=O)C(=O)C=C2)=CC1=O,24,326.39,3,2,3.09,14375763,"1,2-benzoquinone"
O=C1C(F)=C(N2CC2)C(=O)C(N2CC2)=C1F,O=C1C=C(N2CC2)C(=O)C(N2CC2)=C1,16,226.18,2,3,0.13,44346209,"1,4-benzoquinone"
CC1CC2=C(C(=O)c3ccccc3C2=O)C(O)O1,O=C1C2=C(COCC2)C(=O)c2ccccc21,18,244.25,0,3,1.49,12074728,"1,4-benzoquinone"
CC1=C(CCCOC2OC3OC4(C)CCC5C(C)CCC(C2C)C35OO4)C(=O)C(C(C)C)=CC1=O,O=C1C=CC(=O)C(CCCOC2CC3CCCC4CCC5OOC43C(O2)O5)=C1,35,488.62,6,6,5.04,145950394,"1,4-benzoquinone"
CCOC(=O)c1cc2c(n1CC)C(=O)C(Oc1ccccc1C)=CC2=O,O=C1C=C(Oc2ccccc2)C(=O)c2[nH]ccc21,26,353.37,5,3,3.34,118709290,"1,4-benzoquinone"
O=C1c2ccccc2C(=O)c2c1ccc1[nH]c(CN3CCN(c4ccccc4)CC3)nc21,O=C1c2ccccc2C(=O)c2c1ccc1[nH]c(CN3CCN(c4ccccc4)CC3)nc21,32,422.49,3,6,3.66,53372366,anthraquinone
COc1ccc(C=CC(=O)OCc2cc(O)c3c(c2)C(=O)c2cccc(O)c2C3=O)cc1,O=C(C=Cc1ccccc1)OCc1ccc2c(c1)C(=O)c1ccccc1C2=O,32,430.41,5,4,3.64,73054162,anthraquinone
CC(C)c1ccc(Sc2cc3c(c4nsnc24)C(=O)c2ccccc2C3=O)cc1,O=C1c2ccccc2C(=O)c2c1cc(Sc1ccccc1)c1nsnc21,29,416.53,3,5,5.74,74223180,anthraquinone
CCC(C)C1C(=O)OC2c3cc(C)cc(O)c3C3=C(C(=O)c4c(O)cccc4C3=O)N21,O=C1CN2C3=C(C(=O)c4ccccc4C3=O)c3ccccc3C2O1,31,419.43,2,5,3.48,12160163,"1,4-benzoquinone"
O=C1C=Cc2c(ccc3c2ccc2nc4ccccc4cc23)C1=O,O=C1C=Cc2c(ccc3c2ccc2nc4ccccc4cc23)C1=O,24,309.32,0,5,4.32,129733790,"1,2-naphthoquinone"
CCCCn1c(O)c(C#N)c(C)c(N=Nc2cccc3c2C(=O)c2ccccc2C3=O)c1=O,O=C1c2ccccc2C(=O)c2c(N=Nc3ccc[nH]c3=O)cccc21,33,440.46,5,4,4.72,136510157,"1,4-benzoquinone"
CCCCCCCCCCCCn1c2nc(=O)n(C)c(=O)c-2cc2c1C(=O)C(=O)c1ccccc1-2,O=C1C(=O)c2[nH]c3nc(=O)[nH]c(=O)c-3cc2-c2ccccc21,35,475.59,11,4,5.01,44377825,"1,2-benzoquinone"
Cc1ccc(C(=O)c2coc3c2C(=O)C(=O)C(Br)=C3)cc1,O=C1C=Cc2occ(C(=O)c3ccccc3)c2C1=O,21,345.15,2,3,3.32,1736340,"1,2-benzoquinone"
COc1ccc(OC)c2c1C(=O)C=C(CNc1nc3cccc(C)c3s1)C2=O,O=C1C=C(CNc2nc3ccccc3s2)C(=O)c2ccccc21,28,394.45,5,4,4.04,168285914,"1,4-naphthoquinone"
O=C1C=C(NCCCO)c2c(CCO)c[nH]c2C1=O,O=C1C=Cc2cc[nH]c2C1=O,19,264.28,6,2,-0.37,23626641,"1,2-benzoquinone"
O=C1C(=O)c2ccccc2C(O)=C1C(C=Cc1ccccc1)C1=C(O)c2ccccc2C(=O)C1=O,O=C1C(=O)c2ccccc2C=C1C(C=Cc1ccccc1)C1=Cc2ccccc2C(=O)C1=O,35,462.46,4,5,4.79,5904242,"1,2-benzoquinone"
O=C1c2ccccc2C(=O)c2sc(-c3ccncc3)nc21,O=C1c2ccccc2C(=O)c2sc(-c3ccncc3)nc21,21,292.32,1,4,2.98,14171304,"1,4-benzoquinone"
CC(C)(C)c1ccc(CSc2cc3c(c4nsnc24)C(=O)c2ccccc2C3=O)cc1,O=C1c2ccccc2C(=O)c2c1cc(SCc1ccccc1)c1nsnc21,31,444.58,3,5,6.06,89872155,"1,4-naphthoquinone"
O=C1C(Cl)=C(NC2CCc3ccccc32)C(=O)c2ncccc21,O=C1C=C(NC2CCc3ccccc32)C(=O)c2ncccc21,23,324.77,2,4,3.19,5461522,"1,4-benzoquinone"
c1cc2ccc3ccoc3c2o1,c1cc2ccc3ccoc3c2o1,12,158.16,0,3,3.18,57357733,"1,2-benzoquinone"
COC(=O)c1c(-c2cc(O)c3c(c2)C(=O)c2cccc(O)c2C3=O)nn(-c2ccccc2C)c1C(=O)OC,O=C1c2ccccc2C(=O)c2cc(-c3ccn(-c4ccccc4)n3)ccc21,38,512.47,4,5,3.61,162646983,anthraquinone
O=C(c1cccc2ooc12)C(O)c1ccccc1,O=C(Cc1ccccc1)c1cccc2ooc12,18,242.23,3,3,2.94,129774164,"1,2-benzoquinone"
COC1=CC(=O)C2=C(CC3C(C)(CCC4C(C)(C)CCCC43C)O2)C1=O,O=C1C=CC(=O)C2=C1CC1C(CCC3CCCCC31)O2,26,358.48,1,4,4.34,156016101,"1,4-benzoquinone"
O=C(NC1CNCC1OC(=O)c1cc(O)c2c(c1)C(=O)c1cccc(O)c1C2=O)c1ccc(O)cc1,O=C(NC1CNCC1OC(=O)c1ccc2c(c1)C(=O)c1ccccc1C2=O)c1ccccc1,36,488.45,4,5,1.51,5327974,anthraquinone
O=C1C(=O)c2ccc3ccc(Br)cc3c2C=C1Br,O=C1C=Cc2c(ccc3ccccc23)C1=O,18,366.01,0,3,4.1,68775495,"1,2-benzoquinone"
CC(c1cc2c(o1)C(=O)c1ccccc1C2=O)n1cccc1,O=C1c2ccccc2C(=O)c2oc(Cn3cccc3)cc21,22,291.31,2,4,3.47,141513277,"1,4-naphthoquinone"
O=C1C=Cc2ccc(O)cc2C1=O,O=C1C=Cc2ccccc2C1=O,13,174.15,0,2,1.17,253328,"1,2-benzoquinone"
O=c1ccc2c(=O)c3ccccc3c(=O)c=2c1=O,O=c1ccc2c(=O)c3ccccc3c(=O)c=2c1=O,18,238.2,0,3,-0.12,12989425,"1,2-benzoquinone"
O=C1C=C(NCC(=O)N2CCCC2)c2ccccc2C1=O,O=C1C=C(NCC(=O)N2CCCC2)c2ccccc2C1=O,21,284.31,3,3,1.0,122194746,"1,2-benzoquinone"
CC(C)(C)OC(=O)COc1ccc(CC2=C(c3c[nH]c4ccccc34)c3ccccc3C(=O)C2=O)cc1,O=C1C(=O)c2ccccc2C(c2c[nH]c3ccccc23)=C1Cc1ccccc1,37,493.56,6,5,5.7,9870334,"1,2-benzoquinone"
CC1=CCCC(C)C1(C)CCC1(C)c2c(O)cc3c(c2OC1C)C(O)=C(C)C(=O)C3=O,O=C1C=Cc2c(ccc3c2OCC3CCC2C=CCCC2)C1=O,31,424.54,3,4,5.65,11258795,"1,2-benzoquinone"
Cc1nc2c(nc1C)-c1c(c3c(n1C)C(=O)CCC3)C(=O)C2=O,O=C1C(=O)c2c([nH]c3c2CCCC3=O)-c2nccnc21,23,309.33,0,4,2.0,404059,"1,2-benzoquinone"
CCOC(=O)On1c2c(OC)c3c(c(C(=O)N4CCC(Cc5ccc(F)cc5)CC4)c(OC)cc31)C(=O)C2=O,O=C1C(=O)c2c(C(=O)N3CCC(Cc4ccccc4)CC3)ccc3[nH]c1cc23,39,538.53,7,5,3.86,69351983,"1,2-benzoquinone"
Cc1cc2c(o1)-c1nc(OCCCCCN(C)C)c3ccccc3c1C(=O)C2=O,O=C1C(=O)c2c(ncc3ccccc23)-c2occc21,29,392.46,7,4,4.29,137633410,"1,2-benzoquinone"
CN1CCN(c2ccc3[nH]c(C4=C(O)c5nc(CO)n(C)c5C(=O)C4=O)nc3n2)CC1,O=C1C(=O)c2[nH]cnc2C=C1c1nc2nc(N3CCNCC3)ccc2[nH]1,31,423.43,3,5,0.13,135426679,"1,2-benzoquinone"
O=C(C1=CC(=O)c2ccccc2C1=O)c1ccccc1,O=C(C1=CC(=O)c2ccccc2C1=O)c1ccccc1,20,262.26,2,3,2.87,10901417,"1,4-naphthoquinone"
Cc1c2c(c(C(C)O)n1CCO)C(=O)c1cccc(O)c1C2=O,O=C1c2ccccc2C(=O)c2c[nH]cc21,23,315.32,3,3,1.32,11438437,"1,4-naphthoquinone"
O=C1C=C(O)c2nc(-c3ccccc3)cc(C(=O)O)c2C1=O,O=C1C=Cc2nc(-c3ccccc3)ccc2C1=O,22,295.25,2,3,2.11,825478,"1,2-benzoquinone"
O=C(O)CN1C(=O)C(=Cc2ccc(-c3cccc4c3C(=O)c3ccccc3C4=O)o2)SC1=S,O=C1NC(=S)SC1=Cc1ccc(-c2cccc3c2C(=O)c2ccccc2C3=O)o1,33,475.5,4,5,4.01,2865265,anthraquinone
O=C1C(NS(=O)(=O)c2ccccc2)=C(N2CCN(c3ccc(F)cc3)CC2)C(=O)c2ccccc21,O=C1C(NS(=O)(=O)c2ccccc2)=C(N2CCN(c3ccccc3)CC2)C(=O)c2ccccc21,35,491.54,5,5,3.22,3481469,"1,4-benzoquinone"
COC(=O)c1c(OCCN2CCCCC2)c2ccccc2c2oc3c(c12)C(=O)c1ccccc1C3=O,O=C1c2ccccc2C(=O)c2c1oc1c2cc(OCCN2CCCCC2)c2ccccc21,36,483.52,5,6,5.01,11569258,"1,4-naphthoquinone"
CCOc1ccc2noc3c2c1C(=O)c1ccccc1-3,O=C1c2ccccc2-c2onc3cccc1c23,20,265.27,2,4,3.44,672470,"1,4-benzoquinone"
COCCOc1cc2ncnc(NC3=CC(=O)C(N4CCCCC4)=CC3=O)c2cc1OC,O=C1C=C(N2CCCCC2)C(=O)C=C1Nc1ncnc2ccccc12,32,438.48,8,4,2.48,11561212,"1,4-benzoquinone"
O=C(C(=O)c1cccc2ooc12)c1ccccc1,O=C(C(=O)c1cccc2ooc12)c1ccccc1,18,240.21,3,3,3.09,129672341,"1,2-benzoquinone"
Cc1c(Cc2c(Cl)cccc2Cl)nc(SCc2ccc3c(c2)C(=O)c2ccccc2C3=O)[nH]c1=O,O=C1c2ccccc2C(=O)c2cc(CSc3nc(Cc4ccccc4)cc(=O)[nH]3)ccc21,35,521.43,5,5,6.04,135465428,anthraquinone
CC1(C)OC2=C(C(=O)c3cc(O)cc(O)c3C2=O)c2cc(CO)c(O)cc21,O=C1C2=C(C(=O)c3ccccc31)c1ccccc1CO2,27,368.34,1,4,2.35,132028,"1,4-benzoquinone"
CC1OC2=C(C(=O)C(=O)c3ccccc32)C1(C)C,O=C1C(=O)c2ccccc2C2=C1CCO2,18,242.27,0,3,2.61,53322969,"1,2-benzoquinone"
COC1=CC(=O)C(O)=C(CCCCCCCC=CCCCCCCCC2=C(O)C(=O)C=C(OC)C2=O)C1=O,O=C1C=CC(=O)C(CCCCCCCC=CCCCCCCCC2=CC(=O)C=CC2=O)=C1,38,528.64,18,2,5.99,12305193,"1,4-benzoquinone"
O=C1C(=O)c2ccccc2C2=C1SCC1(CCN(C(=O)C=Cc3ccccc3Cl)CC1)O2,O=C1C(=O)c2ccccc2C2=C1SCC1(CCN(C(=O)C=Cc3ccccc3)CC1)O2,32,465.96,2,5,4.61,57661865,"1,2-naphthoquinone"
CCC1(O)CC(OC2CC(N)C(O)C(C)O2)c2c(cc3c(c2O)C(=O)c2c(O)cccc2C3=O)C1C(=O)OC,O=C1c2ccccc2C(=O)c2cc3c(cc21)CCCC3OC1CCCCO1,39,541.55,4,5,1.56,150178,anthraquinone
O=C1C(Cl)=C(Nc2ccccc2C(F)(F)F)C(=O)c2ccccc21,O=C1C=C(Nc2ccccc2)C(=O)c2ccccc21,24,351.71,2,3,4.65,71562949,"1,4-benzoquinone"
NC(=O)C1=C(O)c2ccccc2C(=O)C1=O,O=C1C=Cc2ccccc2C1=O,16,217.18,1,2,0.21,91825839,"1,2-benzoquinone"
O=C1C=c2nccnc2=C([N+](=O)[O-])C1=O,O=C1C=c2nccnc2=CC1=O,15,205.13,1,2,-2.21,19958563,"1,2-benzoquinone"
CC=C(C)C(OC(C)=O)C(C)C1=CC(=O)C2=C(OC3(C)CCC4OC(C(C)(C)O)CCC4(C)C3C2O)C1=O,O=C1C=CC(=O)C2=C1CC1C(CCC3OCCCC31)O2,38,530.66,5,4,3.74,6441692,"1,4-benzoquinone"
COC1=C(Nc2ccccc2)C(=O)C(OC)=C(Nc2ccccc2)C1=O,O=C1C=C(Nc2ccccc2)C(=O)C=C1Nc1ccccc1,26,350.37,6,3,3.08,260863,"1,4-benzoquinone"
O=C1C(=O)c2cc3ccccc3cc2C=C1[N+](=O)[O-],O=C1C=Cc2cc3ccccc3cc2C1=O,19,253.21,1,3,2.22,20366337,"1,2-naphthoquinone"
O=C1C=Cc2c(ccc3cc4cc(F)ccc4nc23)C1=O,O=C1C=Cc2c(ccc3cc4ccccc4nc23)C1=O,21,277.25,0,4,3.31,11033150,"1,2-naphthoquinone"
CC1=CCCC2C(C)C(C)(CC3=C(O)C(NCCS(=O)(=O)O)=CC(=O)C3=O)CCC12C,O=C1C=CC=C(CC2CCC3C=CCCC3C2)C1=O,31,451.59,6,3,3.5,10321583,"1,2-benzoquinone"
CC(C)N(CCOc1cc(O)c2c3c(oc2c1)C(=O)c1ccccc1C3=O)C(C)C,O=C1c2ccccc2C(=O)c2c1oc1ccccc21,30,407.47,6,4,4.41,45261910,"1,4-benzoquinone"
O=C1c2ncccc2C(=O)c2[nH]c(-c3ccccn3)nc21,O=C1c2ncccc2C(=O)c2[nH]c(-c3ccccn3)nc21,21,276.25,1,4,1.64,145989650,"1,4-benzoquinone"
O=C1C(CSC(=S)N2CCCCC2)=C(CSC(=S)N2CCCCC2)C(=O)c2ccccc21,O=C1C(CSC(=S)N2CCCCC2)=C(CSC(=S)N2CCCCC2)C(=O)c2ccccc21,32,504.77,4,4,5.37,145980165,"1,4-benzoquinone"
CN(C)CCCn1c2cc(=O)c(=O)cc-2sc2ccc(Cl)cc21,O=c1cc2[nH]c3ccccc3sc-2cc1=O,23,348.86,4,3,3.13,122845,"1,2-benzoquinone"
COC(=O)c1c[nH]c2c1-c1cc(C(=O)OCc3ccccc3)n(S(=O)(=O)c3ccc(C)cc3)c1C(=O)C2=O,O=C1C(=O)c2c(cc(C(=O)OCc3ccccc3)n2S(=O)(=O)c2ccccc2)-c2cc[nH]c21,38,532.53,6,5,3.55,386816,"1,2-benzoquinone"
CCN(CC)CCn1ccc2c3c(oc2c1=O)-c1ccccc1C(=O)C3=O,O=C1C(=O)c2c(oc3c(=O)[nH]ccc23)-c2ccccc21,27,364.4,5,4,2.98,178296079,"1,2-benzoquinone"
COC(=O)c1c(NC2CCCC2)c(=O)c(=O)c2oc3cc(N(C)C)ccc3[nH]c1=2,O=c1c(NC2CCCC2)cc2[nH]c3ccccc3oc=2c1=O,29,397.43,4,4,2.41,127025925,"1,2-benzoquinone"
O=C1C2=C(Cc3cc4c(nc3=C2)CC2=C(C=4)C(=O)c3c(Cl)cccc3C2=O)C(=O)c2ccccc21,O=C1C2=C(Cc3nc4c(cc3=C2)CC2=C(C=4)C(=O)c3ccccc3C2=O)C(=O)c2ccccc21,35,475.89,0,7,3.16,91895261,"1,4-naphthoquinone"
CNC(=O)C(Cc1ccc(O)cc1)N1CCc2c(oc3c2C(=O)C(=O)c2ccccc2-3)C1,O=C1C(=O)c2c(oc3c2CCN(CCc2ccccc2)C3)-c2ccccc21,32,430.46,4,5,2.75,177653686,"1,2-benzoquinone"
Cc1c(CO)c2c(n1C)C(=O)C=C(CN1CC1)C2=O,O=C1C(CN2CC2)=CC(=O)c2[nH]ccc21,19,260.29,3,3,0.45,44367257,"1,4-benzoquinone"
CC1=C(C#N)C(c2ccccc2)C2=C(N1)c1ccccc1C(=O)C2=O,O=C1C(=O)c2ccccc2C2=C1C(c1ccccc1)C=CN2,25,326.36,1,4,3.35,122214243,"1,2-naphthoquinone"
Cc1nc2c3c(ccc2s1)NC1=C(C(=O)C(=O)c2ccccc21)C3c1ccc(Cl)cc1,O=C1C(=O)c2ccccc2C2=C1C(c1ccccc1)c1c(ccc3scnc13)N2,31,442.93,1,6,5.99,139232705,"1,2-naphthoquinone"
O=C1c2ccccc2C(=O)c2c1nnn2-c1ccc(-c2cccc(F)c2)cc1,O=C1c2ccccc2C(=O)c2c1nnn2-c1ccc(-c2ccccc2)cc1,28,369.36,2,5,3.85,156018626,"1,4-naphthoquinone"
CC1(C(=O)O)CCC2(C)CCC3(C)C(=CC(=O)C4C5(C)CCC(O)C(C)(C)C5CCC43C)C2C1,O=C1C=C2C3CCCCC3CCC2C2CCC3CCCCC3C12,34,470.69,1,5,6.41,117592936,"1,2-naphthoquinone"
O=C1C=C(N2CC2)C(=O)c2ccccc21,O=C1C=C(N2CC2)C(=O)c2ccccc21,15,199.21,1,3,1.27,4616045,"1,4-benzoquinone"
O=C1C(Cl)=C(N2CCN(C3=C(Cl)C(=O)c4ccccc4C3=O)CC2)C(=O)c2ccccc21,O=C1C=C(N2CCN(C3=CC(=O)c4ccccc4C3=O)CC2)C(=O)c2ccccc21,32,467.31,2,5,3.66,237101,"1,4-benzoquinone"
CC1=Cc2c(c(C)cc3c2C(C)COC3(C)C)C(=O)C1=O,O=C1C=Cc2c(ccc3c2CCOC3)C1=O,21,284.36,0,3,3.53,24970696,"1,2-benzoquinone"
O=c1c2ccccc2c(=O)c2sc3c(=O)c4ccccc4c(=O)c3sc12,O=c1c2ccccc2c(=O)c2sc3c(=O)c4ccccc4c(=O)c3sc12,26,376.41,0,5,3.3,3722301,"1,4-benzoquinone"
O=C1C=C(c2ccc(N(Cc3ccccc3)Cc3ccccc3)cc2O)c2ccccc2C1=O,O=C1C=C(c2ccc(N(Cc3ccccc3)Cc3ccccc3)cc2)c2ccccc2C1=O,34,445.52,6,5,5.8,46193469,"1,2-naphthoquinone"
CC(C)NC(=O)CN1CCN(CC2CSC3=C(O2)C(=O)C(=O)c2ccccc23)CC1,O=C1C(=O)c2ccccc2C2=C1OC(CN1CCNCC1)CS2,30,429.54,5,4,1.39,11992982,"1,2-naphthoquinone"
O=C1C=Cc2ncc3ccccc3c2C1=O,O=C1C=Cc2ncc3ccccc3c2C1=O,16,209.2,0,3,2.01,129796714,"1,2-benzoquinone"
CC12CCC3C4=C(CCC3C1CCC2O)C(=O)C(=O)C=C4,O=C1C=CC2=C(CCC3C2CCC2CCCC23)C1=O,21,286.37,0,4,2.59,67402,"1,2-benzoquinone"
COCCOc1cc2ncnc(NC3=CC(=O)C(OCc4cccc(F)c4)=C(Cl)C3=O)c2cc1OC,O=C1C=C(OCc2ccccc2)C(=O)C=C1Nc1ncnc2ccccc12,36,513.91,10,4,3.92,11519149,"1,4-benzoquinone"
Cc1cccc(C)c1NC1=C(O)c2ccccc2C(=O)C1=O,O=C1C(=O)c2ccccc2C=C1Nc1ccccc1,22,293.32,2,3,3.41,71812412,"1,2-benzoquinone"
CC1CCc2oc3c(c2C1)C(=O)C(=O)c1ccccc1-3,O=C1C(=O)c2c(oc3c2CCCC3)-c2ccccc21,20,266.3,0,4,3.45,178313368,"1,2-benzoquinone"
O=C1C(=O)c2c(F)cc3ccccc3c2-c2ccccc21,O=C1C(=O)c2ccc3ccccc3c2-c2ccccc21,21,276.27,0,4,4.02,14785368,"1,2-naphthoquinone"
O=C1c2ccccc2C(=O)c2c1ccc1[nH]c(CCN3CCN(c4ccccn4)CC3)nc21,O=C1c2ccccc2C(=O)c2c1ccc1[nH]c(CCN3CCN(c4ccccn4)CC3)nc21,33,437.5,4,6,3.1,53372631,anthraquinone
CN1C2=C(C(=O)C(=O)c3cccc(-c4ccccc4)c32)C2(O)C(=O)c3ccccc3C12O,O=C1C(=O)c2cccc(-c3ccccc3)c2C2=C1C1C(=O)c3ccccc3C1N2,32,423.42,1,6,2.55,145916153,"1,2-naphthoquinone"
O=C1C(=O)c2c(-c3ccccc3)oc(-c3ccccc3)c2C(O)=C1O,O=C1C=Cc2c(-c3ccccc3)oc(-c3ccccc3)c2C1=O,25,332.31,2,4,4.16,14384203,"1,2-benzoquinone"
CC(C)=CCC(OC(=O)C1CC1)C1=CC(=O)c2c(O)ccc(O)c2C1=O,O=C1C=C(COC(=O)C2CC2)C(=O)c2ccccc21,26,356.37,5,3,3.08,122380346,"1,4-benzoquinone"
O=C1c2ccccc2C(=O)c2c(NCCN3CCCC3CCl)cccc21,O=C1c2ccccc2C(=O)c2c(NCCN3CCCC3)cccc21,26,368.86,5,4,3.58,11994255,"1,4-naphthoquinone"
CC(=O)OCC1OC(OC2=CC(=O)c3ccccc3C2=O)C(OC(C)=O)C(OC(C)=O)C1OC(C)=O,O=C1C=C(OC2CCCCO2)C(=O)c2ccccc21,36,504.44,7,3,1.05,181699,"1,4-benzoquinone"
CCCCCCCCCCCC1=C(O)C(=O)C2=C(OC(C)(C)C3COc4ccc(Cl)cc4C23)C1=O,O=C1C=CC(=O)C2=C1OCC1COc3ccccc3C21,35,501.06,10,4,7.38,155567309,"1,4-benzoquinone"
O=C1C=C(N2CCCCC2)c2cc(N3CCCCC3)ncc2C1=O,O=C1C=C(N2CCCCC2)c2cc(N3CCCCC3)ncc2C1=O,24,325.41,2,4,2.66,363438,"1,2-benzoquinone"
O=C1c2ccccc2C(=O)c2c(NCCN3CCCCC3)nnc(NCCN3CCCCC3)c21,O=C1c2ccccc2C(=O)c2c(NCCN3CCCCC3)nnc(NCCN3CCCCC3)c21,34,462.6,8,5,3.05,10344316,"1,4-benzoquinone"
CCCCCCCCCCC1=CC(=O)c2ccccc2C1=O,O=C1C=CC(=O)c2ccccc21,22,298.43,9,2,5.52,181691,"1,4-benzoquinone"
CC1=C(O)c2cn(C)cc2C(=O)C1=O,O=C1C=Cc2c[nH]cc2C1=O,14,191.19,0,2,1.08,360232,"1,2-benzoquinone"
C=C1CCCC(C)(C)C1CCC1(C)c2c(O)cc3c(c2OC1CO)C(=O)C=C(OC)C3=O,C=C1CCCCC1CCC1COc2c1ccc1c2C(=O)C=CC1=O,32,440.54,5,4,4.48,73213688,"1,4-benzoquinone"
O=C1C=C(NCc2ccncc2)C(=O)c2ccccc21,O=C1C=C(NCc2ccncc2)C(=O)c2ccccc21,20,264.28,3,3,2.13,2755832,"1,4-benzoquinone"
O=C1c2ccccc2C(=O)c2c1cc(NS(=O)(=O)C1CCCCC1)c(O)c2O,O=C1c2ccccc2C(=O)c2cc(NS(=O)(=O)C3CCCCC3)ccc21,28,401.44,3,4,2.95,162650610,"1,4-naphthoquinone"
O=C1C=C(Oc2ccc(Br)cc2)c2ccccc2C1=O,O=C1C=C(Oc2ccccc2)c2ccccc2C1=O,20,329.15,2,3,3.63,137660441,"1,2-benzoquinone"
O=C1c2ccc(S(=O)(=O)N3CCCCCCC3)cc2C(=O)c2cc(S(=O)(=O)N3CCCCCCC3)ccc21,O=C1c2ccc(S(=O)(=O)N3CCCCCCC3)cc2C(=O)c2cc(S(=O)(=O)N3CCCCCCC3)ccc21,38,558.72,4,5,4.37,46851351,anthraquinone
O=c1cc2c3cccc4cccc(c43)c3c4ccc5cc6ccccc6cc5c4cc(c1=O)c23,O=c1cc2c3cccc4cccc(c43)c3c4ccc5cc6ccccc6cc5c4cc(c1=O)c23,34,432.48,0,8,7.36,129649034,"1,2-naphthoquinone"
O=C1C(=O)c2ccccc2C(O)=C1Cc1cccc(C(F)(F)F)c1,O=C1C(=O)c2ccccc2C=C1Cc1ccccc1,24,332.28,2,3,3.98,14424182,"1,2-benzoquinone"
CC(C)=CCCC(C)C1=C(O)C(Nc2ccccc2Br)=C(C)C(=O)C1=O,O=C1C=CC(Nc2ccccc2)=CC1=O,26,418.33,6,2,5.48,394018,"1,2-benzoquinone"
O=C1c2c(O)ccc(O)c2C(=O)c2c(Nc3ccc(O)cc3)ccc(Nc3ccc(O)cc3)c21,O=C1c2ccccc2C(=O)c2c(Nc3ccccc3)ccc(Nc3ccccc3)c21,34,454.44,4,5,4.77,52491,anthraquinone
O=C1C=CC(=O)c2[nH]c(=O)ccc21,O=C1C=CC(=O)c2[nH]c(=O)ccc21,13,175.14,0,2,0.31,267592,"1,4-benzoquinone"
CC(C)=CCc1c(O)cc2oc(C)cc(=O)c2c1O,O=c1ccoc2ccccc12,19,260.29,2,2,3.02,117592150,"1,2-naphthoquinone"
CCOC(=O)N1CCN(c2cc(NCCC(=O)O)c3c4c(onc24)-c2ccccc2C3=O)CC1,O=C1c2ccccc2-c2onc3c(N4CCNCC4)ccc1c23,34,464.48,6,5,3.2,3245701,"1,4-benzoquinone"
c1ccc2cc3cc4cc5c(ccc6ooc65)cc4cc3cc2c1,c1ccc2cc3cc4cc5c(ccc6ooc65)cc4cc3cc2c1,24,308.34,0,6,6.64,129677535,"1,2-naphthoquinone"
CC1(C)OC2=C(C(=O)C(=O)c3ccccc32)C(n2cc(-c3ccccc3)nn2)C1Br,O=C1C(=O)c2ccccc2C2=C1C(n1cc(-c3ccccc3)nn1)CCO2,30,464.32,2,5,4.24,46887956,"1,2-benzoquinone"
CCCn1nc2c(n1)C(=O)c1cnncc1C2=O,O=C1c2cnncc2C(=O)c2n[nH]nc21,18,243.23,2,3,0.25,21072880,"1,4-benzoquinone"
COc1cccc(Oc2cccc3c2C(=O)c2ccccc2C3=O)c1,O=C1c2ccccc2C(=O)c2c(Oc3ccccc3)cccc21,25,330.34,3,4,4.26,5228720,anthraquinone
CC12CCCc3coc(c31)C(=O)c1cc3c(cc12)C(=O)C1=C(C3=O)S(=O)(=O)CCN1,O=C1C2=C(C(=O)c3cc4c(cc31)C1CCCc3coc(c31)C4=O)S(=O)(=O)CCN2,30,423.45,0,6,2.07,10364986,"1,4-benzoquinone"
CC(=O)OCCNc1ccc2noc3c2c1C(=O)c1ccccc1-3,O=C1c2ccccc2-c2onc3cccc1c23,24,322.32,4,4,3.01,1916158,anthraquinone
O=C1c2ccccc2C(=O)c2c1ccc1[nH]c(-c3ccc([N+](=O)[O-])cc3)nc21,O=C1c2ccccc2C(=O)c2c1ccc1[nH]c(-c3ccccc3)nc21,28,369.34,2,5,3.91,11689203,anthraquinone
CC1=C(O)c2cc(C)ccc2C(=O)C1=O,O=C1C=Cc2ccccc2C1=O,15,202.21,0,2,2.05,10560021,"1,2-benzoquinone"
CC1(C)OC2=C(C(=O)C(=O)c3ccccc32)C1Sc1c(F)c(F)c(F)c(F)c1F,O=C1C(=O)c2ccccc2C2=C1C(Sc1ccccc1)CO2,29,426.36,2,4,4.83,122182549,"1,2-benzoquinone"
O=c1cc2n3ccc4c3c(c3cncc(C(F)(F)F)n3c-2cc1=O)CCC4,O=c1cc2n3ccncc3c3c4c(ccn4c-2cc1=O)CCC3,27,371.32,0,5,2.92,70366964,"1,2-benzoquinone"
Cc1nc2c(o1)c1c3c(ccc1c1occ(C)c21)C(C)(C)CCC3,c1cc2c3ncoc3c3c4c(ccc3c2o1)CCCC4,24,319.4,0,5,5.96,11472648,"1,4-benzoquinone"
Cc1cc(O)c2c(c1)C(=O)c1ccc(C3c4cccc(O)c4C(=O)c4c(O)cc(C)c(O)c43)c(O)c1C2=O,O=C1c2ccccc2C(=O)c2cc(C3c4ccccc4C(=O)c4ccccc43)ccc21,38,508.48,1,6,4.33,162852566,anthraquinone
CCCc1cc(=O)c2c(C)cc3c(c2o1)C(=O)c1c(OC)cccc1C3=O,O=C1c2ccccc2C(=O)c2c1ccc1c(=O)ccoc21,27,362.38,3,4,3.84,122183420,anthraquinone
O=C1C(=O)c2c(ccc3ccccc23)-c2occc21,O=C1C(=O)c2c(ccc3ccccc23)-c2occc21,19,248.24,0,4,3.48,68600833,"1,2-benzoquinone"
CC(C)(C)C1=C2SC(=C3SC4=C(C(C)(C)C)C(=O)C(=O)C(C(C)(C)C)=C4S3)SC2=C(C(C)(C)C)C(=O)C1=O,O=C1C=C2SC(=C3SC4=CC(=O)C(=O)C=C4S3)SC2=CC1=O,38,588.88,0,4,8.58,102043912,"1,2-benzoquinone"
O=C1c2nccc(-c3ccccc3[N+](=O)[O-])c2C(=O)c2nccc(Cl)c21,O=C1c2cccnc2C(=O)c2c(-c3ccccc3)ccnc21,26,365.73,2,4,3.48,12094616,"1,4-benzoquinone"
COC1=C(C(C)C)C(=O)C=C(CNC(=O)C2CCCCC2)C1=O,O=C1C=CC(=O)C(CNC(=O)C2CCCCC2)=C1,23,319.4,5,2,2.32,122183881,"1,4-benzoquinone"
O=C1c2ccccc2C(=O)c2c1cccc2-c1ccc(O)cc1,O=C1c2ccccc2C(=O)c2c1cccc2-c1ccccc1,23,300.31,1,4,3.83,21692761,anthraquinone
O=C1C(=O)c2ccccc2C(O)=C1C1=C(N2CCOCC2)CCCC1,O=C1C(=O)c2ccccc2C=C1C1=C(N2CCOCC2)CCCC1,25,339.39,2,4,2.88,101375340,"1,2-benzoquinone"
O=C1c2cccc(O)c2C(=O)c2c(O)cc(C=Nc3ccccc3)cc21,O=C1c2ccccc2C(=O)c2cc(C=Nc3ccccc3)ccc21,26,343.34,2,4,3.62,76321747,anthraquinone
CN(C)CCCN1c2ccccc2CCc2ccc(Cl)cc21,c1ccc2c(c1)CCc1ccccc1N2,22,314.86,4,3,4.53,117591769,"1,2-naphthoquinone"
Cc1cc2c(cc1C)-c1oc(CNc3ccc(CCNC(=O)C=Cc4cccnc4)cc3)c(C)c1C(=O)C2=O,O=C(C=Cc1cccnc1)NCCc1ccc(NCc2cc3c(o2)-c2ccccc2C(=O)C3=O)cc1,39,519.6,8,5,5.63,168293517,"1,2-benzoquinone"
O=C1C(=O)c2cn(-c3ccccc3)nc2-c2ccccc21,O=C1C(=O)c2cn(-c3ccccc3)nc2-c2ccccc21,21,274.28,1,4,2.92,178340708,"1,2-naphthoquinone"
Cc1coc2c1C(=O)C(=O)c1c-2ccc2c(C)cccc12,O=C1C(=O)c2c(ccc3ccccc23)-c2occc21,21,276.29,0,4,4.1,114917,"1,2-benzoquinone"
O=C1C(=O)c2ccccc2C(O)=C1Nc1ccc(S(=O)(=O)c2ncccn2)cc1,O=C1C(=O)c2ccccc2C=C1Nc1ccc(S(=O)(=O)c2ncccn2)cc1,29,407.41,4,4,2.41,487108,"1,2-benzoquinone"
O=C1C=C(c2ccccc2[N+](=O)[O-])c2ccccc2C1=O,O=C1C=C(c2ccccc2)c2ccccc2C1=O,21,279.25,2,3,2.79,44301347,"1,2-benzoquinone"
O=C1C(=O)c2ncccc2-c2ncccc21,O=C1C(=O)c2ncccc2-c2ncccc21,16,210.19,0,3,1.52,100795,"1,2-benzoquinone"
CC1=C(O)c2c(O)c(C)c(O)c(O)c2C(=O)C1=O,O=C1C=Cc2ccccc2C1=O,18,250.21,0,2,1.17,10083434,"1,2-benzoquinone"
O=C1C=Cc2ccc3c(ccc4c5ccccc5ccc34)c2C1=O,O=C1C=Cc2ccc3c(ccc4c5ccccc5ccc34)c2C1=O,24,308.34,0,5,4.92,190479,"1,2-benzoquinone"
COc1cc(CNc2nc3ccccc3s2)c(OC)c2c1C(=O)C=CC2=O,O=C1C=CC(=O)c2cc(CNc3nc4ccccc4s3)ccc21,27,380.43,5,4,3.86,72543967,"1,4-benzoquinone"
Cc1cc(O)c2c(c1)C(O)C13Cc4cc(O)c5c(c4C1C=CC(O)C3(O)C2=O)C(=O)c1c(O)ccc(O)c1C5=O,O=C1c2ccccc2C(=O)c2c1ccc1c2C2C=CCC3C(=O)c4ccccc4CC32C1,40,542.5,0,7,1.81,44578392,"1,4-naphthoquinone"
O=C1C(NS(=O)(=O)c2ccccc2)=C(Oc2ccccc2)C(=O)c2ccccc21,O=C1C(NS(=O)(=O)c2ccccc2)=C(Oc2ccccc2)C(=O)c2ccccc21,29,405.43,5,4,3.33,52934280,"1,4-naphthoquinone"
O=C1C=Cc2c(ccc3c4ccccc4c4ccccc4c23)C1=O,O=C1C=Cc2c(ccc3c4ccccc4c4ccccc4c23)C1=O,24,308.34,0,5,4.92,10979759,"1,2-naphthoquinone"
CCc1cc(O)c2c3c([nH]c(=O)c2c1)C(=O)c1c(O)cccc1C3=O,O=C1c2ccccc2C(=O)c2c1[nH]c(=O)c1ccccc21,25,335.31,1,4,2.28,156580932,"1,4-naphthoquinone"
CN1CCN(C2=C(Cl)C(=O)c3ccccc3C2=O)CC1,O=C1C=C(N2CCNCC2)C(=O)c2ccccc21,20,290.75,1,3,1.76,237102,"1,4-benzoquinone"
CNCCNc1c2c(c(NCCNC)c3[nH]ccc13)C(=O)c1ccccc1C2=O,O=C1c2ccccc2C(=O)c2cc3[nH]ccc3cc21,29,391.48,8,4,2.21,16007259,"1,4-benzoquinone"
COc1ccc(OC2=CC(=O)c3cccc(O)c3C2=O)cc1,O=C1C=C(Oc2ccccc2)C(=O)c2ccccc21,22,296.28,3,3,2.74,122185492,"1,4-naphthoquinone"
CCOC(=O)N1CCN(c2cc(NC3CCCCC3)c3c4c(onc24)-c2ccccc2C3=O)CC1,O=C1c2ccccc2-c2onc3c(N4CCNCC4)cc(NC4CCCCC4)c1c23,35,474.56,4,6,5.06,46257086,anthraquinone
O=C1c2ccccc2C(=O)c2c(NCCc3ccc(O)cc3)ccc(NCCc3ccc(O)cc3)c21,O=C1c2ccccc2C(=O)c2c(NCCc3ccccc3)ccc(NCCc3ccccc3)c21,36,478.55,8,5,5.18,2817242,"1,4-benzoquinone"
CCC12OC1Cc1c(O)c3c(c(O)c1C2C(=O)OC)C(=O)c1cccc(O)c1C3=O,O=C1c2ccccc2C(=O)c2cc3c(cc21)CC1OC1C3,30,410.38,2,5,1.94,135624,anthraquinone
CC1OC(OCc2cc(O)c3c(c2)C(=O)c2cccc(O)c2C3=O)CC(N)C1O,O=C1c2ccccc2C(=O)c2cc(COC3CCCCO3)ccc21,29,399.4,3,4,1.21,53307138,anthraquinone
O=C1C(=O)c2c(nc3ccccn23)-c2cccc([N+](=O)[O-])c21,O=C1C(=O)c2c(nc3ccccn23)-c2ccccc21,22,293.24,1,4,2.29,19610862,"1,2-naphthoquinone"
CC(C)C1=CC2=C(C(=O)C1=O)C1(c3nnc(C(C)NC(=O)OC(C)(C)C)o3)CCCC(C)(C)C1CC2=O,O=C1C=CC2=C(C1=O)C1(c3nnco3)CCCCC1CC2=O,37,511.62,4,4,4.72,155533989,"1,2-benzoquinone"
O=C1C=Cc2ncccc2C1=O,O=C1C=Cc2ncccc2C1=O,12,159.14,0,2,0.86,344174,"1,2-benzoquinone"
Cc1oc2c(c1C(=O)N1CCOCC1)C(=O)c1ccccc1C2=O,O=C1c2ccccc2C(=O)c2c(C(=O)N3CCOCC3)coc21,24,325.32,1,4,1.84,1382504,"1,4-benzoquinone"
O=c1cc2c3cccc4cc5cccc6c7cccc8cc(c1=O)c2c(c87)c(c56)c43,O=c1cc2c3cccc4cc5cccc6c7cccc8cc(c1=O)c2c(c87)c(c56)c43,30,380.4,0,8,6.23,100999552,"1,2-benzoquinone"
COc1ccc(C2=NN(C)C3=C(C(=O)C(=O)c4ccccc43)C2c2ccc(OC)cc2)cc1,O=C1C(=O)c2ccccc2C2=C1C(c1ccccc1)C(c1ccccc1)=NN2,33,438.48,4,5,4.31,132563167,"1,2-naphthoquinone"
CCN(CC)CCN1CCc2c(oc3c2C(=O)C(=O)c2ccccc2-3)C1=O,O=C1C(=O)c2c(oc3c2CCNC3=O)-c2ccccc21,27,366.42,5,4,2.67,178316289,"1,2-benzoquinone"
CC1=C(C)C(=O)C(CONC(=O)CCCCCCC(=O)Nc2ccccc2)=C(C)C1=O,O=C1C=CC(=O)C(CONC(=O)CCCCCCC(=O)Nc2ccccc2)=C1,31,426.51,11,2,3.82,122177622,"1,4-benzoquinone"
CC(COc1cc2oc3c(c2cc1Cl)C(=O)c1cccnc1C3=O)N(C)C,O=C1c2ncccc2C(=O)c2c1oc1ccccc21,27,384.82,4,4,3.59,44428920,"1,4-benzoquinone"
O=C(CCN1CCOCC1)Nc1ccc(NC(=O)CCN2CCOCC2)c2c1C(=O)c1ccccc1C2=O,O=C(CCN1CCOCC1)Nc1ccc(NC(=O)CCN2CCOCC2)c2c1C(=O)c1ccccc1C2=O,38,520.59,8,5,1.78,10768302,"1,4-naphthoquinone"
O=C1c2ccccc2C(=O)c2c1ccc1[nH]c(CCl)nc21,O=C1c2ccccc2C(=O)c2c1ccc1[nH]cnc21,21,296.71,1,4,3.08,10357247,"1,4-benzoquinone"
O=C1c2ccccc2C(=O)c2c1cc(NS(=O)(=O)c1cccc3ccccc13)c(O)c2O,O=C1c2ccccc2C(=O)c2cc(NS(=O)(=O)c3cccc4ccccc34)ccc21,32,445.45,3,5,3.83,162652586,"1,4-naphthoquinone"
CC(=O)Oc1cccc2c1C(=O)c1c(OC(C)=O)cc(C)c(OC(C)=O)c1C2=O,O=C1c2ccccc2C(=O)c2ccccc21,29,396.35,3,3,2.55,13099497,anthraquinone
Cc1nn(-c2ccc(Cl)cc2)c2nc3c(nc12)C(=O)C(=O)c1ccccc1-3,O=C1C(=O)c2nc3cnn(-c4ccccc4)c3nc2-c2ccccc21,27,374.79,1,5,3.82,155816017,"1,2-benzoquinone"
O=C1C(=O)c2ccccc2C(O)=C1Br,O=C1C=Cc2ccccc2C1=O,14,253.05,0,2,2.07,344276,"1,2-benzoquinone"
CC1=C(O)C2=C(C(=O)C1=O)C(CO)N1C(O)C3CC4C(C1C2N1CCOC41)N3C,O=C1C=CC2=C(CN3CC4CC5C(N4)C3C2N2CCOC52)C1=O,29,403.44,1,6,-1.63,153492,"1,2-benzoquinone"
COc1cc2c(cc1CC1CCCNC1)C(=O)c1ccccc1C2=O,O=C1c2ccccc2C(=O)c2cc(CC3CCCNC3)ccc21,25,335.4,3,4,3.01,50434,anthraquinone
O=C1C=C(NC2CCCCC2)C(=O)c2ccccc21,O=C1C=C(NC2CCCCC2)C(=O)c2ccccc21,19,255.32,2,3,2.87,57339346,"1,4-naphthoquinone"
O=C1C(Nc2ccc(C(F)(F)F)cc2)=C(Cl)C(=O)c2[nH]c(-c3ccccn3)nc21,O=C1C(Nc2ccccc2)=CC(=O)c2[nH]c(-c3ccccn3)nc21,29,418.76,3,4,4.43,44450196,"1,4-benzoquinone"
CCCN(CCC)Cc1oc2c(c1C)C(=O)C(=O)c1ccccc1-2,O=C1C(=O)c2ccoc2-c2ccccc21,24,325.41,6,3,4.26,90682676,"1,2-benzoquinone"
O=C1C(=O)c2ccccc2C2=C1SCC1(CCN(CC(O)Cc3ccccc3)CC1)O2,O=C1C(=O)c2ccccc2C2=C1SCC1(CCN(CCCc3ccccc3)CC1)O2,31,435.55,4,5,3.32,23654789,"1,2-naphthoquinone"
O=C1C(=O)c2ccccc2C(O)=C1CCCC1CCCCC1,O=C1C(=O)c2ccccc2C=C1CCCC1CCCCC1,22,298.38,4,3,4.47,345884,"1,2-benzoquinone"
COc1cc2c(cc1OC)C1C(=O)c3c(O)cc4c(c3OC1CO2)C=CC(C)(C)O4,O=C1c2ccc3c(c2OC2COc4ccccc4C12)C=CCO3,30,410.42,2,5,3.71,117595443,"1,2-naphthoquinone"
O=C1C(Cl)=C(N2C(=O)CCC2=O)C(=O)c2ccccc21,O=C1C=C(N2C(=O)CCC2=O)C(=O)c2ccccc21,20,289.67,1,3,1.67,389898,"1,4-benzoquinone"
O=C1C=C(NCCCN2CCCC2)c2ccccc2C1=O,O=C1C=C(NCCCN2CCCC2)c2ccccc2C1=O,21,284.36,5,3,1.87,122196519,"1,2-benzoquinone"
O=C1C(=O)c2ccccc2C=C1O,O=C1C=Cc2ccccc2C1=O,13,174.15,0,2,1.35,135761781,"1,2-benzoquinone"
CCC(=O)OC1CCC2C3CCC4=CC(=O)CCC4(C)C3CCC12C,O=C1C=C2CCC3C4CCCC4CCC3C2CC1,25,344.5,2,4,4.84,117593828,"1,2-naphthoquinone"
COc1cc(C(CC=C(C)C)OC(=O)c2ccoc2)c(OC)c2c1C(=O)C=CC2=O,O=C(OCc1ccc2c(c1)C(=O)C=CC2=O)c1ccoc1,30,410.42,7,3,4.49,53376798,"1,4-benzoquinone"
CCCCCCCCCCCC1=C(O)c2nc3ccc(Br)cc3c(-c3ccc([N+](=O)[O-])cc3)c2C(=O)C1=O,O=C1C=Cc2nc3ccccc3c(-c3ccccc3)c2C1=O,38,579.49,12,4,8.53,171349261,"1,2-benzoquinone"
CN1CC2=C(c3ccccc3C(=O)C2=O)N(c2ccccc2)C1,O=C1C(=O)c2ccccc2C2=C1CNCN2c1ccccc1,23,304.35,1,4,2.57,14813029,"1,2-naphthoquinone"
O=C1C(=O)c2ccccc2C2=C1CCc1nc(CN3CCN(Cc4ccccc4)CC3)oc12,O=C1C(=O)c2ccccc2C2=C1CCc1nc(CN3CCN(Cc4ccccc4)CC3)oc12,33,439.52,4,6,3.51,168288547,"1,2-benzoquinone"
C=C1C2=C(C(=O)C(C)=C(OC)C2=O)N2CC3C(N3C)C12OC,C=C1C2=C(C(=O)C=CC2=O)N2CC3NC3C12,22,302.33,2,4,0.22,3057704,"1,4-benzoquinone"
Cc1c(=O)c(=O)c(F)c2c3c(F)c(F)c(F)c(F)c3c3c(F)c(=O)c(=O)c(F)c3c12,O=c1cc2c3ccccc3c3cc(=O)c(=O)cc3c2cc1=O,30,428.21,0,4,2.74,166870931,"1,2-benzoquinone"
Cc1coc2c1C(=O)C(=O)c1ccc3c(C)cccc3c1-2,O=C1C(=O)c2ccc3ccccc3c2-c2occc21,21,276.29,0,4,4.1,44425166,"1,2-benzoquinone"
O=C1C=C(Nc2ccccc2C(=O)CC(=O)C(=O)Nc2ccc(Cl)c(Cl)c2)c2ccccc2C1=O,O=C1C=C(Nc2ccccc2C(=O)CC(=O)C(=O)Nc2ccccc2)c2ccccc2C1=O,35,507.33,7,4,4.99,369480,"1,2-benzoquinone"
CC1=C(C(=O)O)CCC2(C)C3=C(CCC12)C(=O)C(C(C)C)=CC3=O,O=C1C=CC(=O)C2=C1CCC1C=CCCC21,24,328.41,2,3,3.63,132524,"1,4-benzoquinone"
O=C1C(=O)c2ccccc2C(O)=C1C(c1ccc2c(c1)OCO2)c1c(O)c2ccccc2oc1=O,O=C1C(=O)c2ccccc2C=C1C(c1ccc2c(c1)OCO2)c1cc2ccccc2oc1=O,35,468.42,3,6,4.09,137640814,"1,2-benzoquinone"
COc1cc(OC)c2c(c1)C(=O)c1cc3c(c(O)c1C2=O)C(=O)OC3C,O=C1OCc2cc3c(cc21)C(=O)c1ccccc1C3=O,26,354.31,2,4,2.42,11046434,"1,4-naphthoquinone"
CC(C)CNc1ccc(NCC(C)C)c2c1C(=O)c1ccccc1C2=O,O=C1c2ccccc2C(=O)c2ccccc21,26,350.46,6,3,4.6,88210,"1,4-naphthoquinone"
CCn1nnc2c1C(=O)c1cnncc1C2=O,O=C1c2cnncc2C(=O)c2[nH]nnc21,17,229.2,1,3,-0.14,21072873,"1,4-benzoquinone"
Cc1ccc(C(=O)Nc2c(NC(=O)CN3CCN(C)CC3)ccc3c2C(=O)c2ccccc2C3=O)cc1,O=C(CN1CCNCC1)Nc1ccc2c(c1NC(=O)c1ccccc1)C(=O)c1ccccc1C2=O,37,496.57,5,5,3.21,57395327,"1,4-benzoquinone"
O=C1c2ccccc2C(=O)c2c1cc(Sc1ccc(Br)cc1)c1nsnc21,O=C1c2ccccc2C(=O)c2c1cc(Sc1ccccc1)c1nsnc21,27,453.34,2,5,5.38,74223178,anthraquinone
CC1(C)CCc2c(ccc3c2C(O)=CC(=O)C3=O)O1,O=C1C=Cc2c(ccc3c2CCCO3)C1=O,19,258.27,0,3,2.45,11334405,"1,2-naphthoquinone"
CC(C)(C)C(=O)Nc1cccc2c1C(=O)c1ccccc1C2=O,O=C1c2ccccc2C(=O)c2ccccc21,23,307.35,1,3,3.45,3912165,anthraquinone
O=C1c2ccccc2C(=O)c2c1ccc1[nH]c(SCCCCCl)nc21,O=C1c2ccccc2C(=O)c2c1ccc1[nH]cnc21,25,370.86,5,4,4.45,53357965,anthraquinone
O=C1C(=O)c2ccccc2C(O)=C1C1CCC(C(F)(F)F)CC1,O=C1C(=O)c2ccccc2C=C1C1CCCCC1,23,324.3,1,3,4.09,14129700,"1,2-benzoquinone"
CC(=O)OCCC1c2c(cc3c(c2O)C(=O)c2c(O)cc(O)cc2C3=O)OC1O,O=C1c2ccccc2C(=O)c2cc3c(cc21)CCO3,29,400.34,3,4,1.33,107991,"1,4-naphthoquinone"
COc1ccc(C(=O)c2coc3c2C(=O)C(=O)C(Br)=C3Br)cc1OCC#N,O=C1C=Cc2occ(C(=O)c3ccccc3)c2C1=O,27,495.08,5,3,3.65,157472209,"1,2-benzoquinone"
O=C1C(=O)c2ccccc2C2=C1CC(Cn1nnc(-c3ccccc3)c1-c1ccccc1)O2,O=C1C(=O)c2ccccc2C2=C1CC(Cn1nnc(-c3ccccc3)c1-c1ccccc1)O2,33,433.47,4,6,4.58,134149862,"1,2-benzoquinone"
Cn1c(CO)c(CO)c2c1C(=O)C=C(N1CC1)C2=O,O=C1C(N2CC2)=CC(=O)c2[nH]ccc21,19,262.26,3,3,-0.41,11821404,"1,4-benzoquinone"
CCOC(=O)C1(N)CSC2=C1C(=O)c1cccnc1C2=O,O=C1C2=C(SCC2)C(=O)c2ncccc21,21,304.33,2,3,0.72,11185784,"1,4-benzoquinone"
COc1ccc(NC2=CC(=O)C(=O)c3ccccc32)nn1,O=C1C=C(Nc2cccnn2)c2ccccc2C1=O,21,281.27,3,3,1.7,267581,"1,2-benzoquinone"
CN(CCNc1c2c(c(NCCN(C)C(=N)N)c3sccc13)C(=O)c1ccccc1C2=O)C(=N)N,O=C1c2ccccc2C(=O)c2cc3sccc3cc21,35,492.61,8,4,2.15,44590469,anthraquinone
O=C1C(=O)c2ccccc2C(O)=C1Nc1cccc(Cl)c1,O=C1C(=O)c2ccccc2C=C1Nc1ccccc1,21,299.71,2,3,3.44,101593774,"1,2-benzoquinone"
O=C1C(=O)c2ccccc2C2=C1CCC1(CCCC1)O2,O=C1C(=O)c2ccccc2C2=C1CCC1(CCCC1)O2,20,268.31,0,4,3.29,25054516,"1,2-benzoquinone"
O=C1c2ccccc2C(=O)c2c1ccc1[nH]c(SC(=O)N3CCCCC3)nc21,O=C1c2ccccc2C(=O)c2c1ccc1[nH]c(SC(=O)N3CCCCC3)nc21,28,391.45,1,5,4.04,53358417,anthraquinone
O=C1c2ccccc2C(=O)c2oc(Cc3ccccc3)cc21,O=C1c2ccccc2C(=O)c2oc(Cc3ccccc3)cc21,22,288.3,2,4,3.65,58260131,"1,4-naphthoquinone"
CC(N)Cc1c2ccoc2c(Br)c2ccoc12,c1cc2cc3occc3cc2o1,17,294.15,2,3,3.83,9839057,"1,4-benzoquinone"
O=C1C(=O)c2ccccc2C2=C1SCC1(CCN(C(=O)Oc3cccc(C(F)(F)F)c3)CC1)O2,O=C1C(=O)c2ccccc2C2=C1SCC1(CCN(C(=O)Oc3ccccc3)CC1)O2,34,489.47,1,5,4.94,23654790,"1,2-benzoquinone"
CC1CC(=O)c2c(ccc3c2C(=O)c2cccc(O)c2C3=O)C1,O=C1c2ccccc2C(=O)c2c1ccc1c2C(=O)CCC1,23,306.32,0,4,2.93,11808929,"1,4-benzoquinone"
O=C1CC2OC(c3ccc(O)cc3)C3=C(C(=O)c4ccccc4C3=O)C2O1,O=C1CC2OC(c3ccccc3)C3=C(C(=O)c4ccccc4C3=O)C2O1,27,362.34,1,5,2.52,42618240,"1,4-benzoquinone"
CCc1c(O)c(O)c2c(O)c(O)c(-c3c(O)c4c(O)c(CC)c(=O)c(=O)c=4c(=O)c3=O)c(O)c2c1O,O=c1ccc2cc(-c3ccc4ccccc4c3)c(=O)c(=O)c=2c1=O,36,498.4,3,4,0.32,136137641,"1,2-benzoquinone"
O=C1C(=O)c2ccccc2C2=C1C(c1c(F)c(F)c(F)c(F)c1F)C1=C(O2)C(=O)c2ccccc2C1=O,O=C1C(=O)c2ccccc2C2=C1C(c1ccccc1)C1=C(O2)C(=O)c2ccccc2C1=O,37,508.35,1,6,5.01,132512265,"1,2-naphthoquinone"
O=C1C(Nc2ccccc2)=C(c2ccccc2)C(=O)c2ccccc21,O=C1C(Nc2ccccc2)=C(c2ccccc2)C(=O)c2ccccc21,25,325.37,3,4,4.59,12230355,"1,4-naphthoquinone"
CC(=O)c1cc2c(o1)C(=O)c1cccc(O)c1C2=O,O=C1c2ccccc2C(=O)c2occc21,19,256.21,1,3,1.96,10015259,"1,4-benzoquinone"
CC1=C(C)C(=O)C(C(CCCCCC(=O)O)c2ccccc2)=C(C)C1=O,O=C1C=CC(=O)C(Cc2ccccc2)=C1,26,354.45,8,2,4.61,2449,"1,4-benzoquinone"
O=C1c2ccccc2C(=O)c2c1cc(S(=O)(=O)c1cccs1)c1nsnc21,O=C1c2ccccc2C(=O)c2c1cc(S(=O)(=O)c1cccs1)c1nsnc21,27,412.47,2,5,3.36,74223446,"1,4-naphthoquinone"
COc1cccc2c1C(=O)C(=O)C(C1=C(O)c3cccc(OC)c3C(=O)C1=O)=C2O,O=C1C(=O)c2ccccc2C=C1C1=Cc2ccccc2C(=O)C1=O,30,406.35,3,4,2.47,537230,"1,2-naphthoquinone"
CC(=O)NC1=CC(=O)c2cc(OC3OC(C)C(O)C(O)C3O)c(C)cc2C1=O,O=C1C=CC(=O)c2cc(OC3CCCCO3)ccc21,28,391.38,3,3,-0.4,132606955,"1,4-benzoquinone"
Cc1cc2c(cc1C)-c1oc(CN3CCC(CNC(=O)C=Cc4cccnc4)CC3)c(C)c1C(=O)C2=O,O=C(C=Cc1cccnc1)NCC1CCN(Cc2cc3c(o2)-c2ccccc2C(=O)C3=O)CC1,37,497.6,6,5,4.69,168274704,"1,2-benzoquinone"
CC1(C)C=CC2=C(O1)C(=O)c1ccccc1C2=O,O=C1C2=C(OCC=C2)C(=O)c2ccccc21,18,240.26,0,3,2.68,72734,"1,4-benzoquinone"
COC12C(COC(N)=O)C3=C(C(=O)C(CSc4nccn4C)=C(N)C3=O)N1CC1NC12,O=C1C=C(CSc2ncc[nH]2)C(=O)C2=C1CC1C3NC3CN21,31,446.49,6,5,-1.15,9981004,"1,4-benzoquinone"
O=C1c2ccccc2C(=O)c2c(-c3ccc4[nH]ccc4c3)noc21,O=C1c2ccccc2C(=O)c2c(-c3ccc4[nH]ccc4c3)noc21,24,314.3,1,5,3.6,60165409,"1,4-benzoquinone"
O=C1c2ccccc2C(=O)c2c(O)cc(-c3ccccc3)cc21,O=C1c2ccccc2C(=O)c2cc(-c3ccccc3)ccc21,23,300.31,1,4,3.83,73353903,"1,4-benzoquinone"
COC(=O)NCCc1[nH]nc2c1C(=O)C=C(Cl)C2=O,O=C1C=CC(=O)c2n[nH]cc21,19,283.67,3,2,0.81,46229515,"1,4-benzoquinone"
O=C1c2ccccc2C(=O)c2c(O)c(C(O)c3cccs3)cc(O)c21,O=C1c2ccccc2C(=O)c2cc(Cc3cccs3)ccc21,25,352.37,2,4,3.02,141750632,anthraquinone
O=C1c2ccccc2C(=O)c2c1cccc2N1CCCCC1,O=C1c2ccccc2C(=O)c2c1cccc2N1CCCCC1,22,291.35,1,4,3.45,95936,"1,4-naphthoquinone"
O=C1C(=O)c2c(ccc3cc(S(=O)(=O)O)ccc23)-c2ccccc21,O=C1C(=O)c2c(ccc3ccccc23)-c2ccccc21,24,338.34,1,4,3.13,21483877,"1,2-naphthoquinone"
O=C1c2cccnc2C(=O)c2c1c(C(=O)OCCc1ccccn1)c1ccccn21,O=C1c2cccnc2C(=O)c2c1c(C(=O)OCCc1ccccn1)c1ccccn21,30,397.39,4,5,2.9,122188471,"1,4-benzoquinone"
CC(C)=CCC(OC(=O)Cc1ccc(Oc2ccccc2)cc1)C1=CC(=O)c2c(O)ccc(O)c2C1=O,O=C(Cc1ccc(Oc2ccccc2)cc1)OCC1=CC(=O)c2ccccc2C1=O,37,498.53,8,4,5.71,71492443,"1,4-benzoquinone"
COc1cc(Cc2nc3c(n2CCCCC2CCCCC2)-c2ccccc2C(=O)C3=O)cc(OC)c1OC,O=C1C(=O)c2nc(Cc3ccccc3)n(CCCCC3CCCCC3)c2-c2ccccc21,38,516.64,10,5,6.3,535470,"1,2-naphthoquinone"
O=C1C(=O)c2ccccc2C2=C1SCC1(CCCNCC1)O2,O=C1C(=O)c2ccccc2C2=C1SCC1(CCCNCC1)O2,22,315.39,0,4,2.4,57661973,"1,2-naphthoquinone"
O=C1c2ccccc2C(=O)c2c1ccc1[nH]c(-c3ccccc3)nc21,O=C1c2ccccc2C(=O)c2c1ccc1[nH]c(-c3ccccc3)nc21,25,324.34,1,5,4.01,11674223,"1,4-benzoquinone"
CC(=O)OCC1(C)CCCc2c1ccc1c2C(=O)C(=O)c2c(C)coc2-1,O=C1C(=O)c2c(ccc3c2CCCC3)-c2occc21,26,352.39,2,4,3.79,624365,"1,2-naphthoquinone"
CC12CCCc3coc(c31)C(=O)c1cc3c(cc12)C(O)=C(Cl)C(=O)C3=O,O=C1C=Cc2cc3c(cc2C1=O)C(=O)c1occ2c1C3CCC2,26,368.77,0,5,3.7,11793421,"1,2-benzoquinone"
N#Cc1ccc(-c2nc3c([nH]2)C(=O)c2ccccc2C3=O)cc1,O=C1c2ccccc2C(=O)c2[nH]c(-c3ccccc3)nc21,23,299.29,1,4,2.72,145983180,"1,4-naphthoquinone"
CC1OC(c2ccc3c(c2O)C(=O)C2=C(C3=O)C3(O)C(=O)CC(C)(O)CC3(O)C=C2)CC(O)C1O,O=C1C2=C(C(=O)c3ccc(C4CCCCO4)cc31)C1C(=O)CCCC1C=C2,35,486.47,1,5,-0.21,73441,"1,4-benzoquinone"
Cc1cc2c3c(c1)c(=O)c(=O)c1c(F)c(C)cc(c1-3)c(=O)c2=O,O=c1c(=O)c2cccc3c2-c2c1cccc2c(=O)c3=O,23,308.26,0,4,1.61,89348888,"1,2-benzoquinone"
Cc1ccc2[nH]c3c4c(=O)ccc(=O)c4c4c(=O)[nH]c(=O)c4c3c2c1,O=c1ccc(=O)c2c1c1[nH]c3ccccc3c1c1c(=O)[nH]c(=O)c21,25,330.3,0,5,1.58,17759425,"1,4-benzoquinone"
O=C1c2ccc(O)c(O)c2C(=O)c2c(O)ccc(O)c21,O=C1c2ccccc2C(=O)c2ccccc21,20,272.21,0,3,1.28,5004,"1,4-benzoquinone"
COC1=CC(=O)C(=O)C=C1OC(c1ccccc1)c1ccccc1,O=C1C=CC(OC(c2ccccc2)c2ccccc2)=CC1=O,24,320.34,5,3,3.36,13926542,"1,2-benzoquinone"
CC1=CSC2=C(C)C(=O)C(=O)c3c(C)ccc1c32,O=C1C=C2SC=Cc3cccc(c32)C1=O,18,256.33,0,3,3.6,135035069,"1,2-naphthoquinone"
Cn1cc2c3c1C(=O)C(=O)C(Br)=C3NCC2,O=C1C=C2NCCc3c[nH]c(c32)C1=O,16,281.11,0,3,1.0,10085092,"1,2-benzoquinone"
CCCCN(CCCC)CCCNC(=O)CCCCC1=C(C)C(=O)c2cccc(O)c2C1=O,O=C1C=CC(=O)c2ccccc21,33,456.63,15,2,5.06,10004236,"1,4-benzoquinone"
CCC1(O)Cc2cc3c(c(O)c2C(OC2CC(N4CCOCC4)C(O)C(C)O2)C1)C(=O)c1c(O)cccc1C3=O,O=C1c2ccccc2C(=O)c2cc3c(cc21)CCCC3OC1CC(N2CCOCC2)CCO1,40,553.61,4,6,2.21,163743,anthraquinone
O=C1C(=O)c2ccccc2C(O)=C1CCCCCCCCC1CCCCC1,O=C1C(=O)c2ccccc2C=C1CCCCCCCCC1CCCCC1,27,368.52,9,3,6.42,26738,"1,2-benzoquinone"
O=C1C(=O)c2ccccc2C2=C1OC(CN1CCN(c3ccc(F)cc3)CC1)CS2,O=C1C(=O)c2ccccc2C2=C1OC(CN1CCN(c3ccccc3)CC1)CS2,30,424.5,3,5,3.21,11992883,"1,2-naphthoquinone"
COc1ccc2nc3c(c(NCCNC4=C(Cl)C(=O)c5ccccc5C4=O)c2c1)CCCC3,O=C1C=C(NCCNc2c3c(nc4ccccc24)CCCC3)C(=O)c2ccccc21,33,461.95,6,5,4.65,118721630,"1,4-benzoquinone"
COc1oc2c(c1OC)C(=O)C(=O)c1cccc(O)c1-2,O=C1C(=O)c2ccoc2-c2ccccc21,20,274.23,2,3,2.05,11334815,"1,2-benzoquinone"
CCNc1cccc(OC2=CC(=O)C(Nc3ncnc4cc(OCCOC)c(OC)cc34)=CC2=O)c1,O=C1C=C(Oc2ccccc2)C(=O)C=C1Nc1ncnc2ccccc12,36,490.52,11,4,3.51,11547684,"1,4-benzoquinone"
CCc1noc(-c2cc3c(s2)C(=O)c2c(Cl)cccc2C3=O)n1,O=C1c2ccccc2C(=O)c2sc(-c3ncno3)cc21,23,344.78,2,4,3.79,127029009,"1,4-benzoquinone"
CC(C)C1=CC(=O)C(C2(C)CCCC(C)(C)C2CC=O)=CC1=O,O=C1C=CC(=O)C(C2CCCCC2)=C1,23,316.44,4,2,4.07,10018666,"1,4-benzoquinone"
CCCCCCNC(=O)c1ccc(C=CC(=O)c2cccc3c2C(=O)c2ccccc2C3=O)cc1,O=C(C=Cc1ccccc1)c1cccc2c1C(=O)c1ccccc1C2=O,35,465.55,9,4,5.67,145983547,anthraquinone
CC1(C)c2cccc3c2-c2c(cccc21)C(=O)C3=O,O=C1C(=O)c2cccc3c2-c2c(cccc21)C3,19,248.28,0,4,3.37,21903755,"1,2-naphthoquinone"
CCOC(=O)c1ccc2c(c1)-c1c(C(=O)OCC)c(C)n(C)c1C(=O)C2=O,O=C1C(=O)c2[nH]ccc2-c2ccccc21,27,369.37,4,3,2.73,129796835,"1,2-naphthoquinone"
COc1cc(O)c2c(c1O)C(=O)C1=C(C2=O)C(O)C(O)C(C)(O)C1,O=C1C2=C(CCCC2)C(=O)c2ccccc21,24,336.3,1,3,-0.34,137629589,"1,4-benzoquinone"
Cc1cccc2c1C(=O)C(=O)c1c-2nc2ccccn12,O=C1C(=O)c2c(nc3ccccn23)-c2ccccc21,20,262.27,0,4,2.69,19610839,"1,2-naphthoquinone"
CCC(CC)C1=C(Br)c2nc3ccccn3c2C(=O)C1=O,O=C1C=Cc2nc3ccccn3c2C1=O,21,347.21,3,3,3.64,76323306,"1,2-benzoquinone"
NC1CCN(C(=O)c2cc3c(o2)C(=O)c2c(c(O)c4ccccc4c2O)C3=O)C1,O=C1c2cc3ccccc3cc2C(=O)c2oc(C(=O)N3CCCC3)cc21,29,392.37,1,5,1.79,155567684,"1,4-naphthoquinone"
O=C1C=Cc2ccccc2C1=O,O=C1C=Cc2ccccc2C1=O,12,158.16,0,2,1.47,10667,"1,2-benzoquinone"
O=C1C(=O)c2ccccc2C2=C1SCC1(CCN(C3CCN(C(=O)Oc4cccc(CF)c4)CC3)CC1)O2,O=C1C(=O)c2ccccc2C2=C1SCC1(CCN(C3CCN(C(=O)Oc4ccccc4)CC3)CC1)O2,38,536.63,3,6,4.85,117783363,"1,2-benzoquinone"
COc1cccc2c1C(=O)c1c(O)c3c(c(O)c1C2=O)CC(O)(C(C)O)CC3O,O=C1c2ccccc2C(=O)c2cc3c(cc21)CCCC3,29,400.38,2,4,0.97,147191,anthraquinone
O=C1C=C(Nc2ccc(S(=O)(=O)Nc3ccccn3)cc2)C(=O)c2ccccc21,O=C1C=C(Nc2ccc(S(=O)(=O)Nc3ccccn3)cc2)C(=O)c2ccccc21,29,405.44,5,4,3.26,12387472,"1,4-naphthoquinone"
O=C1C(=O)c2ccccc2C(O)=C1CCO,O=C1C=Cc2ccccc2C1=O,16,218.21,2,2,1.1,10465957,"1,2-benzoquinone"
COC12CC(COC(=O)c3cncc(Br)c3)CN(C)C1Cc1cn(C)c3cccc2c13,O=C(OCC1CNC2Cc3c[nH]c4cccc(c34)C2C1)c1cccnc1,31,484.39,4,5,3.91,117592174,"1,2-naphthoquinone"
O=C1c2cccc(O)c2C(=O)c2c(O)cc(C(=O)N3CCc4ccccc4C3)cc21,O=C1c2ccccc2C(=O)c2cc(C(=O)N3CCc4ccccc4C3)ccc21,30,399.4,1,5,3.07,171785318,anthraquinone
CCN(CCCCCCNC1=CC(=O)C(NCCCCCCN(CC)Cc2cccs2)=CC1=O)Cc1cccs1,O=C1C=C(NCCCCCCNCc2cccs2)C(=O)C=C1NCCCCCCNCc1cccs1,40,584.9,22,3,6.37,23625037,"1,4-benzoquinone"
O=C1C2=C(SC3OC(CO)C(O)C(O)C3O2)C(=O)c2ccccc21,O=C1C2=C(SC3OCCCC3O2)C(=O)c2ccccc21,24,350.35,1,4,-0.15,7075857,"1,4-benzoquinone"
CN(C)CCNc1ccc(NCCN2CCCC2CCl)c2c1C(=O)c1c(O)ccc(O)c1C2=O,O=C1c2ccccc2C(=O)c2c(NCCN3CCCC3)cccc21,34,487.0,9,4,2.96,11994519,"1,4-benzoquinone"
O=C1C(=O)c2ccccc2C(O)=C1Nc1ccc2c(c1)OCO2,O=C1C(=O)c2ccccc2C=C1Nc1ccc2c(c1)OCO2,23,309.28,2,4,2.52,155538807,"1,2-benzoquinone"
COC1=CC(=O)c2cc(Cc3ccc(O)c(OC)c3)c(C)c(-c3ccc(O)c(OC)c3)c2C1=O,O=C1C=CC(=O)c2c1cc(Cc1ccccc1)cc2-c1ccccc1,34,460.48,6,4,4.59,10434387,"1,4-naphthoquinone"
N#Cc1c(F)c(Oc2ccc3ccccc3c2)c2oc3ccccc3c3ccccc3oc2c1C#N,c1ccc2cc(Oc3cccc4oc5ccccc5c5ccccc5oc34)ccc2c1,36,470.46,2,6,8.28,144765441,"1,2-benzoquinone"
O=C1c2ccccc2-c2onc3ccc(Oc4c(F)c(F)c(F)c(F)c4F)c1c23,O=C1c2ccccc2-c2onc3ccc(Oc4ccccc4)c1c23,29,403.26,2,5,5.53,634135,"1,4-benzoquinone"
COc1c(C)ccc2c1C(=O)c1c(O)c3c(c(O)c1C2=O)CC(C)(O)CC3OC1OC(C)C(O)C(OC)C1O,O=C1c2ccccc2C(=O)c2cc3c(cc21)CCCC3OC1CCCCO1,39,544.55,4,5,1.43,101631343,anthraquinone
COC1=CC(=O)C(=O)C=C1Oc1ccc(OC)cc1,O=C1C=CC(Oc2ccccc2)=CC1=O,19,260.24,4,2,1.64,11807416,"1,2-benzoquinone"
O=C1c2ccccc2C(=O)c2c1ccc1nsnc21,O=C1c2ccccc2C(=O)c2c1ccc1nsnc21,19,266.28,0,4,2.47,3835463,"1,4-benzoquinone"
CC(CO)C1=C(O)c2ccc3c(c2C(=O)C1=O)CCC(O)C3(C)O,O=C1C=Cc2ccc3c(c2C1=O)CCCC3,24,332.35,2,3,0.86,129807513,"1,2-naphthoquinone"
CC(C)C1=C(O)c2ccc3c(c2C(=O)C1=O)C(=O)CCC3(C)C,O=C1C=Cc2ccc3c(c2C1=O)C(=O)CCC3,23,312.37,1,3,3.63,5319835,"1,2-benzoquinone"
COC1=CC(=O)c2cc(-c3ccc(OC)c(O)c3)c3cc(O)c(OC)cc3c2C1=O,O=C1C=CC(=O)c2c1cc(-c1ccccc1)c1ccccc21,30,406.39,4,4,3.84,53388317,"1,4-benzoquinone"
COc1cc2c(c(OC)c1)C(=O)C(=O)C(CC(C)OC(=O)c1ccccc1)=C2,O=C1C(=O)c2ccccc2C=C1CCOC(=O)c1ccccc1,28,380.4,6,3,3.49,11234348,"1,2-benzoquinone"
O=C1C(=O)c2ccccc2C=C1C(F)F,O=C1C=Cc2ccccc2C1=O,15,208.16,1,2,2.1,141247912,"1,2-benzoquinone"
CC1(CO)OC2=C(C(=O)c3cc(O)cc(O)c3C2=O)c2cc(CO)ccc21,O=C1C2=C(C(=O)c3ccccc31)c1ccccc1CO2,27,368.34,2,4,1.62,10474175,"1,4-naphthoquinone"
Nc1ccc(NC(=O)c2ccccc2)c2c1C(=O)c1ccccc1C2=O,O=C(Nc1cccc2c1C(=O)c1ccccc1C2=O)c1ccccc1,26,342.35,2,4,3.3,66479,"1,4-benzoquinone"
Cc1ccc2c(c1[N+](=O)[O-])C(=O)c1cccc([N+](=O)[O-])c1C2=O,O=C1c2ccccc2C(=O)c2ccccc21,23,312.24,2,3,2.59,40019,anthraquinone
O=C1C(=O)c2ccccc2C(O)=C1C(c1ccc([N+](=O)[O-])cc1)c1c(O)c2ccccc2oc1=O,O=C1C(=O)c2ccccc2C=C1C(c1ccccc1)c1cc2ccccc2oc1=O,35,469.41,4,5,4.27,137631661,"1,2-benzoquinone"
O=C1c2ccccc2C(=O)c2c1ccc1c(=O)n(-c3ccc(Cl)cc3)[nH]c21,O=C1c2ccccc2C(=O)c2c1ccc1c(=O)n(-c3ccccc3)[nH]c21,27,374.78,1,5,3.75,3126079,anthraquinone
NCCC(=O)NCC(=O)Nc1ccc2c(c1)C(=O)c1ccc(NC(=O)CNC(=O)CCN)cc1C2=O,O=C1c2ccccc2C(=O)c2ccccc21,36,494.51,10,3,-0.73,127030865,anthraquinone
O=C1c2ccccc2C(=O)c2c1ccc1[nH]c(SCC(=O)N3CCCC3)nc21,O=C1c2ccccc2C(=O)c2c1ccc1[nH]c(SCC(=O)N3CCCC3)nc21,28,391.45,3,5,3.05,53358193,anthraquinone
N=C(N)c1ccc(OCCCCCOc2ccc(C(=N)N)cc2)cc1,c1ccc(OCCCCCOc2ccccc2)cc1,25,340.43,10,2,2.88,117591918,"1,2-naphthoquinone"
O=C1c2ccccc2C(=O)c2[nH]c(-c3cccc(Cl)c3)nc21,O=C1c2ccccc2C(=O)c2[nH]c(-c3ccccc3)nc21,22,308.72,1,4,3.51,145991788,"1,4-benzoquinone"
O=C1c2ccccc2C(=O)c2c1ccc1ccccc21,O=C1c2ccccc2C(=O)c2c1ccc1ccccc21,20,258.28,0,4,3.62,17253,"1,4-benzoquinone"
CN(C)CCc1ccc(O)c(O)c1C1=C(C2C(=O)N(C)C(=O)N2C)C(=O)c2c(CCN)c[nH]c2C1=O,O=C1NC(=O)C(C2=C(c3ccccc3)C(=O)c3[nH]ccc3C2=O)N1,36,495.54,7,4,0.76,135874485,"1,4-benzoquinone"
O=c1c2oc3ccccc3[nH]c=2c2ccccc2c1=O,O=c1c2oc3ccccc3[nH]c=2c2ccccc2c1=O,20,263.25,0,4,2.36,15212914,"1,2-naphthoquinone"
COC1=CC(=O)C(CCC(=O)c2ccc3c(c2)OCO3)=C(OC)C1=O,O=C1C=CC(=O)C(CCC(=O)c2ccc3c(c2)OCO3)=C1,25,344.32,6,3,1.96,73603945,"1,4-benzoquinone"
O=C1C=CC=C(c2ccccc2)C1=O,O=C1C=CC=C(c2ccccc2)C1=O,14,184.19,1,2,1.78,54239709,"1,2-benzoquinone"
CN(Cc1nc2c3c(ccc2[nH]1)C(=O)c1ccccc1C3=O)CC1OCCO1,O=C1c2ccccc2C(=O)c2c1ccc1[nH]c(CNCC3OCCO3)nc21,28,377.4,4,5,2.14,53371971,anthraquinone
COc1c(CC(=O)c2cc3c(cc2O)OC(C)(C)C(O)C3)ccc2c1C=CC(C)(C)O2,O=C(Cc1ccc2c(c1)C=CCO2)c1ccc2c(c1)CCCO2,31,424.49,4,4,4.08,117594945,"1,2-naphthoquinone"
O=C1C=C(O)C(c2ccc3ccccc3c2)=CC1=O,O=C1C=CC(c2ccc3ccccc3c2)=CC1=O,19,250.25,1,3,2.82,51041916,"1,2-benzoquinone"
O=C1C(=O)c2ccccc2C(O)=C1c1cn(S(=O)(=O)c2ccccc2)c2ccccc12,O=C1C(=O)c2ccccc2C=C1c1cn(S(=O)(=O)c2ccccc2)c2ccccc12,31,429.45,3,5,4.07,12000304,"1,2-benzoquinone"
CC1C=Cc2c(O)c3c(c(O)c2O1)C(=O)C(=O)C=C3O,O=C1C=Cc2cc3c(cc2C1=O)OCC=C3,20,274.23,0,3,1.56,101293596,"1,2-benzoquinone"
COC1c2cc3c(c(O)c2-c2c(cc4cc(C)[nH]c(=O)c4c2O)C1O)C(=O)c1ccc(C)c(O)c1C3=O,O=C1c2ccccc2C(=O)c2cc3c(cc21)CCc1cc2cc[nH]c(=O)c2cc1-3,37,499.48,1,6,3.44,5488988,"1,4-benzoquinone"
O=C1c2ccccc2C(=O)c2c1ccc(Cc1ccccc1)c2O,O=C1c2ccccc2C(=O)c2cc(Cc3ccccc3)ccc21,24,314.34,2,4,3.76,10615154,anthraquinone
CC(C)C1=C(O)C2=C(C(=O)C1=O)C1(C)CCCC(C)(C)C1=C(O)C2=O,O=C1C=CC2=C(C1=O)C1CCCCC1=CC2=O,25,344.41,1,3,3.51,9974772,"1,2-benzoquinone"
Cc1cc(O)cc2c1C(=O)c1c(O)cccc1C2=O,O=C1c2ccccc2C(=O)c2ccccc21,19,254.24,0,3,2.18,3085033,"1,4-naphthoquinone"
O=C1C=C2c3cc4ccccc4cc3-c3cccc(c32)C1=O,O=C1C=C2c3cc4ccccc4cc3-c3cccc(c32)C1=O,22,282.3,0,5,4.02,150573,"1,2-benzoquinone"
COc1cccc2c1C(=O)C(=O)c1c(C(=O)O)cc3c(c1-2)OCO3,O=C1C(=O)c2ccc3c(c2-c2ccccc21)OCO3,24,326.26,2,4,2.17,135024840,"1,2-benzoquinone"
Cc1cc(O)c2c(c1)C(=O)c1cc(O)c(CN3CCOCC3)c(O)c1C2=O,O=C1c2ccccc2C(=O)c2cc(CN3CCOCC3)ccc21,27,369.37,2,4,1.72,3755504,anthraquinone
CC(C)(C)C1=CC(=O)C(C(C)(C)C)=CC1=O,O=C1C=CC(=O)C=C1,16,220.31,0,1,3.08,17161,"1,4-benzoquinone"
O=C1C=C(C2(CO)CO2)c2ccccc2C1=O,O=C1C=C(C2CO2)c2ccccc2C1=O,17,230.22,2,3,0.6,129847403,"1,2-naphthoquinone"
Cc1c(C2=C(O)c3ccccc3C(=O)C2=O)[nH]c2c(F)cccc12,O=C1C(=O)c2ccccc2C=C1c1cc2ccccc2[nH]1,24,321.31,1,4,3.81,162410572,"1,2-benzoquinone"
Cc1cc(C)c2c(c1)C(=O)C(=O)c1c(-c3ccc(F)cc3)coc1-2,O=C1C(=O)c2c(-c3ccccc3)coc2-c2ccccc21,24,320.32,1,4,4.75,44244038,"1,2-benzoquinone"
CC(C)Nc1cc2c(NC(C)C)onc2c2c1C(=O)c1ccccc1C2=O,O=C1c2ccccc2C(=O)c2c1ccc1conc21,27,363.42,4,4,4.24,15496434,anthraquinone
C=C1CCC2C(C)(C(=O)O)CCCC2(C)C1CCc1ccc2c(c1)C(=O)C=CC2=O,C=C1CCC2CCCCC2C1CCc1ccc2c(c1)C(=O)C=CC2=O,30,406.52,4,4,5.42,10645032,"1,4-naphthoquinone"
COc1ccc(C2=C(NC(=O)c3ccc4ccccc4c3)C(=O)c3ccccc3C2=O)cc1,O=C(NC1=C(c2ccccc2)C(=O)c2ccccc2C1=O)c1ccc2ccccc2c1,33,433.46,4,5,5.07,44564049,"1,4-naphthoquinone"
O=C1C=Cc2cnc3ncccc3c2C1=O,O=C1C=Cc2cnc3ncccc3c2C1=O,16,210.19,0,3,1.41,70151350,"1,2-benzoquinone"
Cc1ccnc(NC2=CC(=O)C(=O)c3ccccc32)c1,O=C1C=C(Nc2ccccn2)c2ccccc2C1=O,20,264.28,2,3,2.61,272554,"1,2-benzoquinone"
CC(C)=CCCC(C)=CCCC(C)=CCC1=C(O)c2cc(C)c(C)cc2C(=O)C1=O,O=C1C=Cc2ccccc2C1=O,30,406.57,8,2,7.15,44430508,"1,2-benzoquinone"
O=C1C(=O)c2c(nc3ncccn23)-c2ncccc21,O=C1C(=O)c2c(nc3ncccn23)-c2ncccc21,19,250.22,0,4,1.17,16126496,"1,2-benzoquinone"
O=C(O)CCCC(=O)OCc1cc2c(s1)C(=O)c1sccc1C2=O,O=C1c2ccsc2C(=O)c2sccc21,24,364.4,6,3,2.88,44439941,"1,4-benzoquinone"
Cc1cc2c(c(O)c1-c1c(C)cc3c(c1O)C(=O)c1c(O)cccc1C3=O)C(=O)c1c(O)cccc1C2=O,O=C1c2ccccc2C(=O)c2cc(-c3ccc4c(c3)C(=O)c3ccccc3C4=O)ccc21,38,506.47,1,6,4.34,442728,"1,4-benzoquinone"
Cc1cc(O)c2c3c(n(C#N)c2c1)C(=O)c1c(O)cccc1C3=O,O=C1c2ccccc2C(=O)c2c1[nH]c1ccccc21,24,318.29,0,4,2.47,129258,"1,4-naphthoquinone"
O=C1c2ccccc2C(=O)c2c1ccc1c(=O)o[nH]c21,O=C1c2ccccc2C(=O)c2c1ccc1c(=O)o[nH]c21,20,265.22,0,4,1.9,622160,"1,4-naphthoquinone"
NC(CC1=CC=CC(=O)C1=O)C(=O)O,O=C1C=CC=CC1=O,14,195.17,3,1,-0.58,129651318,"1,2-benzoquinone"
C=CC(C)(C)c1[nH]c2ccccc2c1C1=C(O)C(=O)C(c2c[nH]c3ccccc23)=C(O)C1=O,O=C1C=C(c2c[nH]c3ccccc23)C(=O)C=C1c1c[nH]c2ccccc12,33,438.48,4,5,5.5,452719,"1,4-benzoquinone"
CC1=CC(=O)C(N2CC2)=CC1=O,O=C1C=CC(=O)C(N2CC2)=C1,12,163.18,1,2,0.28,10397115,"1,4-benzoquinone"
O=c1ccc2cc3ccc4cccc5ccc(c2c1=O)c3c45,O=c1ccc2cc3ccc4cccc5ccc(c2c1=O)c3c45,22,282.3,0,5,3.9,187315,"1,2-benzoquinone"
CC1(C)OC2=C(CC1S(=O)(=O)O)C(=O)C(=O)c1ccccc12,O=C1C(=O)c2ccccc2C2=C1CCCO2,22,322.34,1,3,1.62,264069,"1,2-naphthoquinone"
CCOC(=O)N1CCN(CCCOc2cc(O)c3c(c2)C(=O)c2ccccc2C3=O)CC1,O=C1c2ccccc2C(=O)c2cc(OCCCN3CCNCC3)ccc21,32,438.48,6,4,2.71,53494917,anthraquinone
Cc1nc(C)c(COC(=O)c2cc(O)c3c(c2)C(=O)c2cccc(O)c2C3=O)nc1C,O=C(OCc1cnccn1)c1ccc2c(c1)C(=O)c1ccccc1C2=O,31,418.41,3,4,2.95,56848486,anthraquinone
CCC1=C(C)C(=O)c2cc3c(c(O)c2C1=O)C(=O)C(C)(O)C(=O)C3(C)C,O=C1CC(=O)c2cc3c(cc2C1)C(=O)C=CC3=O,26,356.37,1,3,2.29,16091656,"1,4-benzoquinone"
O=C1C=C(NCc2ccc(C(F)(F)F)cc2)c2ccccc2C1=O,O=C1C=C(NCc2ccccc2)c2ccccc2C1=O,24,331.29,3,3,3.6,101588748,"1,2-benzoquinone"
Cc1oc2c(c1C(=O)NCC1CCCO1)C(=O)c1ccccc1C2=O,O=C(NCC1CCCO1)c1coc2c1C(=O)c1ccccc1C2=O,25,339.35,3,4,2.27,4059376,"1,4-benzoquinone"
O=C1C=Cc2cc3c(Cl)c4ccccc4c(Oc4ccccc4)c3cc2C1=O,O=C1C=Cc2cc3cc4ccccc4c(Oc4ccccc4)c3cc2C1=O,28,384.82,2,5,6.22,129673278,"1,2-naphthoquinone"
O=C1C(=O)c2ccccc2C(O)=C1N1CCN(c2nc3ccccc3o2)CC1,O=C1C(=O)c2ccccc2C=C1N1CCN(c2nc3ccccc3o2)CC1,28,375.38,2,5,2.64,13934785,"1,2-naphthoquinone"
COc1nn(C2=CC(C)C(C(F)(F)F)C=C2)c2c1C(=O)C(=O)c1ccccc1-2,O=C1C(=O)c2cnn(C3=CCCC=C3)c2-c2ccccc21,28,388.35,2,4,4.16,169937832,"1,2-benzoquinone"
O=C1C=C(Nc2ccn[nH]2)c2ccccc2C1=O,O=C1C=C(Nc2ccn[nH]2)c2ccccc2C1=O,18,239.23,2,3,1.63,134936309,"1,2-naphthoquinone"
O=C1c2ccccc2-c2onc3ccc(NCCCN4CCNC4)c1c23,O=C1c2ccccc2-c2onc3ccc(NCCCN4CCNC4)c1c23,26,348.41,5,5,2.7,49766509,anthraquinone
CCN(CC)C(=S)SCC1=C(C)C(=O)c2ccccc2C1=O,O=C1C=CC(=O)c2ccccc21,22,333.48,4,2,3.74,145961294,"1,4-naphthoquinone"
Cc1[nH]c2c(c1C(=O)N1CCCC(N)C1)C(=O)c1c(c(O)c3ccccc3c1O)C2=O,O=C1c2cc3ccccc3cc2C(=O)c2c(C(=O)N3CCCCC3)c[nH]c21,31,419.44,1,5,2.23,162644468,"1,4-naphthoquinone"
CC(=O)OC1C2=C(C(=O)C(=O)C(C(C)C)=C2O)C2(C)CCCC(C)(C)C2C1OC(=O)c1ccc([N+](=O)[O-])cc1,O=C1C=CC2=C(C1=O)C1CCCCC1C(OC(=O)c1ccccc1)C2,39,539.58,5,4,4.81,72549722,"1,2-benzoquinone"
Cc1cc(=O)oc2c1C=CC(=O)C2=O,O=C1C=Cc2ccc(=O)oc2C1=O,14,190.15,0,2,0.73,15647394,"1,2-benzoquinone"
O=C(NCc1ccco1)c1ccc(C=CC(=O)c2cccc3c2C(=O)c2ccccc2C3=O)cc1,O=C(NCc1ccco1)c1ccc(C=CC(=O)c2cccc3c2C(=O)c2ccccc2C3=O)cc1,35,461.47,6,5,4.88,145983351,anthraquinone
O=C1C=C(Nc2ccc([N+](=O)[O-])cc2Cl)c2ccccc2C1=O,O=C1C=C(Nc2ccccc2)c2ccccc2C1=O,23,328.71,3,3,3.47,272563,"1,2-benzoquinone"
CN1CCN(c2cccc3c2C(=O)c2ccccc2C3=O)CC1,O=C1c2ccccc2C(=O)c2c1cccc2N1CCNCC1,23,306.37,1,4,2.21,5151543,"1,4-naphthoquinone"
COc1ccc(OC)c(NC2C3=C(OC2(C)C)c2ccc4c(C)cccc4c2C(=O)C3=O)c1,O=C1C(=O)c2c(ccc3ccccc23)C2=C1C(Nc1ccccc1)CO2,33,443.5,4,5,4.93,137644863,"1,2-benzoquinone"
O=C1C(=O)c2c(nc3ccccn23)-c2ccccc21,O=C1C(=O)c2c(nc3ccccn23)-c2ccccc21,19,248.24,0,4,2.38,253684,"1,2-benzoquinone"
O=C1C(=O)c2ccc(Cl)cc2C2=C1C(c1cccc(O)c1)NC(=S)N2,O=C1C(=O)c2ccccc2C2=C1C(c1ccccc1)NC(=S)N2,25,370.82,1,4,2.74,162674579,"1,2-benzoquinone"
Cc1nn(-c2ccccc2)c2nc3c(c(-c4ccc([N+](=O)[O-])cc4)c12)C(=O)C(=O)c1ccccc1-3,O=C1C(=O)c2c(nc3c(cnn3-c3ccccc3)c2-c2ccccc2)-c2ccccc21,35,460.45,3,6,5.35,56850598,"1,2-naphthoquinone"
CCNS(=O)(=O)c1ccc2c(c1)C(=O)c1ccccc1C2=O,O=C1c2ccccc2C(=O)c2ccccc21,22,315.35,3,3,1.76,16832109,anthraquinone
O=C(O)c1ccccc1Nc1cc(N2CCCC2)c2noc3c2c1C(=O)c1ccccc1-3,O=C1c2ccccc2-c2onc3c(N4CCCC4)cc(Nc4ccccc4)c1c23,32,425.44,4,6,5.08,22421659,anthraquinone
COC1=CC(=O)c2ccc3cc(OC)c(OC)c(O)c3c2C1=O,O=C1C=CC(=O)c2c1ccc1ccccc21,23,314.29,3,3,2.47,25195268,"1,4-naphthoquinone"
O=C1C=CC(=O)c2[nH]ccc21,O=C1C=CC(=O)c2[nH]ccc21,11,147.13,0,2,0.95,152300,"1,4-benzoquinone"
O=C(C=CC1=CC(=O)C(=O)C=C1)OC1CC(O)(C(=O)O)CC(O)C1O,O=C(C=CC1=CC(=O)C(=O)C=C1)OC1CCCCC1,25,352.3,4,2,-1.58,131750865,"1,2-benzoquinone"
CCCCCc1ccc(-c2cn(C3COC4=C(Br)C(=O)C(=O)c5cccc3c54)nn2)cc1,O=C1C=C2OCC(n3cc(-c4ccccc4)nn3)c3cccc(c32)C1=O,32,492.37,6,5,5.13,72707984,"1,2-benzoquinone"
COC1=CC(=O)C(C)=C(CC=C(C)CCC=C(C)C)C1=O,O=C1C=CC(=O)C=C1,21,288.39,6,1,4.07,10902296,"1,4-benzoquinone"
COC(=O)c1ccc(NCC2=CC(=O)c3ccccc3C2=O)cc1,O=C1C=C(CNc2ccccc2)C(=O)c2ccccc21,24,321.33,4,3,2.89,387487,"1,4-naphthoquinone"
COc1c(O)c(C)cc2c1C(=O)c1c(O)cccc1C2=O,O=C1c2ccccc2C(=O)c2ccccc21,21,284.27,1,3,2.19,3083575,"1,4-benzoquinone"
O=C1C(O)=C(c2csc3ccccc23)C(=O)C(O)=C1c1ccccc1,O=C1C=C(c2csc3ccccc23)C(=O)C=C1c1ccccc1,25,348.38,2,4,4.29,10689056,"1,4-benzoquinone"
Cn1cc(-c2nc(C(N)=O)cs2)c2c1C(=O)C=C(N)C2=O,O=C1C=CC(=O)c2c(-c3nccs3)c[nH]c21,21,302.32,2,3,0.47,126200,"1,4-benzoquinone"
CCOC(=O)c1c2c(n3ccccc13)C(=O)c1ncccc1C2=O,O=C1c2cccnc2C(=O)c2c1cc1ccccn21,24,320.3,2,4,2.29,14900032,"1,4-benzoquinone"
O=C1C(N2CC2)=CC(=O)c2c(OS(=O)(=O)c3cccc4ccccc34)cccc21,O=C1C(N2CC2)=CC(=O)c2c(OS(=O)(=O)c3cccc4ccccc34)cccc21,29,405.43,4,5,3.19,14867503,"1,4-benzoquinone"
CC1=CC2C3=C(C(=O)c4ccccc4C3=O)C3(O)c4ccccc4C(=O)C2(C=CC(C)(C)O)C3C1,O=C1C2=C(C(=O)c3ccccc31)C1c3ccccc3C(=O)C3C2C=CCC13,35,466.53,2,6,4.36,11081114,"1,4-benzoquinone"
O=C1CC(C2CCCC2)C2=C(N1)c1ccccc1C(=O)C2=O,O=C1CC(C2CCCC2)C2=C(N1)c1ccccc1C(=O)C2=O,22,295.34,1,4,2.49,162677151,"1,2-benzoquinone"
CC(=O)OC1C(C)OC(OC(CC=C(C)C)C2=CC(=O)c3c(O)ccc(O)c3C2=O)C(OC(C)=O)C1OC(C)=O,O=C1C=C(COC2CCCCO2)C(=O)c2ccccc21,40,560.55,8,3,2.68,46838103,"1,4-benzoquinone"
O=C1C(=O)c2sccc2-c2ccsc21,O=C1C(=O)c2sccc2-c2ccsc21,14,220.27,0,3,2.86,44435802,"1,2-benzoquinone"
CCCCCC1OC(OC)C2=C(C(O)=C(CC=C(C)C(=O)O)C(=O)C2=O)C1OC,O=C1C=CC2=C(COCC2)C1=O,29,408.45,9,2,2.63,139590829,"1,2-benzoquinone"
Cc1cc2c(c(O)c1C(=O)O)-c1c(O)c3c(c(O)c1CC2O)C(=O)c1c(O)cc(O)cc1C3=O,O=C1c2ccccc2C(=O)c2cc3c(cc21)CCc1ccccc1-3,34,464.38,1,5,2.25,73572,"1,4-benzoquinone"
O=C1C=Cc2c(c3nc4ccccc4nc3c3ccccc23)C1=O,O=C1C=Cc2c(c3nc4ccccc4nc3c3ccccc23)C1=O,24,310.31,0,5,3.71,129873292,"1,2-naphthoquinone"
COC1=CC(=O)c2c(c(COC(=O)c3ccccc3)c(C)n2C)C1=O,O=C(OCc1c[nH]c2c1C(=O)C=CC2=O)c1ccccc1,25,339.35,4,3,2.6,10735809,"1,4-benzoquinone"
CC1(C)OC2OC(COC3C4=C(OC3(C)C)c3ccccc3C(=O)C4=O)C3OC(C)(C)OC3C2O1,O=C1C(=O)c2ccccc2C2=C1C(OCC1OC3OCOC3C3OCOC13)CO2,35,486.52,3,6,2.75,71525255,"1,2-benzoquinone"
COC1=C(C)C(O)=C(C)C(=O)C1=O,O=C1C=CC=CC1=O,13,182.17,1,1,0.89,156674,"1,2-benzoquinone"
O=C1OCc2c1c(O)cc1c(=O)c3cc4c(=O)c(=O)cc(O)c4c(O)c3c(=O)c21,O=C1OCc2c1ccc1c(=O)c3cc4c(=O)c(=O)ccc4cc3c(=O)c21,29,392.28,0,5,0.25,132576261,"1,2-benzoquinone"
Cc1coc2c1C(=O)C(=O)c1c-2ccc2c1CCCCC2,O=C1C(=O)c2c(ccc3c2CCCCC3)-c2occc21,21,280.32,0,4,3.9,56951264,"1,2-benzoquinone"
COC1=CC(=O)c2c(COc3ccccc3[N+](=O)[O-])c(C)n(C)c2C1=O,O=C1C=CC(=O)c2c(COc3ccccc3)c[nH]c21,26,356.33,5,3,2.73,23656610,"1,4-benzoquinone"
COC(=O)CCC(=O)Nc1ccc2c(c1)C(=O)C(=O)c1cc(NC(=O)CCC(=O)OC)ccc1-2,O=C1C(=O)c2ccccc2-c2ccccc21,34,466.45,8,3,2.52,44295739,"1,2-benzoquinone"
COc1cc(C=NC2=CC(=O)C(=O)c3ccccc32)cc(OC)c1OC,O=C1C=C(N=Cc2ccccc2)c2ccccc2C1=O,26,351.36,5,3,2.94,71577320,"1,2-benzoquinone"
NC(N)=NCCNc1c2c(c(N)c3ccsc13)C(=O)c1ccccc1C2=O,O=C1c2ccccc2C(=O)c2cc3sccc3cc21,27,379.45,4,4,1.94,118713217,"1,4-benzoquinone"
CNc1ccc(NCCCN)c2c1C(=O)c1ccccc1C2=O,O=C1c2ccccc2C(=O)c2ccccc21,23,309.37,5,3,2.26,89677,"1,4-benzoquinone"
CC(F)(F)C(=O)Nc1c(N)cc(OCc2ccccc2)c2ccccc12,c1ccc(COc2cccc3ccccc23)cc1,26,356.37,5,3,4.59,160208157,"1,2-benzoquinone"
O=c1ccc2ccc3c4cc5cccc6c7cccc8cccc(c87)c(c4ccc3c2c1=O)c56,O=c1ccc2ccc3c4cc5cccc6c7cccc8cccc(c87)c(c4ccc3c2c1=O)c56,34,432.48,0,8,7.36,87170386,"1,2-benzoquinone"
O=C1C(=O)c2ccccc2C(O)=C1CCCC1CC=CCC1,O=C1C(=O)c2ccccc2C=C1CCCC1CC=CCC1,22,296.37,4,3,4.25,3400726,"1,2-benzoquinone"
O=C1C(=O)c2ccccc2C2=C1SCC1(CCN(S(=O)(=O)c3ccc(Cl)c(Cl)c3)CC1)O2,O=C1C(=O)c2ccccc2C2=C1SCC1(CCN(S(=O)(=O)c3ccccc3)CC1)O2,32,510.42,2,5,4.41,57661862,"1,2-naphthoquinone"
O=C1C(=O)c2ccccc2C2=C1SCC1(CCCN(C(=O)Oc3cccc(C(F)(F)F)c3)C1)O2,O=C1C(=O)c2ccccc2C2=C1SCC1(CCCN(C(=O)Oc3ccccc3)C1)O2,34,489.47,1,5,4.94,57662054,"1,2-benzoquinone"
CSC1=NC(=O)N(Cc2ccc(Cl)cc2)CCN1Cc1ccc(Cl)cc1,O=C1N=CN(Cc2ccccc2)CCN1Cc1ccccc1,26,408.35,4,3,5.15,44364900,"1,4-benzoquinone"
COc1cccc2c1C(=O)c1c(O)c3c(c(O)c1C2=O)CC(O)(C(C)=O)CC3OC(=O)CCN,O=C1c2ccccc2C(=O)c2cc3c(cc21)CCCC3,34,469.45,5,4,1.08,24196749,anthraquinone
Cc1ccc(SC2=CC(=O)c3ccccc3C2=O)cc1,O=C1C=C(Sc2ccccc2)C(=O)c2ccccc21,20,280.35,2,3,4.05,15032092,"1,4-benzoquinone"
Cc1cccc2c1-c1c(C)cccc1C(=O)C2=O,O=C1C(=O)c2ccccc2-c2ccccc21,18,236.27,0,3,3.35,12546788,"1,2-benzoquinone"
COc1cc2c(cc1OC)C1(C)C3=CC(=O)C(=O)C=C3C2(C)c2cc(OC)c(OC)cc21,O=C1C=C2C(=CC1=O)C1c3ccccc3C2c2ccccc21,32,432.47,4,6,3.66,102033882,"1,2-benzoquinone"
COC(=O)C(C(=O)OC)c1cc(Br)c2noc3c2c1C(=O)c1ccccc1-3,O=C1c2ccccc2-c2onc3cccc1c23,27,430.21,3,4,3.23,1275910,anthraquinone
COC1=CC(=O)c2cc3c(cc2C1=O)C(=O)C1(O)OCC2(C)CCCC3(C)C21,O=C1C=CC(=O)c2cc3c(cc21)C(=O)C1OCC2CCCC3C21,28,382.41,1,5,2.58,24970870,"1,4-benzoquinone"
Nc1ccc(NC2CCCCC2)c2c1C(=O)c1ccccc1C2=O,O=C1c2ccccc2C(=O)c2c(NC3CCCCC3)cccc21,24,320.39,2,4,3.79,80833,"1,4-naphthoquinone"
CCCCCCCCCC(NC1CCCCC1)C1=C(O)c2ccccc2C(=O)C1=O,O=C1C(=O)c2ccccc2C=C1CNC1CCCCC1,30,411.59,11,3,6.15,15729777,"1,2-naphthoquinone"
O=C1C=CC(=O)c2c(OCc3ccccc3)cccc21,O=C1C=CC(=O)c2c(OCc3ccccc3)cccc21,20,264.28,3,3,3.2,5314033,"1,4-benzoquinone"
CC(C)OC1=CC(=O)C(=O)c2ccccc21,O=C1C=Cc2ccccc2C1=O,16,216.24,2,2,2.22,13682367,"1,2-benzoquinone"
COc1cc(C)cc(C(=O)O)c1C1=CC(=O)c2c(O)cccc2C1=O,O=C1C=C(c2ccccc2)C(=O)c2ccccc21,25,338.32,3,3,2.87,156388,"1,4-benzoquinone"
O=C1c2c(O)ccc(Nc3ccccc3)c2C(=O)c2c(O)ccc(Nc3ccccc3)c21,O=C1c2cccc(Nc3ccccc3)c2C(=O)c2cccc(Nc3ccccc3)c21,32,422.44,4,5,5.36,117567,"1,4-naphthoquinone"
CC1=C(O)C(Cc2c(O)cc(C)c3c2Oc2c(C)cc(O)c(C)c2OC3=O)=C(C)C(=O)C1=O,O=C1C=CC(Cc2cccc3c2Oc2ccccc2OC3=O)=CC1=O,33,450.44,2,4,4.19,139590885,"1,2-benzoquinone"
O=C(C=Cc1ccc(C=NCc2ccco2)cc1)c1cccc2c1C(=O)c1ccccc1C2=O,O=C(C=Cc1ccc(C=NCc2ccco2)cc1)c1cccc2c1C(=O)c1ccccc1C2=O,34,445.47,6,5,5.57,72947670,anthraquinone
CNC1=CC(=O)C(CC2(C)C(C)CCC3(C)C(C)=CCCC32)=CC1=O,O=C1C=CC(=O)C(CC2CCCC3C=CCCC32)=C1,25,341.5,3,3,4.36,158602,"1,4-benzoquinone"
O=C1C=C(Nc2ccc(F)cc2)C(=O)c2ccccc21,O=C1C=C(Nc2ccccc2)C(=O)c2ccccc21,20,267.26,2,3,3.2,15537875,"1,4-benzoquinone"
CN(C)c1cc(NCCCN2CCCC2)c2c3c(onc13)-c1ccccc1C2=O,O=C1c2ccccc2-c2onc3ccc(NCCCN4CCCC4)c1c23,29,390.49,6,5,4.0,134142720,anthraquinone
CC(=O)CC1=C(C#N)c2ccccc2C(=O)C1=O,O=C1C=Cc2ccccc2C1=O,18,239.23,2,2,1.71,11139200,"1,2-naphthoquinone"
O=C1c2c(O)ccc(O)c2C(=O)c2c(NCCN3CCCC(CO)C3)ccc(NCCN3CCCC(CO)C3)c21,O=C1c2ccccc2C(=O)c2c(NCCN3CCCCC3)ccc(NCCN3CCCCC3)c21,40,552.67,10,5,2.11,11398767,"1,4-benzoquinone"
O=C1c2ccccc2C(=O)c2c1cc(OC1OC(CO)C(O)C(O)C1O)c(CO)c2O,O=C1c2ccccc2C(=O)c2cc(OC3CCCCO3)ccc21,31,432.38,4,4,-1.16,101938917,"1,4-benzoquinone"
CC(C)C1=Cc2ccc3c(c2C(=O)C1=O)C=CCC3(C)C,O=C1C=Cc2ccc3c(c2C1=O)C=CCC3,21,280.37,1,3,4.19,3082765,"1,2-benzoquinone"
Cc1cc2c(c3oc(CCCC#N)cc13)C(=O)c1c(O)cccc1C2=O,O=C1c2ccccc2C(=O)c2c1ccc1ccoc21,26,345.35,3,4,4.07,122183446,"1,4-benzoquinone"
CCOc1cccc(S(=O)(=O)c2cc3c(c4nsnc24)C(=O)c2ccccc2C3=O)c1,O=C1c2ccccc2C(=O)c2c1cc(S(=O)(=O)c1ccccc1)c1nsnc21,31,450.5,4,5,3.7,74223253,anthraquinone
COc1cc2c(NC3=CC(=O)C(OCc4ccccc4)=CC3=O)ncnc2cc1OCCCN1CCCC1,O=C1C=C(OCc2ccccc2)C(=O)C=C1Nc1ncnc2cc(OCCCN3CCCC3)ccc12,38,514.58,11,5,4.05,11598750,"1,4-benzoquinone"
COc1ccc(-c2cc(NC3C4=C(OC3(C)C)c3ccccc3C(=O)C4=O)n(-c3ccccc3)n2)cc1,O=C1C(=O)c2ccccc2C2=C1C(Nc1cc(-c3ccccc3)nn1-c1ccccc1)CO2,37,491.55,5,6,5.31,71525210,"1,2-naphthoquinone"
Cc1cc(O)c2c(c1)C(=O)c1cccc(OC3CC(CO)C(O)C(O)C3O)c1C2=O,O=C1c2ccccc2C(=O)c2c(OC3CCCCC3)cccc21,30,414.41,3,4,0.32,44349769,anthraquinone
O=C(CCCCOC1=CC(=O)C(=O)c2ccccc21)Nc1c2ccccc2nc2ccccc12,O=C(CCCCOC1=CC(=O)C(=O)c2ccccc21)Nc1c2ccccc2nc2ccccc12,34,450.49,7,5,5.32,22899249,"1,2-naphthoquinone"
Cc1ccc(NC(=O)COC(=O)c2cccc3c2C(=O)c2ccccc2C3=O)c(C)c1,O=C(COC(=O)c1cccc2c1C(=O)c1ccccc1C2=O)Nc1ccccc1,31,413.43,4,4,3.87,4097759,"1,4-benzoquinone"
O=C1C=Cc2oc3ccccc3c2C1=O,O=C1C=Cc2oc3ccccc3c2C1=O,15,198.18,0,3,2.21,19772945,"1,2-benzoquinone"
Cc1nc2c(n1-c1ccc(Br)cc1)C(=O)c1ccccc1C2=O,O=C1c2ccccc2C(=O)c2c1ncn2-c1ccccc1,23,367.2,1,4,3.72,229013,"1,4-naphthoquinone"
Cc1ccc2c(n1)C(=O)C(NC(=O)C(C)C)=CC2=O,O=C1C=CC(=O)c2ncccc21,19,258.28,2,2,1.43,10634934,"1,4-benzoquinone"
O=C1C=CC(=O)c2c1ccc1c2c(=O)oc2c3ccccc3ccc12,O=C1C=CC(=O)c2c1ccc1c2c(=O)oc2c3ccccc3ccc12,25,326.31,0,5,4.03,137653741,"1,4-benzoquinone"
CCCCCCCCCCCCn1c2nc(=O)[nH]c(=O)c-2cc2c1C(=O)C(=O)c1ccccc1-2,O=C1C(=O)c2[nH]c3nc(=O)[nH]c(=O)c-3cc2-c2ccccc21,34,461.56,11,4,5.0,44377711,"1,2-benzoquinone"
CN1CCN(CCc2nc3c4c(ccc3[nH]2)C(=O)c2ccccc2C4=O)CC1,O=C1c2ccccc2C(=O)c2c1ccc1[nH]c(CCN3CCNCC3)nc21,28,374.44,3,5,2.13,53372629,anthraquinone
O=C1c2ccccc2C(=O)c2c1cc(NS(=O)(=O)c1ccc(N3CCCC3)cc1)c(O)c2O,O=C1c2ccccc2C(=O)c2cc(NS(=O)(=O)c3ccc(N4CCCC4)cc3)ccc21,33,464.5,4,5,3.27,171343221,anthraquinone
COc1ccccc1NC1=C(Cl)C(=O)C(Nc2ccccc2OC)=C(Cl)C1=O,O=C1C=C(Nc2ccccc2)C(=O)C=C1Nc1ccccc1,28,419.26,6,3,4.28,351565,"1,4-benzoquinone"
CCCN1CCN(c2cc(NCC)c3c4c(onc24)-c2ccccc2C3=O)CC1,O=C1c2ccccc2-c2onc3c(N4CCNCC4)ccc1c23,29,390.49,5,5,4.0,20868133,anthraquinone
CCCCNC1=CC(=O)c2ccccc2C1=O,O=C1C=CC(=O)c2ccccc21,17,229.28,4,2,2.34,312986,"1,4-benzoquinone"
O=C1C=CC(=O)C(CC(=O)O)=C1,O=C1C=CC(=O)C=C1,12,166.13,2,1,0.1,21252288,"1,4-benzoquinone"
C=C(C)C1CCC(C)=CC1C1=C(O)C(NCCCCC)=C(CCCCC)C(=O)C1=O,O=C1C=CC=C(C2C=CCCC2)C1=O,30,413.6,11,2,6.11,91972027,"1,2-benzoquinone"
O=C1C2=C(C(=O)c3ccccc31)C1OCc3cc4c(cc3C1CO2)OCO4,O=C1C2=C(C(=O)c3ccccc31)C1OCc3cc4c(cc3C1CO2)OCO4,27,362.34,0,6,2.76,25208550,"1,4-benzoquinone"
O=C(O)c1cccc(N=Nc2c(S(=O)(=O)O)ccc3c2C(=O)c2ccccc2C3=O)c1O,O=C1c2ccccc2C(=O)c2c(N=Nc3ccccc3)cccc21,32,452.4,4,4,3.53,277275,"1,4-benzoquinone"
O=C1C(=O)c2ccccc2C(O)=C1CCCc1ccc(C2CCCCC2)cc1,O=C1C(=O)c2ccccc2C=C1CCCc1ccc(C2CCCCC2)cc1,28,374.48,5,4,5.79,270725,"1,2-benzoquinone"
CC(C)(CNC(=O)c1ccc2ccccc2c1)CC1=C(O)c2ccccc2C(=O)C1=O,O=C1C(=O)c2ccccc2C=C1CCCNC(=O)c1ccc2ccccc2c1,31,413.47,5,4,4.72,57380653,"1,2-benzoquinone"
O=C1c2ccccc2-c2onc3c(N4CCCCC4)cc(NCCN4CCCC4)c1c23,O=C1c2ccccc2-c2onc3c(N4CCCCC4)cc(NCCN4CCCC4)c1c23,31,416.53,5,6,4.54,20867958,"1,4-benzoquinone"
COc1ccc2c(c1OC)C(=O)c1cc(O)c(C)c(OC)c1C2=O,O=C1c2ccccc2C(=O)c2ccccc21,24,328.32,3,3,2.5,11515404,"1,4-naphthoquinone"
Cc1ccc(OCC(O)CN2CCC3(CC2)CSC2=C(O3)c3cc(-c4ccccc4)ccc3C(=O)C2=O)cc1,O=C1C(=O)c2ccc(-c3ccccc3)cc2C2=C1SCC1(CCN(CCCOc3ccccc3)CC1)O2,39,541.67,6,6,5.13,57661875,"1,2-naphthoquinone"
O=C1C=Cc2cc(C(c3ccccc3)(c3ccccc3)c3ccccc3)ccc2C1=O,O=C1C=Cc2cc(C(c3ccccc3)(c3ccccc3)c3ccccc3)ccc2C1=O,31,400.48,4,5,5.85,14765271,"1,2-benzoquinone"
CCCCCC(O)(CCCCC)CCCCCCCCC1=C(O)c2ccccc2C(=O)C1=O,O=C1C=Cc2ccccc2C1=O,33,456.67,17,2,7.73,220607,"1,2-benzoquinone"
COc1ccc(Nc2cc(N3CCN(C)CC3)c3noc4c3c2C(=O)c2ccccc2-4)cc1,O=C1c2ccccc2-c2onc3c(N4CCNCC4)cc(Nc4ccccc4)c1c23,33,440.5,4,6,4.54,1926147,anthraquinone
Nc1c(Cl)cc2c(c1Oc1ccccc1)C(=O)c1ccccc1C2=O,O=C1c2ccccc2C(=O)c2c(Oc3ccccc3)cccc21,25,349.77,2,4,4.49,2847153,"1,4-benzoquinone"
CC1OC(OC2CC(O)(C(=O)CO)Cc3c(O)c4c(c(O)c32)C(=O)c2c(O)cccc2C4=O)CC(N)C1O,O=C1c2ccccc2C(=O)c2cc3c(cc21)CCCC3OC1CCCCO1,38,529.5,4,5,-0.3,45265733,anthraquinone
COc1cc(O)c2c(c1)C(=O)c1cc3c(c(O)c1C2=O)C(OC1CC(OC)C(O)C(C)O1)C(OC)C(C)(O)C3=O,O=C1c2ccccc2C(=O)c2cc3c(cc21)C(=O)CCC3OC1CCCCO1,40,558.54,5,5,1.41,139588774,anthraquinone
NC1CCN(C(=O)c2coc3c2C(=O)c2c(c(O)c4ccccc4c2O)C3=O)C1,O=C1c2cc3ccccc3cc2C(=O)c2c(C(=O)N3CCCC3)coc21,29,392.37,1,5,1.79,145975196,"1,4-naphthoquinone"
Cc1cc(O)c2c(c1)C(=O)c1cc(C)cc(O)c1C2=O,O=C1c2ccccc2C(=O)c2ccccc21,20,268.27,0,3,2.49,10400816,anthraquinone
O=C1C(=O)c2nc(C(=O)O)cc(C(=O)O)c2C2=C1CC(C(=O)O)N2,O=C1C(=O)c2ncccc2C2=C1CCN2,24,332.22,3,3,-0.6,68012922,"1,2-benzoquinone"
O=C1C(=O)c2ccccc2C(O)=C1Nc1ccc2c(c1)OCCO2,O=C1C(=O)c2ccccc2C=C1Nc1ccc2c(c1)OCCO2,24,323.3,2,4,2.56,155552167,"1,2-benzoquinone"
COCCOc1cc2ncnc(NC3=CC(=O)C(OCc4cccc(OC)c4)=CC3=O)c2cc1OC,O=C1C=C(OCc2ccccc2)C(=O)C=C1Nc1ncnc2ccccc12,36,491.5,11,4,3.22,44428906,"1,4-benzoquinone"
CCCc1cc2c(c(O)c1C(=O)O)C(=O)c1c(O)cc(O)cc1C2=O,O=C1c2ccccc2C(=O)c2ccccc21,25,342.3,3,3,2.23,21637461,anthraquinone
CC1=C(CCCOC(=O)CC2OC3OC4(C)CCC5C(C)CCC(C2C)C35OO4)C(=O)C(C(C)C)=CC1=O,O=C1C=CC(=O)C(CCCOC(=O)CC2CC3CCCC4CCC5OOC43C(O2)O5)=C1,38,530.66,7,6,5.0,145950754,"1,4-benzoquinone"
O=C1C(=O)c2ccc(OCF)cc2-c2cnncc21,O=C1C(=O)c2cnncc2-c2ccccc21,19,258.21,2,3,1.83,91057000,"1,2-benzoquinone"
CC(=O)OC(C)(C)C1=Cc2c(C)ccc(C)c2C(=O)C1=O,O=C1C=Cc2ccccc2C1=O,21,286.33,2,2,2.79,13857546,"1,2-benzoquinone"
Cc1cnc2c(c1-c1ccc(F)cc1)C(=O)C(=O)c1c-2ncc(C)c1-c1ccc(F)cc1,O=C1C(=O)c2c(-c3ccccc3)ccnc2-c2nccc(-c3ccccc3)c21,32,426.42,2,5,5.75,58490134,"1,2-benzoquinone"
CC(C)C1=Cc2ccc3c(c2C(=O)C1=O)C(O)CCC3(C)C,O=C1C=Cc2ccc3c(c2C1=O)CCCC3,22,298.38,1,3,3.6,163045617,"1,2-benzoquinone"
O=C1C2=C(C(=O)c3ccccc31)C1(CS2)NC(=O)C(Cn2ccnc2)NC1=O,O=C1C2=C(C(=O)c3ccccc31)C1(CS2)NC(=O)C(Cn2ccnc2)NC1=O,28,394.41,2,5,0.32,44420927,"1,4-benzoquinone"
O=C1C(=O)c2ccsc2-c2ccccc21,O=C1C(=O)c2ccsc2-c2ccccc21,15,214.24,0,3,2.79,9942558,"1,2-benzoquinone"
Nc1c(SCCC(=O)O)ccc2c1C(=O)c1ccccc1C2=O,O=C1c2ccccc2C(=O)c2ccccc21,23,327.36,4,3,2.61,4356619,"1,4-benzoquinone"
CC(C)Nc1nc(Nc2cc(Br)c(N)c3c2C(=O)c2ccccc2C3=O)nc(-c2ccccc2)n1,O=C1c2ccccc2C(=O)c2c(Nc3ncnc(-c4ccccc4)n3)cccc21,35,529.4,5,5,5.22,116538,"1,4-naphthoquinone"
CC1(C)CCC2=C(O1)c1ccc3c(c1C(=O)C2=O)CCCC3,O=C1C(=O)c2c(ccc3c2CCCC3)C2=C1CCCO2,22,296.37,0,4,3.63,25055023,"1,2-naphthoquinone"
O=C1C=C(N2CCC3(CC2)CSC2=C(O3)c3ccccc3C(=O)C2=O)c2ccccc2C1=O,O=C1C=C(N2CCC3(CC2)CSC2=C(O3)c3ccccc3C(=O)C2=O)c2ccccc2C1=O,33,457.51,1,6,3.53,57661982,"1,2-naphthoquinone"
O=C(Oc1ccc(NC2=C(Cl)C(=O)c3ccccc3C2=O)cc1)c1ccc([N+](=O)[O-])cc1,O=C(Oc1ccc(NC2=CC(=O)c3ccccc3C2=O)cc1)c1ccccc1,32,448.82,5,4,4.76,1952961,"1,4-benzoquinone"
O=C1C(=O)c2cccnc2C(Nc2ccccc2)=C1Cl,O=C1C=C(Nc2ccccc2)c2ncccc2C1=O,20,284.7,2,3,2.87,620392,"1,2-benzoquinone"
Cc1ccc(Sc2cccc3c2C(=O)c2cccc(Sc4ccc(C)cc4)c2C3=O)cc1,O=C1c2cccc(Sc3ccccc3)c2C(=O)c2cccc(Sc3ccccc3)c21,32,452.6,4,5,7.38,11004910,anthraquinone
COC(=O)c1c(O)cc(O)cc1OC1=C(OC)C(=O)C(CC=C(C)C)=C(CC=C(C)C)C1=O,O=C1C=CC(=O)C(Oc2ccccc2)=C1,33,456.49,8,2,4.28,9981481,"1,4-benzoquinone"
COc1cccc2c1C(=O)C1=C(C2=O)c2c(O)cc(C)cc2C(O)C1O,O=C1C2=C(C(=O)c3ccccc31)c1ccccc1CC2,26,352.34,1,4,1.95,164616523,"1,4-naphthoquinone"
COC1=C(N2CCOCC2)C(=O)c2ccccc2C1=O,O=C1C=C(N2CCOCC2)C(=O)c2ccccc21,20,273.29,2,3,1.26,781111,"1,4-naphthoquinone"
CC1OC(c2ccc3c(c2O)C(=O)c2ccc(CC(C)(O)CC(=O)O)c(O)c2C3=O)CC(O)C1O,O=C1c2ccccc2C(=O)c2cc(C3CCCCO3)ccc21,35,486.47,5,4,1.21,51136287,"1,4-benzoquinone"
c1ccc2oc3cncc(n3)oc3ccccc3oc3cncc(n3)oc2c1,c1ccc2oc3cncc(n3)oc3ccccc3oc3cncc(n3)oc2c1,28,372.34,0,5,5.06,102030415,"1,2-benzoquinone"
Cc1cccc2c3c(ccc12)-c1occc1C(=O)C3=O,O=C1C(=O)c2c(ccc3ccccc23)-c2occc21,20,262.26,0,4,3.79,135083336,"1,2-naphthoquinone"
O=C1C=C(NC23CC4CC(CC(C4)C2)C3)c2ccccc2C1=O,O=C1C=C(NC23CC4CC(CC(C4)C2)C3)c2ccccc2C1=O,23,307.39,2,6,3.35,14722226,"1,2-benzoquinone"
CC1(C)CC(=O)C(C2=C(O)c3ccccc3C(=O)C2=O)C(=O)C1,O=C1C(=O)c2ccccc2C=C1C1C(=O)CCCC1=O,23,312.32,1,3,2.3,487116,"1,2-benzoquinone"
CCOC(=O)c1c2c(n(Cc3ccccc3)c1C)C(=O)C(=O)c1ccccc1-2,O=C1C(=O)c2c(ccn2Cc2ccccc2)-c2ccccc21,28,373.41,4,4,4.07,406008,"1,2-benzoquinone"
CCCCc1ccc2c3c1C(=O)C(=O)C(C)=C3OC=C2C,O=C1C=C2OC=Cc3cccc(c32)C1=O,21,282.34,3,3,3.92,11550933,"1,2-benzoquinone"
O=C(OCCc1ccc2c(c1)-c1ccccc1C(=O)C2=O)c1ccc2c(c1)-c1ccccc1C(=O)C2=O,O=C(OCCc1ccc2c(c1)-c1ccccc1C(=O)C2=O)c1ccc2c(c1)-c1ccccc1C(=O)C2=O,37,486.48,4,6,5.18,20475627,"1,2-naphthoquinone"
O=C(C=Cc1ccc(O)cc1)OCc1cc(O)c2c(c1)C(=O)c1cccc(O)c1C2=O,O=C(C=Cc1ccccc1)OCc1ccc2c(c1)C(=O)c1ccccc1C2=O,31,416.39,4,4,3.34,73053884,"1,4-naphthoquinone"
c1ccc2c(c1)OS1(O2)Oc2ccccc2O1,c1ccc2c(c1)OS1(O2)Oc2ccccc2O1,17,248.26,0,4,3.39,12345159,"1,2-benzoquinone"
O=C1C=Cc2cc(C(=O)O)ccc2C1=O,O=C1C=Cc2ccccc2C1=O,15,202.16,1,2,1.16,22327691,"1,2-naphthoquinone"
Cc1cc(O)c2c(c1)C(=O)C(c1c(C)cc3c(c1O)C(=O)C=CC3=O)=CC2=O,O=C1C=CC(=O)c2cc(C3=CC(=O)c4ccccc4C3=O)ccc21,28,374.35,1,4,3.11,308140,"1,4-benzoquinone"
NC1CCCN(C(=O)c2cc3c(o2)C(=O)c2c(c(O)c4ccccc4c2O)C3=O)C1,O=C1c2cc3ccccc3cc2C(=O)c2oc(C(=O)N3CCCCC3)cc21,30,406.39,1,5,2.18,142769894,"1,4-benzoquinone"
O=C1C(=O)c2ccccc2C(O)=C1Cc1ccc(OCCOc2ccc3c(c2)CCC3)cc1,O=C1C(=O)c2ccccc2C=C1Cc1ccc(OCCOc2ccc3c(c2)CCC3)cc1,33,440.5,7,5,4.91,44586363,"1,2-benzoquinone"
CCCCC=Cc1c(O)cc2c(c1O)C(=O)c1c(cc(OC)c(Cl)c1O)C2=O,O=C1c2ccccc2C(=O)c2ccccc21,28,402.83,5,3,4.44,60199898,"1,4-benzoquinone"
O=C1c2ccccc2C(=O)c2c(NCCCN3CCOCC3)ccc(NCCCN3CCOCC3)c21,O=C1c2ccccc2C(=O)c2c(NCCCN3CCOCC3)ccc(NCCCN3CCOCC3)c21,36,492.62,10,5,2.73,386271,"1,4-benzoquinone"
O=c1c(=O)c2c3ccc4c5ccccc5c(O)c5ccc(c6ccc7c(O)c8ccccc8c1c7c62)c3c54,O=c1c(=O)c2c3ccc4c5ccccc5cc5ccc(c6ccc7cc8ccccc8c1c7c62)c3c54,38,488.5,0,9,7.36,160127,"1,2-benzoquinone"
O=C1C(=O)c2ccccc2C2=C1SCC1(CCN(CC(O)COCc3ccco3)CC1)O2,O=C1C(=O)c2ccccc2C2=C1SCC1(CCN(CCCOCc3ccco3)CC1)O2,32,455.53,6,5,2.89,57661869,"1,2-naphthoquinone"
O=C1C(=O)c2ccccc2C(O)=C1CSC1CCCCC1,O=C1C(=O)c2ccccc2C=C1CSC1CCCCC1,21,302.4,3,3,3.79,44332484,"1,2-benzoquinone"
COC1=C(C)C(=O)C2=C(C1=O)C(CO)N1C(C#N)C3CC4C(C1C2N1CCOC41)N3C,O=C1C=CC(=O)C2=C1CN1CC3CC4C(N3)C1C2N1CCOC41,31,426.47,2,6,-0.96,100158,"1,4-benzoquinone"
COc1c(O)cc2c(c1O)C(=O)c1c(coc1C)C2=O,O=C1c2ccccc2C(=O)c2cocc21,20,274.23,1,3,1.78,134827943,"1,4-naphthoquinone"
CC(=Nc1ccc2c(c1)C(=O)c1ccc(N=C(C)N(C)C)cc1C2=O)N(C)C,O=C1c2ccccc2C(=O)c2ccccc21,28,376.46,2,3,3.69,333676,anthraquinone
O=C1C(=O)c2cc3cc4ccccc4cc3cc2C=C1N[N+](=O)[O-],O=C1C=Cc2cc3cc4ccccc4cc3cc2C1=O,24,318.29,2,4,2.88,23358507,"1,2-naphthoquinone"
O=C1C(=O)c2ccccc2C2=C1C(c1cc(O)ccc1Br)NC(=S)N2,O=C1C(=O)c2ccccc2C2=C1C(c1ccccc1)NC(=S)N2,25,415.27,1,4,2.85,162669001,"1,2-benzoquinone"
C=C1C(C)CCCC1(C)CCC(C)=CCC1=C(O)C(NCCc2ccccc2)=CC(=O)C1=O,C=C1CCCCC1CCC=CCC1=CC(NCCc2ccccc2)=CC(=O)C1=O,33,447.62,9,3,6.17,10026645,"1,2-benzoquinone"
COC1=C(C)C(=O)c2c(cc(O)c3c2OC(C)C3(C)C2CC=C(C)C(O)O2)C1=O,O=C1C=CC(=O)c2c1ccc1c2OCC1C1CC=CCO1,29,400.43,2,4,2.78,131839,"1,4-naphthoquinone"
O=C1C(=O)c2ccccc2C2=C1SCC1(CCN(C(=O)c3cccc(C(F)(F)F)c3)CC1)O2,O=C1C(=O)c2ccccc2C2=C1SCC1(CCN(C(=O)c3ccccc3)CC1)O2,33,473.47,1,5,4.58,57661889,"1,2-benzoquinone"
Nc1c(Cl)c2[nH]c3c([nH]c2c2c(=O)c4ccccc4c(=O)c12)c(Cl)c(N)c1c(=O)c2ccccc2c(=O)c13,O=c1c2ccccc2c(=O)c2c1ccc1[nH]c3c(ccc4c(=O)c5ccccc5c(=O)c43)[nH]c12,38,541.35,0,7,4.61,71301163,anthraquinone
CC1=C(CN2CCCCC2)C(=O)c2ccccc2C1=O,O=C1C=C(CN2CCCCC2)C(=O)c2ccccc21,20,269.34,2,3,2.87,166469,"1,4-naphthoquinone"
O=C1C=C(NCCc2ccccc2)c2ccccc2C1=O,O=C1C=C(NCCc2ccccc2)c2ccccc2C1=O,21,277.32,4,3,2.63,367789,"1,2-benzoquinone"
CC1=C(CSC(=S)NCc2ccncc2)C(=O)c2ccccc2C1=O,O=C1C=C(CSC(=S)NCc2ccncc2)C(=O)c2ccccc21,25,368.48,4,3,3.59,145960501,"1,4-naphthoquinone"
CC(=O)Oc1ccc2c(c1)c1c(n2CCN(C)C)C(=O)c2ccccc2C1=O,O=C1c2ccccc2C(=O)c2c1[nH]c1ccccc21,28,376.41,4,4,2.9,10762057,"1,4-benzoquinone"
CC1(C)OC2=C(CC1OC(=O)c1ccc(Br)cc1)C(=O)C(=O)c1ccccc12,O=C1C(=O)c2ccccc2C2=C1CC(OC(=O)c1ccccc1)CO2,28,441.28,2,4,4.35,16109212,"1,2-benzoquinone"
O=C(NC1=C(Nc2ccc(Cl)cc2)C(=O)c2ccccc2C1=O)c1ccccc1,O=C(NC1=C(Nc2ccccc2)C(=O)c2ccccc2C1=O)c1ccccc1,29,402.84,4,4,4.47,4112523,"1,4-benzoquinone"
N#CC(O)=C(C#N)SC1=CC(=O)c2ccccc2C1=O,O=C1C=CC(=O)c2ccccc21,20,282.28,2,2,2.5,139594670,"1,4-benzoquinone"
O=C1C(=O)c2ccccc2C2=C1SCC1(CCN(CCOc3ccccc3)CC1)O2,O=C1C(=O)c2ccccc2C2=C1SCC1(CCN(CCOc3ccccc3)CC1)O2,30,421.52,4,5,3.8,160356091,"1,2-benzoquinone"
O=C1c2ccccc2C(=O)c2c(-c3ccccn3)noc21,O=C1c2ccccc2C(=O)c2c(-c3ccccn3)noc21,21,276.25,1,4,2.51,60165528,"1,4-benzoquinone"
CC(=O)c1cc(Nc2nc(NC(C)C)nc(-c3ccccc3)n2)c2c(c1N)C(=O)c1ccccc1C2=O,O=C1c2ccccc2C(=O)c2c(Nc3ncnc(-c4ccccc4)n3)cccc21,37,492.54,6,5,4.66,116539,anthraquinone
C=C(C)c1cc2c(=O)c3c(O)c(CC=C(C)C)c(O)cc3oc2c2c1C(=O)C(=O)C(CC=C(C)C)=C2O,O=C1C=Cc2c(ccc3c(=O)c4ccccc4oc23)C1=O,37,500.55,5,4,6.29,46834559,"1,2-benzoquinone"
Cc1nc2c(nc1C)-c1c(c3c(n1Cc1ccccc1)C(=O)CCC3)C(=O)C2=O,O=C1C(=O)c2c3c(n(Cc4ccccc4)c2-c2nccnc21)C(=O)CCC3,29,385.42,2,5,3.51,405346,"1,2-benzoquinone"
Cc1ccccc1OCC(=O)Nc1ccc2c(c1)C(=O)c1ccccc1C2=O,O=C(COc1ccccc1)Nc1ccc2c(c1)C(=O)c1ccccc1C2=O,28,371.39,4,4,3.79,12004745,"1,4-benzoquinone"
O=C(c1cccnc1)c1cc2c(s1)C(=O)c1c(O)cccc1C2=O,O=C(c1cccnc1)c1cc2c(s1)C(=O)c1ccccc1C2=O,24,335.34,2,4,2.86,101874285,"1,4-benzoquinone"
O=C(CCl)Nc1ccc2c(c1NC(=O)COc1ccccc1)C(=O)c1ccccc1C2=O,O=C(COc1ccccc1)Nc1cccc2c1C(=O)c1ccccc1C2=O,32,448.86,6,4,3.66,53374486,anthraquinone
CCC1C=CC(O)C(C)OC(=O)C(C)=CCC(=O)NC2=CC(=O)c3c(cc(C)c(O)c3C(=O)CC1)C2=O,O=C1CC=CC(=O)OCCC=CCCCC(=O)c2cccc3c2C(=O)C=C(N1)C3=O,37,509.56,1,4,3.27,5326374,"1,4-benzoquinone"
CN(C)CCNC(=O)Cc1cc(O)c2c(c1O)C(=O)c1ccccc1C2=O,O=C1c2ccccc2C(=O)c2ccccc21,27,368.39,5,3,1.09,149882,anthraquinone
O=C1C=C(N=Cc2c[nH]c3ccccc23)c2ccccc2C1=O,O=C1C=C(N=Cc2c[nH]c3ccccc23)c2ccccc2C1=O,23,300.32,2,4,3.39,136244988,"1,2-benzoquinone"
O=C1c2ccccc2C(=O)c2c1cc(NC1CCCCC1)c1nsnc21,O=C1c2ccccc2C(=O)c2c1cc(NC1CCCCC1)c1nsnc21,26,363.44,2,5,4.21,2840907,"1,4-naphthoquinone"
O=C1C(Nc2cccc(C(F)(F)F)c2)=C(N2CCOCC2)C(=O)c2ccccc21,O=C1C(Nc2ccccc2)=C(N2CCOCC2)C(=O)c2ccccc21,29,402.37,3,4,3.74,2855225,"1,4-naphthoquinone"
CCCCCCCCCCNC(C1=C(O)c2ccccc2C(=O)C1=O)c1cc(Br)ccc1O,O=C1C(=O)c2ccccc2C=C1Cc1ccccc1,33,514.46,12,3,6.66,127049138,"1,2-benzoquinone"
Cc1ccc(C(=O)Nc2ccc3c(c2NC(=O)c2ccc(C)cc2)C(=O)c2ccccc2C3=O)cc1,O=C(Nc1ccc2c(c1NC(=O)c1ccccc1)C(=O)c1ccccc1C2=O)c1ccccc1,36,474.52,4,5,5.58,53374093,"1,4-naphthoquinone"
Cc1oc2c(c1C(=O)N1CCC(N)CC1)C(=O)c1c(c(O)c3ccccc3c1O)C2=O,O=C1c2cc3ccccc3cc2C(=O)c2c(C(=O)N3CCCCC3)coc21,31,420.42,1,5,2.49,137631205,"1,4-benzoquinone"
O=C1C(Nc2cccc(Cl)c2)=C(Cl)C(=O)c2[nH]c(-c3ccncc3)nc21,O=C1C(Nc2ccccc2)=CC(=O)c2[nH]c(-c3ccncc3)nc21,26,385.21,3,4,4.07,44588036,"1,4-benzoquinone"
CCCC1OC2CC(=O)OC2C2=C1C(=O)c1c(OC)cccc1C2=O,O=C1CC2OCC3=C(C(=O)c4ccccc4C3=O)C2O1,25,342.35,3,4,2.25,42618236,"1,4-benzoquinone"
O=C1C=C(C(O)=C2C=CN(O)C(F)=C2)C=C([N+](=O)[O-])C1=O,O=C1C=CC(C=C2C=CNC=C2)=CC1=O,21,294.19,2,2,1.07,67037002,"1,2-benzoquinone"
O=C1C(=O)c2oc(-c3ccccc3)cc2-c2ccccc21,O=C1C(=O)c2oc(-c3ccccc3)cc2-c2ccccc21,21,274.27,1,4,3.99,129789325,"1,2-naphthoquinone"
O=C1C=CC(=O)c2c(O)c(Oc3ccccc3)c(Oc3ccccc3)c(O)c21,O=C1C=CC(=O)c2cc(Oc3ccccc3)c(Oc3ccccc3)cc21,28,374.35,4,4,4.62,10690788,"1,4-benzoquinone"
O=c1c2ccccc2c(=O)c2c1[nH]c1c(=O)c3ccccc3c(=O)c12,O=c1c2ccccc2c(=O)c2c1[nH]c1c(=O)c3ccccc3c(=O)c12,25,327.3,0,5,1.94,14024996,"1,4-benzoquinone"
COC1=C(C)C(=O)c2c(cc3c(c2O)C(C)(CCC=C(C)C)C(C)O3)C1=O,O=C1C=CC(=O)c2cc3c(cc21)CCO3,27,370.45,4,3,4.48,372583,"1,4-naphthoquinone"
O=C1C(=O)c2ccccc2C2=C1SCC(CN(C(=O)O)c1ccc(F)cc1)O2,O=C1C(=O)c2ccccc2C2=C1SCC(CNc1ccccc1)O2,28,399.4,3,4,3.58,67004844,"1,2-benzoquinone"
O=C(COC(=O)c1ccc2c(c1[N+](=O)[O-])C(=O)c1ccccc1C2=O)NC1CC1,O=C(COC(=O)c1ccc2c(c1)C(=O)c1ccccc1C2=O)NC1CC1,29,394.34,5,4,1.81,4832437,"1,4-benzoquinone"
O=C1c2ccc(NC(=O)C3CC3)cc2C(=O)c2cc(NC(=O)C3CC3)ccc21,O=C1c2ccc(NC(=O)C3CC3)cc2C(=O)c2cc(NC(=O)C3CC3)ccc21,28,374.4,4,5,3.16,44243459,"1,4-benzoquinone"
CC1OC(c2ccc3c(c2O)C(=O)c2ccccc2C3=O)CC(N(C)C)C1O,O=C1c2ccccc2C(=O)c2cc(C3CCCCO3)ccc21,28,381.43,2,4,2.31,44308874,anthraquinone
Cc1ccc(NC2=C=C=c3ccccc3=C2C2=CC(=O)C(=O)c3ccccc32)cc1,O=C1C=C(C2=c3ccccc3=C=C=C2Nc2ccccc2)c2ccccc2C1=O,30,387.44,3,5,3.54,154716678,"1,2-naphthoquinone"
O=C(CC[N+](=O)[O-])OCC1OC(O)C(OC(=O)CC[N+](=O)[O-])C(OC(=O)CC[N+](=O)[O-])C1OC(=O)CC[N+](=O)[O-],C1CCOCC1,40,584.4,17,1,-2.35,117592753,"1,2-naphthoquinone"
Nc1ccc(Sc2nc3ccccc3s2)c2c1C(=O)c1ccccc1C2=O,O=C1c2ccccc2C(=O)c2c(Sc3nc4ccccc4s3)cccc21,27,388.47,2,5,4.81,77380,"1,4-naphthoquinone"
O=C1C=CC(c2ccccc2)=CC1=O,O=C1C=CC(c2ccccc2)=CC1=O,14,184.19,1,2,1.78,11084536,"1,2-benzoquinone"
Cc1cc(C)c2c(c1)C(=O)C(=O)c1ccc(Br)cc1-2,O=C1C(=O)c2ccccc2-c2ccccc21,19,315.17,0,3,4.11,12678885,"1,2-benzoquinone"
Cc1coc2c1C(=O)C(=O)c1c-2ccc2c1CCCC2=O,O=C1C(=O)c2c(ccc3c2CCCC3=O)-c2occc21,21,280.28,0,4,3.15,10062187,"1,2-benzoquinone"
O=C1c2ccccc2C(=O)c2c(-c3ccncc3)noc21,O=C1c2ccccc2C(=O)c2c(-c3ccncc3)noc21,21,276.25,1,4,2.51,60165526,"1,4-benzoquinone"
COc1cccc2c1C(=O)C(=O)c1c-2oc(=O)c2cc(C)cc(OC)c12,O=C1C(=O)c2c(oc(=O)c3ccccc23)-c2ccccc21,26,350.33,2,4,3.16,401273,"1,2-benzoquinone"
O=C1C=C(N2CCCCC2=NO)c2ccccc2C1=O,N=C1CCCCN1C1=CC(=O)C(=O)c2ccccc21,20,270.29,1,3,2.07,134938275,"1,2-naphthoquinone"
CCc1noc(-c2cc3c(s2)C(=O)c2c(O)cccc2C3=O)n1,O=C1c2ccccc2C(=O)c2sc(-c3ncno3)cc21,23,326.33,2,4,2.84,101874284,"1,4-benzoquinone"
Cc1c(CNCCNC(=O)C=Cc2cccnc2)oc2c1C(=O)C(=O)c1c-2ccc2c1CCCC2(C)C,O=C(C=Cc1cccnc1)NCCNCc1cc2c(o1)-c1ccc3c(c1C(=O)C2=O)CCCC3,37,497.6,7,5,4.56,153527278,"1,2-benzoquinone"
O=C1C(=O)c2ccccc2C([O-])=C1[n+]1ccc2ccccc2c1,O=C1C(=O)c2ccccc2C=C1[n+]1ccc2ccccc2c1,23,301.3,1,4,1.58,24188996,"1,2-naphthoquinone"
O=C1C=C(N2CC2)C(=O)C(N2CC2)=C1N1CC1,O=C1C=C(N2CC2)C(=O)C(N2CC2)=C1N1CC1,17,231.25,3,4,-0.82,6235,"1,4-benzoquinone"
CC(=O)N(C)C1=C(N2CCN(C)CC2)C(=O)c2ccccc2C1=O,O=C1C=C(N2CCNCC2)C(=O)c2ccccc21,24,327.38,2,3,1.0,56951830,"1,4-naphthoquinone"
O=C1c2cccc(O)c2C(=O)c2c(O)cc(Cn3ccnc3)cc21,O=C1c2ccccc2C(=O)c2cc(Cn3ccnc3)ccc21,24,320.3,2,4,2.12,14563141,"1,4-naphthoquinone"
O=C1C(=O)C(CN2CCOCC2)=C(N2CCOCC2)C(N2CCOCC2)=C1CN1CCOCC1,O=C1C(=O)C(CN2CCOCC2)=C(N2CCOCC2)C(N2CCOCC2)=C1CN1CCOCC1,34,476.57,6,5,-1.02,335630,"1,2-benzoquinone"
O=C1C=C(c2ccccc2)C(=O)C(c2ccccc2)=C1,O=C1C=C(c2ccccc2)C(=O)C(c2ccccc2)=C1,20,260.29,2,3,3.31,6451462,"1,4-benzoquinone"
Cc1c(O)c2cc(O)c3c(=O)c4c(O)cccc4c(=O)c3c2c(=O)c1=O,O=c1ccc2ccc3c(=O)c4ccccc4c(=O)c3c2c1=O,26,350.28,0,4,0.89,5323531,"1,2-benzoquinone"
CCCCCCCC1=Cc2oc3cc(OC)c(O)c(CCCCCCC)c3c2C(=O)C1=O,O=C1C=Cc2oc3ccccc3c2C1=O,32,440.58,13,3,7.17,162987122,"1,2-benzoquinone"
O=C1c2ccccc2C(=O)c2c(Nc3ccc(S(=O)(=O)c4ccccc4)cc3)cccc21,O=C1c2ccccc2C(=O)c2c(Nc3ccc(S(=O)(=O)c4ccccc4)cc3)cccc21,32,439.49,4,5,5.04,85206,"1,4-naphthoquinone"
CN(C)c1cccc(-c2c(F)cc(-n3nnc4c3C(=O)c3ccccc3C4=O)cc2F)c1,O=C1c2ccccc2C(=O)c2c1nnn2-c1ccc(-c2ccccc2)cc1,32,430.41,3,5,4.05,154700496,"1,4-benzoquinone"
CCOc1ccc2c(c1)C(=O)C(=O)C=C2,O=C1C=Cc2ccccc2C1=O,15,202.21,2,2,1.86,132560395,"1,2-naphthoquinone"
CCOC(=O)C1=Cc2c(OCc3ccccc3)ccc(OCc3ccccc3)c2C(=O)C1=O,O=C1C=Cc2c(OCc3ccccc3)ccc(OCc3ccccc3)c2C1=O,33,442.47,8,4,4.56,10939144,"1,2-benzoquinone"
O=C1c2ccccc2C(=O)c2c1ccc1c2OCCO1,O=C1c2ccccc2C(=O)c2c1ccc1c2OCCO1,20,266.25,0,4,2.23,10730441,"1,4-naphthoquinone"
O=C1C(=O)c2ccccc2C2=C1C(c1cccs1)c1c(ccc3ccccc13)O2,O=C1C(=O)c2ccccc2C2=C1C(c1cccs1)c1c(ccc3ccccc13)O2,29,394.45,1,6,5.6,122205321,"1,2-naphthoquinone"
O=c1c2ccccc2c(=O)c2c1ccc1nc3c(ccc4c(=O)c5c(O)cccc5c(=O)c43)nc12,O=c1c2ccccc2c(=O)c2c1ccc1nc3c(ccc4c(=O)c5ccccc5c(=O)c43)nc12,35,456.41,0,7,3.42,73880044,anthraquinone
CCCCCc1onc(C)c1NC1=CC(=O)C(=O)c2ccccc21,O=C1C=C(Nc2cnoc2)c2ccccc2C1=O,24,324.38,6,3,3.93,100961795,"1,2-naphthoquinone"
O=C(COC(=O)Cn1cnc2ccccc21)Nc1cc2c(cc1Cl)C(=O)c1ccccc1C2=O,O=C(COC(=O)Cn1cnc2ccccc21)Nc1ccc2c(c1)C(=O)c1ccccc1C2=O,34,473.87,5,5,3.65,3325323,"1,4-benzoquinone"
CC(C)=CCCC(C)=CCCC(C)=CCC1=C(C)C(=O)C(C)=C(C)C1=O,O=C1C=CC(=O)C=C1,26,354.53,8,1,6.6,15839617,"1,4-benzoquinone"
Cc1oc2c(c1C(=O)NCc1cccnc1)C(=O)c1ccccc1C2=O,O=C(NCc1cccnc1)c1coc2c1C(=O)c1ccccc1C2=O,26,346.34,3,4,2.69,2142309,"1,4-benzoquinone"
O=C1C(=O)c2ccccc2C2=C1CC(Cn1cc(COC3CCCCO3)nn1)O2,O=C1C(=O)c2ccccc2C2=C1CC(Cn1cc(COC3CCCCO3)nn1)O2,29,395.42,5,5,2.29,168287175,"1,2-benzoquinone"
O=C(c1ccc(Nc2cccc3c2C(=O)c2ccccc2C3=O)cc1)c1ccc(-c2ccccc2)cc1,O=C(c1ccc(Nc2cccc3c2C(=O)c2ccccc2C3=O)cc1)c1ccc(-c2ccccc2)cc1,37,479.54,5,6,7.1,91913,"1,4-benzoquinone"
COc1ccc(CC(=O)c2ccc(O)cc2O)cc1,O=C(Cc1ccccc1)c1ccccc1,19,258.27,4,2,2.53,117592797,"1,2-naphthoquinone"
O=C1c2ccccc2C(=O)c2c(NC(=O)c3ccc4c5c(ncnc35)-c3ccccc3C4=O)cccc21,O=C1c2ccccc2C(=O)c2c(NC(=O)c3ccc4c5c(ncnc35)-c3ccccc3C4=O)cccc21,37,481.47,2,7,4.87,72746,"1,4-benzoquinone"
CCCCCCCCCCCCSC1=C(O)c2ncccc2C(=O)C1=O,O=C1C=Cc2ncccc2C1=O,26,375.53,12,2,5.73,44370293,"1,2-benzoquinone"
O=C1C=Cc2c(c3cc4cc5cc6ccccc6cc5cc4cc3c3ccccc23)C1=O,O=C1C=Cc2c(c3cc4cc5cc6ccccc6cc5cc4cc3c3ccccc23)C1=O,32,408.46,0,7,7.23,129672026,"1,2-naphthoquinone"
CCC(C)CNC1=CC(=O)C(=O)C(CC2(C)C(C)CC=C3C2CCCC3(C)C)=C1O,O=C1C=CC=C(CC2CCC=C3CCCCC32)C1=O,30,413.6,6,3,5.66,45379968,"1,2-benzoquinone"
O=c1cc2ccc3c(=O)c(=O)cc4ccc(c1=O)c2c43,O=c1cc2ccc3c(=O)c(=O)cc4ccc(c1=O)c2c43,20,262.22,0,4,0.9,18951230,"1,2-benzoquinone"
O=c1c2ccccc2c(=O)c2c1ccc1[nH]c3ccccc3sc12,O=c1c2ccccc2c(=O)c2c1ccc1[nH]c3ccccc3sc12,24,329.38,0,5,4.41,236913,anthraquinone
CCc1ccc(C2=C(O)c3ccccc3C(=O)C2=O)cc1,O=C1C(=O)c2ccccc2C=C1c1ccccc1,21,278.31,2,3,3.44,790534,"1,2-benzoquinone"
O=C1C(=O)c2ccccc2C(O)=C1CCCc1ccc(C2CCCC2)cc1,O=C1C(=O)c2ccccc2C=C1CCCc1ccc(C2CCCC2)cc1,27,360.45,5,4,5.4,45028328,"1,2-benzoquinone"
CC(=O)Nc1ccc(S(=O)(=O)NC2=C(N3CCN(c4ccc(F)cc4)CC3)C(=O)c3ccccc3C2=O)cc1,O=C1C(NS(=O)(=O)c2ccccc2)=C(N2CCN(c3ccccc3)CC2)C(=O)c2ccccc21,39,548.6,6,5,3.18,4261850,"1,4-benzoquinone"
O=C1C(=O)c2ccccc2C2=C1CC1CC=CC1O2,O=C1C(=O)c2ccccc2C2=C1CC1CC=CC1O2,19,252.27,0,4,2.53,53327797,"1,2-benzoquinone"
CN(C)CCNc1ccc(NCCCCN)c2c1C(=O)c1ccccc1C2=O,O=C1c2ccccc2C(=O)c2ccccc21,28,380.49,9,3,2.59,13660228,anthraquinone
CC(C)C1=C(O)C(c2c(C=Cc3ccccc3)cc(O)c(C(C)C)c2O)=C(C=Cc2ccccc2)C(=O)C1=O,O=C1C=CC(c2ccccc2C=Cc2ccccc2)=C(C=Cc2ccccc2)C1=O,39,520.63,7,4,7.48,156582293,"1,2-benzoquinone"
COC(=O)c1ccc2c(c1)C(=O)C(=O)C=C2,O=C1C=Cc2ccccc2C1=O,16,216.19,1,2,1.25,15437918,"1,2-benzoquinone"
O=C1C2=C(C(=O)c3ccccc31)C(O)(S(=O)(=O)O)C(O)(S(=O)(=O)O)C1N=CC=CC21,O=C1C2=C(C(=O)c3ccccc31)C1C=CC=NC1CC2,30,455.42,2,4,-0.85,407584,"1,4-benzoquinone"
Cc1c(=O)c(=O)c2c3c[nH]c4c(C)c(=O)c(=O)c(c5c[nH]c1c52)c43,O=c1cc2[nH]cc3c4c(=O)c(=O)cc5[nH]cc(c(c1=O)c23)c54,24,318.29,0,5,1.33,6325610,"1,2-benzoquinone"
O=c1c(=O)c2c3cc1c1c2ccc2cccc3c21,O=c1c(=O)c2c3cc1c1c2ccc2cccc3c21,18,230.22,0,7,2.77,129673626,"1,2-naphthoquinone"
CN(C)CCCN1C(=O)NC2(CSC3=C2C(=O)c2ccccc2C3=O)C1=O,O=C1NC(=O)C2(CSC3=C2C(=O)c2ccccc2C3=O)N1,27,385.45,4,4,1.31,11201000,"1,4-benzoquinone"
CCN(CCNC(=O)C=Cc1cccnc1)Cc1oc2c(c1C)C(=O)C(=O)c1c-2ccc2c1CCCC2(C)C,O=C(C=Cc1cccnc1)NCCNCc1cc2c(o1)-c1ccc3c(c1C(=O)C2=O)CCCC3,39,525.65,8,5,5.29,168286026,"1,2-benzoquinone"
O=C1c2ccccc2C(=O)c2cc3oc(SCCCN4CCCCC4)nc3cc21,O=C1c2ccccc2C(=O)c2cc3oc(SCCCN4CCCCC4)nc3cc21,29,406.51,5,5,4.57,118715323,anthraquinone
O=C1c2[nH]c3ccccc3c2C(=O)c2cnc3ccccc3c21,O=C1c2[nH]c3ccccc3c2C(=O)c2cnc3ccccc3c21,23,298.3,0,5,3.49,9817721,"1,4-benzoquinone"
Cc1cccc2c3c(ccc12)-c1oc2c(c1C(=O)C3=O)CCN(CCN1CCOCC1)C2,O=C1C(=O)c2c(ccc3ccccc23)-c2oc3c(c21)CCN(CCN1CCOCC1)C3,32,430.5,3,6,3.48,172444483,"1,2-benzoquinone"
O=C1C(=O)c2nc(NC(=O)c3ccccc3Cl)sc2C2=C1C(F)(F)C2(F)F,O=C1C(=O)c2nc(NC(=O)c3ccccc3)sc2C2=C1CC2,27,416.74,2,4,3.85,88651718,"1,2-benzoquinone"
COC(=O)c1c(C)cc2c(c1O)C(=O)c1c(O)cc(OC)cc1C2=O,O=C1c2ccccc2C(=O)c2ccccc21,25,342.3,2,3,1.98,162894914,anthraquinone
O=C1NC(=O)C2(CSC3=C2C(=O)c2ncccc2C3=O)N1,O=C1NC(=O)C2(CSC3=C2C(=O)c2ncccc2C3=O)N1,21,301.28,0,4,0.04,44593452,"1,4-benzoquinone"
COC1=CC(=O)c2c(O)c3c(c(O)c2C1=O)CC(C)(O)OC3,O=C1C=CC(=O)c2cc3c(cc21)CCOC3,22,306.27,1,3,0.79,73421,"1,4-benzoquinone"
COC(=O)c1ccc2c(c1)C=CC(=O)C2=O,O=C1C=Cc2ccccc2C1=O,16,216.19,1,2,1.25,9920809,"1,2-benzoquinone"
O=C1c2cccc(Sc3ccccc3)c2C(=O)c2c(Sc3ccccc3)cccc21,O=C1c2cccc(Sc3ccccc3)c2C(=O)c2c(Sc3ccccc3)cccc21,30,424.55,4,5,6.76,83650,"1,4-benzoquinone"
COC1=CC(=O)C=CC1=O,O=C1C=CC(=O)C=C1,10,138.12,1,1,0.22,76146,"1,4-benzoquinone"
O=C1C(=O)c2ccccc2C(O)=C1C1CCC(C2CCCCC2)CC1,O=C1C(=O)c2ccccc2C=C1C1CCC(C2CCCCC2)CC1,25,338.45,2,4,5.11,9884281,"1,2-benzoquinone"
O=c1c(=O)c2ccc3ccc4ccc5ccc6ccc1c1c6c5c4c3c21,O=c1c(=O)c2ccc3ccc4ccc5ccc6ccc1c1c6c5c4c3c21,26,330.34,0,7,5.08,89586249,"1,2-benzoquinone"
CC(O)(CC(=O)O)Cc1ccc2c(c1O)C(=O)c1cccc(O)c1C2=O,O=C1c2ccccc2C(=O)c2ccccc21,26,356.33,4,3,1.64,443847,anthraquinone
Cc1cc2c(o1)-c1sccc1C(=O)C2=O,O=C1C(=O)c2ccsc2-c2occc21,15,218.23,0,3,2.7,177642941,"1,2-benzoquinone"
CC(N)(CC1=CC(=O)C(=O)C=C1)C(=O)O,O=C1C=CC=CC1=O,15,209.2,3,1,-0.19,14717970,"1,2-benzoquinone"
CCOC(=O)C1=C(c2c(N)ccc3ccccc23)c2ccccc2C(=O)C1=O,O=C1C=C(c2cccc3ccccc23)c2ccccc2C1=O,28,371.39,3,4,3.55,154716676,"1,2-naphthoquinone"
O=C1c2ccccc2C(=O)c2c(Sc3ccccc3)ccc(O)c21,O=C1c2ccccc2C(=O)c2c(Sc3ccccc3)cccc21,24,332.38,2,4,4.32,85540,"1,4-naphthoquinone"
CC(C)(C1=CC(=O)C(=O)C=C1)C1=CC(=O)C(=O)C=C1,O=C1C=CC(CC2=CC(=O)C(=O)C=C2)=CC1=O,19,256.26,2,2,1.28,101056935,"1,2-benzoquinone"
O=C1C=C(OCC2CCCCC2)c2ccccc2C1=O,O=C1C=C(OCC2CCCCC2)c2ccccc2C1=O,20,270.33,3,3,3.39,9881890,"1,2-naphthoquinone"
COc1cc(-c2ccc(Nc3ccccc3C(=O)O)c(OC)c2)ccc1Nc1ccccc1C(=O)O,c1ccc(Nc2ccc(-c3ccc(Nc4ccccc4)cc3)cc2)cc1,36,484.51,9,4,6.25,161438519,"1,2-benzoquinone"
O=C1c2ccccc2C(=O)c2c(O)c(C(c3ccccc3)N(CCCl)CCCl)cc(O)c21,O=C1c2ccccc2C(=O)c2cc(Cc3ccccc3)ccc21,32,470.35,7,4,4.74,122190521,"1,4-benzoquinone"
O=C1C(=O)c2ccccc2C(O)=C1NCC1CCCCC1,O=C1C(=O)c2ccccc2C=C1NCC1CCCCC1,21,285.34,3,3,2.85,44332463,"1,2-benzoquinone"
O=C(O)CC(NC(=O)C1CCCN(S(=O)(=O)c2cc3c(c(O)c2O)C(=O)c2ccccc2C3=O)C1)C(=O)O,O=C1c2ccccc2C(=O)c2cc(S(=O)(=O)N3CCCCC3)ccc21,38,546.51,7,4,0.32,168286018,anthraquinone
COc1ccc(CNc2c(C3=CC(=O)C(=O)c4ccccc43)c(=O)n(C)c(=O)n2C)cc1,O=C1C=C(c2c(NCc3ccccc3)[nH]c(=O)[nH]c2=O)c2ccccc2C1=O,32,431.45,5,4,1.9,132427257,"1,2-naphthoquinone"
Cc1cc2c(oc1=O)C(=O)c1c(O)cccc1C2=O,O=C1c2ccccc2C(=O)c2oc(=O)ccc21,19,256.21,0,3,1.43,608228,"1,4-naphthoquinone"
COc1c(C(=O)NCC(C)(C)CC2=C(O)c3ccccc3C(=O)C2=O)ccc2ccccc12,O=C1C(=O)c2ccccc2C=C1CCCNC(=O)c1ccc2ccccc2c1,33,443.5,6,4,4.73,57380887,"1,2-benzoquinone"
Cc1c[nH]c2c1C(=O)C(=O)c1c-2ccc2c1CCCC2(C)C,O=C1C(=O)c2c(ccc3c2CCCC3)-c2[nH]ccc21,22,293.37,0,4,3.98,168281498,"1,2-benzoquinone"
C=C1CCC2C(C)(C(=O)OC)CCCC2(C)C1Cc1c(C)ccc2c1C(=O)C(=O)C=C2O,C=C1CCC2CCCCC2C1Cc1cccc2c1C(=O)C(=O)C=C2,32,436.55,3,4,5.15,90675894,"1,2-benzoquinone"
O=C1C(=O)c2ccccc2C2=C1CCC=C2,O=C1C(=O)c2ccccc2C2=C1CCC=C2,16,210.23,0,3,2.56,20374591,"1,2-naphthoquinone"
O=C1c2c(O)ccc(NCCNCCO)c2C(=O)c2c(Cl)ccc(Cl)c21,O=C1c2ccccc2C(=O)c2ccccc21,26,395.24,6,3,2.47,13905026,"1,4-benzoquinone"
O=C1C(=O)c2c(nc3ncnn3c2-c2ccc(F)cc2)-c2ccccc21,O=C1C(=O)c2c(nc3ncnn3c2-c2ccccc2)-c2ccccc21,26,344.31,1,5,2.98,71817370,"1,2-benzoquinone"
N=C(N)N1CCN(C2=CC(=O)C(=O)c3ccccc32)CC1,O=C1C=C(N2CCNCC2)c2ccccc2C1=O,21,284.32,1,3,0.3,9797169,"1,2-naphthoquinone"
CC(=O)C1(O)Cc2c(O)c3c(c(O)c2C(OC2CC(N)C(O)C(C)O2)C1)C(=O)c1c(O)cccc1C3=O,O=C1c2ccccc2C(=O)c2cc3c(cc21)CCCC3OC1CCCCO1,37,513.5,3,5,0.73,443831,"1,4-benzoquinone"
O=C1C=C2NCCc3cn(C4OC(CO)C(O)C4O)c(c32)C1=O,O=C1C=C2NCCc3cn(C4CCCO4)c(c32)C1=O,23,320.3,2,4,-1.65,44575357,"1,2-benzoquinone"
Cc1cc2c(c3oc(C(O)(CO)C4CO4)cc(=O)c13)C(=O)c1c(O)cccc1C2=O,O=C1c2ccccc2C(=O)c2c1ccc1c(=O)cc(CC3CO3)oc21,30,408.36,3,5,1.16,373075,"1,4-benzoquinone"
O=C1C(=O)c2ccccc2C2=C1SCC1(CCN(CC(O)COc3ccc4cc(Br)ccc4c3)CC1)O2,O=C1C(=O)c2ccccc2C2=C1SCC1(CCN(CCCOc3ccc4ccccc4c3)CC1)O2,37,580.5,5,6,5.07,57661921,"1,2-naphthoquinone"
O=C1c2ccccc2C(=O)c2c(O)cc(O)cc21,O=C1c2ccccc2C(=O)c2ccccc21,18,240.21,0,3,1.87,196978,"1,4-benzoquinone"
COC12C(COC(N)=O)C3=C(C(=O)C(C)=C(Nc4ccc([N+](=O)[O-])cc4)C3=O)N1CC1NC12,O=C1C=C(Nc2ccccc2)C(=O)C2=C1N1CC3NC3C1C2,33,455.43,6,5,0.41,44313088,"1,4-benzoquinone"
Cc1coc2c1C(=O)C(=O)c1c-2ccc2c1CCCC2(C)O,O=C1C(=O)c2c(ccc3c2CCCC3)-c2occc21,22,296.32,0,4,3.18,126071,"1,2-benzoquinone"
Cn1cccc1C=CC(=O)c1cc2c(o1)C(=O)c1ccccc1C2=O,O=C(C=Cc1ccc[nH]1)c1cc2c(o1)C(=O)c1ccccc1C2=O,25,331.33,3,4,3.29,155535701,"1,4-naphthoquinone"
O=C(CCN1CCCC1)Nc1ccc2c(c1)C(=O)c1ccc(NC(=O)CCN3CCCC3)cc1C2=O,O=C(CCN1CCCC1)Nc1ccc2c(c1)C(=O)c1ccc(NC(=O)CCN3CCCC3)cc1C2=O,36,488.59,8,5,3.31,10838712,"1,4-benzoquinone"
CCCCCCCCCCC1=C(O)c2ccc(OC)cc2C(=O)C1=O,O=C1C=Cc2ccccc2C1=O,25,344.45,10,2,5.26,44370141,"1,2-benzoquinone"
O=C(NC1CCC2(CC1)CSC1=C(O2)c2ccccc2C(=O)C1=O)Oc1cccc(C(F)(F)F)c1,O=C(NC1CCC2(CC1)CSC1=C(O2)c2ccccc2C(=O)C1=O)Oc1ccccc1,35,503.5,2,5,5.37,57661852,"1,2-benzoquinone"
COc1cc(O)c2c(c1)C(=O)c1c(C(C)=O)c(O)c(CNCCS(=O)(=O)O)c(O)c1C2=O,O=C1c2ccccc2C(=O)c2ccccc21,32,465.44,7,3,0.77,156009803,anthraquinone
O=C1C(=O)c2ccccc2C(O)=C1NC(=O)C1CCCCC1,O=C1C(=O)c2ccccc2C=C1NC(=O)C1CCCCC1,22,299.33,2,3,2.38,44332420,"1,2-benzoquinone"
O=C1C(=O)c2c(nc3ccccn23)-c2ncncc21,O=C1C(=O)c2c(nc3ccccn23)-c2ncncc21,19,250.22,0,4,1.17,72192267,"1,2-benzoquinone"
O=C1C(=O)c2ccccc2C(O)=C1CN1CCC1,O=C1C(=O)c2ccccc2C=C1CN1CCC1,18,243.26,2,3,1.43,315171,"1,2-naphthoquinone"
O=C1c2ccccc2-c2onc3c(N4CCN(c5ccccc5)CC4)cc(NCCN4CCCCC4)c1c23,O=C1c2ccccc2-c2onc3c(N4CCN(c5ccccc5)CC4)cc(NCCN4CCCCC4)c1c23,38,507.64,6,7,5.26,134144529,anthraquinone
COc1cc(O)c2c(c1O)C(=O)c1c(O)ccc(C)c1C2=O,O=C1c2ccccc2C(=O)c2ccccc21,22,300.27,1,3,1.9,56636166,anthraquinone
O=C1C(=O)c2ccccc2C(O)=C1C(Nc1ccccc1)c1ccccn1,O=C1C(=O)c2ccccc2C=C1C(Nc1ccccc1)c1ccccn1,27,356.38,4,4,3.97,101785474,"1,2-benzoquinone"
O=C1c2cc(O)c(O)c(O)c2C(=O)c2cccc(O)c21,O=C1c2ccccc2C(=O)c2ccccc21,20,272.21,0,3,1.28,11543612,anthraquinone
CC(NCCC(c1ccccc1)c1ccccc1)c1ccccc1,c1ccc(CNCCC(c2ccccc2)c2ccccc2)cc1,24,315.46,7,3,5.56,117592074,"1,2-naphthoquinone"
O=C1C(Cl)=C(C2=C(Cl)C(=O)c3ccccc3C2=O)C(=O)c2ccccc21,O=C1C=C(C2=CC(=O)c3ccccc3C2=O)C(=O)c2ccccc21,26,383.19,1,4,4.13,15728041,"1,4-naphthoquinone"
O=C1C=C(c2ccccc2)C(=O)C=C1Cl,O=C1C=CC(=O)C(c2ccccc2)=C1,15,218.64,1,2,2.34,2818091,"1,4-benzoquinone"
O=C1c2cccc(S(=O)(=O)O)c2C(=O)c2cccc(S(=O)(=O)O)c21,O=C1c2ccccc2C(=O)c2ccccc21,24,368.34,2,3,0.96,8329,"1,4-benzoquinone"
COCCOc1cc2ncnc(NC3=CC(=O)C(OCC#Cc4ccccc4)=CC3=O)c2cc1OC,O=C1C=C(OCC#Cc2ccccc2)C(=O)C=C1Nc1ncnc2ccccc12,36,485.5,9,4,3.06,11656019,"1,4-benzoquinone"
COc1cc2c(nc1-c1ccccc1)C(=O)C(N1CC1)=CC2=O,O=C1C=C(N2CC2)C(=O)c2nc(-c3ccccc3)ccc21,23,306.32,3,4,2.34,24853732,"1,4-benzoquinone"
O=C(NC1CCNCC1)c1cc2c(s1)C(=O)c1c(c(O)c3ccccc3c1O)C2=O,O=C(NC1CCNCC1)c1cc2c(s1)C(=O)c1cc3ccccc3cc1C2=O,30,422.46,2,5,2.57,142769895,"1,4-benzoquinone"
Cc1cc2c(o1)-c1c(c3ccccc3c(=O)n1CCCN1CCOCC1)C(=O)C2=O,O=C1C(=O)c2c(n(CCCN3CCOCC3)c(=O)c3ccccc23)-c2occc21,30,406.44,4,5,2.67,137633829,"1,2-benzoquinone"
O=C1C=Cc2nc3ccccc3nc2C1=O,O=C1C=Cc2nc3ccccc3nc2C1=O,16,210.19,0,3,1.41,21256608,"1,2-benzoquinone"
COCCCn1c(=O)c2c(N)c3c(=O)c4ccccc4c(=O)c3c(N)c2c1=O,O=c1[nH]c(=O)c2cc3c(=O)c4ccccc4c(=O)c3cc12,28,379.37,4,4,0.46,25530,"1,4-benzoquinone"
O=C1C(=O)c2nc(CN3CCN(c4ccccc4)CC3)oc2-c2ccccc21,O=C1C(=O)c2nc(CN3CCN(c4ccccc4)CC3)oc2-c2ccccc21,28,373.41,3,5,3.04,127027300,"1,2-benzoquinone"
CC(C)=CCC(OC(=O)C=Cc1ccccc1)C1=CC(=O)c2c(O)ccc(O)c2C1=O,O=C(C=Cc1ccccc1)OCC1=CC(=O)c2ccccc2C1=O,31,418.45,6,3,4.38,44567154,"1,4-benzoquinone"
CC1(NS(=O)(=O)c2ccc3c(c2)C(=O)c2ccccc2C3=O)CC1,O=C1c2ccccc2C(=O)c2cc(S(=O)(=O)NC3CC3)ccc21,24,341.39,3,4,2.29,145993230,anthraquinone
Cc1c(-c2ccc(-c3ccccc3F)cc2)nc2ccc(F)cc2c1C(=O)O,c1ccc(-c2ccc(-c3ccc4ccccc4n3)cc2)cc1,28,375.37,3,4,5.85,167562495,"1,2-benzoquinone"
O=C1CN(CCN2CCOCC2)C(=O)C2(CSC3=C2C(=O)c2ccccc2C3=O)N1,O=C1CN(CCN2CCOCC2)C(=O)C2(CSC3=C2C(=O)c2ccccc2C3=O)N1,30,427.48,3,5,0.1,24866281,"1,4-benzoquinone"
CN(C)CCCNc1cc(NCc2ccco2)c2noc3c2c1C(=O)c1ccccc1-3,O=C1c2ccccc2-c2onc3c(NCc4ccco4)ccc1c23,31,416.48,8,5,4.61,46257132,anthraquinone
CCCCCCCCCCCCC1=C(OC)C(OC)=CC(=O)C1=O,O=C1C=CC=CC1=O,24,336.47,13,1,4.88,118734020,"1,2-benzoquinone"
COCCOc1cc2ncnc(NC3=CC(=O)C(N4CC4C)=CC3=O)c2cc1OC,O=C1C=C(N2CC2)C(=O)C=C1Nc1ncnc2ccccc12,30,410.43,8,4,1.7,11517130,"1,4-benzoquinone"
O=C1C=C(C(O)CCc2ccccc2)C(=O)c2ccccc21,O=C1C=C(CCCc2ccccc2)C(=O)c2ccccc21,22,292.33,4,3,2.99,71652350,"1,4-naphthoquinone"
CC1C2=C(OC1(C)C)c1ccc3c(c1C(=O)C2=O)CCCC3(C)C,O=C1C(=O)c2c(ccc3c2CCCC3)C2=C1CCO2,24,324.42,0,4,4.22,24937975,"1,2-naphthoquinone"
CN1N=C(c2ccc3ccccc3c2)C(c2ccc3ccccc3c2)C2=C1c1ccccc1C(=O)C2=O,O=C1C(=O)c2ccccc2C2=C1C(c1ccc3ccccc3c1)C(c1ccc3ccccc3c1)=NN2,37,478.55,2,7,6.6,132563169,"1,2-naphthoquinone"
COc1cc(O)c2c(c1)C(=O)c1cc(C)c(C=CC(C)C)c(O)c1C2=O,O=C1c2ccccc2C(=O)c2ccccc21,26,352.39,3,3,3.86,5378711,"1,4-naphthoquinone"
Cc1c(O)cc2c(c1O)C(=O)C1=C(C2=O)C2=CC(C)(O)CCC2C(C)(C)O1,O=C1C2=C(C(=O)c3ccccc31)C1=CCCCC1CO2,27,370.4,0,4,2.94,11349223,"1,4-naphthoquinone"
O=C1C(=O)c2ccccc2C(O)=C1NCc1ccco1,O=C1C(=O)c2ccccc2C=C1NCc1ccco1,20,269.26,3,3,2.06,13520800,"1,2-benzoquinone"
CC1CCN(C(=O)C(Cc2cccc(C(=N)N)c2)NS(=O)(=O)c2ccc3c(c2)C(=O)c2ccccc2C3=O)CC1,O=C1c2ccccc2C(=O)c2cc(S(=O)(=O)NC(Cc3ccccc3)C(=O)N3CCCCC3)ccc21,40,558.66,7,5,2.89,44362364,"1,4-benzoquinone"
COCCCn1c(=N)c2c(N)c3c(=O)c4ccccc4c(=O)c3c(N)c2c1=O,N=c1[nH]c(=O)c2cc3c(=O)c4ccccc4c(=O)c3cc12,28,378.39,4,4,0.58,83424,"1,4-naphthoquinone"
CC(C)(COC(=O)c1cc(O)c2ccccc2c1O)CC1=C(O)c2ccccc2C(=O)C1=O,O=C1C(=O)c2ccccc2C=C1CCCOC(=O)c1ccc2ccccc2c1,33,446.46,5,4,4.56,11270786,"1,2-benzoquinone"
O=c1c(=O)c2c(oc3c(=O)c4ccccc4c(=O)c32)c2ccccc12,O=c1c(=O)c2c(oc3c(=O)c4ccccc4c(=O)c32)c2ccccc12,25,328.28,0,5,2.21,627155,"1,4-benzoquinone"
O=C1c2ccccc2C(=O)c2c(-c3ccc(OCCN4CCOCC4)cc3)noc21,O=C1c2ccccc2C(=O)c2c(-c3ccc(OCCN4CCOCC4)cc3)noc21,30,404.42,5,5,2.83,60165407,"1,4-benzoquinone"
CN1CCN(c2ccc(NC(=O)c3cc(O)c4c(c3)C(=O)c3cccc(O)c3C4=O)cc2)CC1,O=C(Nc1ccc(N2CCNCC2)cc1)c1ccc2c(c1)C(=O)c1ccccc1C2=O,34,457.49,3,5,2.88,171785313,anthraquinone
COc1ccc2c(c1)C(=O)C(Br)=C(C1=C(O)c3ccccc3C(=O)C1=O)C2=O,O=C1C(=O)c2ccccc2C=C1C1=CC(=O)c2ccccc2C1=O,28,439.22,2,4,3.46,135411073,"1,2-benzoquinone"
O=c1cc2ccc3cc4ccccc4c4ccc(c1=O)c2c34,O=c1cc2ccc3cc4ccccc4c4ccc(c1=O)c2c34,22,282.3,0,5,3.9,85806567,"1,2-benzoquinone"
Cc1coc2c1C(=O)c1ccc3c(C)cccc3c1C2=O,O=C1c2ccoc2C(=O)c2c1ccc1ccccc21,21,276.29,0,4,3.83,623940,"1,4-benzoquinone"
CC(C)=CC(=O)Oc1ccc2c(c1O)C(=O)c1ccccc1C2=O,O=C1c2ccccc2C(=O)c2ccccc21,24,322.32,2,3,3.04,44559390,anthraquinone
O=C1C=C(O)c2cccc(NSC(F)(F)F)c2C1=O,O=C1C=Cc2ccccc2C1=O,19,289.23,2,2,2.93,129281517,"1,2-benzoquinone"
CCCCNc1cc(N2CCN(C3CCCCC3)CC2)c2noc3c2c1C(=O)c1ccccc1-3,O=C1c2ccccc2-c2onc3c(N4CCN(C5CCCCC5)CC4)ccc1c23,34,458.61,6,6,5.71,16009232,"1,4-benzoquinone"
O=c1ccc2cc3c(=O)c(=O)ccc3cc2c1=O,O=c1ccc2cc3c(=O)c(=O)ccc3cc2c1=O,18,238.2,0,3,0.31,15322955,"1,2-benzoquinone"
COc1ccc2c(c1)C(=O)C1=C(OC(C)(C)C=C1)C2=O,O=C1C2=C(OCC=C2)C(=O)c2ccccc21,20,270.28,1,3,2.69,24824607,"1,4-benzoquinone"
Cc1cc2c(cc1C)-c1oc(CN3CCN(c4ccccc4)CC3)c(C)c1C(=O)C2=O,O=C1C(=O)c2cc(CN3CCN(c4ccccc4)CC3)oc2-c2ccccc21,31,414.51,3,5,4.57,145951134,"1,2-benzoquinone"
Cc1c(CNCCCCCNC(=O)C=Cc2cccnc2)oc2c1C(=O)C(=O)c1c-2ccc2c1CCCC2(C)C,O=C(C=Cc1cccnc1)NCCCCCNCc1cc2c(o1)-c1ccc3c(c1C(=O)C2=O)CCCC3,40,539.68,10,5,5.73,168280513,"1,2-benzoquinone"
CN(C)CC1=C(O)c2ccccc2C(=O)C1=O,O=C1C=Cc2ccccc2C1=O,17,231.25,2,2,1.28,364815,"1,2-benzoquinone"
CN1CCN(CCCNC2=CC(=O)c3ccccc3C2=O)CC1,O=C1C=C(NCCCN2CCNCC2)C(=O)c2ccccc21,23,313.4,5,3,1.18,38058,"1,4-benzoquinone"
O=C1C=Cc2c(ccc3c2ccc2cc4ccccc4cc23)C1=O,O=C1C=Cc2c(ccc3c2ccc2cc4ccccc4cc23)C1=O,24,308.34,0,5,4.92,129738805,"1,2-benzoquinone"
CCCCCCCCCCCC1=C(O)C(NCCC2CCN(Cc3ccccc3)CC2)=CC(=O)C1=O,O=C1C=CC(NCCC2CCN(Cc3ccccc3)CC2)=CC1=O,36,494.72,16,3,6.65,177374302,"1,2-benzoquinone"
O=C1C(SCCO)=C(SCCO)C(=O)c2ccccc21,O=C1C=CC(=O)c2ccccc21,20,310.4,6,2,1.73,262093,"1,4-benzoquinone"
O=C(CCN1CCOCC1)Nc1ccc2c(c1)C(=O)c1ccc(NC(=O)CCN3CCOCC3)cc1C2=O,O=C(CCN1CCOCC1)Nc1ccc2c(c1)C(=O)c1ccc(NC(=O)CCN3CCOCC3)cc1C2=O,38,520.59,8,5,1.78,15162831,"1,4-benzoquinone"
CC1(C)OC2=C(C(=O)C(=O)c3ccccc32)C1n1cc(C2=CCCCC2)nn1,O=C1C(=O)c2ccccc2C2=C1C(n1cc(C3=CCCCC3)nn1)CO2,28,375.43,2,5,3.76,44139963,"1,2-benzoquinone"
CCCCNc1ccc(NCCCC)c2c1C(=O)c1ccccc1C2=O,O=C1c2ccccc2C(=O)c2ccccc21,26,350.46,8,3,4.89,3766139,"1,4-benzoquinone"
COc1cc(C)cc2c1C(=O)C(N)=C(c1c(C)cc3c(c1OC)C(=O)C(N)=CC3=O)C2=O,O=C1C=CC(=O)c2cc(C3=CC(=O)c4ccccc4C3=O)ccc21,32,432.43,3,4,2.29,25111917,"1,4-benzoquinone"
O=C1C2=C(SC3OCC(O)C(O)C3O2)C(=O)c2ccccc21,O=C1C2=C(SC3OCCCC3O2)C(=O)c2ccccc21,22,320.32,0,4,0.49,155524378,"1,4-naphthoquinone"
CCCCCCCCCCCC1=C(O)c2nc3ccccc3c(-c3ccc(Cl)cc3)c2C(=O)C1=O,O=C1C=Cc2nc3ccccc3c(-c3ccccc3)c2C1=O,35,490.04,11,4,8.51,171342412,"1,2-benzoquinone"
O=C1c2cccc(SCc3ccccc3)c2C(=O)c2cccc(SCc3ccccc3)c21,O=C1c2cccc(SCc3ccccc3)c2C(=O)c2cccc(SCc3ccccc3)c21,32,452.6,6,5,7.05,11026790,anthraquinone
CNCCc1cccc2c3c(ccc12)C=CC(=O)C3=O,O=C1C=Cc2ccc3ccccc3c2C1=O,20,265.31,3,3,2.38,145969563,"1,2-benzoquinone"
O=C1C(=O)c2ccccc2C(O)=C1C(C#Cc1ccccc1)C1=C(O)c2ccccc2C(=O)C1=O,O=C1C(=O)c2ccccc2C=C1C(C#Cc1ccccc1)C1=Cc2ccccc2C(=O)C1=O,35,460.44,2,5,4.12,44461548,"1,2-benzoquinone"
COc1cccc2c1C(=O)c1ccc3c(c1C2=O)C(O)CC(C)C3,O=C1c2ccccc2C(=O)c2c1ccc1c2CCCC1,24,322.36,1,4,3.09,131199,anthraquinone
CC1=C(NC2CCN(Cc3ccccc3)CC2)C(=O)c2ccccc2C1=O,O=C1C=C(NC2CCN(Cc3ccccc3)CC2)C(=O)c2ccccc21,27,360.46,4,4,3.59,168292936,"1,4-naphthoquinone"
O=C(Nc1cc2c(=O)c3ccc(C(F)(F)F)cc3[nH]c2c2c1C(=O)c1ccccc1C2=O)c1ccccc1,O=C(Nc1cc2c(=O)c3ccccc3[nH]c2c2c1C(=O)c1ccccc1C2=O)c1ccccc1,38,512.44,2,6,5.73,80352,anthraquinone
CC(=O)Oc1ccccc1S(=O)(=O)Nc1cc2c(c(O)c1O)C(=O)c1ccccc1C2=O,O=C1c2ccccc2C(=O)c2cc(NS(=O)(=O)c3ccccc3)ccc21,32,453.43,4,4,2.6,138105919,anthraquinone
CC1(C=O)CCCC2c3cc4c(cc3C(=O)CC21)C(=O)C=CC4=O,O=C1C=CC(=O)c2cc3c(cc21)C(=O)CC1CCCCC31,24,322.36,1,4,3.3,57399177,"1,4-naphthoquinone"
CC1CCCCC1NC(=O)COC(=O)c1ccc2c(c1Cl)C(=O)c1ccccc1C2=O,O=C(COC(=O)c1ccc2c(c1)C(=O)c1ccccc1C2=O)NC1CCCCC1,31,439.9,4,4,3.97,3390712,"1,4-benzoquinone"
O=C(CCN1CCOCC1)Nc1cccc2c1C(=O)c1cccc(NC(=O)CCN3CCOCC3)c1C2=O,O=C(CCN1CCOCC1)Nc1cccc2c1C(=O)c1cccc(NC(=O)CCN3CCOCC3)c1C2=O,38,520.59,8,5,1.78,10815829,anthraquinone
COC1=CC(=O)C(c2coc3cc(O)ccc3c2=O)=CC1=O,O=C1C=CC(=O)C(c2coc3ccccc3c2=O)=C1,22,298.25,2,3,1.56,5281705,"1,4-benzoquinone"
O=C1C(=O)C(c2ccccc2)=c2c(-c3ccccc3)c(O)oc2=C1c1ccccc1,O=C1C(=O)C(c2ccccc2)=c2c(-c3ccccc3)coc2=C1c1ccccc1,30,392.41,3,5,3.2,10046023,"1,2-benzoquinone"
O=C1C(=O)c2ccccc2C(O)=C1C1CCC(c2ccccc2)(c2ccccc2)CC1,O=C1C(=O)c2ccccc2C=C1C1CCC(c2ccccc2)(c2ccccc2)CC1,31,408.5,3,5,5.9,19804847,"1,2-naphthoquinone"
COC1=CC(=O)C(=O)C(C)=C1CCc1ccccc1OC,O=C1C=CC(CCc2ccccc2)=CC1=O,21,286.33,5,2,2.63,171121178,"1,2-benzoquinone"
CC(C)c1ccc2c(c1)CCC1C(C)(C(N)=O)CCCC21C,c1ccc2c(c1)CCC1CCCCC21,22,299.46,2,3,4.31,117592362,"1,2-naphthoquinone"
COC(=O)c1c(-c2cc(O)c3c(c2)C(=O)c2cccc(O)c2C3=O)nn(-c2ccc(C)cc2)c1C(=O)OC,O=C1c2ccccc2C(=O)c2cc(-c3ccn(-c4ccccc4)n3)ccc21,38,512.47,4,5,3.61,162659316,"1,4-naphthoquinone"
O=C1c2ccccc2-c2onc3c(Br)cc(NC4CCCCC4)c1c23,O=C1c2ccccc2-c2onc3ccc(NC4CCCCC4)c1c23,25,397.27,2,5,5.55,16009234,"1,4-benzoquinone"
COc1cccc2c1C(=O)c1c(-c3ccncc3)noc1C2=O,O=C1c2ccccc2C(=O)c2c(-c3ccncc3)noc21,23,306.28,2,4,2.52,60165531,"1,4-benzoquinone"
CCCCNc1ccc(NC)c2c1C(=O)c1ccccc1C2=O,O=C1c2ccccc2C(=O)c2ccccc21,23,308.38,5,3,3.72,109809,"1,4-benzoquinone"
O=c1ccc2c(cc3ccc4cc5c6ccccc6cc6ccc7cc2c3c4c7c65)c1=O,O=c1ccc2c(cc3ccc4cc5c6ccccc6cc6ccc7cc2c3c4c7c65)c1=O,32,406.44,0,8,6.79,18705930,"1,2-naphthoquinone"
Cc1ccc(C2=C(Cl)C(=O)C(c3ccc(C)cc3)=C(Cl)C2=O)cc1,O=C1C=C(c2ccccc2)C(=O)C=C1c1ccccc1,24,357.24,2,3,5.06,275178,"1,4-benzoquinone"
O=C1C(=O)c2ccc3ccc4ccccc4c3c2-c2c1ccc1ccc3ccccc3c21,O=C1C(=O)c2ccc3ccc4ccccc4c3c2-c2c1ccc1ccc3ccccc3c21,32,408.46,0,7,7.35,155269396,"1,2-benzoquinone"
Cc1ccc(CC2=C(O)c3ccccc3C(=O)C2=O)o1,O=C1C(=O)c2ccccc2C=C1Cc1ccco1,20,268.27,2,3,2.87,44419040,"1,2-benzoquinone"
Cc1[nH]c2ccccc2c1C1=CC(=O)C(=O)c2ccccc21,O=C1C=C(c2c[nH]c3ccccc23)c2ccccc2C1=O,22,287.32,1,4,3.67,15322753,"1,2-naphthoquinone"
O=C1c2ccc3c(=O)c4ccccc4[nH]c3c2C(=O)c2ccc3c(=O)c4ccccc4[nH]c3c21,O=C1c2ccc3c(=O)c4ccccc4[nH]c3c2C(=O)c2ccc3c(=O)c4ccccc4[nH]c3c21,34,442.43,0,7,4.45,78143,"1,4-benzoquinone"
O=C1c2cc3ccccc3cc2C(=O)c2cc3ccccc3cc21,O=C1c2cc3ccccc3cc2C(=O)c2cc3ccccc3cc21,24,308.34,0,5,4.77,76415,"1,4-benzoquinone"
O=C1c2cccnc2C(=O)c2sc(-c3cscn3)nc21,O=C1c2cccnc2C(=O)c2sc(-c3cscn3)nc21,20,299.34,1,4,2.44,145981750,"1,4-benzoquinone"
O=C1c2cccc(Oc3ccccc3)c2C(=O)c2cccc(Oc3ccccc3)c21,O=C1c2cccc(Oc3ccccc3)c2C(=O)c2cccc(Oc3ccccc3)c21,30,392.41,4,5,6.05,6699,"1,4-benzoquinone"
Cc1ccc2c(n1)C(N(C)C)=CC(=O)C2=O,O=C1C=Cc2ncccc2C1=O,16,216.24,1,2,1.06,363472,"1,2-benzoquinone"
CCOc1ccc(Cc2nccc3cc(OCC)c(OCC)cc23)cc1OCC,c1ccc(Cc2nccc3ccccc23)cc1,29,395.5,10,3,5.42,117592084,"1,2-naphthoquinone"
CC(=O)NCCNc1ccc(NCCNC(C)=O)c2c1C(=O)c1ccncc1C2=O,O=C1c2ccccc2C(=O)c2cnccc21,30,409.45,8,3,0.95,10250948,"1,4-naphthoquinone"
CCOC(=O)c1c2c(n3ccccc13)C(=O)c1cccnc1C2=O,O=C1c2cc3ccccn3c2C(=O)c2cccnc21,24,320.3,2,4,2.29,16090079,"1,4-benzoquinone"
NCCNc1ccc(O)c2c1C(=O)c1ccccc1C2=O,O=C1c2ccccc2C(=O)c2ccccc21,21,282.3,3,3,1.54,14811448,anthraquinone
CCN(CC)CCCN1C2=C(NC1Cc1cc(OC)c(OC)c(OC)c1)C(=O)C(=O)c1ccccc12,O=C1C(=O)c2ccccc2C2=C1NC(Cc1ccccc1)N2,36,493.6,11,4,3.35,559798,"1,2-naphthoquinone"
O=C1c2ccccc2-c2onc3c(N4CCN(c5ccccc5)CC4)cc(NCCN4CCCC4)c1c23,O=C1c2ccccc2-c2onc3c(N4CCN(c5ccccc5)CC4)cc(NCCN4CCCC4)c1c23,37,493.61,6,7,4.87,134149718,"1,4-naphthoquinone"
COCCNCCNc1ccc(NCCNCCOC)c2c1C(=O)c1ccncc1C2=O,O=C1c2ccccc2C(=O)c2cnccc21,32,441.53,14,3,1.15,10411042,"1,4-naphthoquinone"
O=C1C=Cc2c([nH]c3ccccc23)C1=O,O=C1C=Cc2c([nH]c3ccccc23)C1=O,15,197.19,0,3,1.95,12993412,"1,2-benzoquinone"
CCCCCC1CC(=O)NC2=C1C(=O)C(=O)c1ccccc12,O=C1CCC2=C(N1)c1ccccc1C(=O)C2=O,22,297.35,4,3,2.88,162668598,"1,2-benzoquinone"
Cn1c2c(c(CO)c1C1CCCCC1)C(=O)C(N1CC1)=CC2=O,O=C1C(N2CC2)=CC(=O)c2[nH]c(C3CCCCC3)cc21,23,314.39,3,4,2.14,10852760,"1,4-benzoquinone"
Cc1c2c(c(C)c3ccc(O)cc13)C(=O)C(=O)C=C2,O=C1C=Cc2cc3ccccc3cc2C1=O,19,252.27,0,3,2.94,15322956,"1,2-naphthoquinone"
O=C1C=C(Cl)c2ccc(C(c3ccccc3)(c3ccccc3)c3ccccc3)cc2C1=O,O=C1C=Cc2ccc(C(c3ccccc3)(c3ccccc3)c3ccccc3)cc2C1=O,32,434.92,4,5,6.41,134922410,"1,2-naphthoquinone"
O=C1c2cccc(NCCNCCO)c2C(=O)c2cccc(Cl)c21,O=C1c2ccccc2C(=O)c2ccccc21,24,344.8,6,3,2.11,331141,anthraquinone
CCCC1=C(O)c2c(cc(C3C(=O)Nc4cccc(O)c43)c(O)c2OC)C(=O)C1=O,O=C1C=Cc2ccc(C3C(=O)Nc4ccccc43)cc2C1=O,30,409.39,4,4,3.03,132526505,"1,2-benzoquinone"
O=C1c2cccc(O)c2C(=O)c2c(O)c(O)cc(O)c21,O=C1c2ccccc2C(=O)c2ccccc21,20,272.21,0,3,1.28,3010923,anthraquinone
O=C1C=C(O)C(=O)C(CC2CCC3CCCCC3C2)=C1O,O=C1C=CC(=O)C(CC2CCC3CCCCC3C2)=C1,21,290.36,2,3,3.39,72375076,"1,4-benzoquinone"
CC(C)=CCc1cc2c(cc1O)C1=C(C(=O)C3=C(C1=O)S(=O)(=O)CCN3)C(C=C(C)C)O2,O=C1C2=C(C(=O)C3=C1NCCS3(=O)=O)c1ccccc1OC2,32,455.53,3,4,2.76,132607308,"1,4-benzoquinone"
Cc1cc(F)ccc1NCc1nc2c(o1)-c1ccc#cc1C(=O)C2=O,O=C1C(=O)c2nc(CNc3ccccc3)oc2-c2ccc#cc21,25,334.31,3,4,3.38,153352270,"1,2-benzoquinone"
Cc1ccc(Nc2ccc(Nc3ccc(C)cc3)c3c2C(=O)c2ccccc2C3=O)cc1,O=C1c2ccccc2C(=O)c2c(Nc3ccccc3)ccc(Nc3ccccc3)c21,32,418.5,4,5,6.57,31416,"1,4-benzoquinone"
O=C(CCc1ccccc1)Oc1cccc2c1C(=O)c1cccc(OC(=O)CCc3ccccc3)c1C2=O,O=C(CCc1ccccc1)Oc1cccc2c1C(=O)c1cccc(OC(=O)CCc3ccccc3)c1C2=O,38,504.54,8,5,5.54,9983598,"1,4-naphthoquinone"
COc1cc(O)c2c(c1O)C(O)=CC(=O)C2=O,O=C1C=Cc2ccccc2C1=O,17,236.18,1,2,0.77,12009382,"1,2-benzoquinone"
CC(=O)N(C1=C(N(C)C)C(=O)c2ccccc2C1=O)c1cccc(Br)c1,O=C1C=C(Nc2ccccc2)C(=O)c2ccccc21,26,413.27,3,3,3.65,3792364,"1,4-benzoquinone"
O=C(Nc1cnccn1)c1ccc(CNC2=C(Cl)C(=O)c3ccccc3C2=O)cc1,O=C(Nc1cnccn1)c1ccc(CNC2=CC(=O)c3ccccc3C2=O)cc1,30,418.84,5,4,3.35,135332227,"1,4-naphthoquinone"
O=C1c2ccccc2C(=O)c2c(NC3CCCCC3)cccc21,O=C1c2ccccc2C(=O)c2c(NC3CCCCC3)cccc21,23,305.38,2,4,4.21,70669,"1,4-benzoquinone"
Cc1c(C(=O)O)c(O)cc2c1C(=O)c1c(O)c(C3OC(CO)C(O)C(=O)C3O)c(O)c(O)c1C2=O,O=C1CCOC(c2ccc3c(c2)C(=O)c2ccccc2C3=O)C1,35,490.37,3,4,-0.99,164575951,anthraquinone
CCN(Cc1ccc(F)c(Cl)c1)Cc1oc2c(c1C)C(=O)C(=O)c1c-2ccc2c(C)cccc12,O=C1C(=O)c2c(ccc3ccccc23)-c2oc(CNCc3ccccc3)cc21,34,475.95,5,5,6.91,117633468,"1,2-benzoquinone"
CCCSc1sc2c(c1C(=O)c1ccco1)-c1ccccc1C(=O)C2=O,O=C1C(=O)c2scc(C(=O)c3ccco3)c2-c2ccccc21,26,382.46,5,4,5.12,139095975,"1,2-naphthoquinone"
Cc1cc2c(cc1C)C(O)=C([N+](=O)[O-])C(=O)C2=O,O=C1C=Cc2ccccc2C1=O,18,247.21,1,2,1.57,12369071,"1,2-benzoquinone"
CC(=CCC1(C)c2c(O)cc3c(c2OC1C)C(O)=C(C)C(=O)C3=O)C1(C)CCCC1C,O=C1C=Cc2c(ccc3c2OCC3CC=CC2CCCC2)C1=O,31,424.54,3,4,5.65,10387641,"1,2-benzoquinone"
O=C1c2ccccc2C(=O)c2c1ccc1[nH]c(CN3CCC(CCCC4CCNCC4)CC3)nc21,O=C1c2ccccc2C(=O)c2c1ccc1[nH]c(CN3CCC(CCCC4CCNCC4)CC3)nc21,35,470.62,6,6,4.72,58405960,"1,4-naphthoquinone"
CCOC(=O)n1c(C(C)C)nc2c1C(=O)C(=O)c1ccccc1-2,O=C1C(=O)c2[nH]cnc2-c2ccccc21,23,312.33,2,3,3.06,160994822,"1,2-benzoquinone"
COc1cccc2c1C(=O)c1c(OC)cc(CN(CCCl)CCCl)cc1C2=O,O=C1c2ccccc2C(=O)c2ccccc21,28,422.31,8,3,3.76,13970934,"1,4-naphthoquinone"
O=C(Nc1ccc(Cl)cc1)c1ccc(C=CC(=O)c2cccc3c2C(=O)c2ccccc2C3=O)cc1,O=C(Nc1ccccc1)c1ccc(C=CC(=O)c2cccc3c2C(=O)c2ccccc2C3=O)cc1,36,491.93,5,5,6.26,145983874,anthraquinone
O=C1C(=O)c2ccccc2C2=C1SCC1(CCN(CCOc3ccc(Cl)cc3)CC1)O2,O=C1C(=O)c2ccccc2C2=C1SCC1(CCN(CCOc3ccccc3)CC1)O2,31,455.96,4,5,4.45,23654870,"1,2-naphthoquinone"
CC(=O)OC1CC(C)OC2(OC(CC(=O)O)CC3=C2C(=O)c2c(O)cccc2C3=O)C1O,O=C1C2=C(C(=O)c3ccccc31)C1(CCCCO1)OCC2,32,446.41,3,4,1.13,3042325,"1,4-naphthoquinone"
CC1CCC2=C(O1)c1cccc(O)c1C(=O)C2=O,O=C1C(=O)c2ccccc2C2=C1CCCO2,18,244.25,0,3,2.07,139030637,"1,2-naphthoquinone"
Nc1ccc2c(c1)C(=O)C(=O)c1ccccc1-2,O=C1C(=O)c2ccccc2-c2ccccc21,17,223.23,0,3,2.31,254021,"1,2-benzoquinone"
Fc1c(F)c2c(-c3ccccc3)c(-c3ccc(Cl)cc3)oc2c2oc(-c3ccc(Cl)cc3)c(-c3ccccc3)c12,c1ccc(-c2oc3c(ccc4c(-c5ccccc5)c(-c5ccccc5)oc43)c2-c2ccccc2)cc1,40,567.42,4,7,11.43,102314757,"1,2-benzoquinone"
O=C1C(=O)c2c(nc3cc(Cl)ccn23)-c2ccccc21,O=C1C(=O)c2c(nc3ccccn23)-c2ccccc21,20,282.69,0,4,3.03,9817235,"1,2-naphthoquinone"
CC1CN1C1=CC(=O)c2c(c(CO)c(-c3ccccc3)n2C)C1=O,O=C1C(N2CC2)=CC(=O)c2[nH]c(-c3ccccc3)cc21,24,322.36,3,4,2.15,5287703,"1,4-benzoquinone"
O=C1C(=O)c2n[nH]nc2-c2ccccc21,O=C1C(=O)c2n[nH]nc2-c2ccccc21,15,199.17,0,3,0.85,70418738,"1,2-benzoquinone"
O=C1C(=O)c2c(-c3ccccc3)noc2-c2ccccc21,O=C1C(=O)c2c(-c3ccccc3)noc2-c2ccccc21,21,275.26,1,4,3.39,21563494,"1,2-benzoquinone"
O=C1C(=O)c2ccccc2C2=C1SC(c1cccc(C(F)(F)F)c1)C1(CCNCC1)O2,O=C1C(=O)c2ccccc2C2=C1SC(c1ccccc1)C1(CCNCC1)O2,31,445.46,1,5,4.77,67460067,"1,2-benzoquinone"
CC(=O)C(C(C)=O)C1=C(Cl)C(=O)C(=O)c2ccccc21,O=C1C=Cc2ccccc2C1=O,20,290.7,3,2,2.2,2839610,"1,2-benzoquinone"
O=C1C(=O)c2ccccc2C2=C1CCC(C13CC4CC(CC(C4)C1)C3)O2,O=C1C(=O)c2ccccc2C2=C1CCC(C13CC4CC(CC(C4)C1)C3)O2,26,348.44,1,7,4.56,44386206,"1,2-benzoquinone"
O=C1C(=O)c2c(-c3ccc(F)cc3)nn(-c3ccccc3)c2-c2ccccc21,O=C1C(=O)c2c(-c3ccccc3)nn(-c3ccccc3)c2-c2ccccc21,28,368.37,2,5,4.72,162734642,"1,2-benzoquinone"
NS(=O)(=O)c1ccc(N=Nc2ncc(CC(NC3=CC(=O)C(=O)c4ccccc43)C(=O)O)[nH]2)cc1,O=C1C=C(NCCc2cnc(N=Nc3ccccc3)[nH]2)c2ccccc2C1=O,35,494.49,8,4,1.86,318748,"1,2-benzoquinone"
O=C(CCN1CCOCC1)Nc1cccc2c1C(=O)c1c(NC(=O)CCN3CCOCC3)cccc1C2=O,O=C(CCN1CCOCC1)Nc1cccc2c1C(=O)c1c(NC(=O)CCN3CCOCC3)cccc1C2=O,38,520.59,8,5,1.78,10625796,anthraquinone
CC1=C(CCCCCC(=O)NCCNc2ccnc3cc(Cl)ccc23)C(=O)c2ccccc2C1=O,O=C(CCCCCC1=CC(=O)c2ccccc2C1=O)NCCNc1ccnc2ccccc12,35,490.0,10,4,5.76,24808332,"1,4-benzoquinone"
O=C(c1cccs1)c1cc2c(s1)C(=O)c1c(O)cccc1C2=O,O=C(c1cccs1)c1cc2c(s1)C(=O)c1ccccc1C2=O,23,340.38,2,4,3.52,101874283,"1,4-benzoquinone"
Cc1cc2c(c3oc(C(=O)c4ccccc4)cc13)C(=O)c1c(O)cccc1C2=O,O=C(c1ccccc1)c1cc2ccc3c(c2o1)C(=O)c1ccccc1C3=O,29,382.37,2,5,4.45,122183444,anthraquinone
O=C1C(=O)c2ccccc2C(O)=C1CCCC1CCC2CCCCC2C1,O=C1C(=O)c2ccccc2C=C1CCCC1CCC2CCCCC2C1,26,352.47,4,4,5.5,219996,"1,2-benzoquinone"
CN(CCCl)CCCNc1cccc2c1C(=O)c1ccccc1C2=O,O=C1c2ccccc2C(=O)c2ccccc21,25,356.85,7,3,3.43,11348852,"1,4-benzoquinone"
CCC1=C(C)C(=O)c2cc3c(c(O)c2C1=O)C(O)=C(C)C(=O)C3(C)C,O=C1C=Cc2cc3c(cc2C1)C(=O)C=CC3=O,25,340.38,1,3,3.65,16091659,"1,4-benzoquinone"
CC1CCC2C(C1)C1=C(OC2(C)C)C(=O)C2=C(OC(C)(C)C3CCC(C)CC23)C1=O,O=C1C2=C(C(=O)C3=C1C1CCCCC1CO3)C1CCCCC1CO2,30,412.57,0,5,5.37,25149235,"1,4-benzoquinone"
NCCNCCNc1cccc2c1C(=O)c1ccccc1C2=O,O=C1c2ccccc2C(=O)c2ccccc21,23,309.37,6,3,1.42,3076423,"1,4-naphthoquinone"
CC(C)c1nc2c(n1Cc1ccncc1)C(=O)C(=O)c1ccccc1-2,O=C1C(=O)c2c(ncn2Cc2ccncc2)-c2ccccc21,25,331.38,3,4,3.5,157637136,"1,2-benzoquinone"
O=C1c2cnncc2C(=O)c2nc3cc(C(F)(F)F)ccc3nc21,O=C1c2cnncc2C(=O)c2nc3ccccc3nc21,24,330.23,0,4,2.21,16126446,"1,4-benzoquinone"
O=C1C=CC(=O)C(N(CCO)CCO)=C1,O=C1C=CC(=O)C=C1,15,211.22,5,1,-1.14,75094,"1,4-benzoquinone"
O=C(COC(=O)CC1CCCC1)Nc1cc2c(cc1Cl)C(=O)c1ccccc1C2=O,O=C(COC(=O)CC1CCCC1)Nc1ccc2c(c1)C(=O)c1ccccc1C2=O,30,425.87,5,4,4.18,4193163,"1,4-benzoquinone"
CC(Cc1cccc(C(F)(F)F)c1)NCCOC(=O)c1ccccc1,O=C(OCCNCCc1ccccc1)c1ccccc1,25,351.37,7,2,4.08,117593356,"1,2-benzoquinone"
CC1CCC2C(C1)c1c(c3ccccc3c3nc4ccccc4nc13)OC2(C)C,c1ccc2nc3c(nc2c1)c1c(c2ccccc23)OCC2CCCCC12,29,382.51,0,6,6.63,157715029,"1,2-benzoquinone"
COc1ccc(SC2=CC(=O)C(=O)c3c(-c4ccccc4)cn(S(=O)(=O)c4ccccc4)c32)cc1,O=C1C=C(Sc2ccccc2)c2c(c(-c3ccccc3)cn2S(=O)(=O)c2ccccc2)C1=O,35,501.59,6,5,5.3,137635149,"1,2-benzoquinone"
CC1Cn2c(nc3c2C(=O)C=CC3=O)-c2ccc3ccccc3c21,O=C1C=CC(=O)c2c1nc1n2CCc2c-1ccc1ccccc21,24,314.34,0,5,3.76,46935160,"1,4-benzoquinone"
COc1c(C2=CC(=O)N(C)C2=O)c2c(n1C)C(=O)c1ccccc1C2=O,O=C1C=C(c2c[nH]c3c2C(=O)c2ccccc2C3=O)C(=O)N1,26,350.33,2,4,1.19,1252200,"1,4-benzoquinone"
NS(=O)(=O)c1cccc2c1C(=O)C=C(Nc1cccnc1)C2=O,O=C1C=C(Nc2cccnc2)C(=O)c2ccccc21,23,329.34,3,3,1.1,71680713,"1,4-benzoquinone"
CCCCCCn1c(O)c(C#N)c(C)c(N=Nc2cccc3c2C(=O)c2ccccc2C3=O)c1=O,O=C1c2ccccc2C(=O)c2c(N=Nc3ccc[nH]c3=O)cccc21,35,468.51,7,4,5.51,170851482,"1,4-naphthoquinone"
COc1cc2oc3c(c(=O)c2cc1OC)C(=O)c1c(ccc2cc4c(c(O)c12)C(=O)N1CCOC1(C)C4)C3=O,O=C1c2ccc3cc4c(cc3c2C(=O)c2c1oc1ccccc1c2=O)C(=O)N1CCOC1C4,39,527.49,2,7,3.19,134061,"1,4-benzoquinone"
CC1(C)OC2=C(C(=O)c3ccccc3C2=O)C1Sc1ccccc1,O=C1C2=C(C(=O)c3ccccc31)C(Sc1ccccc1)CO2,24,336.41,2,4,4.29,76321451,"1,4-benzoquinone"
Cc1c(-c2cc(O)cc(=O)o2)c(O)cc2cc3c(c(O)c12)C(=O)c1c(O)cc(O)cc1C3=O,O=C1c2ccccc2C(=O)c2cc3cc(-c4cccc(=O)o4)ccc3cc21,33,446.37,1,5,3.07,101888873,anthraquinone
O=C1c2ccccc2C(=O)c2sc(-c3cscn3)nc21,O=C1c2ccccc2C(=O)c2sc(-c3cscn3)nc21,20,298.35,1,4,3.04,145988358,"1,4-naphthoquinone"
Cc1ccc2c(c1CCC1OC1(C)C)C(=O)C(=O)C(C(C)C)=C2,O=C1C=Cc2cccc(CCC3CO3)c2C1=O,23,312.41,4,3,3.91,10892341,"1,2-benzoquinone"
CCOC(=O)C(CC(=O)c1cccc2c1C(=O)c1ccccc1C2=O)=NNC(=S)Nc1ccccc1,O=C(CC=NNC(=S)Nc1ccccc1)c1cccc2c1C(=O)c1ccccc1C2=O,36,499.55,7,4,3.94,71699278,anthraquinone
CCCN1C(=O)N(C)C(C(=O)OC)(C2=CC(=O)c3[nH]cc(CCNC(=O)OCc4ccccc4)c3C2=O)C1=O,O=C1NC(=O)C(C2=CC(=O)c3[nH]cc(CCNC(=O)OCc4ccccc4)c3C2=O)N1,39,536.54,9,4,2.0,24788785,"1,4-benzoquinone"
O=C1c2ccccc2C(=O)c2c1oc1c3c(ccc21)OCN(CCCn1ccnc1)C3,O=C1c2ccccc2C(=O)c2c1oc1c3c(ccc21)OCN(CCCn1ccnc1)C3,31,413.43,4,6,3.65,1279718,"1,4-naphthoquinone"
Cc1[nH]n2c(=O)c3cc(Cl)ccc3nc2c1N=Nc1cccc2c1C(=O)c1ccccc1C2=O,O=C1c2ccccc2C(=O)c2c(N=Nc3c[nH]n4c(=O)c5ccccc5nc34)cccc21,34,467.87,2,6,5.33,174429,"1,4-naphthoquinone"
O=C1C=C(c2ccccc2O)c2ccccc2C1=O,O=C1C=C(c2ccccc2)c2ccccc2C1=O,19,250.25,1,3,2.59,44300976,"1,2-benzoquinone"
CC1CN1C1=CC(=O)c2c(c(COC(N)=O)c(C3CC3)n2C)C1=O,O=C1C(N2CC2)=CC(=O)c2[nH]c(C3CC3)cc21,24,329.36,4,4,1.46,10640077,"1,4-benzoquinone"
Cc1c[nH]c2c1C(c1[nH]c3ccccc3c1C)=CC(=O)C2=O,O=C1C=C(c2cc3ccccc3[nH]2)c2cc[nH]c2C1=O,22,290.32,1,4,3.31,11077128,"1,2-benzoquinone"
CCOC(=O)C(C1=CC(=O)C(=O)c2ccccc21)=C(C)NCc1ccccc1,O=C1C=C(C=CNCc2ccccc2)c2ccccc2C1=O,28,375.42,6,3,3.46,24203338,"1,2-benzoquinone"
CCCCCCCCCCCCCCCC1=CC(=O)C=C(OC)C1=O,O=C1C=CC(=O)C=C1,25,348.53,15,1,6.08,71345494,"1,4-benzoquinone"
O=C1C=C(NCc2ccc(Cl)c(Cl)c2)C(=O)c2ccccc21,O=C1C=C(NCc2ccccc2)C(=O)c2ccccc21,22,332.19,3,3,4.05,2755720,"1,4-benzoquinone"
CC1OC2CC(=O)OC2C2=C1C(=O)c1c(O)cccc1C2=O,O=C1CC2OCC3=C(C(=O)c4ccccc4C3=O)C2O1,22,300.27,0,4,1.17,443836,"1,4-benzoquinone"
O=C1C(=O)c2ccccc2C2=C1SCC1(CCSCC1)O2,O=C1C(=O)c2ccccc2C2=C1SCC1(CCSCC1)O2,21,318.42,0,4,3.15,57661929,"1,2-naphthoquinone"
Cc1cc(F)ccc1NCc1nc2c([nH]1)C(=O)C(=O)c1ccccc1-2,O=C1C(=O)c2[nH]c(CNc3ccccc3)nc2-c2ccccc21,25,335.34,3,4,3.52,123585745,"1,2-benzoquinone"
Cc1cc(O)c2c(c1)C(C13Cc4cc(O)c5c(c4C1C=CC(O)C3O)C(=O)c1c(O)ccc(O)c1C5=O)OC2=O,O=C1OC(C23CCC=CC2c2c(ccc4c2C(=O)c2ccccc2C4=O)C3)c2ccccc21,40,542.5,1,7,2.42,92029293,anthraquinone
COC1=CC(=O)c2oc(C)c(CO)c2C1=O,O=C1C=CC(=O)c2occc21,16,222.2,2,2,0.99,77050772,"1,4-benzoquinone"
COC(=O)C(Cc1ccccc1)Oc1ccc2c(c1)C(=O)C(=O)C=C2c1ccccc1,O=C1C=C(c2ccccc2)c2ccc(OCCc3ccccc3)cc2C1=O,31,412.44,6,4,4.05,44301279,"1,2-benzoquinone"
CC1OC(Oc2c(O)c3c(c4cccnc24)C(=O)c2ccccc2C3=O)C(F)C(O)C1O,O=C1c2ccccc2C(=O)c2c1cc(OC1CCCCO1)c1ncccc21,32,439.4,2,5,1.9,136092232,"1,4-benzoquinone"
CCCCOC(=O)c1c(NCc2ccc(OC)cc2)c(=O)c(=O)c2oc3cc(N(C)C)ccc3[nH]c1=2,O=c1c(NCc2ccccc2)cc2[nH]c3ccccc3oc=2c1=O,36,491.54,9,4,3.85,127026221,"1,2-benzoquinone"
CC1(F)Cn2c1nc1c2C(=O)C(=O)c2ccccc2-1,O=C1C(=O)c2c(nc3n2CC3)-c2ccccc21,19,256.24,0,4,2.13,123445205,"1,2-benzoquinone"
O=c1c2[nH]cc[nH]c2c(=O)c2c(=O)n(Cc3ccc(-c4ccccc4F)cc3)c(=O)c12,O=c1c2[nH]cc[nH]c2c(=O)c2c(=O)n(Cc3ccc(-c4ccccc4)cc3)c(=O)c12,31,415.38,3,5,2.18,6096827,"1,4-benzoquinone"
Cc1ccc(OCCOc2cc(O)c3c(c2N)C(=O)c2ccccc2C3=O)cc1,O=C1c2ccccc2C(=O)c2cc(OCCOc3ccccc3)ccc21,29,389.41,5,4,3.52,117761,anthraquinone
COc1cccc2c1C(=O)c1c(O)c3c(c(O)c1C2=O)CC(O)(C(=O)CO)CC3OC1CC(N)C(O)C(C)O1,O=C1c2ccccc2C(=O)c2cc3c(cc21)CCCC3OC1CCCCO1,39,543.53,5,5,0.0,31703,"1,4-benzoquinone"
COC1=C(OC)C(=O)c2c(cc3c(nc(N)n3C)c2-c2ccc(OC)cc2)C1=O,O=C1C=CC(=O)c2c1cc1[nH]cnc1c2-c1ccccc1,29,393.4,4,4,2.71,10572634,"1,4-naphthoquinone"
Cn1cc(COC(N)=O)c2c1C(=O)C=C(N1CC1)C2=O,O=C1C(N2CC2)=CC(=O)c2[nH]ccc21,20,275.26,3,3,0.2,10802335,"1,4-benzoquinone"
O=C1c2cc(-c3nc(CCc4ccccc4)no3)sc2C(=O)c2c(O)cccc21,O=C1c2ccccc2C(=O)c2sc(-c3nc(CCc4ccccc4)no3)cc21,29,402.43,4,5,4.06,118707768,"1,4-benzoquinone"
CC(=O)Nc1ccc(OC2=CC(=O)c3cccc(O)c3C2=O)cc1,O=C1C=C(Oc2ccccc2)C(=O)c2ccccc21,24,323.3,3,3,2.69,122185482,"1,4-benzoquinone"
COc1ccc2c(c1)-c1c(ccc3ccc4ccc5ccccc5c4c13)C(=O)C2=O,O=C1C(=O)c2ccc3ccc4ccc5ccccc5c4c3c2-c2ccccc21,30,388.42,1,6,6.2,155933178,"1,2-naphthoquinone"
O=c1c2c3c(cc4cccc5ccc(c1=O)c3c54)-c1ccccc1-2,O=c1c2c3c(cc4cccc5ccc(c1=O)c3c54)-c1ccccc1-2,24,306.32,0,6,4.39,188581,"1,2-naphthoquinone"
CC(C)=CCC1=CC=C(C)C(=O)C1=O,O=C1C=CC=CC1=O,14,190.24,2,1,2.37,129846268,"1,2-benzoquinone"
CC(=O)N(Cc1ccc(F)cc1)C1=C(NCc2ccccc2)C(=O)c2ccccc2C1=O,O=C1C(NCc2ccccc2)=C(NCc2ccccc2)C(=O)c2ccccc21,32,428.46,6,4,4.25,3793001,"1,4-benzoquinone"
O=C1C(=O)c2ccccc2C2=C1CCC1(CCCCC1)O2,O=C1C(=O)c2ccccc2C2=C1CCC1(CCCCC1)O2,21,282.34,0,4,3.68,25054515,"1,2-benzoquinone"
CC1(C)OC2=C(C(=O)c3ccccc3C2=O)C(N2CCOCC2)C1O,O=C1C2=C(C(=O)c3ccccc31)C(N1CCOCC1)CCO2,25,343.38,1,4,1.19,24824614,"1,4-benzoquinone"
O=C1C(Cl)=C(N2C(=O)c3ccccc3C2=O)C(=O)c2ccccc21,O=C1C=C(N2C(=O)c3ccccc3C2=O)C(=O)c2ccccc21,24,337.72,1,4,2.81,71498448,"1,4-naphthoquinone"
Cc1ccc(OC2=C(Cl)C(=O)c3ccccc3C2=O)cc1,O=C1C=C(Oc2ccccc2)C(=O)c2ccccc21,21,298.73,2,3,3.9,2817425,"1,4-naphthoquinone"
O=C1C=C(Nc2ccc(F)c(F)c2)C(=O)c2cnccc21,O=C1C=C(Nc2ccccc2)C(=O)c2cnccc21,21,286.24,2,3,2.73,15537870,"1,4-benzoquinone"
O=C1C=C(NC2CCN(Cc3ccccc3)CC2)c2ccccc2C1=O,O=C1C=C(NC2CCN(Cc3ccccc3)CC2)c2ccccc2C1=O,26,346.43,4,4,3.05,122196523,"1,2-benzoquinone"
O=C(CCN1CCCCC1)Nc1cccc2c1C(=O)c1c(NC(=O)CCN3CCCCC3)cccc1C2=O,O=C(CCN1CCCCC1)Nc1cccc2c1C(=O)c1c(NC(=O)CCN3CCCCC3)cccc1C2=O,38,516.64,8,5,4.09,10839598,"1,4-benzoquinone"
O=C1C(=O)c2ccccc2C(O)=C1C1CCC2(CC1)OOC1(O2)C2CC3CC(C2)CC1C3,O=C1C(=O)c2ccccc2C=C1C1CCC2(CC1)OOC1(O2)C2CC3CC(C2)CC1C3,32,436.5,1,8,4.74,73330446,"1,2-benzoquinone"
O=C(Nc1cccc(C(F)(F)F)c1)C1=C(O)c2ccccc2C(=O)C1=O,O=C(Nc1ccccc1)C1=Cc2ccccc2C(=O)C1=O,26,361.27,2,3,3.38,54748286,"1,2-naphthoquinone"
CCN(CC)CC(O)CNc1ccc(NCC2CO2)c2c1C(=O)c1ccccc1C2=O,O=C1c2ccccc2C(=O)c2c(NCC3CO3)cccc21,31,423.51,10,4,2.39,5388837,"1,4-benzoquinone"
CCCc1c2c([nH]c(=O)c1C)C(=O)c1[nH]c(=O)c(C)c(CCC)c1C2=O,O=C1c2ccc(=O)[nH]c2C(=O)c2[nH]c(=O)ccc21,26,354.41,4,3,2.36,122105,"1,4-benzoquinone"
N=C(C=Cc1ccc(F)cc1)c1cc(NC(=O)Cc2ccc3ooc3c2)c(F)cc1N,N=C(C=Cc1ccccc1)c1cccc(NC(=O)Cc2ccc3ooc3c2)c1,31,421.4,6,4,5.15,142835868,"1,2-benzoquinone"
O=C(O)CC1OCC=C2CN3CCC45C6=CC(=O)C(=O)C([N+](=O)[O-])=C6NC4C1C2CC35,O=C1C=C2NC3C4COCC=C5CN6CCC3(C2=CC1=O)C6CC54,31,427.41,3,6,0.04,68413,"1,2-benzoquinone"
COC12C(COC(N)=O)C3=C(C(=O)C(C)=C(OCCSc4ccccc4)C3=O)N1CC1NC12,O=C1C=C(OCCSc2ccccc2)C(=O)C2=C1N1CC3NC3C1C2,33,471.54,8,5,1.2,44312751,"1,4-benzoquinone"
Cc1ccc2c(c1)C(=O)C(=O)C1=C2OC(C)(C)CC1,O=C1C(=O)c2ccccc2C2=C1CCCO2,19,256.3,0,3,3.06,44386053,"1,2-benzoquinone"
COC12C(COC(N)=O)C3=C(C(=O)C(C)=C(NC4CCCO4)C3=O)N1CC1NC12,O=C1C=C(NC2CCCO2)C(=O)C2=C1N1CC3NC3C1C2,29,404.42,5,5,-0.88,44313054,"1,4-benzoquinone"
Cc1ccc(NC2=C(Cl)C(=O)c3ncncc3C2=O)cc1,O=C1C(Nc2ccccc2)=CC(=O)c2ncncc21,21,299.72,2,3,2.73,44342289,"1,4-benzoquinone"
O=C1C=C(Oc2ccc(F)cc2Br)C(=O)c2ccccc21,O=C1C=C(Oc2ccccc2)C(=O)c2ccccc21,21,347.14,2,3,3.93,44447799,"1,4-benzoquinone"
Cc1cc(C)c2c(n1)nn1c(N)c(C(=O)Nc3ccc4c(c3)C(=O)c3ccccc3C4=O)nnc21,O=C(Nc1ccc2c(c1)C(=O)c1ccccc1C2=O)c1cn2nc3ncccc3c2nn1,35,463.46,2,6,2.9,46206038,anthraquinone
CC12CC3=C(CC1C1(C)CC1C2)C(=O)C=CC3=O,O=C1C=CC(=O)C2=C1CC1CC3CC3C1C2,18,242.32,0,4,2.84,46831111,"1,4-benzoquinone"
Cc1c(CN2CCC(NC(=O)C=Cc3cccnc3)CC2)oc2c1C(=O)C(=O)c1c-2ccc2c1CCCC2(C)C,O=C(C=Cc1cccnc1)NC1CCN(Cc2cc3c(o2)-c2ccc4c(c2C(=O)C3=O)CCCC4)CC1,40,537.66,5,6,5.44,153527300,"1,2-benzoquinone"
O=C1C=C(F)c2c(n(Cc3cccc(C(=O)N4CCN(C(=O)C5CCC5)CC4)c3)c(=O)[nH]c2=O)C1=O,O=C1C=Cc2c(n(Cc3cccc(C(=O)N4CCN(C(=O)C5CCC5)CC4)c3)c(=O)[nH]c2=O)C1=O,36,494.48,4,5,0.75,151657232,"1,2-benzoquinone"
O=C1C(=O)c2cc(-c3cc4ccccc4o3)ccc2-c2ccccc21,O=C1C(=O)c2cc(-c3cc4ccccc4o3)ccc2-c2ccccc21,25,324.34,1,5,5.15,10805901,"1,2-benzoquinone"
O=C1C(=O)c2ccccc2C2=C1SCC1(CCN(CCCOc3ccc(F)cc3)CC1)O2,O=C1C(=O)c2ccccc2C2=C1SCC1(CCN(CCCOc3ccccc3)CC1)O2,32,453.54,5,5,4.33,57661863,"1,2-benzoquinone"
O=C1C(Cl)=C(NCCCn2cnc([N+](=O)[O-])n2)C(=O)c2ccccc21,O=C1C=C(NCCCn2cncn2)C(=O)c2ccccc21,25,361.75,6,3,1.7,56851193,"1,4-benzoquinone"
O=c1cc2oc3ccccc3oc-2cc1=O,O=c1cc2oc3ccccc3oc-2cc1=O,16,214.18,0,3,1.85,192833,"1,2-benzoquinone"
Cc1ccc(COc2ccc3c(c2)C(=O)C(=O)C2=C3OC(C)C2)cc1,O=C1C(=O)c2cc(OCc3ccccc3)ccc2C2=C1CCO2,25,334.37,3,4,3.86,171487288,"1,2-benzoquinone"
CC1=CCCc2c1ccc1c2C(=O)C(=O)C(C(C)C)=C1,O=C1C=Cc2ccc3c(c2C1=O)CCC=C3,20,266.34,1,3,3.84,14828180,"1,2-benzoquinone"
COC12C(COC(N)=O)C3=C(C(=O)C(CSc4ncccc4O)=C(N)C3=O)N1CC1NC12,O=C1C=C(CSc2ccccn2)C(=O)C2=C1CC1C3NC3CN21,32,459.48,6,5,-0.78,9912046,"1,4-benzoquinone"
CC1COC2=C1C(=O)C(=O)c1c2ccc2c1C(O)CCC2(C)C,O=C1C(=O)c2c(ccc3c2CCCC3)C2=C1CCO2,23,312.37,0,4,2.93,10245003,"1,2-benzoquinone"
O=C1C=C(c2ccc(-c3ccccc3)cc2)c2ccccc2C1=O,O=C1C=C(c2ccc(-c3ccccc3)cc2)c2ccccc2C1=O,24,310.35,2,4,4.55,44301073,"1,2-benzoquinone"
CC1=C(CCc2nnnn2CCCC#N)C(=O)c2ccccc2C1=O,O=C1C=C(CCc2nnn[nH]2)C(=O)c2ccccc21,25,335.37,6,3,2.31,155519514,"1,4-naphthoquinone"
Cc1cc2c3c(ccc2s1)C(=O)C(=O)c1sccc1-3,O=C1C(=O)c2sccc2-c2c1ccc1sccc21,19,284.36,0,4,4.32,162654241,"1,2-benzoquinone"
CC1OC(OCc2ccc3c(c2O)C(=O)c2ccccc2C3=O)CC(N(C)C)C1O,O=C1c2ccccc2C(=O)c2cc(COC3CCCCO3)ccc21,30,411.45,4,4,2.11,71450947,anthraquinone
O=C1C=C(NC2CCCC2)C(=O)c2ccccc21,O=C1C=C(NC2CCCC2)C(=O)c2ccccc21,18,241.29,2,3,2.48,71720678,"1,4-benzoquinone"
Nc1[nH]nc(Nc2ccccc2)c1C(=O)Nc1ccc2c(c1)C(=O)c1ccccc1C2=O,O=C1c2ccccc2C(=O)c2cc(NC(=O)c3c[nH]nc3Nc3ccccc3)ccc21,32,423.43,4,5,3.76,46205062,anthraquinone
C#Cc1cccc(OC2=C(Oc3cccc(C#C)c3)C(=O)c3ncccc3C2=O)c1,O=C1C(Oc2ccccc2)=C(Oc2ccccc2)C(=O)c2ncccc21,30,391.38,4,4,3.79,137632991,"1,4-benzoquinone"
O=C1C=Cc2cc3ccc(C(=O)O)n3cc2C1=O,O=C1C=Cc2cc3cccn3cc2C1=O,18,241.2,1,3,1.42,146682674,"1,2-benzoquinone"
CCOC(=O)C1=C(Cc2ccc(C)cc2)C(=O)c2ccccc2C1=O,O=C1C=C(Cc2ccccc2)C(=O)c2ccccc21,25,334.37,4,3,3.48,2841620,"1,4-naphthoquinone"
O=C1C(Cl)=C(OCC#Cc2ccccc2)C(=O)c2ncccc21,O=C1C=C(OCC#Cc2ccccc2)C(=O)c2ncccc21,23,323.73,2,3,2.98,137658631,"1,4-benzoquinone"
Cc1ccc(C(=O)Nc2c(NC(=O)CN(C)CCc3ccccn3)ccc3c2C(=O)c2ccccc2C3=O)cc1,O=C(CNCCc1ccccn1)Nc1ccc2c(c1NC(=O)c1ccccc1)C(=O)c1ccccc1C2=O,40,532.6,8,5,4.53,53374587,"1,4-naphthoquinone"
CC(=O)OC1CCn2c1nc1c2C(=O)C=C(N2CC2)C1=O,O=C1C(N2CC2)=CC(=O)c2c1nc1n2CCC1,21,287.28,2,4,0.47,383412,"1,4-benzoquinone"
O=C1C(NCCCl)=CC(=O)c2nc(-c3ccccc3)ccc21,O=C1C=CC(=O)c2nc(-c3ccccc3)ccc21,22,312.76,4,3,2.84,10018431,"1,4-benzoquinone"
O=C1C=Cc2c(ccc3cc4ccc5ccccc5c4cc23)C1=O,O=C1C=Cc2c(ccc3cc4ccc5ccccc5c4cc23)C1=O,24,308.34,0,5,4.92,188863,"1,2-naphthoquinone"
Cc1cccc2c3c(ccc12)-c1oc2c(c1C(=O)C3=O)CCN(CCC(=O)N1CCOCC1)C2,O=C1C(=O)c2c(ccc3ccccc23)-c2oc3c(c21)CCN(CCC(=O)N1CCOCC1)C3,34,458.51,3,6,3.39,172461195,"1,2-benzoquinone"
CC(C)C(C1=C(O)c2ccccc2C(=O)C1=O)c1c(N)n(C)c(=O)n(C)c1=O,O=C1C(=O)c2ccccc2C=C1Cc1c[nH]c(=O)[nH]c1=O,28,383.4,3,3,1.14,139221287,"1,2-naphthoquinone"
O=C1C=Cc2c(ccc3cc4c(ccc5ccccc54)cc23)C1=O,O=C1C=Cc2c(ccc3cc4c(ccc5ccccc54)cc23)C1=O,24,308.34,0,5,4.92,155526,"1,2-naphthoquinone"
O=C1c2cc3c(c(O)c2C(=O)c2c(O)ccc(O)c21)C1(O)CC(O)OC1O3,O=C1c2ccccc2C(=O)c2cc3c(cc21)OC1OCCC31,27,372.29,0,5,0.22,108014,anthraquinone
COc1c(C)c2c([nH]c1=O)C(=O)c1ccccc1C2=O,O=C1c2ccccc2C(=O)c2[nH]c(=O)ccc21,20,269.26,1,3,1.47,10445779,"1,4-benzoquinone"
COC1=CC(=O)c2c(O)c3c(c(O)c2C1=O)CC1(C)OC(C(=O)O)CC3O1,O=C1C=CC(=O)c2cc3c(cc21)CC1OCCC3O1,27,376.32,2,4,1.21,3084307,"1,4-naphthoquinone"
O=C1C=C(N2CCN(c3ccccc3)CC2)c2ccccc2C1=O,O=C1C=C(N2CCN(c3ccccc3)CC2)c2ccccc2C1=O,24,318.38,2,4,2.62,272523,"1,2-benzoquinone"
CN(C)CCNc1ccc(NCCN(CCO)CCO)c2c1C(=O)c1c(O)ccc(O)c1C2=O,O=C1c2ccccc2C(=O)c2ccccc21,34,472.54,12,3,0.55,11294403,"1,4-benzoquinone"
O=Cc1ccccc1OCc1cn(Cc2ccc3c(c2)C(=O)c2ccccc2C3=O)nn1,O=C1c2ccccc2C(=O)c2cc(Cn3cc(COc4ccccc4)nn3)ccc21,32,423.43,6,5,3.49,137639192,"1,4-benzoquinone"
CC1CCN(Cc2nc3c4c(ccc3[nH]2)C(=O)c2ccccc2C4=O)CC1,O=C1c2ccccc2C(=O)c2c1ccc1[nH]c(CN3CCCCC3)nc21,27,359.43,2,5,3.57,53372230,anthraquinone
CN(CCOCCNC(=S)NC(=O)c1ccc2c(c1)C(=O)c1ccccc1C2=O)Cc1ccccc1,O=C(NC(=S)NCCOCCNCc1ccccc1)c1ccc2c(c1)C(=O)c1ccccc1C2=O,36,501.61,9,4,3.21,10255470,"1,4-benzoquinone"
CC(C)=CCC(OC(=O)COc1cccc(C)c1)C1=CC(=O)c2c(O)ccc(O)c2C1=O,O=C(COc1ccccc1)OCC1=CC(=O)c2ccccc2C1=O,32,436.46,7,3,4.06,71494719,"1,4-benzoquinone"
NC1=CC(=O)c2ccc(-c3ccccn3)nc2C1=O,O=C1C=CC(=O)c2nc(-c3ccccn3)ccc21,19,251.24,1,3,1.37,21771691,"1,4-benzoquinone"
CCCCCCn1c2nc(=O)n(C)c(=O)c-2cc2c1C(=O)C(=O)c1ccccc1-2,O=C1C(=O)c2[nH]c3nc(=O)[nH]c(=O)c-3cc2-c2ccccc21,29,391.43,5,4,2.67,10045970,"1,2-benzoquinone"
O=C1C(=O)c2cc(F)ccc2-c2ccccc21,O=C1C(=O)c2ccccc2-c2ccccc21,17,226.21,0,3,2.87,351593,"1,2-benzoquinone"
O=C1C(Nc2ccccc2)=C(Nc2ccccc2)C(=O)c2ccccc21,O=C1C(Nc2ccccc2)=C(Nc2ccccc2)C(=O)c2ccccc21,26,340.38,4,4,4.5,21709698,"1,4-benzoquinone"
NC(=O)C1=Cc2cc3cc4ccccc4cc3cc2C(=O)C1=O,O=C1C=Cc2cc3cc4ccccc4cc3cc2C1=O,23,301.3,1,4,2.63,123388730,"1,2-naphthoquinone"
C=C1C(C)CCCC1(C)CCC(C)=CCC1=C(O)C(=O)C=C(OC)C1=O,C=C1CCCCC1CCC=CCC1=CC(=O)C=CC1=O,26,358.48,6,2,4.98,10473589,"1,4-benzoquinone"
CC1(C)CCC2=C(O1)c1sccc1C(=O)C2=O,O=C1C(=O)c2ccsc2C2=C1CCCO2,17,248.3,0,3,2.81,177645232,"1,2-benzoquinone"
CC1CCC2C1C1=C(OC2(C)C)c2ccccc2C(=O)C1=O,O=C1C(=O)c2ccccc2C2=C1C1CCCC1CO2,22,296.37,0,4,3.63,25139876,"1,2-benzoquinone"
CC1CCC2C(C1)C1=C(OC2(C)C)C2=C(C(=O)C1=O)C1CC(C)CCC1C(C)(C)O2,O=C1C(=O)C2=C(OCC3CCCCC23)C2=C1C1CCCCC1CO2,30,412.57,0,5,5.37,25149234,"1,2-benzoquinone"
COC1=C(Nc2ccccc2OC)C(=O)c2ccccc2C1=O,O=C1C=C(Nc2ccccc2)C(=O)c2ccccc21,23,309.32,4,3,3.04,1891209,"1,4-benzoquinone"
O=C1c2ccccc2C(=O)c2c(O)cc(OCCCN3CCOCC3)cc21,O=C1c2ccccc2C(=O)c2cc(OCCCN3CCOCC3)ccc21,27,367.4,5,4,2.27,53494916,anthraquinone
O=C1C(Cl)=C(Nc2ccc(Oc3ccccc3)cc2)C(=O)c2ccccc21,O=C1C=C(Nc2ccc(Oc3ccccc3)cc2)C(=O)c2ccccc21,27,375.81,4,4,5.42,3374103,"1,4-benzoquinone"
COCCOc1cc2ncnc(NC3=CC(=O)C(N(C)c4ccccc4)=CC3=O)c2cc1OC,O=C1C=C(Nc2ncnc3ccccc23)C(=O)C=C1Nc1ccccc1,34,460.49,9,4,3.13,11655538,"1,4-benzoquinone"
O=C1C(=O)c2ccccc2C(O)=C1CCCc1ccc(S(=O)(=O)c2ccccc2)cc1,O=C1C(=O)c2ccccc2C=C1CCCc1ccc(S(=O)(=O)c2ccccc2)cc1,31,432.5,6,4,4.58,270724,"1,2-naphthoquinone"
O=C(CCCN1CCC(O)(c2ccc(Cl)cc2)CC1)c1ccc(F)cc1,O=C(CCCN1CCC(c2ccccc2)CC1)c1ccccc1,26,375.87,6,3,4.43,117598369,"1,2-naphthoquinone"
CC1(C)CCCC2(C)OC3=C(CC12)C(=O)C(=O)c1ccccc13,O=C1C(=O)c2ccccc2C2=C1CC1CCCCC1O2,23,310.39,0,4,4.17,24991889,"1,2-naphthoquinone"
CC(=O)Nc1ccc2c(c1)C(=O)c1cc(NC(C)=O)ccc1C2=O,O=C1c2ccccc2C(=O)c2ccccc21,24,322.32,2,3,2.38,44568336,"1,4-benzoquinone"
O=c1cc2oc3ccccc3[nH]c-2c(F)c1=O,O=c1cc2[nH]c3ccccc3oc-2cc1=O,17,231.18,0,3,1.73,168341911,"1,2-benzoquinone"
CC1=CC(=O)C2C3=C(CCC2(O)C1)C(=O)c1c(O)cccc1C3=O,O=C1C2=C(C(=O)c3ccccc31)C1C(=O)C=CCC1CC2,24,324.33,0,4,2.13,130757,"1,4-benzoquinone"
CC1COC2=C1C(=O)C(=O)c1c2ccc2c1C=CCC2(C)C,O=C1C(=O)c2c(ccc3c2C=CCC3)C2=C1CCO2,22,294.35,0,4,3.52,133561394,"1,2-benzoquinone"
O=C1c2cccc(O)c2C(=O)c2c1ccc1c(=O)cc(-c3ccccc3)oc21,O=C1c2ccccc2C(=O)c2c1ccc1c(=O)cc(-c3ccccc3)oc21,28,368.34,1,5,3.94,44446911,anthraquinone
CCN(CC)CCOc1cc2oc3c(c2cc1Cl)C(=O)c1cccnc1C3=O,O=C1c2ncccc2C(=O)c2c1oc1ccccc21,28,398.85,6,4,3.98,44428917,"1,4-benzoquinone"
O=C1C(=O)c2nc(CNc3cccc(F)c3)oc2-c2ccccc21,O=C1C(=O)c2nc(CNc3ccccc3)oc2-c2ccccc21,24,322.29,3,4,3.47,127026995,"1,2-benzoquinone"
O=c1cc2c3cccc4cc5c6ccccc6ccc5c(c5cccc(c1=O)c25)c43,O=c1cc2c3cccc4cc5c6ccccc6ccc5c(c5cccc(c1=O)c25)c43,30,382.42,0,7,6.2,129649071,"1,2-naphthoquinone"
CC(C)C1=Cc2ccc3c(c2C(=O)C1=O)C(=O)CCC3(C)C,O=C1C=Cc2ccc3c(c2C1=O)C(=O)CCC3,22,296.37,1,3,3.75,9971798,"1,2-benzoquinone"
Nc1c(C2=CC(=O)C(=O)c3ccccc32)c(=O)[nH]c(=O)n1Cc1ccccc1,O=C1C=C(c2cn(Cc3ccccc3)c(=O)[nH]c2=O)c2ccccc2C1=O,28,373.37,3,4,1.36,132427219,"1,2-naphthoquinone"
O=C1C=C(C2=CC(=O)c3ccccc3C2=O)c2ccccc2C1=O,O=C1C=C(C2=CC(=O)c3ccccc3C2=O)c2ccccc2C1=O,24,314.3,1,4,2.84,18987539,"1,2-naphthoquinone"
O=C1c2ccccc2C(=O)c2cc(NC(=O)C3CC3)ccc21,O=C1c2ccccc2C(=O)c2cc(NC(=O)C3CC3)ccc21,22,291.31,2,4,2.81,12005091,"1,4-benzoquinone"
CC(C)(C)OC(=O)N1CCC(N2CCC3(CC2)CSC2=C(O3)c3ccccc3C(=O)C2=O)CC1,O=C1C(=O)c2ccccc2C2=C1SCC1(CCN(C3CCNCC3)CC1)O2,34,484.62,1,5,4.12,57661876,"1,2-naphthoquinone"
Cc1ccnc(NS(=O)(=O)c2ccc(NC3=CC(=O)C(=O)c4ccccc43)cc2)n1,O=C1C=C(Nc2ccc(S(=O)(=O)Nc3ncccn3)cc2)c2ccccc2C1=O,30,420.45,5,4,2.8,369837,"1,2-benzoquinone"
COc1cc(OC)c2c(c1)C(=O)c1cc3c(c(O)c1C2=O)C1CCCC(C)(O3)O1,O=C1c2ccccc2C(=O)c2cc3c(cc21)OC1CCCC3O1,29,396.4,2,5,3.54,14078639,"1,4-benzoquinone"
CC(O)n1c2c(n(C(F)(F)F)c(=O)c1=O)C(=O)C(=O)C=C2,O=C1C=Cc2[nH]c(=O)c(=O)[nH]c2C1=O,21,304.18,1,2,-0.22,53766472,"1,2-benzoquinone"
O=C1c2ccc(CN3CCCCC3)cc2C(=O)c2nccnc21,O=C1c2ccc(CN3CCCCC3)cc2C(=O)c2nccnc21,23,307.35,2,4,2.24,10425328,"1,4-benzoquinone"
COc1ccc2c(c1)OC1(O)COc3cc(OC)c(OC)cc3C1=C2,C1=C2c3ccccc3OCC2Oc2ccccc21,25,342.35,3,4,2.73,117594912,"1,2-naphthoquinone"
CC(=O)Oc1cccc2c1C(=O)C=CC2=O,O=C1C=CC(=O)c2ccccc21,16,216.19,1,2,1.55,600001,"1,4-benzoquinone"
O=C1C=C(Nc2cccc(C(=O)CC(=O)C(=O)Nc3cccc(C(F)(F)F)c3)c2)c2ccccc2C1=O,O=C1C=C(Nc2cccc(C(=O)CC(=O)C(=O)Nc3ccccc3)c2)c2ccccc2C1=O,37,506.44,7,4,4.7,51058969,"1,2-naphthoquinone"
CN1CCCN(c2cc(NCCN3CCCC3)c3c4c(onc24)-c2ccccc2C3=O)CC1,O=C1c2ccccc2-c2onc3c(N4CCCNCC4)cc(NCCN4CCCC4)c1c23,33,445.57,5,6,3.69,134133015,anthraquinone
O=C1C=CC(=O)c2c(O)c(N3CCOCC3)c(Cl)c(O)c21,O=C1C=CC(=O)c2cc(N3CCOCC3)ccc21,21,309.7,1,3,1.52,378629,"1,4-benzoquinone"
COc1c2c(c(O)c3c1C(=O)c1c(cc(O)c(C)c1O)C3=O)-c1c(cc3c(c1O)C(=O)OC3O)CC2,O=C1OCc2cc3c(cc21)-c1cc2c(cc1CC3)C(=O)c1ccccc1C2=O,36,490.42,1,6,2.53,460028,"1,4-naphthoquinone"
Nc1c(C=NN=Cc2ccc3c(c2N)C(=O)c2ccccc2C3=O)ccc2c1C(=O)c1ccccc1C2=O,O=C1c2ccccc2C(=O)c2cc(C=NN=Cc3ccc4c(c3)C(=O)c3ccccc3C4=O)ccc21,38,498.5,3,6,3.85,9576556,anthraquinone
O=C1C(Nc2ccc(OC(F)(F)F)cc2)=CC(=O)c2ncncc21,O=C1C(Nc2ccccc2)=CC(=O)c2ncncc21,24,335.24,3,3,2.75,10903785,"1,4-benzoquinone"
C=C(C)C1CC2=C(O1)C(=O)c1cccc(O)c1C2=O,O=C1C2=C(OCC2)C(=O)c2ccccc21,19,256.26,1,3,2.39,392175,"1,4-benzoquinone"
O=C1c2cccc(O)c2C(=O)c2c(O)cc(COC3OC(CO)C(O)C(O)C3O)cc21,O=C1c2ccccc2C(=O)c2cc(COC3CCCCO3)ccc21,31,432.38,4,4,-0.81,53462441,"1,4-benzoquinone"
O=C1c2ccccc2C(=O)c2c1cccc2S(=O)(=O)N1CCN(C(=O)C2CCCO2)CC1,O=C1c2ccccc2C(=O)c2c1cccc2S(=O)(=O)N1CCN(C(=O)C2CCCO2)CC1,32,454.5,3,5,1.47,3829441,anthraquinone
Cc1cccc2c3c(ccc12)-c1oc2c(c1C(=O)C3=O)CCN(CCCN1CCCC1)C2,O=C1C(=O)c2c(ccc3ccccc23)-c2oc3c(c21)CCN(CCCN1CCCC1)C3,32,428.53,4,6,4.63,172444239,"1,2-benzoquinone"
CC(=O)C(C(C)=O)C1=CC(=O)C(=O)c2ccccc21,O=C1C=Cc2ccccc2C1=O,19,256.26,3,2,1.63,5337711,"1,2-benzoquinone"
COc1cccc2c1C(=O)c1ccc3c(c1C2=O)C(=O)CC(C)C3O,O=C1c2ccccc2C(=O)c2c1ccc1c2C(=O)CCC1,25,336.34,1,4,2.73,11232973,"1,4-naphthoquinone"
O=C(Nc1ccc2ncccc2c1)c1ccc(CNC2=C(Cl)C(=O)c3ccccc3C2=O)cc1,O=C(Nc1ccc2ncccc2c1)c1ccc(CNC2=CC(=O)c3ccccc3C2=O)cc1,34,467.91,5,5,5.11,126485514,"1,4-naphthoquinone"
O=C1C(=O)c2nc(CNc3ccc(F)cc3)oc2-c2ccccc21,O=C1C(=O)c2nc(CNc3ccccc3)oc2-c2ccccc21,24,322.29,3,4,3.47,118218991,"1,2-benzoquinone"
Cc1c2c(cc3c1C(=O)C(=O)C(C(C)(C)O)=C3)C(C)(C)CCC2,O=C1C=Cc2cc3c(cc2C1=O)CCCC3,23,312.41,1,3,3.53,10064115,"1,2-benzoquinone"
CC(C)=CCC(OC(=O)C(C)C)C1=CC(=O)c2c(O)ccc(O)c2C1=O,O=C1C=CC(=O)c2ccccc21,26,358.39,5,2,3.33,479500,"1,4-benzoquinone"
COC1=C(O)c2c(OC)c3c(c(O)c2C(=O)C1=O)C(C)OC(C)C3,O=C1C=Cc2cc3c(cc2C1=O)COCC3,24,334.32,2,3,2.06,44584756,"1,2-benzoquinone"
COc1c(C(=O)OCC(C)CC2=C(O)c3ccccc3C(=O)C2=O)ccc2ccccc12,O=C1C(=O)c2ccccc2C=C1CCCOC(=O)c1ccc2ccccc2c1,32,430.46,6,4,4.77,11339412,"1,2-benzoquinone"
COC(=O)c1c(N2CCCCC2)c(=O)c(=O)c2oc3cc(N(C)C)ccc3[nH]c1=2,O=c1c(N2CCCCC2)cc2[nH]c3ccccc3oc=2c1=O,29,397.43,3,4,2.05,127025635,"1,2-benzoquinone"
O=C1c2cccc(O)c2C(=O)c2c(O)cc(C(=O)N3CCC(c4ccccc4)CC3)cc21,O=C1c2ccccc2C(=O)c2cc(C(=O)N3CCC(c4ccccc4)CC3)ccc21,32,427.46,2,5,3.89,171785312,anthraquinone
O=C1C(=O)c2ccccc2C(O)=C1CNC1CCCC1,O=C1C(=O)c2ccccc2C=C1CNC1CCCC1,20,271.32,3,3,2.25,20662776,"1,2-benzoquinone"
Cc1cc(C)cc(Sc2cc3c(c4nsnc24)C(=O)c2ccccc2C3=O)c1,O=C1c2ccccc2C(=O)c2c1cc(Sc1ccccc1)c1nsnc21,28,402.5,2,5,5.23,89872126,anthraquinone
Cc1cc(O)c2c(c1)C(=O)c1cc(O)c(-c3c(C)cc4c(c3O)C(=O)c3c(O)cccc3C4=O)c(O)c1C2=O,O=C1c2ccccc2C(=O)c2cc(-c3ccc4c(c3)C(=O)c3ccccc3C4=O)ccc21,39,522.47,1,6,4.05,44560897,anthraquinone
Cc1ccc(Nc2cc(NCC(C)C)c3noc4c3c2C(=O)c2ccccc2-4)cc1,O=C1c2ccccc2-c2onc3ccc(Nc4ccccc4)c1c23,30,397.48,5,5,6.16,5300186,anthraquinone
Cc1cc2c(cc1C)-c1oc(CN3CCN(C4CC4)CC3)c(C)c1C(=O)C2=O,O=C1C(=O)c2cc(CN3CCN(C4CC4)CC3)oc2-c2ccccc21,28,378.47,3,5,3.53,164627680,"1,2-benzoquinone"
Cc1ccc(-n2[nH]c3c4c(ccc3c2=O)C(=O)c2ccccc2C4=O)cc1,O=C1c2ccccc2C(=O)c2c1ccc1c(=O)n(-c3ccccc3)[nH]c21,27,354.37,1,5,3.4,5162639,"1,4-benzoquinone"
O=C1C(=O)c2cc(-c3ccc4c(c3)OCO4)ccc2-c2ccccc21,O=C1C(=O)c2cc(-c3ccc4c(c3)OCO4)ccc2-c2ccccc21,25,328.32,1,5,4.13,10782484,"1,2-benzoquinone"
O=C1C=Cc2[nH]cnc2C1=O,O=C1C=Cc2[nH]cnc2C1=O,11,148.12,0,2,0.19,18624211,"1,2-benzoquinone"
O=C1C(=O)C2=C(C(Br)=C1Oc1cc(F)cc(Cl)c1)C(O)C(F)(F)S2,O=C1C(=O)C2=C(C=C1Oc1ccccc1)CCS2,24,441.61,2,3,3.57,121269807,"1,2-benzoquinone"
CCn1c(-c2ccccc2)nc2c1C(=O)C=CC2=O,O=C1C=CC(=O)c2[nH]c(-c3ccccc3)nc21,19,252.27,2,3,2.51,46933600,"1,4-benzoquinone"
COc1cc(O)c2c(c1)C(=O)C1=C(CC(O)C(C)(O)C1)C2=O,O=C1C2=C(CCCC2)C(=O)c2ccccc21,22,304.3,1,3,0.98,161389,"1,4-benzoquinone"
O=C1C=C(Nc2cnc3ccccc3c2)c2ccccc2C1=O,O=C1C=C(Nc2cnc3ccccc3c2)c2ccccc2C1=O,23,300.32,2,4,3.45,125479372,"1,2-naphthoquinone"
COC1=C(C)C(=O)c2ccnc(C)c2C1=O,O=C1C=CC(=O)c2cnccc21,16,217.22,1,2,1.69,72191,"1,4-benzoquinone"
O=C1c2ccncc2C(=O)c2c(-c3ccncc3)noc21,O=C1c2ccncc2C(=O)c2c(-c3ccncc3)noc21,21,277.24,1,4,1.91,60165971,"1,4-benzoquinone"
O=C1C=c2cc3ccccc3cc2=CC1=O,O=C1C=c2cc3ccccc3cc2=CC1=O,16,208.22,0,3,0.55,21802659,"1,2-benzoquinone"
COc1cc2c(c(O)c1C(C)C)C(=O)C(=O)C1=C2C=CCC1(C)C,O=C1C(=O)c2ccccc2C2=C1CCC=C2,24,326.39,2,3,4.03,5318272,"1,2-benzoquinone"
CC1=C(Cc2ccncc2)C(=O)c2ccccc2C1=O,O=C1C=C(Cc2ccncc2)C(=O)c2ccccc21,20,263.3,2,3,3.02,60194811,"1,4-benzoquinone"
CCOC(=O)N1CCN(C2=C(NS(=O)(=O)c3ccc(C)cc3)C(=O)c3ccccc3C2=O)CC1,O=C1C(NS(=O)(=O)c2ccccc2)=C(N2CCNCC2)C(=O)c2ccccc21,34,483.55,5,4,2.34,3770506,"1,4-naphthoquinone"
C=C1CCCc2c1ccc1c2C(=O)C(=O)C2=C1OCC2C,C=C1CCCc2c1ccc1c2C(=O)C(=O)C2=C1OCC2,21,280.32,0,4,3.18,14609848,"1,2-naphthoquinone"
CNC1=CC(=O)C(NC)=CC1=O,O=C1C=CC(=O)C=C1,12,166.18,2,1,-0.66,3706976,"1,4-benzoquinone"
Cc1cccc(-n2[nH]c3c4c(ccc3c2=O)C(=O)c2ccccc2C4=O)c1,O=C1c2ccccc2C(=O)c2c1ccc1c(=O)n(-c3ccccc3)[nH]c21,27,354.37,1,5,3.4,3126078,"1,4-benzoquinone"
O=C1C(C2=C(N3CC3)C(=O)c3ccccc3C2=O)=C(N2CC2)C(=O)c2ccccc21,O=C1C(C2=C(N3CC3)C(=O)c3ccccc3C2=O)=C(N2CC2)C(=O)c2ccccc21,30,396.4,3,6,2.28,134130567,"1,4-benzoquinone"
Cc1csc(-c2cccc(Cn3c(=O)c4c(=O)c5[nH]cc[nH]c5c(=O)c4c3=O)c2)c1,O=c1c2[nH]cc[nH]c2c(=O)c2c(=O)n(Cc3cccc(-c4cccs4)c3)c(=O)c12,30,417.45,3,5,2.41,44387696,"1,4-benzoquinone"
COc1ccc(N2CCN(c3cc(NCCC(=O)O)c4c5c(onc35)-c3ccccc3C4=O)CC2)cc1,O=C1c2ccccc2-c2onc3c(N4CCN(c5ccccc5)CC4)ccc1c23,37,498.54,7,6,4.26,46504416,anthraquinone
CCCCCCCCCCCC(NC)C1=C(O)c2ccccc2C(=O)C1=O,O=C1C=Cc2ccccc2C1=O,27,371.52,12,2,5.23,14672774,"1,2-naphthoquinone"
O=C1C=Cc2c(ccc3c4c5c(cccc5cc23)CC4)C1=O,O=C1C=Cc2c(ccc3c4c5c(cccc5cc23)CC4)C1=O,22,284.31,0,5,3.87,183231,"1,2-naphthoquinone"
CCN(CCNC1=CC(=O)C(NCCN(CC)Cc2ccccc2OC)=CC1=O)Cc1ccccc1OC,O=C1C=C(NCCNCc2ccccc2)C(=O)C=C1NCCNCc1ccccc1,38,520.67,16,3,3.15,10481794,"1,4-benzoquinone"
O=c1c2sc3ccccc3[nH]c=2c2ccccc2c1=O,O=c1c2sc3ccccc3[nH]c=2c2ccccc2c1=O,20,279.32,0,4,2.83,624332,"1,2-benzoquinone"
Cc1[nH]c2ccccc2c1C1=C(O)c2cccnc2C(=O)C1=O,O=C1C(=O)c2ncccc2C=C1c1c[nH]c2ccccc12,23,304.3,1,4,3.06,145968338,"1,2-benzoquinone"
CCCSc1cc2c(c3nsnc13)C(=O)c1ccccc1C2=O,O=C1c2ccccc2C(=O)c2c1ccc1nsnc21,23,340.43,3,4,3.97,72190554,"1,4-naphthoquinone"
O=C1C(=O)c2ccccc2C(O)=C1C=C(c1ccccc1)c1cccs1,O=C1C(=O)c2ccccc2C=C1C=C(c1ccccc1)c1cccs1,26,358.42,3,4,4.91,168340299,"1,2-naphthoquinone"
O=C1C(=O)c2ccccc2C([O-])=C1[n+]1ccccc1,O=C1C(=O)c2ccccc2C=C1[n+]1ccccc1,19,251.24,1,3,0.43,3113863,"1,2-benzoquinone"
CC(O)c1cc2c(s1)C(=O)c1sccc1C2=O,O=C1c2ccsc2C(=O)c2sccc21,17,264.33,1,3,2.64,391375,"1,4-benzoquinone"
CCOc1cc2ncnc(NC3=CC(=O)C(OCc4cccc(C)c4)=CC3=O)c2cc1NC(=O)C=CCN(C)C,O=C1C=C(OCc2ccccc2)C(=O)C=C1Nc1ncnc2ccccc12,40,541.61,11,4,3.94,44428899,"1,4-benzoquinone"
O=C(O)c1cccc(NC2=C(N3CCOCC3)C(=O)c3ccccc3C2=O)c1,O=C1C(Nc2ccccc2)=C(N2CCOCC2)C(=O)c2ccccc21,28,378.38,4,4,2.42,1385360,"1,4-benzoquinone"
CC(C)=CCCC(C)C1=C(N)C(O)=C(C)C(=O)C1=O,O=C1C=CC=CC1=O,19,263.34,4,1,2.57,496661,"1,2-benzoquinone"
Nc1c(S(=O)(=O)O)cc2c(c1O)C(=O)C(=O)C(S(=O)(=O)O)=C2,O=C1C=Cc2ccccc2C1=O,22,349.3,2,2,-0.78,102176368,"1,2-naphthoquinone"
Nc1cccc2c1C(=O)c1cc(Cl)c(Cl)cc1C2=O,O=C1c2ccccc2C(=O)c2ccccc21,19,292.12,0,3,3.35,79314,"1,4-benzoquinone"
O=C1c2cccnc2C(=O)c2c1c(C(=O)NCCN1CCCC1)c1ccccn21,O=C1c2cccnc2C(=O)c2c1c(C(=O)NCCN1CCCC1)c1ccccn21,29,388.43,4,5,1.94,122188462,"1,4-benzoquinone"
COC1=CC(=O)c2ccc3cc(OC)c(OC)c(OC)c3c2C1=O,O=C1C=CC(=O)c2c1ccc1ccccc21,24,328.32,4,3,2.77,21593745,"1,4-naphthoquinone"
CC1=C(CC(C)O)c2[nH]c3ccccc3c2C(=O)C1=O,O=C1C=Cc2[nH]c3ccccc3c2C1=O,20,269.3,2,3,2.48,17752144,"1,2-benzoquinone"
CN(C1=CC(=O)C(=O)c2ccccc21)C1CCc2ccccc21,O=C1C=C(NC2CCc3ccccc32)c2ccccc2C1=O,23,303.36,2,4,3.41,14722225,"1,2-naphthoquinone"
CCCCCCCCCC1=C(O)c2ccccc2C(=O)C1=O,O=C1C=Cc2ccccc2C1=O,22,300.4,8,2,4.86,22157752,"1,2-benzoquinone"
O=C1c2ccccc2C(=O)c2[nH]c(-c3ccnc4ccccc34)nc21,O=C1c2ccccc2C(=O)c2[nH]c(-c3ccnc4ccccc34)nc21,25,325.33,1,5,3.4,145981708,"1,4-naphthoquinone"
COc1c(CO)c(O)cc2c1C(=O)c1cccc(O)c1C2=O,O=C1c2ccccc2C(=O)c2ccccc21,22,300.27,2,3,1.37,12304766,"1,4-naphthoquinone"
O=C(OCCCCN1CCN(CCO)CC1)c1cc(O)c2c(c1)C(=O)c1cccc(O)c1C2=O,O=C(OCCCCN1CCNCC1)c1ccc2c(c1)C(=O)c1ccccc1C2=O,34,468.51,8,4,1.42,137643663,anthraquinone
CC1(C)CCC2=C(O1)C(=O)c1ccccc1C2=O,O=C1C2=C(OCCC2)C(=O)c2ccccc21,18,242.27,0,3,2.91,72732,"1,4-benzoquinone"
CC1=CC2C3=C(OC(C)(C)C2CC1)C(=O)c1c(cc(O)c(C)c1O)C3=O,O=C1C2=C(C(=O)c3ccccc31)C1C=CCCC1CO2,26,354.4,0,4,3.82,124960,"1,4-benzoquinone"
CC(=O)OC1CCn2c1nc1c2C(=O)C(C)=C(N2CC2)C1=O,O=C1C(N2CC2)=CC(=O)c2c1nc1n2CCC1,22,301.3,2,4,0.86,129997,"1,4-benzoquinone"
O=C1C=C(Nc2ccc(S(=O)(=O)Nc3nccs3)cc2)c2ccccc2C1=O,O=C1C=C(Nc2ccc(S(=O)(=O)Nc3nccs3)cc2)c2ccccc2C1=O,28,411.46,5,4,3.16,372904,"1,2-benzoquinone"
CC1OC2OC(=O)OC2C2=C1C(=O)c1c(O)cccc1C2=O,O=C1OC2OCC3=C(C(=O)c4ccccc4C3=O)C2O1,22,302.24,0,4,1.35,25450,"1,4-benzoquinone"
Nc1ccc(N)c2c1C(=O)c1cccc([N+](=O)[O-])c1C2=O,O=C1c2ccccc2C(=O)c2ccccc21,21,283.24,1,3,1.53,4421615,"1,4-benzoquinone"
O=C1C(=O)c2ccccc2C(O)=C1Cc1ccc(Oc2ccccc2)cc1,O=C1C(=O)c2ccccc2C=C1Cc1ccc(Oc2ccccc2)cc1,27,356.38,4,4,4.76,268008,"1,2-benzoquinone"
CC(C)C1=Cc2c(cc3c(cc2=O)C(C)(C)C(O)C=C3)C(=O)C1=O,O=C1C=Cc2c(cc3c(cc2=O)CCC=C3)C1=O,24,324.38,1,3,2.52,11267298,"1,2-benzoquinone"
COC1=C(OC)C(=O)C(CCCCCCN(C)C(=O)c2ccc(Oc3ccc(C(C)(C)C)cc3)cc2)=C(C)C1=O,O=C1C=CC(=O)C(CCCCCCNC(=O)c2ccc(Oc3ccccc3)cc2)=C1,40,547.69,12,3,6.77,76334248,"1,4-benzoquinone"
CCC1(O)CC(O)c2cc3c(c(O)c2C1O)C(=O)c1cccc(O)c1C3=O,O=C1c2ccccc2C(=O)c2cc3c(cc21)CCCC3,27,370.36,1,4,1.48,167695,anthraquinone
COC1OC(COC2C3=C(OC2(C)C)c2ccccc2C(=O)C3=O)C2OC(C)(C)OC12,O=C1C(=O)c2ccccc2C2=C1C(OCC1OCC3OCOC13)CO2,31,430.45,4,5,2.25,71525254,"1,2-benzoquinone"
Cc1ccc(N2CCOCC2)c2c1C(=O)c1ccccc1C2=O,O=C1c2ccccc2C(=O)c2c1cccc2N1CCOCC1,23,307.35,1,4,2.61,3544983,"1,4-naphthoquinone"
O=C1c2ccc3ccccc3c2C(=O)c2ccc3ccccc3c21,O=C1c2ccc3ccccc3c2C(=O)c2ccc3ccccc3c21,24,308.34,0,5,4.77,95725,"1,4-naphthoquinone"
CC1=C(C)C(=O)C(C(CCCCCC(=O)O)c2cccs2)=C(C)C1=O,O=C1C=CC(=O)C(Cc2cccs2)=C1,25,360.47,8,2,4.67,15616470,"1,4-benzoquinone"
CC(=O)C(C1=C(O)c2c(O)cc(O)cc2C(=O)C1=O)c1c[nH]c2ccccc12,O=C1C(=O)c2ccccc2C=C1Cc1c[nH]c2ccccc12,28,377.35,3,4,2.99,122205941,"1,2-naphthoquinone"
Cc1ccc(NC(=O)N2CCC3(CC2)CSC2=C(O3)c3ccccc3C(=O)C2=O)cn1,O=C1C(=O)c2ccccc2C2=C1SCC1(CCN(C(=O)Nc3cccnc3)CC1)O2,31,435.51,1,5,3.65,57661872,"1,2-naphthoquinone"
CC12CCCCC1=C(O)C(=O)c1cc3c(cc12)C(=O)C1=C(C3=O)S(=O)(=O)CCN1,O=C1C2=C(C(=O)c3cc4c(cc31)C1CCCCC1=CC4=O)S(=O)(=O)CCN2,29,413.45,0,5,2.14,101894468,"1,4-benzoquinone"
O=C(CCN1CCCCC1)Nc1ccc2c(c1)C(=O)c1ccc(NC(=O)CCN3CCCCC3)cc1C2=O,O=C(CCN1CCCCC1)Nc1ccc2c(c1)C(=O)c1ccc(NC(=O)CCN3CCCCC3)cc1C2=O,38,516.64,8,5,4.09,5389,"1,4-benzoquinone"
O=C1C=Cc2ccc3c([nH]c4ccccc43)c2C1=O,O=C1C=Cc2ccc3c([nH]c4ccccc43)c2C1=O,19,247.25,0,4,3.1,129703719,"1,2-benzoquinone"
O=C(O)COc1ccc(CC2=C(n3ccc4ccccc43)c3ccccc3C(=O)C2=O)cc1,O=C1C(=O)c2ccccc2C(n2ccc3ccccc32)=C1Cc1ccccc1,33,437.45,6,5,4.37,44301367,"1,2-benzoquinone"
O=C1C=C(C2C(=O)C(=O)c3ccccc3C2=O)c2ccccc2C1=O,O=C1C=C(C2C(=O)C(=O)c3ccccc3C2=O)c2ccccc2C1=O,25,330.3,1,4,2.1,57025821,"1,2-naphthoquinone"
CC1=C(C#N)C(c2ccc(F)cc2)C2=C(N1)c1ccccc1C(=O)C2=O,O=C1C(=O)c2ccccc2C2=C1C(c1ccccc1)C=CN2,26,344.35,1,4,3.49,129833856,"1,2-benzoquinone"
O=C1c2ccccc2C(=O)c2c1oc(-c1ccccc1)c2C(=O)NCCCn1ccnc1,O=C1c2ccccc2C(=O)c2c1oc(-c1ccccc1)c2C(=O)NCCCn1ccnc1,32,425.44,6,5,3.74,145362856,"1,4-benzoquinone"
O=C1c2ccccc2C(=O)c2c(NCc3cccnc3)cccc21,O=C1c2ccccc2C(=O)c2c(NCc3cccnc3)cccc21,24,314.34,3,4,3.47,506610,"1,4-benzoquinone"
O=C1C=C(NC(Cc2cnc[nH]2)C(=O)O)c2ccccc2C1=O,O=C1C=C(NCCc2cnc[nH]2)c2ccccc2C1=O,23,311.3,5,3,0.8,318747,"1,2-naphthoquinone"
Cc1ccccc1CSc1nc2c3c(ccc2[nH]1)C(=O)c1ccccc1C3=O,O=C1c2ccccc2C(=O)c2c1ccc1[nH]c(SCc3ccccc3)nc21,28,384.46,3,5,4.94,53357961,anthraquinone
O=C1C(=O)c2cc(-c3cccs3)ccc2-c2ccc(-c3cccs3)cc21,O=C1C(=O)c2cc(-c3cccs3)ccc2-c2ccc(-c3cccs3)cc21,26,372.47,2,5,6.19,91088159,"1,2-benzoquinone"
O=C1C(=O)c2ccccc2C(O)=C1C=Cc1ccccc1,O=C1C(=O)c2ccccc2C=C1C=Cc1ccccc1,21,276.29,2,3,3.43,6142478,"1,2-benzoquinone"
N#Cc1ccc(C2=CC(=O)c3ccccc3C2=O)cc1,O=C1C=C(c2ccccc2)C(=O)c2ccccc21,20,259.26,1,3,3.02,162661159,"1,4-naphthoquinone"
CCCCCCCCCCCCCC1=C(OC)C(=O)C=C(OC)C1=O,O=C1C=CC(=O)C=C1,25,350.5,14,1,5.27,145696,"1,4-benzoquinone"
Cc1cc2c3c(c1)c(=O)c(=O)c1c([N+](=O)[O-])c(C)cc(c1-3)c(=O)c2=O,O=c1c(=O)c2cccc3c2-c2c1cccc2c(=O)c3=O,25,335.27,1,4,1.38,129852909,"1,2-naphthoquinone"
COc1ccc2c(c1)C(=O)C(=O)C=C2,O=C1C=Cc2ccccc2C1=O,14,188.18,1,2,1.47,13777059,"1,2-benzoquinone"
O=C1C(=O)c2ccccc2C(O)=C1CC=Cc1ccccc1,O=C1C(=O)c2ccccc2C=C1CC=Cc1ccccc1,22,290.32,3,3,3.82,125480229,"1,2-naphthoquinone"
COCCOc1cc2ncnc(NC3=CC(=O)C(Oc4ccc(-n5ccnc5)cc4)=CC3=O)c2cc1OC,O=C1C=C(Oc2ccc(-n3ccnc3)cc2)C(=O)C=C1Nc1ncnc2ccccc12,38,513.51,10,5,3.26,11627663,"1,4-benzoquinone"
O=C1CN(CCN2CCCCC2)C(=O)C2(CSC3=C2C(=O)c2ccccc2C3=O)N1,O=C1CN(CCN2CCCCC2)C(=O)C2(CSC3=C2C(=O)c2ccccc2C3=O)N1,30,425.51,3,5,1.25,24865918,"1,4-benzoquinone"
CNc1cc(Nc2ccccc2)c2c3c(onc13)-c1ccccc1C2=O,O=C1c2ccccc2-c2onc3ccc(Nc4ccccc4)c1c23,26,341.37,3,5,4.82,745325,"1,4-naphthoquinone"
O=C1CC2OC(COCc3ccccc3)C3=C(C(=O)c4ccccc4C3=O)C2O1,O=C1CC2OC(COCc3ccccc3)C3=C(C(=O)c4ccccc4C3=O)C2O1,29,390.39,4,5,2.66,42625066,"1,4-benzoquinone"
Cc1cccc2c3c(ccc12)-c1oc2c(c1C(=O)C3=O)CCN(CCn1ccnc1)C2,O=C1C(=O)c2c(ccc3ccccc23)-c2oc3c(c21)CCN(CCn1ccnc1)C3,31,411.46,3,6,4.04,172439769,"1,2-benzoquinone"
Nc1c2c(=O)[nH]c(=O)c2c(N)c2c(=O)c3ccccc3c(=O)c12,O=c1[nH]c(=O)c2cc3c(=O)c4ccccc4c(=O)c3cc12,23,307.26,0,4,-0.04,67192,"1,4-naphthoquinone"
O=C1C(=O)c2ccccc2C2=C1C(c1ccccc1)CCS2,O=C1C(=O)c2ccccc2C2=C1C(c1ccccc1)CCS2,22,306.39,1,4,4.08,25054519,"1,2-naphthoquinone"
O=C1C(=O)c2ccccc2C(O)=C1CCCCCC1CCCCC1,O=C1C(=O)c2ccccc2C=C1CCCCCC1CCCCC1,24,326.44,6,3,5.25,249313,"1,2-benzoquinone"
O=C1C(=O)c2nn(-c3ccccc3)nc2-c2ccccc21,O=C1C(=O)c2nn(-c3ccccc3)nc2-c2ccccc21,21,275.27,1,4,2.31,3095112,"1,2-benzoquinone"
Nc1cc(Sc2ccccc2)c(N)c2c1C(=O)c1c(O)ccc(O)c1C2=O,O=C1c2ccccc2C(=O)c2cc(Sc3ccccc3)ccc21,27,378.41,2,4,3.19,87271,anthraquinone
CC1SC2=C(C(=O)C(=O)c3ccccc32)C1(C)C,O=C1C(=O)c2ccccc2C2=C1CCS2,18,258.34,0,3,3.32,9992666,"1,2-naphthoquinone"
Cc1ccc(SC2=C(c3ccccc3)C(=O)C(=O)c3ccccc32)cc1,O=C1C(=O)c2ccccc2C(Sc2ccccc2)=C1c1ccccc1,26,356.45,3,4,5.42,13723596,"1,2-benzoquinone"
O=C1C(=O)c2ccccc2C(O)=C1C(c1ccc(Cl)cc1)c1c[nH]c2ccccc12,O=C1C(=O)c2ccccc2C=C1C(c1ccccc1)c1c[nH]c2ccccc12,30,413.86,3,5,5.69,134134988,"1,2-benzoquinone"
COC(=O)C1=C2OC=C(C)c3ccc(C)c(c32)C(=O)C1=O,O=C1C=C2OC=Cc3cccc(c32)C1=O,21,284.27,1,3,2.04,44405994,"1,2-benzoquinone"
CC1CC(C)CN(c2cc(Nc3ccccc3C(=O)O)c3c4c(onc24)-c2ccccc2C3=O)C1,O=C1c2ccccc2-c2onc3c(N4CCCCC4)cc(Nc4ccccc4)c1c23,35,467.53,4,6,5.96,3676137,"1,4-benzoquinone"
COc1ccc2c(c1)c(CCNC(C)=O)cn2C1=C(C)C(=O)C(=O)C(C(C)CCC=C(C)C)=C1O,O=C1C=CC(n2ccc3ccccc32)=CC1=O,35,478.59,9,3,4.91,66554349,"1,2-benzoquinone"
CCN1CCc2c(oc3c2C(=O)C(=O)c2c-3ccc3c(C)cccc23)C1,O=C1C(=O)c2c(ccc3ccccc23)-c2oc3c(c21)CCNC3,26,345.4,1,5,4.17,172467939,"1,2-benzoquinone"
O=C(Nc1ccc2c(c1)C(=O)c1ccccc1C2=O)c1ccccc1,O=C(Nc1ccc2c(c1)C(=O)c1ccccc1C2=O)c1ccccc1,25,327.34,2,4,3.71,570342,"1,4-benzoquinone"
O=C1c2ccccc2C(=O)c2c1cc(S(=O)(=O)c1ccccc1)c1nsnc21,O=C1c2ccccc2C(=O)c2c1cc(S(=O)(=O)c1ccccc1)c1nsnc21,28,406.44,2,5,3.3,15995056,"1,4-naphthoquinone"
COc1cc(C2CC(=O)NC3=C2C(=O)C(=O)c2ccccc23)ccc1O,O=C1CC(c2ccccc2)C2=C(N1)c1ccccc1C(=O)C2=O,26,349.34,2,4,2.18,162644038,"1,2-benzoquinone"
O=C1C=C(c2ccc(Cl)nc2)C(=O)c2ccccc21,O=C1C=C(c2cccnc2)C(=O)c2ccccc21,19,269.69,1,3,3.2,162643643,"1,4-benzoquinone"
O=C1C=CC2=C(Cc3ccccc32)C1=O,O=C1C=CC2=C(Cc3ccccc32)C1=O,15,196.2,0,3,1.7,91665243,"1,2-benzoquinone"
CNc1ccc(Nc2ccccc2)c2c1C(=O)c1ccccc1C2=O,O=C1c2ccccc2C(=O)c2c(Nc3ccccc3)cccc21,25,328.37,3,4,4.25,76647,"1,4-naphthoquinone"
CC1(C)C=CC2=C(O1)C(=O)c1ccc(O)cc1C2=O,O=C1C2=C(OCC=C2)C(=O)c2ccccc21,19,256.26,0,3,2.39,24822272,"1,4-benzoquinone"
O=c1c(Br)c(Br)c2c3cccc4ccc5cc6ccccc6c(c2c1=O)c5c43,O=c1ccc2c3cccc4ccc5cc6ccccc6c(c2c1=O)c5c43,28,490.15,0,6,6.57,88693952,"1,2-benzoquinone"
O=C1C(Nc2ccccc2)=C(n2nnc3ccccc32)C(=O)c2ccccc21,O=C1C(Nc2ccccc2)=C(n2nnc3ccccc32)C(=O)c2ccccc21,28,366.38,3,5,3.79,1045967,"1,4-benzoquinone"
CNCCCCNCCCNC(=O)c1c(C)oc2c1C(=O)c1ccccc1C2=O,O=C1c2ccccc2C(=O)c2occc21,29,397.48,10,3,2.07,168297204,"1,4-naphthoquinone"
CC(=O)OC1CCCn2c1nc1c2C(=O)C(C)=C(N2CC2)C1=O,O=C1C(N2CC2)=CC(=O)c2c1nc1n2CCCC1,23,315.33,2,4,1.25,374012,"1,4-benzoquinone"
O=C1C=C(C(O)=C2C=CC=C(F)N2O)C=C([N+](=O)[O-])C1=O,O=C1C=CC(C=C2C=CC=CN2)=CC1=O,21,294.19,2,2,1.07,67036948,"1,2-benzoquinone"
O=C1C(=O)c2ccccc2C(O)=C1C1CCCCCCCCCCC1,O=C1C(=O)c2ccccc2C=C1C1CCCCCCCCCCC1,25,340.46,1,3,5.64,44332524,"1,2-benzoquinone"
CC(=O)OC1(C(C)=O)CCC2C3C=C(C)C4=CC(=O)CCC4(C)C3CCC21C,O=C1C=C2C=CC3C4CCCC4CCC3C2CC1,28,384.52,2,4,4.58,117592883,"1,2-naphthoquinone"
FC(F)(F)c1ccccc1-c1nc2c3cccnc3c3ncccc3c2[nH]1,c1ccc(-c2nc3c4cccnc4c4ncccc4c3[nH]2)cc1,27,364.33,1,5,5.35,157700320,"1,2-benzoquinone"
Cc1cc(O)c2c(c1)C(=O)c1ccc(C3(O)c4cccc(O)c4C(=O)c4c(O)cc(C)cc43)c(O)c1C2=O,O=C1c2ccccc2C(=O)c2cc(C3c4ccccc4C(=O)c4ccccc43)ccc21,38,508.48,1,6,3.73,14584824,"1,4-benzoquinone"
O=C(O)c1ccc2c(c1Cl)C(=O)c1ccccc1C2=O,O=C1c2ccccc2C(=O)c2ccccc21,20,286.67,1,3,2.81,222227,anthraquinone
O=C1C=C(N2CCOCC2)C(N2CCOCC2)=CC1=O,O=C1C=C(N2CCOCC2)C(N2CCOCC2)=CC1=O,20,278.31,2,3,-0.43,253742,"1,2-benzoquinone"
O=C1c2ccccc2C(=O)c2c1ccc1[nH]c(-c3ccc4c(c3)OCO4)nc21,O=C1c2ccccc2C(=O)c2c1ccc1[nH]c(-c3ccc4c(c3)OCO4)nc21,28,368.35,1,6,3.73,44251289,"1,4-benzoquinone"
CC1=CCCC23OC2C(OC3=O)C2=C(C1)C(=O)C(=O)C=C2O,O=C1C=CC2=C(CC=CCCC34OC3C2OC4=O)C1=O,22,302.28,0,4,1.07,10756746,"1,2-benzoquinone"
CC1=CC(=O)CC2(O)C3=C(C=CC12O)C(=O)c1c(O)cccc1C3=O,O=C1C=CC2C=CC3=C(C(=O)c4ccccc4C3=O)C2C1,25,338.31,0,4,1.02,41818,"1,4-benzoquinone"
O=C1C(Cl)=C(Cl)C(=O)c2ncccc21,O=C1C=CC(=O)c2ncccc21,14,228.03,0,2,2.15,96582,"1,4-benzoquinone"
COC1C(OC2CC(C)(O)Cc3cc4c(c(O)c32)C(=O)c2c(O)cccc2C4=O)OC(C)C(O)C1O,O=C1c2ccccc2C(=O)c2cc3c(cc21)CCCC3OC1CCCCO1,36,500.5,3,5,1.11,122177932,"1,4-naphthoquinone"
O=C1c2ccccc2C(=O)c2c1ccc(C(=O)O)c2-c1cccc2ccccc12,O=C1c2ccccc2C(=O)c2c1cccc2-c1cccc2ccccc12,29,378.38,2,5,4.98,70701948,anthraquinone
O=C1C=C(Nc2ccc(C(=O)CC(=O)C(=O)Nc3cccc(C(F)(F)F)c3)cc2)c2ccccc2C1=O,O=C1C=C(Nc2ccc(C(=O)CC(=O)C(=O)Nc3ccccc3)cc2)c2ccccc2C1=O,37,506.44,7,4,4.7,3265874,"1,2-naphthoquinone"
COc1ccc(-c2coc3c(OC)c(O)ccc3c2=O)cc1,O=c1c(-c2ccccc2)coc2ccccc12,22,298.29,3,3,3.18,117592773,"1,2-naphthoquinone"
Nc1ncc(-c2nc3c([nH]2)C(=O)c2ccccc2C3=O)cn1,O=C1c2ccccc2C(=O)c2[nH]c(-c3cncnc3)nc21,22,291.27,1,4,1.22,145988791,"1,4-naphthoquinone"
CC(=CC1=C(Cl)C(=O)c2ccccc2C1=O)C(=O)NCCO,O=C1C=CC(=O)c2ccccc21,22,319.74,4,2,1.61,25210558,"1,4-benzoquinone"
CC(=O)OC1c2c(c(=[N+]=[N-])c3c(=O)c4c(O)cccc4c(=O)c2=3)C(OC(C)=O)C(C)(O)C1OC(C)=O,[N+]=c1c2c(c3c(=O)c4ccccc4c(=O)c1=3)CCCC2,36,496.43,3,4,-0.1,135430800,"1,4-benzoquinone"
Cc1cc2c(o1)-c1c(c3ccccc3c(=O)n1CCCN1CCN(C)CC1)C(=O)C2=O,O=C1C(=O)c2c(n(CCCN3CCNCC3)c(=O)c3ccccc23)-c2occc21,31,419.48,4,5,2.59,137651906,"1,2-benzoquinone"
NC(=O)OCc1c2c(n3c1C1CC1C3)C(=O)C=C(N1CC1)C2=O,O=C1C(N2CC2)=CC(=O)c2c1cc1n2CC2CC12,23,313.31,3,5,0.78,9883265,"1,4-benzoquinone"
CC1(C)CC2=C(O1)C(=O)c1ccccc1C2=O,O=C1C2=C(OCC2)C(=O)c2ccccc21,17,228.25,0,3,2.52,14841859,"1,4-benzoquinone"
CCCCCCCCCCCCC1=C(O)C(=O)C=C(O)C1=O,O=C1C=CC(=O)C=C1,22,308.42,11,1,4.7,80074,"1,4-benzoquinone"
O=c1ccc2oc3ccccc3[nH]c=2c1=O,O=c1ccc2oc3ccccc3[nH]c=2c1=O,16,213.19,0,3,1.21,18694957,"1,2-benzoquinone"
O=C1C(=O)c2ccccc2C2=C1CCC1(CCCCCC1)O2,O=C1C(=O)c2ccccc2C2=C1CCC1(CCCCCC1)O2,22,296.37,0,4,4.07,44386689,"1,2-benzoquinone"
Cc1cccn2c3c(nc12)-c1ncccc1C(=O)C3=O,O=C1C(=O)c2c(nc3ccccn23)-c2ncccc21,20,263.26,0,4,2.08,16126452,"1,2-benzoquinone"
COc1ccc(C2=C(NC(=O)c3cccc(Cl)c3)C(=O)c3ccccc3C2=O)cc1,O=C(NC1=C(c2ccccc2)C(=O)c2ccccc2C1=O)c1ccccc1,30,417.85,4,4,4.57,44564512,"1,4-naphthoquinone"
CC1=C(Cc2ccc(NC(=O)OC(C)(C)C)cc2)C(=O)c2ccccc2C1=O,O=C1C=C(Cc2ccccc2)C(=O)c2ccccc21,28,377.44,3,3,4.97,44235045,"1,4-benzoquinone"
CCCCCCCCC(COC(=C(F)F)C(F)(F)F)C1CCCCC1,C1CCCCC1,25,370.45,11,1,7.62,160608468,"1,2-naphthoquinone"
O=C1c2ccccc2C(=O)c2c1ccc1[nH]c(SCC(=O)N3CCOCC3)nc21,O=C1c2ccccc2C(=O)c2c1ccc1[nH]c(SCC(=O)N3CCOCC3)nc21,29,407.45,3,5,2.29,53358079,anthraquinone
O=C1c2ccccc2-c2onc3c(Br)cc(N4CCCCC4)c1c23,O=C1c2ccccc2-c2onc3ccc(N4CCCCC4)c1c23,24,383.25,1,5,4.79,6622833,anthraquinone
COC12C(COC(N)=O)C3=C(C(=O)C(CSc4nnnn4-c4ccccc4)=C(N)C3=O)N1CC1NC12,O=C1C=C(CSc2nnnn2-c2ccccc2)C(=O)C2=C1CC1C3NC3CN21,36,510.54,7,6,-0.9,11756065,"1,4-benzoquinone"
Cc1ccc(C)c2c1C(=O)C(=O)C=C2O,O=C1C=Cc2ccccc2C1=O,15,202.21,0,2,1.97,45092930,"1,2-benzoquinone"
O=C1C=CC2=C(C1=O)C(F)(F)N(F)C2F,O=C1C=CC2=C(CNC2)C1=O,15,221.11,0,2,1.08,137443523,"1,2-benzoquinone"
COc1ccc(C(=O)c2c(C(F)(F)F)oc3c2C(=O)c2ccccc2C3=O)cc1OC,O=C(c1ccccc1)c1coc2c1C(=O)c1ccccc1C2=O,31,430.33,4,4,4.32,1046630,"1,4-benzoquinone"
O=C1C(Cl)=C(NCCN2CCOCC2)C(=O)c2cnccc21,O=C1C=C(NCCN2CCOCC2)C(=O)c2cnccc21,22,321.76,4,3,0.83,11782228,"1,4-benzoquinone"
CC(=O)c1cccc(NC2=C(Cl)C(=O)c3ccccc3C2=O)c1,O=C1C=C(Nc2ccccc2)C(=O)c2ccccc21,23,325.75,3,3,3.83,4379275,"1,4-benzoquinone"
Cc1c(CNc2ccc(F)cc2)oc2c1C(=O)C(=O)c1ccccc1-2,O=C1C(=O)c2cc(CNc3ccccc3)oc2-c2ccccc21,25,335.33,3,4,4.39,90682687,"1,2-benzoquinone"
CC(C)=CCC(OC(=O)C=Cc1ccc(F)c(F)c1)C1=CC(=O)c2c(O)ccc(O)c2C1=O,O=C(C=Cc1ccccc1)OCC1=CC(=O)c2ccccc2C1=O,33,454.43,6,3,4.66,71519950,"1,4-benzoquinone"
CCCc1nc2c(o1)-c1ccccc1C(=O)C2=O,O=C1C(=O)c2ncoc2-c2ccccc21,18,241.25,2,3,2.67,2323724,"1,2-naphthoquinone"
CCOC(=O)c1c2c(n(Cc3ccccc3)c1C)-c1ccccc1C(=O)C2=O,O=C1C(=O)c2ccn(Cc3ccccc3)c2-c2ccccc21,28,373.41,4,4,4.07,12402873,"1,2-benzoquinone"
Cc1cc(O)c2c(c1)C(=O)c1cc(OC3OCC(O)(CO)C3O)cc(O)c1C2=O,O=C1c2ccccc2C(=O)c2cc(OC3CCCO3)ccc21,29,402.36,3,4,0.0,442744,"1,4-benzoquinone"
O=C1c2ccccc2C(=O)c2c3c(cc(NCCNCCO)c21)N(CCO)CCN3,O=C1c2ccccc2C(=O)c2c1ccc1c2NCCN1,30,410.47,8,4,0.68,430315,"1,4-naphthoquinone"
COC(=O)CCC1=C(n2ccc3ccccc32)c2ccc(CCC(=O)OC)cc2C(=O)C1=O,O=C1C=C(n2ccc3ccccc32)c2ccccc2C1=O,33,445.47,7,4,3.72,44301080,"1,2-benzoquinone"
O=C1C(=O)c2c(nc3n[nH]c(-c4ccc(Cl)cc4)c3c2-c2ccccc2)-c2ccccc21,O=C1C(=O)c2c(nc3n[nH]c(-c4ccccc4)c3c2-c2ccccc2)-c2ccccc21,32,435.87,2,6,5.99,60147676,"1,2-naphthoquinone"
Cc1ccccc1C(=O)Nc1c(NC(=O)CCl)ccc2c1C(=O)c1ccccc1C2=O,O=C(Nc1cccc2c1C(=O)c1ccccc1C2=O)c1ccccc1,31,432.86,4,4,4.2,53374197,"1,4-naphthoquinone"
CC1(C)OCC(C2=Cc3ccccc3C(=O)C2=O)CO1,O=C1C(=O)c2ccccc2C=C1C1COCOC1,20,272.3,1,3,2.23,134938014,"1,2-naphthoquinone"
Cc1ccc(C(=O)Nc2c(NC(=O)CN3CCCCC3)ccc3c2C(=O)c2ccccc2C3=O)cc1,O=C(CN1CCCCC1)Nc1ccc2c(c1NC(=O)c1ccccc1)C(=O)c1ccccc1C2=O,36,481.55,5,5,4.45,53374685,anthraquinone
COc1c(C(C)C)oc2cc3oc(=O)ccc3cc12,O=c1ccc2cc3ccoc3cc2o1,19,258.27,2,3,3.67,117592617,"1,2-naphthoquinone"
CC1(C)CCC(C)(C)c2cc3c(cc21)C=CC(=O)C3=O,O=C1C=Cc2cc3c(cc2C1=O)CCCC3,20,268.36,0,3,3.81,10858495,"1,2-naphthoquinone"
CCC1CCN(C(=O)C(CCCN=C(N)N)NS(=O)(=O)c2ccc3c(c2)C(=O)c2ccccc2C3=O)CC1,O=C1c2ccccc2C(=O)c2cc(S(=O)(=O)NCC(=O)N3CCCCC3)ccc21,38,539.66,9,4,1.81,44380467,anthraquinone
O=C1C=CC(=O)c2c1ccc1c2ccc2ccccc21,O=C1C=CC(=O)c2c1ccc1c2ccc2ccccc21,20,258.28,0,4,3.93,180933,"1,4-benzoquinone"
Cc1cc(Cl)c2c(c1N)C(=O)c1ccccc1C2=O,O=C1c2ccccc2C(=O)c2ccccc21,19,271.7,0,3,3.01,18593,"1,4-benzoquinone"
COC1=C(C)C(=O)C2=C(C1=O)C(CNC(=O)C(C)=O)N1CC3C(O)c4c(O)c(C)c(OC)c(O)c4C(C1C2)N3C,O=C1C=CC(=O)C2=C1CC1C3NC(Cc4ccccc43)CN1C2,40,555.58,5,5,0.33,125228,"1,4-benzoquinone"
CC=C(C)CCC=C(C)C(=O)OCC(C)(C)CC1=C(O)c2ccccc2C(=O)C1=O,O=C1C=Cc2ccccc2C1=O,30,410.51,8,2,5.37,6474554,"1,2-benzoquinone"
CCOC(=O)C(C(=O)c1ccccc1)C1=CC(=O)C(=O)c2ccc(Br)cc21,O=C1C=C(CC(=O)c2ccccc2)c2ccccc2C1=O,27,427.25,5,3,3.66,2838241,"1,2-naphthoquinone"
COC(=O)C1(C2=C(O)c3ccccc3C(=O)C2=O)C(=C(O)c2ccccc2)C(=O)C(=O)N1c1ccc(C)cc1,O=C1C(=O)c2ccccc2C=C1C1C(=Cc2ccccc2)C(=O)C(=O)N1c1ccccc1,39,523.5,4,5,3.53,138374135,"1,2-naphthoquinone"
O=C1C(=O)c2ccccc2C(O)=C1C1(Nc2ccccn2)C(=O)c2ccccc2C1=O,O=C1C(=O)c2ccccc2C=C1C1(Nc2ccccn2)C(=O)c2ccccc2C1=O,31,410.39,3,5,3.05,154824441,"1,2-naphthoquinone"
CN(C)CCCNc1cccc2c1C(=O)c1cccc(NCCCN(C)C)c1C2=O,O=C1c2ccccc2C(=O)c2ccccc21,30,408.55,10,3,3.19,135477,anthraquinone
CN=c1sc2c(n1C)C(=O)c1ccccc1C2=O,N=c1[nH]c2c(s1)C(=O)c1ccccc1C2=O,18,258.3,0,3,1.39,377877,"1,4-naphthoquinone"
COC1=CC(=O)c2cc(C)cc(-c3c(OC)cc(OC)c4ccc(=O)oc34)c2C1=O,O=C1C=CC(=O)c2c1cccc2-c1cccc2ccc(=O)oc12,30,406.39,4,4,3.69,10046907,"1,4-naphthoquinone"
Cc1cc2c(cc1C)-c1occ(C)c1C(=O)C2=O,O=C1C(=O)c2ccoc2-c2ccccc21,18,240.26,0,3,3.25,137662216,"1,2-benzoquinone"
O=C1C(=O)c2ccccc2C(O)=C1C(Nc1ccccn1)c1ccccc1O,O=C1C(=O)c2ccccc2C=C1C(Nc1ccccn1)c1ccccc1,28,372.38,4,4,3.68,155561698,"1,2-benzoquinone"
O=C1C(=O)c2cc(-c3ccccc3F)ccc2-c2ccccc21,O=C1C(=O)c2cc(-c3ccccc3)ccc2-c2ccccc21,23,302.3,1,4,4.54,10582552,"1,2-benzoquinone"
O=C1C(=O)c2ccccc2C2=C1CC1CCC=CC1O2,O=C1C(=O)c2ccccc2C2=C1CC1CCC=CC1O2,20,266.3,0,4,2.92,53328545,"1,2-benzoquinone"
NCCCCNCc1ccc(OC2=CC(=O)c3ccccc3C2=O)cc1,O=C1C=C(Oc2ccccc2)C(=O)c2ccccc21,26,350.42,8,3,2.86,71451903,"1,4-benzoquinone"
COCc1c(OC2OC(CO)C(O)C(O)C2O)cc2c(c1OC)C(=O)c1ccccc1C2=O,O=C1c2ccccc2C(=O)c2cc(OC3CCCCO3)ccc21,33,460.44,6,4,-0.2,11518252,anthraquinone
O=C1C(=O)c2ccccc2C(O)=C1C1=C(Cl)C(=O)c2ccccc2C1=O,O=C1C(=O)c2ccccc2C=C1C1=CC(=O)c2ccccc2C1=O,26,364.74,1,4,3.29,135411066,"1,2-benzoquinone"
CCCCNC1=CC(=O)C(=O)C=C1CC,O=C1C=CC=CC1=O,15,207.27,5,1,1.75,12109450,"1,2-benzoquinone"
O=C(O)c1cc(O)c2c(c1)C(=O)c1ccccc1C2=O,O=C1c2ccccc2C(=O)c2ccccc21,20,268.22,1,3,1.87,179447,"1,4-benzoquinone"
O=C1C(Nc2ccc(C(F)(F)F)cc2)=CC(=O)c2ncccc21,O=C1C(Nc2ccccc2)=CC(=O)c2ncccc21,23,318.25,2,3,3.48,15537866,"1,4-benzoquinone"
CN1CCC2(CSC3=C(O2)c2cc(N4CCCCC4)ccc2C(=O)C3=O)C1,O=C1C(=O)c2ccc(N3CCCCC3)cc2C2=C1SCC1(CCNC1)O2,27,384.5,1,5,2.95,57661905,"1,2-naphthoquinone"
COc1cccc(CC(=O)OC2CCC(C)(C)c3ccc4c(c32)C(=O)C(=O)c2c(C)coc2-4)c1,O=C(Cc1ccccc1)OC1CCCc2ccc3c(c21)C(=O)C(=O)c1ccoc1-3,34,458.51,4,5,5.54,62706042,"1,2-benzoquinone"
CC(C)C1=C(O)C(N)=C(C=Cc2ccccc2)C(=O)C1=O,O=C1C=CC=C(C=Cc2ccccc2)C1=O,21,283.33,3,2,2.53,122179408,"1,2-benzoquinone"
Cc1cccc(C(=O)Oc2cccc3c2C(=O)c2cccc(OC(=O)c4cccc(C)c4)c2C3=O)c1,O=C(Oc1cccc2c1C(=O)c1cccc(OC(=O)c3ccccc3)c1C2=O)c1ccccc1,36,476.48,4,5,5.52,10994411,"1,4-naphthoquinone"
CCCCCCCC(=O)Oc1cc(C)c2c(c1C(C)C)C=C(C)C(=O)C2=O,O=C1C=Cc2ccccc2C1=O,27,370.49,8,2,5.55,134136539,"1,2-benzoquinone"
O=C1C=Cc2c(c(-c3ccccc3)cn2S(=O)(=O)c2ccccc2F)C1=O,O=C1C=Cc2c(c(-c3ccccc3)cn2S(=O)(=O)c2ccccc2)C1=O,27,381.38,3,4,3.31,153507390,"1,2-benzoquinone"
O=C(O)c1ccc2c(c1Nc1cccc3c1C(=O)c1ccccc1C3=O)C(=O)c1ccccc1C2=O,O=C1c2ccccc2C(=O)c2c(Nc3cccc4c3C(=O)c3ccccc3C4=O)cccc21,36,473.44,3,6,4.68,2837520,anthraquinone
O=C1C=C(C(c2ccccc2)c2ccccc2)c2ccccc2C1=O,O=C1C=C(C(c2ccccc2)c2ccccc2)c2ccccc2C1=O,25,324.38,3,4,4.67,12434692,"1,2-benzoquinone"
Cc1cc(O)c2c3c(ncc2c1)C(=O)c1c(O)cccc1C3=O,O=C1c2ccccc2C(=O)c2c1ncc1ccccc21,23,305.29,0,4,2.73,443838,"1,4-benzoquinone"
Cc1ccc(C2=C(N3CC3)C(=O)C=C(N3CC3)C2=O)cc1,O=C1C=C(N2CC2)C(=O)C(c2ccccc2)=C1N1CC1,21,280.33,3,4,1.37,9970898,"1,4-benzoquinone"
O=C1C2=C(C(=O)c3ccccc31)C1Oc3ccccc3C1CO2,O=C1C2=C(C(=O)c3ccccc31)C1Oc3ccccc3C1CO2,23,304.3,0,5,2.89,46233300,"1,4-benzoquinone"
O=C1C(=O)c2ccccc2C(O)=C1CSc1ccc(F)cc1,O=C1C(=O)c2ccccc2C=C1CSc1ccccc1,22,314.34,3,3,3.65,71568922,"1,2-benzoquinone"
Cn1nnc2c1C(=O)c1cnncc1C2=O,O=C1c2cnncc2C(=O)c2[nH]nnc21,16,215.17,0,3,-0.62,21072875,"1,4-benzoquinone"
CC1=C(O)C(C)=C(CC(C)O)C(=O)C1=O,O=C1C=CC=CC1=O,15,210.23,2,1,1.06,170989445,"1,2-benzoquinone"
C=CC(C)(CO)c1c(O)cc2c(c1O)C(=O)C1=C(C2=O)C2CC(C)C(OC(=O)C(C)C)CC2C(C)(C)O1,O=C1C2=C(C(=O)c3ccccc31)C1CCCCC1CO2,37,512.6,5,4,4.21,9892627,"1,4-naphthoquinone"
Cc1noc(NS(=O)(=O)c2ccc(NC3=C(Cl)C(=O)c4ccccc4C3=O)cc2)c1C,O=C1C=C(Nc2ccc(S(=O)(=O)Nc3ccno3)cc2)C(=O)c2ccccc21,31,457.9,5,4,4.03,44608655,"1,4-naphthoquinone"
O=C1C=C(C2Oc3cc(O)cc(O)c3CC2O)c2cc(C3Oc4cc(O)cc(O)c4CC3O)cc(O)c2C1=O,O=C1C=C(C2CCc3ccccc3O2)c2cc(C3CCc4ccccc4O3)ccc2C1=O,39,534.47,2,6,1.77,102571925,"1,2-benzoquinone"
O=C1c2ccccc2C(=O)c2c(O)c(Cl)c(Cl)c(O)c21,O=C1c2ccccc2C(=O)c2ccccc21,20,309.1,0,3,3.18,5152711,anthraquinone
COc1c2c(c(O)c3c1C(=O)c1c(cc(O)c(C)c1O)C3=O)-c1c(cc(C(=O)O)c(C(=O)O)c1O)CC2,O=C1c2ccccc2C(=O)c2cc3c(cc21)CCc1ccccc1-3,37,506.42,3,5,2.76,460185,anthraquinone
COC1=CC(=O)C(=O)c2c(NS(=O)(=O)c3ccc(O)cc3)cccc21,O=C1C=Cc2cccc(NS(=O)(=O)c3ccccc3)c2C1=O,25,359.36,4,3,1.95,91726662,"1,2-naphthoquinone"
O=C1c2ccccc2C(=O)c2c(OCC3CO3)ccc(OCC3CO3)c21,O=C1c2ccccc2C(=O)c2c(OCC3CO3)ccc(OCC3CO3)c21,26,352.34,6,5,2.02,176718,"1,4-naphthoquinone"
O=C1C=Cc2ccc3ccc(C(=O)C4(O)CCCCC4)cc3c2C1=O,O=C1C=Cc2ccc3ccc(C(=O)C4CCCCC4)cc3c2C1=O,25,334.37,2,4,3.5,20429854,"1,2-naphthoquinone"
Nc1c(S(=O)(=O)O)cc(Nc2ccc(Nc3ccccc3Cl)c(C(=O)O)c2)c2c1C(=O)c1ccccc1C2=O,O=C1c2ccccc2C(=O)c2c(Nc3ccc(Nc4ccccc4)cc3)cccc21,39,563.98,6,5,5.13,129834687,anthraquinone
O=C1C=CC(=O)C(c2ccccc2)=C1,O=C1C=CC(=O)C(c2ccccc2)=C1,14,184.19,1,2,1.78,9688,"1,4-benzoquinone"
CC1=C(CSC(=S)N2CC(C)OC(C)C2)C(=O)c2ccccc2C1=O,O=C1C=C(CSC(=S)N2CCOCC2)C(=O)c2ccccc21,25,375.52,2,3,3.51,145962262,"1,4-naphthoquinone"
Cc1oc2cc3c(C(=O)N4CCCCC4)c(C)oc3cc2c1C(=O)N1CCCCC1,O=C(c1coc2cc3c(C(=O)N4CCCCC4)coc3cc12)N1CCCCC1,30,408.5,2,5,5.05,655443,"1,4-benzoquinone"
COC(=O)c1ccc2c(c1)C1COC3=C(C(=O)c4ccccc4C3=O)C1O2,O=C1C2=C(C(=O)c3ccccc31)C1Oc3ccccc3C1CO2,27,362.34,1,5,2.68,57391955,"1,4-benzoquinone"
O=C1C(=O)c2ccccc2C2=C1SCC1(CCN(C(=O)C3CCNCC3)CC1)O2,O=C1C(=O)c2ccccc2C2=C1SCC1(CCN(C(=O)C3CCNCC3)CC1)O2,29,412.51,1,5,2.24,57661965,"1,2-naphthoquinone"
O=C1c2cccc(O)c2C(=O)c2c(O)cc(Cn3cnnn3)cc21,O=C1c2ccccc2C(=O)c2cc(Cn3cnnn3)ccc21,24,322.28,2,4,0.91,162662133,anthraquinone
O=C1C=CC(=O)c2c1cccc2-c1ccccc1,O=C1C=CC(=O)c2c1cccc2-c1ccccc1,18,234.25,1,3,3.29,12336399,"1,4-naphthoquinone"
CCOC(=O)C(CC(=O)c1cccc2c1C(=O)c1ccccc1C2=O)=NNC(=S)NC1CCCCC1,O=C(CC=NNC(=S)NC1CCCCC1)c1cccc2c1C(=O)c1ccccc1C2=O,36,505.6,7,4,3.75,71699190,anthraquinone
Cc1cccc2c3c(ccc12)C1=C(C(=O)C3=O)C(O)C(C)(C)O1,O=C1C(=O)c2c(ccc3ccccc23)C2=C1CCO2,23,308.33,0,4,2.79,137652241,"1,2-benzoquinone"
O=C(CCl)Nc1ccc2c(c1NC(=O)c1ccccc1Cl)C(=O)c1ccccc1C2=O,O=C(Nc1cccc2c1C(=O)c1ccccc1C2=O)c1ccccc1,31,453.28,4,4,4.55,53374293,"1,4-naphthoquinone"
O=C(NCCc1cccc(F)c1)c1cc2c(o1)C(=O)c1ccccc1C2=O,O=C(NCCc1ccccc1)c1cc2c(o1)C(=O)c1ccccc1C2=O,27,363.34,4,4,3.17,155538174,"1,4-naphthoquinone"
Cc1cc(O)c2c(c1)C(=O)c1cc(OCCN3CCOCC3)cc(O)c1C2=O,O=C1c2ccccc2C(=O)c2cc(OCCN3CCOCC3)ccc21,28,383.4,4,4,1.89,155562900,anthraquinone
CC(C(=O)O)n1cc(-c2cccc3c2C(=O)c2ccccc2C3=O)cn1,O=C1c2ccccc2C(=O)c2c1cccc2-c1cn[nH]c1,26,346.34,3,4,2.97,154697554,anthraquinone
CCOC(=O)c1cn(C2COC3=C(Cl)C(=O)C(=O)c4cccc2c43)nn1,O=C1C=C2OCC(n3ccnn3)c3cccc(c32)C1=O,26,373.75,3,4,1.75,72707733,"1,2-benzoquinone"
CN(C)C(=Nc1ccc2c(c1)C(=O)c1ccc(N=C(c3ccc(Cl)cc3)N(C)C)cc1C2=O)c1ccc(Cl)cc1,O=C1c2ccc(N=Cc3ccccc3)cc2C(=O)c2ccc(N=Cc3ccccc3)cc21,40,569.49,4,5,7.05,53955563,anthraquinone
CNc1cc(=O)c2c(O)c3c(=O)c4c5c(c(OC)cc4c(=O)c3cc2c1=O)C(=O)OC5,O=C1OCc2c1ccc1c(=O)c3cc4c(=O)ccc(=O)c4cc3c(=O)c21,31,419.35,2,5,0.89,132576259,"1,4-naphthoquinone"
O=C1C(N2CC2)=CC(=O)c2nc(-c3ccccc3)ccc21,O=C1C(N2CC2)=CC(=O)c2nc(-c3ccccc3)ccc21,21,276.29,2,4,2.33,24853733,"1,4-benzoquinone"
CCCCCCOc1cccc2c1C(=O)c1c(OCCCCCC)cc(Cn3cc(C)c(=O)[nH]c3=O)cc1C2=O,O=C1c2ccccc2C(=O)c2cc(Cn3ccc(=O)[nH]c3=O)ccc21,40,546.66,14,4,5.59,51039310,"1,4-naphthoquinone"
COC(=O)C1(C)CCCC2(C)C3=C(CCC12)C(C(C)C)=CC(=O)C3=O,O=C1C=CC2=C(C1=O)C1CCCCC1CC2,25,344.45,2,3,3.8,145980417,"1,2-benzoquinone"
O=C1C=C(c2ccc(O)c3c2C(=O)C2OC2C3O)c2cccc(O)c2C1=O,O=C1C=C(c2cccc3c2C(=O)C2OC2C3)c2ccccc2C1=O,27,364.31,1,5,1.29,139587096,"1,2-benzoquinone"
O=C(O)c1cc2c(o1)C(=O)C1=C(C2=O)S(=O)(=O)C=CN1,O=C1C2=C(NC=CS2(=O)=O)C(=O)c2occc21,20,295.23,1,3,0.06,168290233,"1,4-benzoquinone"
O=C1C(=O)c2c(oc3c2CCN(C(=O)c2ccc(F)cc2)C3)-c2ccccc21,O=C1C(=O)c2c(oc3c2CCN(C(=O)c2ccccc2)C3)-c2ccccc21,28,375.36,1,5,3.66,177655308,"1,2-benzoquinone"
Cc1ccc(C(=O)Nc2c(NC(=O)CN(C)C)ccc3c2C(=O)c2ccccc2C3=O)cc1,O=C(Nc1cccc2c1C(=O)c1ccccc1C2=O)c1ccccc1,33,441.49,5,4,3.52,53374585,"1,4-naphthoquinone"
O=C1C(Cl)=C(NCCN2CCOCC2)C(=O)c2cnncc21,O=C1C=C(NCCN2CCOCC2)C(=O)c2cnncc21,22,322.75,4,3,0.23,5461525,"1,4-benzoquinone"
CC(C)=CCC(OC(=O)CCc1c[nH]c2ccccc12)C1=CC(=O)c2c(O)ccc(O)c2C1=O,O=C(CCc1c[nH]c2ccccc12)OCC1=CC(=O)c2ccccc2C1=O,34,459.5,7,4,4.79,71555021,"1,4-benzoquinone"
CC(=CCCC1(C)OC1C)C(=O)OCC(C)(C)CC1=C(O)c2ccccc2C(=O)C1=O,O=C(C=CCCC1CO1)OCCCC1=Cc2ccccc2C(=O)C1=O,31,426.51,8,3,4.58,162861781,"1,2-naphthoquinone"
CC(C)(C)c1ccc(C2CCN(C3=CC(=O)C(=O)c4ccccc43)CC2)cc1,O=C1C=C(N2CCC(c3ccccc3)CC2)c2ccccc2C1=O,28,373.5,2,4,4.97,14856665,"1,2-naphthoquinone"
COc1ccc(CNC2=C([N+](=O)[O-])C(C3=C(O)c4ccccc4C(=O)C3=O)c3ccccc3O2)cc1,O=C1C(=O)c2ccccc2C=C1C1C=C(NCc2ccccc2)Oc2ccccc21,36,484.46,6,5,4.14,129832111,"1,2-naphthoquinone"
O=C(Nc1ccc2c(=O)c3c(sc4c(=O)c5ccc(NC(=O)C(F)(F)F)cc5c(=O)c43)c(=O)c2c1)C(F)(F)F,O=c1c2ccccc2c(=O)c2c1sc1c(=O)c3ccccc3c(=O)c12,39,566.39,2,5,3.68,118101557,"1,4-naphthoquinone"
O=C1C=C(OCOC2=CC(=O)c3ccccc3C2=O)c2ccccc2C1=O,O=C1C=C(OCOC2=CC(=O)c3ccccc3C2=O)c2ccccc2C1=O,27,360.32,4,4,2.75,22899211,"1,2-naphthoquinone"
COC1=C(Cc2ccccc2)C(=O)C2=C(C1=O)C(COC(N)=O)C1(OC)C3NC3CN21,O=C1C=C(Cc2ccccc2)C(=O)C2=C1CC1C3NC3CN21,31,425.44,6,5,0.26,10025430,"1,4-benzoquinone"
CON(C)Cc1coc2c1C(=O)C(=O)c1c-2ccc2c(C)cccc12,O=C1C(=O)c2c(ccc3ccccc23)-c2occc21,25,335.36,3,4,3.78,137637050,"1,2-benzoquinone"
CC(=O)c1ccc(S(=O)(=O)NC(C2=CC(=O)c3c(O)ccc(O)c3C2=O)C(C)C)cc1,O=C1C=C(CNS(=O)(=O)c2ccccc2)C(=O)c2ccccc21,31,443.48,6,3,2.61,44570970,"1,4-benzoquinone"
O=S1Oc2ccccc2O1,O=S1Oc2ccccc2O1,10,156.16,0,2,1.04,138705,"1,2-benzoquinone"
COc1cc(O)c2c(c1)C(=O)C1=C(C2=O)C(O)C(O)C(C)(O)C1O,O=C1C2=C(CCCC2)C(=O)c2ccccc21,24,336.3,1,3,-1.08,89644,"1,4-benzoquinone"
CC(C)C1=C(O)C2=C(C(=O)C1=O)C1(C)CCCC(C)(C)C1C(O)C2OC=O,O=C1C=CC2=C(C1=O)C1CCCCC1CC2,27,376.45,3,3,2.65,433733,"1,2-benzoquinone"
O=c1c2ccccc2c(=O)c2c1ccc1c3ccc4c(O)c5ccccc5c5ccc(nc12)c3c45,O=c1c2ccccc2c(=O)c2c1ccc1c3ccc4cc5ccccc5c5ccc(nc12)c3c45,35,449.47,0,8,6.46,18641,"1,4-benzoquinone"
CCOC(=O)CC1COC2=C(C)C(=O)C(=O)c3c(C)ccc1c32,O=C1C=C2OCCc3cccc(c32)C1=O,23,314.34,3,3,2.56,44393558,"1,2-benzoquinone"
COC(=O)c1ccc(-c2cc(N3CCCC(C)C3)c3noc4c3c2C(=O)c2ccccc2-4)cc1,O=C1c2ccccc2-c2onc3c(N4CCCCC4)cc(-c4ccccc4)c1c23,34,452.51,3,6,5.73,71463116,"1,4-benzoquinone"
O=C1C=Cc2cc([N+](=O)[O-])ccc2C1=O,O=C1C=Cc2ccccc2C1=O,15,203.15,1,2,1.37,22413192,"1,2-naphthoquinone"
O=C1c2ccccc2C(=O)c2c1cccc2N1CCN(CC=Cc2ccccc2)CC1,O=C1c2ccccc2C(=O)c2c1cccc2N1CCN(CC=Cc2ccccc2)CC1,31,408.5,4,5,4.3,5290936,"1,4-naphthoquinone"
O=C1C(=O)c2ccccc2C2=C1CC(Sc1ccccc1)O2,O=C1C(=O)c2ccccc2C2=C1CC(Sc1ccccc1)O2,22,308.36,2,4,3.7,11055944,"1,2-benzoquinone"
COc1cc2c(c(O)c1CC=C(C)C)C(=O)c1c(O)cc(C)cc1C2=O,O=C1c2ccccc2C(=O)c2ccccc21,26,352.39,3,3,3.7,11783130,"1,4-naphthoquinone"
CCCCCCCC1=C(C)C(=O)C(=O)c2c1[nH]c1ccccc21,O=C1C=Cc2[nH]c3ccccc3c2C1=O,23,309.41,6,3,5.07,10335508,"1,2-benzoquinone"
O=C1c2ccccc2C(=O)c2cc(S(=O)(=O)NCc3cccnc3)ccc21,O=C1c2ccccc2C(=O)c2cc(S(=O)(=O)NCc3cccnc3)ccc21,27,378.41,4,4,2.34,572391,anthraquinone
COc1ccccc1Sc1cc2c(c3nsnc13)C(=O)c1ccccc1C2=O,O=C1c2ccccc2C(=O)c2c1cc(Sc1ccccc1)c1nsnc21,28,404.47,3,5,4.63,89872075,anthraquinone
O=C(CCCCl)Nc1ccc2c(c1NC(=O)CCCCl)C(=O)c1ccccc1C2=O,O=C1c2ccccc2C(=O)c2ccccc21,30,447.32,8,3,4.38,53373987,"1,4-naphthoquinone"
C=C(C)C1CCC(C)=CC1C1=C(O)C(NCC)=C(CCCCC)C(=O)C1=O,O=C1C=CC=C(C2C=CCCC2)C1=O,27,371.52,8,2,4.94,118465241,"1,2-benzoquinone"
COc1cc2c(NC3=CC(=O)C(OCc4ccccc4)=CC3=O)ncnc2cc1OCC1CCN(C)CC1,O=C1C=C(OCc2ccccc2)C(=O)C=C1Nc1ncnc2cc(OCC3CCNCC3)ccc12,38,514.58,9,5,3.91,11562588,"1,4-benzoquinone"
[N-]=[N+]=NC1=C(N=[N+]=[N-])c2c(cccc2S(=O)(=O)Oc2c(-c3ccccc3)cc(C(=O)O)c(O)c2O)C(=O)C1=O,O=C1C=Cc2c(cccc2S(=O)(=O)Oc2ccccc2-c2ccccc2)C1=O,39,548.45,7,4,4.29,53766560,"1,2-naphthoquinone"
Cc1ccc(C)c(NC(=O)COC(=O)c2cccc3c2C(=O)c2ccccc2C3=O)c1,O=C(COC(=O)c1cccc2c1C(=O)c1ccccc1C2=O)Nc1ccccc1,31,413.43,4,4,3.87,3503149,"1,4-benzoquinone"
COc1cc2c(nc1C)C(=O)C(N1CC1)=CC2=O,O=C1C=C(N2CC2)C(=O)c2ncccc21,18,244.25,2,3,0.98,24853800,"1,4-benzoquinone"
O=C1c2ccccc2C(=O)c2c(Cl)ccc(Cl)c21,O=C1c2ccccc2C(=O)c2ccccc21,18,277.11,0,3,3.77,4179424,"1,4-benzoquinone"
CCCCCC(OC)c1c(O)cc2c(c1O)C(=O)c1c(O)cc(O)cc1C2=O,O=C1c2ccccc2C(=O)c2ccccc21,28,386.4,6,3,3.55,70684687,"1,4-naphthoquinone"
CCOC(=O)c1c2c(n(C)c1CN1CCCCC1)C(=O)C(=O)c1ccc(Br)cc1-2,O=C1C(=O)c2[nH]c(CN3CCCCC3)cc2-c2ccccc21,29,459.34,4,4,4.0,14341442,"1,2-naphthoquinone"
O=C1C=C(N=C2CCCC2)c2ccccc2C1=O,O=C1C=C(N=C2CCCC2)c2ccccc2C1=O,18,239.27,1,3,2.81,76327190,"1,2-benzoquinone"
COc1cc(C)c(OC)c2c1C(=O)c1ccccc1C2=O,O=C1c2ccccc2C(=O)c2ccccc21,21,282.3,2,3,2.79,13945060,anthraquinone
Cc1cc2c(cc1C)[n+]([O-])c1cc(CC(=O)OCCN3CCN(C)CC3)ccc1[n+]2[O-],O=C(Cc1ccc2[nH+]c3ccccc3[nH+]c2c1)OCCN1CCNCC1,31,424.5,5,4,1.21,161939446,"1,2-benzoquinone"
Cc1cccc(C)c1Nc1cccc2c1C(=O)C(=O)C=C2,O=C1C=Cc2cccc(Nc3ccccc3)c2C1=O,21,277.32,2,3,3.83,555821,"1,2-naphthoquinone"
COc1cccc(NCc2nc3c(o2)-c2ccccc2C(=O)C3=O)c1,O=C1C(=O)c2nc(CNc3ccccc3)oc2-c2ccccc21,25,334.33,4,4,3.34,127029500,"1,2-benzoquinone"
CC(=O)Oc1cccc2c1C(=O)c1ccccc1C2=O,O=C1c2ccccc2C(=O)c2ccccc21,20,266.25,1,3,2.39,343740,"1,4-naphthoquinone"
Cc1ccc(OC2=CC(=O)C(=O)c3ccccc32)cc1,O=C1C=C(Oc2ccccc2)c2ccccc2C1=O,20,264.28,2,3,3.18,137660095,"1,2-benzoquinone"
CC(=O)N(Cc1ccc(F)cc1)C1=C(NCCc2ccccc2)C(=O)c2ccccc2C1=O,O=C1C(NCCc2ccccc2)=C(NCc2ccccc2)C(=O)c2ccccc21,33,442.49,7,4,4.3,3339005,"1,4-benzoquinone"
COCCNc1cc(N2CCN(C3CCCCC3)CC2)c2noc3c2c1C(=O)c1ccccc1-3,O=C1c2ccccc2-c2onc3c(N4CCN(C5CCCCC5)CC4)ccc1c23,34,460.58,6,6,4.55,16009258,"1,4-benzoquinone"
CC1OC(CC(=O)O)CC2=C1C(=O)c1c(O)cccc1C2=O,O=C1C2=C(COCC2)C(=O)c2ccccc21,22,302.28,2,3,1.72,442757,"1,4-benzoquinone"
C(=Cc1ccncc1)c1ccncc1,C(=Cc1ccncc1)c1ccncc1,14,182.23,2,2,2.65,139101732,"1,2-benzoquinone"
Nc1ccc(O)c2c1C(=O)c1c(O)cc(Br)c(N)c1C2=O,O=C1c2ccccc2C(=O)c2ccccc21,21,349.14,0,3,1.8,33774,"1,4-benzoquinone"
CCC(CCC(=O)NCC1=CC=C(F)C(=O)C1=O)n1c(-c2ccccc2)ncc(N)c1=O,O=C(CCCn1c(-c2ccccc2)nccc1=O)NCC1=CC=CC(=O)C1=O,32,438.46,8,3,2.27,70240680,"1,2-benzoquinone"
CC1(C)OC2=C(C(=O)c3ccccc3C2=O)C1n1cc(-c2ccccc2)nn1,O=C1C2=C(C(=O)c3ccccc31)C(n1cc(-c3ccccc3)nn1)CO2,28,371.4,2,5,3.63,72198020,"1,4-benzoquinone"
COc1ccc(CCN(C)C)c(C2=Cc3[nH]cc(CCNC(=O)OC(C)(C)C)c3C(=O)C2=O)c1OC,O=C1C(=O)c2cc[nH]c2C=C1c1ccccc1,36,497.59,9,3,3.51,24856334,"1,2-benzoquinone"
O=C1c2cc(O)cc(O)c2C(=O)c2c1cc1c(c2O)C2C(O)COC2O1,O=C1c2ccccc2C(=O)c2cc3c(cc21)OC1OCCC31,26,356.29,0,5,0.77,10089584,anthraquinone
O=C1C=C(Oc2ccc(Cl)cc2Cl)C(=O)c2cc3ccccc3cc21,O=C1C=C(Oc2ccccc2)C(=O)c2cc3ccccc3cc21,25,369.2,2,4,5.49,44447784,"1,4-benzoquinone"
CCOC(=O)c1c2c(n(CC(C)C)c1C)-c1nc[nH]c1C(=O)C2=O,O=C1C(=O)c2[nH]cnc2-c2[nH]ccc21,24,329.36,4,3,2.4,24205837,"1,2-benzoquinone"
CCCCC1=CC(F)=C(CCCC)C(=O)C1=O,O=C1C=CC=CC1=O,17,238.3,6,1,3.67,17970491,"1,2-benzoquinone"
O=C1CN(CCCS)C(=O)C2(CSC3=C2C(=O)c2ccccc2C3=O)N1,O=C1CNC(=O)C2(CSC3=C2C(=O)c2ccccc2C3=O)N1,26,388.47,3,4,1.08,24865913,"1,4-benzoquinone"
O=C1c2ccccc2C(=O)c2c1cc(N1CCN(c3ccccn3)CC1)c1nsnc21,O=C1c2ccccc2C(=O)c2c1cc(N1CCN(c3ccccn3)CC1)c1nsnc21,31,427.49,2,6,3.19,74223578,anthraquinone
CN(C)CC1=C(NCc2ccc(C(F)(F)F)cc2)c2ccccc2C(=O)C1=O,O=C1C=C(NCc2ccccc2)c2ccccc2C1=O,28,388.39,5,3,3.53,14790095,"1,2-naphthoquinone"
CCCC1CCC(COc2ccc3c(c2F)C(=O)C(=O)c2c-3ccc(OCC)c2F)CC1,O=C1C(=O)c2cc(OCC3CCCCC3)ccc2-c2ccccc21,32,442.5,7,4,6.39,68010499,"1,2-benzoquinone"
COC(=O)C1=C(c2c(Nc3ccccc3Br)ccc3ccccc23)c2ccccc2C(=O)C1=O,O=C1C=C(c2c(Nc3ccccc3)ccc3ccccc23)c2ccccc2C1=O,34,512.36,4,5,6.09,154716674,"1,2-naphthoquinone"
C#CCn1c2c(c3ccccc3c1=O)C(=O)c1ccccc1C2=O,O=C1c2ccccc2C(=O)c2c1[nH]c(=O)c1ccccc21,24,313.31,1,4,2.41,86279077,"1,4-benzoquinone"
CCCCCCCCCCCCCC1=C(O)c2ncccc2C(=O)C1=O,O=C1C=Cc2ncccc2C1=O,26,357.49,12,2,5.82,304633,"1,2-benzoquinone"
Cc1cc(O)c2c(c1)C(=O)c1c(cc(C)c(C3CC(O)C4=C(C(=O)C5=C(C4=O)C(O)CCC5O)C3O)c1O)C2=O,O=C1C2=C(CCCC2)C(=O)C2=C1CCC(c1ccc3c(c1)C(=O)c1ccccc1C3=O)C2,40,546.53,1,6,0.96,24970762,"1,4-naphthoquinone"
Nc1c(-c2nc3cc4c(cc3o2)C(=O)c2ccccc2C4=O)ccc2c1C(=O)c1ccccc1C2=O,O=C1c2ccccc2C(=O)c2cc(-c3nc4cc5c(cc4o3)C(=O)c3ccccc3C5=O)ccc21,36,470.44,1,7,4.63,75417,"1,4-benzoquinone"
O=C1C=Cc2cc3ccc4cc5ccccc5cc4c3cc2C1=O,O=C1C=Cc2cc3ccc4cc5ccccc5cc4c3cc2C1=O,24,308.34,0,5,4.92,129772624,"1,2-naphthoquinone"
NC1CCCN(C(=O)c2csc3c2C(=O)c2c(c(O)c4ccccc4c2O)C3=O)C1,O=C1c2cc3ccccc3cc2C(=O)c2c(C(=O)N3CCCCC3)csc21,30,422.46,1,5,2.65,162668030,"1,4-naphthoquinone"
COC(=O)C1=C(C)NC(C)=C(C(=O)OC)C1c1ccccc1[N+](=O)[O-],C1=CC(c2ccccc2)C=CN1,25,346.34,4,2,2.18,117593032,"1,2-naphthoquinone"
O=C1C(=O)c2ccccc2C(O)=C1CCCc1ccc(Oc2ccccc2)cc1,O=C1C(=O)c2ccccc2C=C1CCCc1ccc(Oc2ccccc2)cc1,29,384.43,6,4,5.54,219294,"1,2-benzoquinone"
CCC1(O)Cc2c(O)c3c(c(O)c2C(O)C1)C(=O)c1c(OC)cccc1C3=O,O=C1c2ccccc2C(=O)c2cc3c(cc21)CCCC3,28,384.38,2,4,2.0,12831692,"1,4-naphthoquinone"
Cc1c2c(nn1CCc1ccc(F)cc1)-c1ccccc1C(=O)C2=O,O=C1C(=O)c2cn(CCc3ccccc3)nc2-c2ccccc21,25,334.35,3,4,3.62,162734652,"1,2-benzoquinone"
O=C(NCc1cccnc1)c1ccc(C=CC(=O)c2cccc3c2C(=O)c2ccccc2C3=O)cc1,O=C(NCc1cccnc1)c1ccc(C=CC(=O)c2cccc3c2C(=O)c2ccccc2C3=O)cc1,36,472.5,6,5,4.68,145984567,anthraquinone
CC(=O)Oc1cccc2c1C(=O)c1c(OC(C)=O)cc(C(=O)Oc3cc(C)ccc3C(C)C)cc1C2=O,O=C(Oc1ccccc1)c1ccc2c(c1)C(=O)c1ccccc1C2=O,37,500.5,5,4,4.96,71517843,anthraquinone
CC1Cc2cc(O)c3c(c2C(=O)O1)C(=O)C(=O)C(C1=C(O)c2c(O)cc4c(c2C(=O)C1=O)C(=O)OC(C)C4)=C3O,O=C1C(=O)c2c(ccc3c2C(=O)OCC3)C=C1C1=Cc2ccc3c(c2C(=O)C1=O)C(=O)OCC3,40,546.44,1,6,2.07,102004491,"1,2-benzoquinone"
O=C1C(=O)c2cc3c(cc2C(O)=C1[N+](=O)[O-])CCCC3,O=C1C=Cc2cc3c(cc2C1=O)CCCC3,20,273.24,1,3,1.83,12369073,"1,2-benzoquinone"
O=C(COc1ccc(Cl)cc1)N1CCN(Cc2ccc3c(c2)OCO3)CC1,O=C(COc1ccccc1)N1CCN(Cc2ccc3c(c2)OCO3)CC1,27,388.85,5,4,2.79,117593255,"1,2-naphthoquinone"
CCCc1cc(OC2OC(C)C(O)C(O)C2O)cc2c1C(=O)c1c(O)cc(O)cc1C2=O,O=C1c2ccccc2C(=O)c2cc(OC3CCCCO3)ccc21,32,444.44,4,4,1.03,139590124,"1,4-naphthoquinone"
CN(CCO)CCNc1cccc2c1C(=O)c1ccccc1C2=O,O=C1c2ccccc2C(=O)c2ccccc21,24,324.38,6,3,1.8,11404554,"1,4-benzoquinone"
O=C1C(NS(=O)(=O)c2ccc(Br)cc2)=C(N2CCCCC2)C(=O)c2ccccc21,O=C1C(NS(=O)(=O)c2ccccc2)=C(N2CCCCC2)C(=O)c2ccccc21,29,475.36,4,4,3.5,4351179,"1,4-naphthoquinone"
Cc1coc2c1C(=O)C(=O)c1c-2ccc2c1C(OC(=O)CCCCC1CCSS1)CCC2(C)C,O=C(CCCCC1CCSS1)OC1CCCc2ccc3c(c21)C(=O)C(=O)c1ccoc1-3,34,498.67,6,5,7.0,177372052,"1,2-benzoquinone"
Cc1cc(O)c2c(c1)C(=O)C(=O)c1cc3c(cc1-2)CC(C(C)C)c1cc(C)cc(O)c1-3,O=C1C(=O)c2cc3c(cc2-c2ccccc21)CCc1ccccc1-3,31,412.49,1,5,5.72,163185558,"1,2-benzoquinone"
CC(=O)CCC1=C(O)c2ccccc2C(=O)C1=O,O=C1C=Cc2ccccc2C1=O,18,244.25,3,2,2.09,12956284,"1,2-benzoquinone"
CC1Cc2cc3c(c(O)c2C(=O)O1)C(O)=C(C1=C(O)c2c(cc4c(c2O)C(=O)OC(C)C4)C(=O)C1=O)C(=O)C3=O,O=C1C(=O)c2cc3c(cc2C=C1C1=Cc2cc4c(cc2C(=O)C1=O)CCOC4=O)C(=O)OCC3,40,546.44,1,6,2.07,135965857,"1,2-benzoquinone"
COc1ccc(O)c(C(=O)OCC(C)(C)CC2=C(O)c3ccccc3C(=O)C2=O)c1,O=C1C(=O)c2ccccc2C=C1CCCOC(=O)c1ccccc1,30,410.42,6,3,3.71,11418411,"1,2-benzoquinone"
O=C1c2ccccc2C(=O)c2c(NCC(O)CNCc3ccccc3)ccc(NCC(O)CCl)c21,O=C1c2ccccc2C(=O)c2c(NCCCNCc3ccccc3)cccc21,35,493.99,11,4,3.04,10414636,anthraquinone
COc1c2c(c(O)c3c1C(=O)c1c(O)cccc1C3=O)-c1c(cc3c(c1O)C(=O)OC(C)(O)C3)CC2,O=C1OCCc2cc3c(cc21)-c1cc2c(cc1CC3)C(=O)c1ccccc1C2=O,36,488.45,1,6,2.77,139590139,"1,4-naphthoquinone"
COc1cccc2c1C(=O)c1c(O)c3c(c(O)c1C2=O)CC(C(C)=O)CC3OC1CC(N)CC(C)O1,O=C1c2ccccc2C(=O)c2cc3c(cc21)CCCC3OC1CCCCO1,36,495.53,4,5,2.94,44362607,"1,4-benzoquinone"
O=C1C=C(Nc2ccc(F)cc2)c2ccccc2C1=O,O=C1C=C(Nc2ccccc2)c2ccccc2C1=O,20,267.26,2,3,3.04,4454203,"1,2-benzoquinone"
O=C(O)CCNc1cc(N2CCN(C(=O)c3ccco3)CC2)c2noc3c2c1C(=O)c1ccccc1-3,O=C1c2ccccc2-c2onc3c(N4CCN(C(=O)c5ccco5)CC4)ccc1c23,36,486.48,6,6,3.48,24789635,anthraquinone
CCCCN(CC1=CC(=O)C(=O)c2ccccc21)C(=O)CCC(=O)N1CCOCC1,O=C(CCC(=O)N1CCOCC1)NCC1=CC(=O)C(=O)c2ccccc21,30,412.49,8,3,2.1,9844556,"1,2-naphthoquinone"
CCN(CCCNC1=CC(=O)C(NCCCNC(=O)CCCCC2CCSS2)=CC1=O)Cc1ccccc1OC,O=C(CCCCC1CCSS1)NCCCNC1=CC(=O)C(NCCCNCc2ccccc2)=CC1=O,40,588.84,19,3,4.23,25221377,"1,4-benzoquinone"
O=C1C(=O)c2ccccc2C2=C1SCC1(CCN(C(=O)OC3CCNC3)CC1)O2,O=C1C(=O)c2ccccc2C2=C1SCC1(CCN(C(=O)OC3CCNC3)CC1)O2,29,414.48,1,5,2.22,57661916,"1,2-naphthoquinone"
COc1cc(C(=O)OCC(C)(C)CC2=C(O)c3ccccc3C(=O)C2=O)c(OC)c2ccccc12,O=C1C(=O)c2ccccc2C=C1CCCOC(=O)c1ccc2ccccc2c1,35,474.51,7,4,5.16,10005113,"1,2-benzoquinone"
CCCNc1cc(Nc2cccc(C)c2)c2c3c(onc13)-c1ccccc1C2=O,O=C1c2ccccc2-c2onc3ccc(Nc4ccccc4)c1c23,29,383.45,5,5,5.91,171785310,anthraquinone
c1cc2cccc3c2c(c1)c1cccc2cc4ooc4c3c21,c1cc2cccc3c2c(c1)c1cccc2cc4ooc4c3c21,22,282.3,0,6,6.08,129648555,"1,2-naphthoquinone"
O=C1C=Cc2sccc2C1=O,O=C1C=Cc2sccc2C1=O,11,164.19,0,2,1.53,22753362,"1,2-benzoquinone"
Cc1cc(C(F)(F)F)c(Cn2c(=O)c3ccc(=O)c(=O)c=3c2=O)c(=O)n1C,O=c1[nH]cccc1Cn1c(=O)c2ccc(=O)c(=O)c=2c1=O,27,380.28,2,3,-0.4,154501670,"1,2-benzoquinone"
O=C1C=C(Nc2ccc(F)cc2)C(Nc2ccc(F)cc2)=CC1=O,O=C1C=C(Nc2ccccc2)C(Nc2ccccc2)=CC1=O,24,326.3,4,3,3.41,316042,"1,2-benzoquinone"
CC(=O)c1c2c(n3cccc(Br)c13)C(=O)c1ncccc1C2=O,O=C1c2cccnc2C(=O)c2c1cc1ccccn21,23,369.17,1,4,3.07,44567533,"1,4-benzoquinone"
O=C1C=C(NCCCNc2ccnc3cc(Cl)ccc23)C(=O)C=C1NCCCNc1ccnc2cc(Cl)ccc12,O=C1C=C(NCCCNc2ccnc3ccccc23)C(=O)C=C1NCCCNc1ccnc2ccccc12,40,575.5,12,5,5.49,49840469,"1,4-benzoquinone"
Nc1cc(S(=O)(=O)c2ccccc2)c(N)c2c1C(=O)c1ccccc1C2=O,O=C1c2ccccc2C(=O)c2cc(S(=O)(=O)c3ccccc3)ccc21,27,378.41,2,4,2.46,78917,"1,4-naphthoquinone"
CC(C)OC1=CC(=O)C(=O)c2c(NC(=O)C(F)(F)F)cccc21,O=C1C=Cc2ccccc2C1=O,23,327.26,3,2,2.72,129251298,"1,2-benzoquinone"
O=C1C(=O)c2ccccc2C(O)=C1c1ccc(F)cc1,O=C1C(=O)c2ccccc2C=C1c1ccccc1,20,268.24,1,3,3.02,790554,"1,2-benzoquinone"
O=C1c2ccc(NC(=O)C3CCCCC3)cc2C(=O)c2cc(NC(=O)C3CCCCC3)ccc21,O=C1c2ccc(NC(=O)C3CCCCC3)cc2C(=O)c2cc(NC(=O)C3CCCCC3)ccc21,34,458.56,4,5,5.5,44243425,"1,4-benzoquinone"
COc1ccc2c(c1)OC1c3ccc(OC)cc3OCC21,c1ccc2c(c1)OC1c3ccccc3OCC21,21,284.31,2,4,3.31,117592650,"1,2-naphthoquinone"
O=C(NCc1ccccc1)C(=O)Nc1ccc2c(c1)C(=O)c1ccccc1C2=O,O=C(NCc1ccccc1)C(=O)Nc1ccc2c(c1)C(=O)c1ccccc1C2=O,29,384.39,3,4,2.72,56444,anthraquinone
CC(=CCC1=C(C)C(=O)c2ccccc2C1=O)CCC=C(C)Cc1cccc(C)c1,O=C1C=C(CC=CCCC=CCc2ccccc2)C(=O)c2ccccc21,30,398.55,7,3,7.0,102313190,"1,4-naphthoquinone"
O=C1C=Cc2ccc3c(c2C1=O)Cc1cc2ccccc2cc1O3,O=C1C=Cc2ccc3c(c2C1=O)Cc1cc2ccccc2cc1O3,24,312.32,0,5,4.31,129833319,"1,2-naphthoquinone"
CC1=C(CSC(=S)N2CCCC2)C(=O)c2ccccc2C1=O,O=C1C=C(CSC(=S)N2CCCC2)C(=O)c2ccccc21,22,331.46,2,3,3.5,145963587,"1,4-naphthoquinone"
COC(=O)C(O)C(C)(O)C12OC13c1cc(O)c4c(c1NC2C#CC=CC#CC3O)C(=O)c1cc(O)ccc1C4=O,O=C1c2ccccc2C(=O)c2c1ccc1c2NC2C#CC=CC#CCC13OC23,40,543.48,3,6,-0.15,156013575,"1,4-naphthoquinone"
CN(C)CCNc1cc(N2CCN(c3ncccn3)CC2)c2noc3c2c1C(=O)c1ccccc1-3,O=C1c2ccccc2-c2onc3c(N4CCN(c5ncccn5)CC4)ccc1c23,35,469.55,6,6,3.13,134140514,"1,4-naphthoquinone"
O=C1c2ccccc2C(=O)c2c1cc(NCc1cccnc1)c1nsnc21,O=C1c2ccccc2C(=O)c2c1cc(NCc1cccnc1)c1nsnc21,27,372.41,3,5,3.47,74223514,anthraquinone
O=C1C(OCc2ccccc2)=C(C2CCC(c3ccc(Cl)cc3)CC2)C(=O)c2ccccc21,O=C1C(OCc2ccccc2)=C(C2CCC(c3ccccc3)CC2)C(=O)c2ccccc21,33,456.97,5,5,7.16,44514299,"1,4-benzoquinone"
O=C1C(=O)c2ccccc2C(O)=C1C(c1ccc([N+](=O)[O-])cc1)c1c[nH]c2ccccc12,O=C1C(=O)c2ccccc2C=C1C(c1ccccc1)c1c[nH]c2ccccc12,32,424.41,4,5,4.94,134152772,"1,2-benzoquinone"
CC(=O)OC(CCc1c(C)ccc2c1C(=O)C(=O)C(C(C)C)=C2)C(C)C,O=C1C=Cc2ccccc2C1=O,26,356.46,6,2,4.32,10546186,"1,2-naphthoquinone"
COc1c(C(C)=O)c(C)cc2c1C(=O)C(=O)C=C2O,O=C1C=Cc2ccccc2C1=O,19,260.24,2,2,1.87,23260691,"1,2-benzoquinone"
O=C1C=C(C2=C(O)c3ccccc3C2=O)c2ccccc2C1=O,O=C1C=C(C2=Cc3ccccc3C2=O)c2ccccc2C1=O,23,302.29,1,4,3.0,46946134,"1,2-benzoquinone"
CC1OC2=C(C(=O)C(=O)c3ccccc32)C1C,O=C1C(=O)c2ccccc2C2=C1CCO2,17,228.25,0,3,2.22,9991360,"1,2-benzoquinone"
CN1CCC2(CSC3=C(O2)c2cc(-c4ccccc4)ccc2C(=O)C3=O)C1,O=C1C(=O)c2ccc(-c3ccccc3)cc2C2=C1SCC1(CCNC1)O2,27,377.47,1,5,3.63,57661985,"1,2-naphthoquinone"
O=C1C=CC(=O)c2c1ccc1ccccc21,O=C1C=CC(=O)c2c1ccc1ccccc21,16,208.22,0,3,2.78,98574,"1,4-benzoquinone"
O=C1C=C(Nc2ccccc2)c2c(O)cccc2C1=O,O=C1C=C(Nc2ccccc2)c2ccccc2C1=O,20,265.27,2,3,2.61,12127673,"1,2-benzoquinone"
CCOC(=O)c1c2c(n(C)c1CN1CCOCC1)C(=O)C(=O)c1ccc(Br)cc1-2,O=C1C(=O)c2[nH]c(CN3CCOCC3)cc2-c2ccccc21,29,461.31,4,4,2.84,14341441,"1,2-naphthoquinone"
CC1=C(c2cc(C(C)C)c(O)cc2C)C=C(C(C)C)C(=O)C1=O,O=C1C=CC(c2ccccc2)=CC1=O,23,312.41,3,2,4.33,13497961,"1,2-benzoquinone"
CC(C)=CCCC(C)C1CCC2(C)C3=C(CCC12C)C1(C)CCC(O)C(C)(C)C1CC3,C1CCC2C3=C(CCC2C1)C1CCCC1CC3,31,426.73,4,4,8.48,117593624,"1,2-naphthoquinone"
Cc1cc(O)c2c(c1)C(=O)c1ccc(-c3c(C)cc(O)c4c3C(=O)c3cccc(O)c3C4=O)c(O)c1C2=O,O=C1c2ccccc2C(=O)c2cc(-c3cccc4c3C(=O)c3ccccc3C4=O)ccc21,38,506.47,1,6,4.34,182665,"1,4-benzoquinone"
O=C1CN(CCCO)C(=O)C2(CSC3=C2C(=O)c2ccccc2C3=O)N1,O=C1CNC(=O)C2(CSC3=C2C(=O)c2ccccc2C3=O)N1,26,372.4,3,4,0.15,24865912,"1,4-benzoquinone"
Cc1coc2c1C(=O)c1ccc3c(c1C2=O)CCCC3(C)CO,O=C1c2ccoc2C(=O)c2c1ccc1c2CCCC1,23,310.35,1,4,2.95,184102,"1,4-benzoquinone"
CCN1CCN(C2=CC(=O)C(Nc3ncnc4cc(OCCOC)c(OC)cc34)=CC2=O)CC1,O=C1C=C(N2CCNCC2)C(=O)C=C1Nc1ncnc2ccccc12,34,467.53,9,4,1.63,11648430,"1,4-benzoquinone"
O=C1c2cccc(Nc3ccccc3)c2C(=O)c2c(Nc3ccccc3)cccc21,O=C1c2cccc(Nc3ccccc3)c2C(=O)c2c(Nc3ccccc3)cccc21,30,390.44,4,5,5.95,76265,anthraquinone
C=CCC1=C(C)C(=O)C(=O)c2ccccc21,O=C1C=Cc2ccccc2C1=O,16,212.25,2,2,2.8,71324670,"1,2-benzoquinone"
O=C1C(=O)c2cccc3c2C(=C1Cl)OCC3n1cc(-c2ccccn2)nn1,O=C1C=C2OCC(n3cc(-c4ccccn4)nn3)c3cccc(c32)C1=O,27,378.78,2,5,2.63,72707861,"1,2-benzoquinone"
CN1CCN(C2=C(Cl)C(=O)C(c3cnc(N4CCCCC4)s3)=C(Cl)C2=O)CC1,O=C1C=C(N2CCNCC2)C(=O)C=C1c1cnc(N2CCCCC2)s1,28,441.38,3,4,2.93,1002249,"1,4-benzoquinone"
Cc1ccc(S(=O)(=O)Oc2ccc(N3CCOCC3)c3c2C(=O)c2ccccc2C3=O)cc1,O=C1c2ccccc2C(=O)c2c(N3CCOCC3)ccc(OS(=O)(=O)c3ccccc3)c21,33,463.51,4,5,3.37,118707338,"1,4-benzoquinone"
CCN1CCN(Cc2nc3c4c(ccc3[nH]2)C(=O)c2ccccc2C4=O)CC1,O=C1c2ccccc2C(=O)c2c1ccc1[nH]c(CN3CCNCC3)nc21,28,374.44,3,5,2.48,53372364,"1,4-naphthoquinone"
CC(C)=CCCC(C)=CCCC(C)=CCCC(C)(O)CCC1=C(C)C(=O)C(C)=C(C)C1=O,O=C1C=CC(=O)C=C1,32,440.67,12,1,7.52,46184405,"1,4-benzoquinone"
COC1C2=C(C(=O)C(=O)C(C(C)C)=C2)C2(C)CCCC(C)(C)C2C1O,O=C1C=CC2=C(C1=O)C1CCCCC1CC2,25,346.47,2,3,3.24,177652800,"1,2-benzoquinone"
O=C(CN1CCCC1)OCc1cc(O)c2c(c1)C(=O)c1cccc(O)c1C2=O,O=C(CN1CCCC1)OCc1ccc2c(c1)C(=O)c1ccccc1C2=O,28,381.38,4,4,2.01,168279531,anthraquinone
COC(=O)CN1CCc2c(oc3c2C(=O)C(=O)c2c-3ccc3c(C)cccc23)C1,O=C1C(=O)c2c(ccc3ccccc23)-c2oc3c(c21)CCNC3,29,389.41,2,5,3.32,172452079,"1,2-benzoquinone"
CCOC(=O)c1c2c(n(CC(=O)c3ccc(Br)cc3)c1C)C(=O)C(=O)c1ccccc1-2,O=C(Cn1ccc2c1C(=O)C(=O)c1ccccc1-2)c1ccccc1,31,480.31,5,4,4.66,1736380,"1,2-naphthoquinone"
CC(C)c1ccc(C2=C(O)c3ccccc3C(=O)C2=O)cc1,O=C1C(=O)c2ccccc2C=C1c1ccccc1,22,292.33,2,3,4.0,749280,"1,2-benzoquinone"
CCC(=O)Nc1cccc(Nc2cc(S(=O)(=O)O)c(N)c3c2C(=O)c2ccccc2C3=O)c1,O=C1c2ccccc2C(=O)c2c(Nc3ccccc3)cccc21,33,465.49,5,4,3.38,174616,"1,4-benzoquinone"
O=C1C(=O)c2cc(Cc3ccccc3)oc2C(Cl)=C1[N+](=O)[O-],O=C1C=Cc2oc(Cc3ccccc3)cc2C1=O,22,317.68,3,3,2.82,14424705,"1,2-benzoquinone"
Cc1ccc2c(c1Cl)C(=O)c1ccccc1C2=O,O=C1c2ccccc2C(=O)c2ccccc21,18,256.69,0,3,3.42,8509,"1,4-benzoquinone"
O=C1C(=O)c2cc(Br)sc2-c2sc(Br)cc21,O=C1C(=O)c2ccsc2-c2sccc21,16,378.07,0,3,4.38,71255711,"1,2-benzoquinone"
CC1=COC2=C(C)C(=O)C(=O)c3c(CO)ccc1c32,O=C1C=C2OC=Cc3cccc(c32)C1=O,19,256.26,1,3,2.07,131851706,"1,2-naphthoquinone"
CN(C)c1ccc2[nH]c3c(C(=O)OCc4ccccc4)cc(=O)c(=O)c=3oc2c1,O=C(OCc1ccccc1)c1cc(=O)c(=O)c2oc3ccccc3[nH]c1=2,29,390.4,4,4,2.63,127040643,"1,2-benzoquinone"
Cc1ccc2c(c1C(=O)CC1CC1C)C(=O)C(=O)C(C(C)C)=C2,O=C1C=Cc2cccc(C(=O)CC3CC3)c2C1=O,23,310.39,4,3,4.03,162876174,"1,2-naphthoquinone"
O=C(NC1=CC(=O)c2ccccc2C1=O)c1ccccc1,O=C(NC1=CC(=O)c2ccccc2C1=O)c1ccccc1,21,277.28,2,3,2.38,4882,"1,4-benzoquinone"
Cc1ccc(C2C3=C(Nc4n[nH]c(-c5ccccc5)c42)c2ccccc2C(=O)C3=O)cc1,O=C1C(=O)c2ccccc2C2=C1C(c1ccccc1)c1c(n[nH]c1-c1ccccc1)N2,32,417.47,2,6,5.12,136264286,"1,2-benzoquinone"
O=C1C=CC(=O)c2cc3ccccc3cc21,O=C1C=CC(=O)c2cc3ccccc3cc21,16,208.22,0,3,2.78,69457,"1,4-benzoquinone"
O=C1C(=O)c2c(oc3c2CCN(C(=O)c2cccnc2)C3)-c2ccccc21,O=C1C(=O)c2c(oc3c2CCN(C(=O)c2cccnc2)C3)-c2ccccc21,27,358.35,1,5,2.92,177653724,"1,2-benzoquinone"
Cc1coc2c1C(=O)C(=O)C1=C2C2(C)CCCC(C)(C)C2CC1,O=C1C(=O)c2ccoc2C2=C1CCC1CCCCC21,23,312.41,0,4,4.73,162993790,"1,2-benzoquinone"
CC(C)C1=C(O)C2=C(C(=O)C1=O)C13CCCC(C)(C)C1CC2OC3=O,O=C1C=CC2=C(C1=O)C13CCCCC1CC2OC3=O,25,344.41,1,5,3.04,131752806,"1,2-benzoquinone"
O=C1C(=O)c2cc(Cn3cc(N4C=CSC4)nn3)oc2-c2ccccc21,O=C1C(=O)c2cc(Cn3cc(N4C=CSC4)nn3)oc2-c2ccccc21,26,364.39,3,5,2.95,177658070,"1,2-benzoquinone"
O=C1C=Cc2cc3c(c(-c4ccc5c(c4)OCO5)c2C1=O)COC3=O,O=C1C=Cc2cc3c(c(-c4ccc5c(c4)OCO5)c2C1=O)COC3=O,25,334.28,1,5,2.53,46231383,"1,2-benzoquinone"
C=C1CCCC2C1(C)CCC(C)C2(C)CC1=C(O)C(NCCc2ccccc2)=CC(=O)C1=O,C=C1CCCC2C(CC3=CC(NCCc4ccccc4)=CC(=O)C3=O)CCCC12,33,447.62,6,4,5.86,14286425,"1,2-benzoquinone"
O=C1C=C(N2CCCC2)c2cc(N3CCCC3)ncc2C1=O,O=C1C=C(N2CCCC2)c2cc(N3CCCC3)ncc2C1=O,22,297.36,2,4,1.88,363440,"1,2-benzoquinone"
CCN1CCN(C(=O)c2cc3c(o2)C(=O)c2ccccc2C3=O)CC1,O=C1c2ccccc2C(=O)c2oc(C(=O)N3CCNCC3)cc21,25,338.36,2,4,1.83,155515077,"1,4-naphthoquinone"
COCCOc1cc2ncnc(NC3=CC(=O)C(OCC(F)F)=CC3=O)c2cc1OC,O=C1C=CC(=O)C(Nc2ncnc3ccccc23)=C1,31,435.38,10,3,2.28,11676434,"1,4-benzoquinone"
O=C1C(Cl)=C(N2CCN(CCOCCO)CC2)C(=O)c2ncccc21,O=C1C=C(N2CCNCC2)C(=O)c2ncccc21,25,365.82,6,3,0.54,378911,"1,4-benzoquinone"
O=C1c2ccccc2C(=O)c2[nH]ccc21,O=C1c2ccccc2C(=O)c2[nH]ccc21,15,197.19,0,3,1.79,12514818,"1,4-naphthoquinone"
O=C(Nc1ccccc1O)c1ccc(C=CC(=O)c2cccc3c2C(=O)c2ccccc2C3=O)cc1,O=C(Nc1ccccc1)c1ccc(C=CC(=O)c2cccc3c2C(=O)c2ccccc2C3=O)cc1,36,473.48,5,5,5.32,145984716,anthraquinone
CCCCCCc1cc2c(C)cc3c(c2oc1=O)C(=O)c1c(OC(C)C)cccc1C3=O,O=C1c2ccccc2C(=O)c2c1ccc1ccc(=O)oc21,32,432.52,7,4,5.79,102111758,"1,4-naphthoquinone"
CCn1nc2c(n1)C(=O)c1cnncc1C2=O,O=C1c2cnncc2C(=O)c2n[nH]nc21,17,229.2,1,3,-0.14,21072878,"1,4-benzoquinone"
CC(C)=CCC(OC(=O)Cc1ccsc1)C1=CC(=O)c2c(O)ccc(O)c2C1=O,O=C(Cc1ccsc1)OCC1=CC(=O)c2ccccc2C1=O,29,412.46,6,3,3.98,71555097,"1,4-benzoquinone"
Cc1cc2c(cc1C)-c1oc(CN3CCC(N4CCN(C)CC4)CC3)c(C)c1C(=O)C2=O,O=C1C(=O)c2cc(CN3CCC(N4CCNCC4)CC3)oc2-c2ccccc21,32,435.57,3,5,3.46,164623178,"1,2-benzoquinone"
CC1CC(C2=C(O)c3ccccc3C(=O)C2=O)Nc2[nH]c(=O)[nH]c(=O)c21,O=C1C(=O)c2ccccc2C=C1C1CCc2c([nH]c(=O)[nH]c2=O)N1,26,353.33,1,4,1.09,137346239,"1,2-naphthoquinone"
COc1ccc(C(=O)C(C(=O)c2ccccc2CCCCF)C2=C(O)c3ccccc3C(=O)C2=O)cc1,O=C1C(=O)c2ccccc2C=C1C(C(=O)c1ccccc1)C(=O)c1ccccc1,37,500.52,10,4,5.4,69573943,"1,2-benzoquinone"
CC(=O)Nc1ccc(OC2=CC(=O)c3cc4ccccc4cc3C2=O)cc1,O=C1C=C(Oc2ccccc2)C(=O)c2cc3ccccc3cc21,27,357.37,3,4,4.14,122185478,"1,4-benzoquinone"
O=C1C(=O)c2nc(-c3ccccc3)oc2-c2ccccc21,O=C1C(=O)c2nc(-c3ccccc3)oc2-c2ccccc21,21,275.26,1,4,3.39,122668123,"1,2-benzoquinone"
Cc1cc(=O)c2c(O)c3c(cc2o1)C(=O)c1cc(O)cc(O)c1C3=O,O=C1c2ccccc2C(=O)c2cc3c(=O)ccoc3cc21,25,338.27,0,4,1.99,9797928,"1,4-benzoquinone"
CC(C)Nc1nnc(SCC(=O)Nc2ccc3c(c2)C(=O)c2ccccc2C3=O)s1,O=C(CSc1nncs1)Nc1ccc2c(c1)C(=O)c1ccccc1C2=O,30,438.53,6,4,3.86,15945322,"1,4-benzoquinone"
COc1cccc2c1C(=O)c1ccc3cc(C)cc(OC4OC(C(=O)O)C(O)C(O)C4O)c3c1C2=O,O=C1c2ccccc2C(=O)c2c1ccc1cccc(OC3CCCCO3)c21,36,494.45,4,5,1.2,71458437,anthraquinone
Cc1cc(O)c2c(c1)C(=O)c1c(O)ccc(OC3OCCC4OCC=C43)c1C2=O,O=C1c2ccccc2C(=O)c2c(OC3OCCC4OCC=C43)cccc21,29,394.38,2,5,2.63,146437,"1,4-benzoquinone"
NCCc1c[nH]c2c(O)c3c(c(O)c12)C(=O)c1ccccc1C3=O,O=C1c2ccccc2C(=O)c2cc3[nH]ccc3cc21,24,322.32,2,4,1.86,44424099,anthraquinone
O=C1C(=O)c2cc(-c3ccsc3)ccc2-c2ccccc21,O=C1C(=O)c2cc(-c3ccsc3)ccc2-c2ccccc21,21,290.34,1,4,4.46,10755924,"1,2-benzoquinone"
O=C1C(Cl)=C(Nc2ccc(O)cc2)C(=O)c2ccccc21,O=C1C=C(Nc2ccccc2)C(=O)c2ccccc21,21,299.71,2,3,3.33,260556,"1,4-benzoquinone"
CCc1c(O)c(O)c2c(c1O)C(O)=C([N+](=O)[O-])C(=O)C2=O,O=C1C=Cc2ccccc2C1=O,21,295.2,2,2,0.63,134835741,"1,2-naphthoquinone"
CC(C)C1=Cc2ncc3c(c2C(=O)C1=O)CCCC3,O=C1C=Cc2ncc3c(c2C1=O)CCCC3,19,255.32,1,3,2.77,14828195,"1,2-benzoquinone"
CC1=C(Nc2ccc(F)c(C(F)(F)F)c2)C(=O)c2ccccc2C1=O,O=C1C=C(Nc2ccccc2)C(=O)c2ccccc21,25,349.28,2,3,4.61,162648326,"1,4-naphthoquinone"
O=C1C(=O)c2ccccc2C2=C1SCC(CN1CCC3(CC1)OCCO3)O2,O=C1C(=O)c2ccccc2C2=C1SCC(CN1CCC3(CC1)OCCO3)O2,27,387.46,2,5,2.09,25263714,"1,2-naphthoquinone"
CC=C1NC(=O)C2=C1C(O)=C(C=CCCC)C(=O)C2=O,C=C1NC(=O)C2=C1C=CC(=O)C2=O,20,273.29,3,2,1.64,156581038,"1,2-benzoquinone"
CC1=CC2=C(C(=O)C1=O)C(C)C(=O)CCC(=O)N2Cc1ccccc1,O=C1CCC(=O)N(Cc2ccccc2)C2=C(C1)C(=O)C(=O)C=C2,25,337.38,2,3,2.37,14190917,"1,2-benzoquinone"
O=C1C=C(NCc2cn(C3=CC(=O)c4ccccc4C3=O)nn2)C(=O)c2ccccc21,O=C1C=C(NCc2cn(C3=CC(=O)c4ccccc4C3=O)nn2)C(=O)c2ccccc21,31,410.39,4,5,2.25,76317759,"1,4-benzoquinone"
COCCOc1cc2ncnc(NC3=CC(=O)C(Oc4cccc(F)c4)=CC3=O)c2cc1OC,O=C1C=C(Oc2ccccc2)C(=O)C=C1Nc1ncnc2ccccc12,34,465.44,9,4,3.21,11662695,"1,4-benzoquinone"
COC12C(COC(N)=O)C3=C(C(=O)C(CSC4=NCCS4)=C(N)C3=O)N1CC1NC12,O=C1C=C(CSC2=NCCS2)C(=O)C2=C1CC1C3NC3CN21,30,451.53,5,5,-0.84,10026825,"1,4-benzoquinone"
O=C(O)CNC(=O)c1ccc2c(c1)C(=O)C(=O)c1ccccc1-2,O=C1C(=O)c2ccccc2-c2ccccc21,23,309.28,3,3,1.55,10804795,"1,2-benzoquinone"
O=C1C(=O)c2ccccc2C(O)=C1Sc1ccc2ccccc2c1,O=C1C(=O)c2ccccc2C=C1Sc1ccc2ccccc2c1,24,332.38,2,4,4.62,315742,"1,2-naphthoquinone"
CC(C)(OC(=O)c1ccccc1)C1Cc2cc3ccc(=O)oc3cc2O1,O=C(OCC1Cc2cc3ccc(=O)oc3cc2O1)c1ccccc1,26,350.37,3,4,3.73,117592470,"1,2-naphthoquinone"
O=C1C(NCCN2CCOCC2)=C(Cl)C(=O)c2ncccc21,O=C1C(NCCN2CCOCC2)=CC(=O)c2ncccc21,22,321.76,4,3,0.83,379078,"1,4-benzoquinone"
CC(C)c1nc2c(s1)C(=O)C(=O)c1cc(NCc3ccc(F)cc3)ccc1-2,O=C1C(=O)c2scnc2-c2ccc(NCc3ccccc3)cc21,27,380.44,4,4,5.06,118216675,"1,2-benzoquinone"
O=C(Nc1ccc(F)cc1)OCC1CSC2=C(O1)c1ccccc1C(=O)C2=O,O=C(Nc1ccccc1)OCC1CSC2=C(O1)c1ccccc1C(=O)C2=O,28,399.4,3,4,3.64,25263715,"1,2-benzoquinone"
COCCC(=CC1=C(Br)C(=O)c2ccccc2C1=O)C(=O)O,O=C1C=CC(=O)c2ccccc21,22,365.18,5,2,2.76,25235472,"1,4-benzoquinone"
C=CC(C1=CC(=O)C(OC)=C(OC)C1=O)c1ccccc1,O=C1C=CC(=O)C(Cc2ccccc2)=C1,21,284.31,5,2,2.54,115019,"1,4-benzoquinone"
COC1=CC(=O)C(C2COc3cc(O)ccc3C2)=CC1=O,O=C1C=CC(=O)C(C2COc3ccccc3C2)=C1,21,286.28,2,3,1.55,332771,"1,4-benzoquinone"
COC1=CC(=O)c2c(ccc3ncnc(N)c23)C1=O,O=C1C=CC(=O)c2c1ccc1ncncc21,19,255.23,1,3,1.12,3711067,"1,4-benzoquinone"
Cn1c(N)c(C2=CC(=O)C(=O)c3ccccc32)c(=O)[nH]c1=S,O=C1C=C(c2c[nH]c(=S)[nH]c2=O)c2ccccc2C1=O,22,313.34,1,3,1.22,132427243,"1,2-naphthoquinone"
O=C1C=CC(=O)c2c1c(-c1ccccc1)nn2-c1ccccc1,O=C1C=CC(=O)c2c1c(-c1ccccc1)nn2-c1ccccc1,23,300.32,2,4,3.47,878805,"1,4-benzoquinone"
O=C1c2cc(O)cc(O)c2C(=O)c2c1cc1c(c2O)C2CCC(O)CC2O1,O=C1c2ccccc2C(=O)c2cc3c(cc21)OC1CCCCC31,27,368.34,0,5,1.97,10429090,anthraquinone
CC1(C)OC2=C(C(=O)C(=O)c3ccccc32)C1n1cc(COC2CCCCO2)nn1,O=C1C(=O)c2ccccc2C2=C1C(n1cc(COC3CCCCO3)nn1)CO2,30,409.44,4,5,2.85,25105622,"1,2-benzoquinone"
Cc1cccc2c3c(ccc12)-c1oc2c(c1C(=O)C3=O)CCN(CCN(C)C)C2,O=C1C(=O)c2c(ccc3ccccc23)-c2oc3c(c21)CCNC3,29,388.47,3,5,3.71,172453137,"1,2-benzoquinone"
CC(C)(O)c1cc2c(o1)-c1ccccc1C(=O)C2=O,O=C1C(=O)c2ccoc2-c2ccccc21,19,256.26,1,3,2.55,10538978,"1,2-benzoquinone"
O=C1c2ccncc2C(=O)c2c(-c3ccc(F)cc3)noc21,O=C1c2ccncc2C(=O)c2c(-c3ccccc3)noc21,22,294.24,1,4,2.65,60165824,"1,4-benzoquinone"
N#CC1=C(C#N)C(=O)C(Br)=C(Br)C1=O,O=C1C=CC(=O)C=C1,14,315.91,0,1,1.48,96899,"1,4-benzoquinone"
O=C1C=CC(c2c[nH]c3ccccc23)=CC1=O,O=C1C=CC(c2c[nH]c3ccccc23)=CC1=O,17,223.23,1,3,2.26,134923817,"1,2-benzoquinone"
CC1OC(c2ccc3c(c2O)C(=O)c2cc(O)c4c(c2C3=O)C(=O)CC(C)(O)C4)CC(O)C1O,O=C1c2cc(C3CCCCO3)ccc2C(=O)c2c1ccc1c2C(=O)CCC1,34,468.46,1,5,1.32,443814,anthraquinone
CC1(C)OC2=C(CC1OC(=O)CCC(=O)N1CCOCC1)C(=O)C(=O)c1ccccc12,O=C(CCC(=O)N1CCOCC1)OC1COC2=C(C1)C(=O)C(=O)c1ccccc12,31,427.45,4,4,1.91,22899241,"1,2-naphthoquinone"
O=C1c2c(O)ccc(O)c2C(=O)c2c(NCCNCCO)ccc(NCCNCO)c21,O=C1c2ccccc2C(=O)c2ccccc21,31,430.46,11,3,-0.18,44275839,"1,4-benzoquinone"
O=C1C=C(N=Cc2ccccc2Cl)c2ccccc2C1=O,O=C1C=C(N=Cc2ccccc2)c2ccccc2C1=O,21,295.73,2,3,3.57,76312735,"1,2-benzoquinone"
CC=CCOC1=CC(=O)C(=O)c2ccccc21,O=C1C=Cc2ccccc2C1=O,17,228.25,3,2,2.39,21831641,"1,2-naphthoquinone"
CCOC(=O)c1cc2c([nH]1)-c1nc(C(=O)OC)cc(C(=O)OC)c1C(=O)C2=O,O=C1C(=O)c2cc[nH]c2-c2ncccc21,28,386.32,4,3,1.21,14916691,"1,2-benzoquinone"
CC(C)(C)c1cc2c(o1)C(=O)C(=O)c1cc3cccc(O)c3c(O)c1-2,O=C1C(=O)c2occc2-c2cc3ccccc3cc21,25,336.34,0,4,4.19,129799238,"1,2-naphthoquinone"
CC(COC(=O)c1ccccc1)CC1=C(O)c2ccccc2C(=O)C1=O,O=C1C(=O)c2ccccc2C=C1CCCOC(=O)c1ccccc1,26,350.37,5,3,3.6,11450946,"1,2-benzoquinone"
O=C(Nc1nc2ccccc2[nH]1)c1ccc(CNC2=C(Cl)C(=O)c3ccccc3C2=O)cc1,O=C(Nc1nc2ccccc2[nH]1)c1ccc(CNC2=CC(=O)c3ccccc3C2=O)cc1,33,456.89,5,5,4.43,126485541,"1,4-naphthoquinone"
O=C1C=C(O)C(C2CCCCC2)=CC1=O,O=C1C=CC(C2CCCCC2)=CC1=O,15,206.24,1,2,2.09,19890548,"1,2-benzoquinone"
O=C1C(=O)c2cc(F)sc2C2=C1CC(F)S2,O=C1C(=O)c2ccsc2C2=C1CCS2,16,258.27,0,3,2.8,68266829,"1,2-benzoquinone"
O=C1C2=C(OC(c3ccccc3)C2)C(=O)c2ccccc21,O=C1C2=C(OC(c3ccccc3)C2)C(=O)c2ccccc21,21,276.29,1,4,3.48,14841863,"1,4-naphthoquinone"
CC1=COC2=C(C)C(=O)C(=O)c3c(C)ccc1c32,O=C1C=C2OC=Cc3cccc(c32)C1=O,18,240.26,0,3,2.88,94304,"1,2-benzoquinone"
CCc1coc2c1C(=O)C(=O)c1cc(C)ccc1-2,O=C1C(=O)c2ccoc2-c2ccccc21,18,240.26,1,3,3.2,137632568,"1,2-benzoquinone"
CCCC(=O)c1cc2c(cc1C)C(=O)C(=O)c1c(O)cccc1-2,O=C1C(=O)c2ccccc2-c2ccccc21,23,308.33,3,3,3.73,146682114,"1,2-benzoquinone"
O=C1C=C(O)c2c(O)cc(O)c(C3=C(O)c4c(O)cc(O)cc4C(=O)C3=O)c2C1=O,O=C1C=Cc2cccc(C3=Cc4ccccc4C(=O)C3=O)c2C1=O,30,410.29,1,4,1.37,25164057,"1,2-benzoquinone"
O=C1CC(c2ccc(Cl)cc2Cl)C2=C(N1)c1ccccc1C(=O)C2=O,O=C1CC(c2ccccc2)C2=C(N1)c1ccccc1C(=O)C2=O,25,372.21,1,4,3.77,162675695,"1,2-benzoquinone"
COC1=CC(=O)c2c(cc3c4c(cc5c(c24)OCO5)CCN3C)C1=O,O=C1C=CC(=O)c2c1cc1c3c(cc4c(c23)OCO4)CCN1,25,337.33,1,5,2.47,10688313,"1,4-naphthoquinone"
CC12CCC(=O)c3coc(c31)C(=O)c1cc3c(cc12)C(=O)C1=C(C3=O)S(=O)(=O)CCN1,O=C1C2=C(C(=O)c3cc4c(cc31)C1CCC(=O)c3coc(c31)C4=O)S(=O)(=O)CCN2,31,437.43,0,6,1.72,11510416,"1,4-naphthoquinone"
O=C1C(=O)c2ccccc2C(O)=C1CCCC1CCC(C2CCCCC2)CC1,O=C1C(=O)c2ccccc2C=C1CCCC1CCC(C2CCCCC2)CC1,28,380.53,5,4,6.28,4191965,"1,2-naphthoquinone"
O=C1C(=O)c2ccccc2C(O)=C1CC=C1CCCCC1,O=C1C(=O)c2ccccc2C=C1CC=C1CCCCC1,21,282.34,2,3,4.0,280567,"1,2-naphthoquinone"
O=C1C(=O)c2cccnc2C(O)=C1CCCCc1ccccc1,O=C1C(=O)c2cccnc2C=C1CCCCc1ccccc1,23,307.35,5,3,3.53,304449,"1,2-benzoquinone"
O=C1C(=O)c2ccccc2C2=C1SCC1(CCN(CCc3ccccc3)CC1)O2,O=C1C(=O)c2ccccc2C2=C1SCC1(CCN(CCc3ccccc3)CC1)O2,29,405.52,3,5,3.96,23654705,"1,2-naphthoquinone"
COC1=C(c2ccc(OC)cc2)C(=O)C(=O)C(c2ccc(OC)cc2)=C1OC,O=C1C(=O)C(c2ccccc2)=CC=C1c1ccccc1,28,380.4,6,3,3.27,122211328,"1,2-benzoquinone"
CC1(CO)CCCC2c3cc4c(cc3C=CC21)C(=O)C=CC4=O,O=C1C=CC(=O)c2cc3c(cc21)C=CC1CCCCC31,23,308.38,1,4,3.53,57400936,"1,4-naphthoquinone"
O=C1C(=O)c2ccccc2C(O)=C1CC1=C(O)c2cccc(O)c2C(=O)C1=O,O=C1C(=O)c2ccccc2C=C1CC1=Cc2ccccc2C(=O)C1=O,28,376.32,2,4,2.55,155908582,"1,2-naphthoquinone"
O=C(O)CCC(=O)C1=CC=C(c2ccc3c(c2)C(F)(F)C3(F)F)C(=O)C1=O,O=C1C=CC=C(c2ccc3c(c2)CC3)C1=O,27,382.26,5,3,2.78,88108220,"1,2-benzoquinone"
O=C1C(c2ccc(O)c(O)c2)=C(O)C(=O)c2c1oc1cc(O)c(O)cc21,O=C1C(c2ccccc2)=CC(=O)c2c1oc1ccccc21,26,354.27,1,4,2.6,137185900,"1,4-benzoquinone"
CC(=O)N1CCN(c2c(F)cc3c(=O)c(C(=O)C=CC4=CC(=O)C(=O)C=C4)cn(CCF)c3c2F)CC1,O=C1C=CC(C=CC(=O)c2c[nH]c3cc(N4CCNCC4)ccc3c2=O)=CC1=O,37,513.47,6,4,2.29,161607122,"1,2-benzoquinone"
CN1C(=O)C2(C3=C(Nc4nnnn42)c2ccccc2C(=O)C3=O)c2cccc(F)c21,O=C1C(=O)c2ccccc2C2=C1C1(C(=O)Nc3ccccc31)n1nnnc1N2,30,402.35,0,6,1.13,155515941,"1,2-benzoquinone"
COc1ccc(OC)c(NC2C3=C(OC2(C)C)c2ccccc2C(=O)C3=O)c1,O=C1C(=O)c2ccccc2C2=C1C(Nc1ccccc1)CO2,28,379.41,4,4,3.47,44627493,"1,2-benzoquinone"
CC(C)C1=CC(=O)c2c(ccc3c2CCCC3(C)C)C1=O,O=C1C=CC(=O)c2c1ccc1c2CCCC1,21,282.38,1,3,4.26,9971020,"1,4-benzoquinone"
C=C(C)CCC(=O)c1c(C)ccc2c1C(=O)C(=O)C(C(C)C)=C2,O=C1C=Cc2ccccc2C1=O,23,310.39,5,2,4.34,11983338,"1,2-benzoquinone"
COc1cc(OC)c2c(c1)-c1cc(OC)cc(OC)c1C(=O)C2=O,O=C1C(=O)c2ccccc2-c2ccccc21,24,328.32,4,3,2.77,102205462,"1,2-naphthoquinone"
CC1OC2CC(=O)OC2c2c(O)c3c(c(O)c21)C(=O)C1=C(C3=O)C2CC(O)C1(O)C(C)O2,O=C1CC2OCc3cc4c(cc3C2O1)C(=O)C1=C(C4=O)C2CCC1OC2,32,444.39,0,7,0.5,49787012,"1,4-benzoquinone"
COc1c2c(c(O)c3c1C(=O)c1c(O)cccc1C3=O)-c1c(cc3c(c1O)C(=O)OC(C)C3)CC2,O=C1OCCc2cc3c(cc21)-c1cc2c(cc1CC3)C(=O)c1ccccc1C2=O,35,472.45,1,6,3.45,145971026,anthraquinone
O=C1C(=O)c2c(nc3ncnn3c2-c2cccs2)-c2ccccc21,O=C1C(=O)c2c(nc3ncnn3c2-c2cccs2)-c2ccccc21,24,332.34,1,5,2.9,71817374,"1,2-benzoquinone"
COc1cccc2c1C(=O)c1c(OC)cc(C(=O)O)cc1C2=O,O=C1c2ccccc2C(=O)c2ccccc21,23,312.28,3,3,2.18,9972777,anthraquinone
O=C1C=C(C2=CC(=C3C=CC=C(F)N3O)ON2)C=C([N+](=O)[O-])C1=O,O=C1C=CC(C2=CC(=C3C=CC=CN3)ON2)=CC1=O,24,333.23,2,3,0.93,67037004,"1,2-benzoquinone"
O=C1C=Cc2c(ccc3cc4ccc5cc(O)ccc5c4cc23)C1=O,O=C1C=Cc2c(ccc3cc4ccc5ccccc5c4cc23)C1=O,25,324.34,0,5,4.63,10853409,"1,2-naphthoquinone"
O=C1CCC2(CC1)CSC1=C(O2)c2ccccc2C(=O)C1=O,O=C1CCC2(CC1)CSC1=C(O2)c2ccccc2C(=O)C1=O,22,314.36,0,4,2.77,57661926,"1,2-naphthoquinone"
Cc1ccc(Nc2cccc3c2C(=O)c2ccccc2C3=O)cc1,O=C1c2ccccc2C(=O)c2c(Nc3ccccc3)cccc21,24,313.36,2,4,4.51,76264,anthraquinone
O=Cc1ccc(F)cc1OCc1cn(Cc2ccc3c(c2)C(=O)c2ccccc2C3=O)nn1,O=C1c2ccccc2C(=O)c2cc(Cn3cc(COc4ccccc4)nn3)ccc21,33,441.42,6,5,3.63,137631767,anthraquinone
COC(=O)C=C(CC1=C(CCC(=O)CC2(C)OCCO2)C(=O)c2ccccc2C1=O)OC,O=C(CCC1=CC(=O)c2ccccc2C1=O)CC1OCCO1,32,442.46,9,3,2.96,168270251,"1,4-naphthoquinone"
CC(OC(=O)CCCC(=O)O)c1cc2c(s1)C(=O)c1sccc1C2=O,O=C1c2ccsc2C(=O)c2sccc21,25,378.43,6,3,3.44,11523727,"1,4-benzoquinone"
O=C1C(=O)c2ccccc2C2=C1OCCS2,O=C1C(=O)c2ccccc2C2=C1OCCS2,16,232.26,0,3,1.88,25054768,"1,2-benzoquinone"
COC1=C(C(C)C)C(=O)c2c(O)cc3c(c2C1=O)C=CC(=O)C3(C)C,O=C1C=Cc2c(ccc3c2C(=O)C=CC3=O)C1,25,340.38,2,3,3.2,177257,"1,4-benzoquinone"
O=C1C(=O)c2cnsc2C(Cl)=C1Cl,O=C1C=Cc2sncc2C1=O,13,234.06,0,2,2.05,85837786,"1,2-benzoquinone"
Cc1ccc(S(=O)(=O)Nc2ccc3c(c2)C(=O)C(=O)c2ccccc2-3)cc1,O=C1C(=O)c2cc(NS(=O)(=O)c3ccccc3)ccc2-c2ccccc21,27,377.42,3,4,3.84,10667311,"1,2-benzoquinone"
CCc1cccc2c1C(=O)C(=O)C(C(C)C)=C2,O=C1C=Cc2ccccc2C1=O,17,228.29,2,2,3.05,44291914,"1,2-benzoquinone"
O=C1C=C(N2CCCC2)C(N2CCCC2)=CC1=O,O=C1C=C(N2CCCC2)C(N2CCCC2)=CC1=O,18,246.31,2,3,1.1,14974916,"1,2-benzoquinone"
CCCC1CC(=O)NC2=C1C(=O)C(=O)c1ccccc12,O=C1CCC2=C(N1)c1ccccc1C(=O)C2=O,20,269.3,2,3,2.1,162671720,"1,2-benzoquinone"
CN(Cc1ccc(F)cc1)C(=O)c1ccc(-c2cc(C3=C(N4CC4)C(=O)C=C(N4CC4)C3=O)no2)s1,O=C1C=C(N2CC2)C(=O)C(c2cc(-c3ccc(C(=O)NCc4ccccc4)s3)on2)=C1N1CC1,36,504.54,7,6,3.19,127045075,"1,4-benzoquinone"
Cc1nc2c([nH]1)C(=O)C(Cl)=C(Nc1ccc(C(F)(F)F)cc1)C2=O,O=C1C(Nc2ccccc2)=CC(=O)c2[nH]cnc21,24,355.7,2,3,3.68,44345297,"1,4-benzoquinone"
O=C1C(=O)c2nc(-c3ccc(C(=O)c4c(F)c(F)c(F)c(F)c4F)s3)sc2-c2sc(-c3cccs3)nc21,O=C(c1ccccc1)c1ccc(-c2nc3c(s2)-c2sc(-c4cccs4)nc2C(=O)C3=O)s1,37,580.56,4,6,7.03,89408350,"1,2-benzoquinone"
O=C1C(=O)c2ccccc2C(O)=C1C1=C(O)c2ccccc2C(=O)C1=O,O=C1C(=O)c2ccccc2C=C1C1=Cc2ccccc2C(=O)C1=O,26,346.29,1,4,2.46,736158,"1,2-benzoquinone"
COc1c(F)cc(C(=O)c2coc3c2C(=O)C(=O)C(C)=C3Br)cc1F,O=C1C=Cc2occ(C(=O)c3ccccc3)c2C1=O,25,411.15,3,3,3.69,91226465,"1,2-benzoquinone"
O=C1C(=O)c2ccccc2C2=C1SCC1(CCN(CC3CCCCO3)CC1)O2,O=C1C(=O)c2ccccc2C2=C1SCC1(CCN(CC3CCCCO3)CC1)O2,28,399.51,2,5,3.29,57661885,"1,2-naphthoquinone"
COC(=O)CNCC(=O)Nc1cccc2c1C(=O)c1c(NC(=O)CNCC(=O)OC)cccc1C2=O,O=C1c2ccccc2C(=O)c2ccccc21,36,496.48,10,3,-0.14,46244613,anthraquinone
O=C(c1ccccc1)c1cccc2ooc12,O=C(c1ccccc1)c1cccc2ooc12,16,212.2,2,3,3.26,129629127,"1,2-benzoquinone"
O=C1c2c(O)ccc(O)c2C(=O)c2c(NCCCN(CCO)CCO)ccc(NCCCN(CCO)CCO)c21,O=C1c2ccccc2C(=O)c2ccccc21,40,560.65,18,3,0.05,11421632,"1,4-benzoquinone"
O=C(NC(=S)Nc1ccc2c(c1)C(=O)c1ccccc1C2=O)c1ccc(F)cc1,O=C(NC(=S)Nc1ccc2c(c1)C(=O)c1ccccc1C2=O)c1ccccc1,29,404.42,2,4,3.73,3479361,anthraquinone
COc1ccc(C2CC(=O)NC3=C2C(=O)C(=O)c2ccccc23)cc1O,O=C1CC(c2ccccc2)C2=C(N1)c1ccccc1C(=O)C2=O,26,349.34,2,4,2.18,162670152,"1,2-benzoquinone"
O=C1C(=O)c2ccccc2C(O)=C1C(NCc1ccco1)c1ccccc1O,O=C1C(=O)c2ccccc2C=C1C(NCc1ccco1)c1ccccc1,28,375.38,5,4,3.55,44140091,"1,2-benzoquinone"
N#CC1=CC=CC(=O)C1=O,O=C1C=CC=CC1=O,10,133.11,0,1,0.14,19848437,"1,2-benzoquinone"
O=C(CN1CCCC1)Nc1ccc2c(c1)C(=O)c1cc(NC(=O)CN3CCCC3)ccc1C2=O,O=C(CN1CCCC1)Nc1ccc2c(c1)C(=O)c1cc(NC(=O)CN3CCCC3)ccc1C2=O,34,460.53,6,5,2.53,44568667,"1,4-benzoquinone"
O=C(CN1CCCCC1)Nc1ccc2c(c1)C(=O)c1ccc(NC(=O)CN3CCCCC3)cc1C2=O,O=C(CN1CCCCC1)Nc1ccc2c(c1)C(=O)c1ccc(NC(=O)CN3CCCCC3)cc1C2=O,36,488.59,6,5,3.31,44339359,anthraquinone
COc1cc(OC)c2c(c1OC)C(O)=C(CC(C)OC(C)=O)C(=O)C2=O,O=C1C=Cc2ccccc2C1=O,26,364.35,6,2,2.09,90477921,"1,2-benzoquinone"
O=C1c2ccccc2C(=O)c2c(O)c(OC3OC(COC4OCC(O)C(O)C4O)C(O)C(O)C3O)cc(O)c21,O=C1c2ccccc2C(=O)c2cc(OC3CCCC(COC4CCCCO4)O3)ccc21,39,550.47,5,5,-2.48,134715232,anthraquinone
CC(=O)N(C1=C(N2CCCCCC2)C(=O)c2ccccc2C1=O)C1CCCCC1,O=C1C(NC2CCCCC2)=C(N2CCCCCC2)C(=O)c2ccccc21,29,394.52,3,4,4.33,3456979,"1,4-benzoquinone"
COC1=C(N)C(=O)c2c(ccnc2-c2ccccc2)C1=O,O=C1C=CC(=O)c2c1ccnc2-c1ccccc1,21,280.28,2,3,1.94,15696680,"1,4-benzoquinone"
CC1(C)OC2=C(C(=O)C(=O)c3ccccc32)C1Nc1ccccc1,O=C1C(=O)c2ccccc2C2=C1C(Nc1ccccc1)CO2,24,319.36,2,4,3.45,11702479,"1,2-benzoquinone"
O=C1C=CC(C=CC(=O)c2c(O)ccc(O)c2C(=O)C=Cc2ccc(O)c(O)c2)=CC1=O,O=C1C=CC(C=CC(=O)c2ccccc2C(=O)C=Cc2ccccc2)=CC1=O,32,432.38,6,3,2.78,91327719,"1,2-benzoquinone"
O=C1C(=O)c2c(oc3cc(O)c(O)cc23)-c2oc3cc(O)c(O)cc3c21,O=C1C(=O)c2c(oc3ccccc23)-c2oc3ccccc3c21,26,352.25,0,5,3.05,136347029,"1,2-benzoquinone"
COc1cc2c(cc1OC)C(=O)c1c(ccc(C)c1O)C2=O,O=C1c2ccccc2C(=O)c2ccccc21,22,298.29,2,3,2.49,100966762,anthraquinone
COc1ccc(NC2=C(C)C(=O)c3ccccc3C2=O)cc1,O=C1C=C(Nc2ccccc2)C(=O)c2ccccc21,22,293.32,3,3,3.46,12485209,"1,4-benzoquinone"
COC1=CC(=O)C(=O)C(CCCCCCCCCCO)=C1OC,O=C1C=CC=CC1=O,23,324.42,12,1,3.07,137651602,"1,2-benzoquinone"
CC1=C(CCCC(=O)NCCc2ccc(O)cc2)C(=O)c2ccccc2C1=O,O=C(CCCC1=CC(=O)c2ccccc2C1=O)NCCc1ccccc1,28,377.44,7,3,3.62,142457331,"1,4-benzoquinone"
O=C1C=CC(=O)c2c1ccc1c2c(=O)[nH]c2ccc(Cl)cc21,O=C1C=CC(=O)c2c1ccc1c2c(=O)[nH]c2ccccc21,22,309.71,0,4,3.27,137633618,"1,4-benzoquinone"
O=C1C=Cc2ccc3ccoc3c2C1=O,O=C1C=Cc2ccc3ccoc3c2C1=O,15,198.18,0,3,2.21,122597,"1,2-benzoquinone"
COc1cc2oc(=O)c3cc(C)c(O)c4c(=O)c(=O)c(c1O)c2c34,O=c1c(=O)c2cccc3c(=O)oc4cccc1c4c32,24,326.26,1,4,1.42,162915403,"1,2-benzoquinone"
Cn1c(CCc2ccc(F)cc2)nc2c1C(=O)C(=O)c1ccccc1-2,O=C1C(=O)c2[nH]c(CCc3ccccc3)nc2-c2ccccc21,25,334.35,3,4,3.39,123313717,"1,2-benzoquinone"
CC(C)(CO)C1CCC(C2=C(O)c3ccccc3C(=O)C2=O)CC1,O=C1C(=O)c2ccccc2C=C1C1CCCCC1,24,328.41,3,3,3.55,127009,"1,2-benzoquinone"
CC1=CC2=C(CO1)C(=O)c1ccccc1C2=O,O=C1C2=C(COC=C2)C(=O)c2ccccc21,17,226.23,0,3,2.3,21609098,"1,4-naphthoquinone"
CNc1ccc2[nH]c3c(C(=O)O)c(-c4ccc(F)cc4)c(=O)c(=O)c=3oc2c1,O=c1c(-c2ccccc2)cc2[nH]c3ccccc3oc=2c1=O,28,380.33,3,4,2.75,70829221,"1,2-benzoquinone"
O=C1c2ccccc2C(=O)c2c(SSc3cccc4c3C(=O)c3ccccc3C4=O)cccc21,O=C1c2ccccc2C(=O)c2c(SSc3cccc4c3C(=O)c3ccccc3C4=O)cccc21,34,478.55,3,6,6.04,273770,anthraquinone
O=C1C(=O)c2cc3ccc4ccccc4c3cc2-c2ccccc21,O=C1C(=O)c2cc3ccc4ccccc4c3cc2-c2ccccc21,24,308.34,0,5,5.04,624512,"1,2-naphthoquinone"
O=C(CCN1CCCCC1CCO)Nc1cccc2c1C(=O)c1ccccc1C2=O,O=C(CCN1CCCCC1)Nc1cccc2c1C(=O)c1ccccc1C2=O,30,406.48,6,4,3.03,188684,anthraquinone
O=C1C=C(c2ccco2)C(=O)c2ccccc21,O=C1C=C(c2ccco2)C(=O)c2ccccc21,17,224.21,1,3,2.74,12631764,"1,4-benzoquinone"
CC12Cc3cc4c(c(O)c3C(=O)N1C(C(=O)O)CO2)-c1c(cc2c(c1O)C(=O)c1cccc(O)c1C2=O)CC4,O=C1c2ccccc2C(=O)c2cc3c(cc21)CCc1cc2c(cc1-3)C(=O)N1CCOC1C2,39,527.49,1,7,2.54,10792244,anthraquinone
Cc1ccc(CNc2cccc3c2C(F)(C=O)c2cc4ooc4cc2O3)s1,c1csc(CNc2cccc3c2Cc2cc4ooc4cc2O3)c1,27,383.4,4,5,5.53,143657234,"1,2-benzoquinone"
CC1=C(N2CC2)C(=O)c2c([nH]c3c2CCC3O)C1=O,O=C1C=C(N2CC2)C(=O)c2c1[nH]c1c2CCC1,19,258.28,1,4,0.96,10015367,"1,4-benzoquinone"
COC1=CC(=O)c2c(cc3oc4cc(OC)cc(C)c4c(=O)c3c2O)C1=O,O=C1C=CC(=O)c2cc3c(=O)c4ccccc4oc3cc21,27,366.33,2,4,2.88,44419567,"1,4-naphthoquinone"
O=C1C(=O)c2c(oc(-c3ccccc3)cc2=O)C=C1O,O=C1C=Cc2oc(-c3ccccc3)cc(=O)c2C1=O,20,268.22,1,3,1.97,136630925,"1,2-benzoquinone"
O=C1C=Cc2cc3cc4c(cc3cc2C1=O)CCCC4,O=C1C=Cc2cc3cc4c(cc3cc2C1=O)CCCC4,20,262.31,0,4,3.5,20440819,"1,2-naphthoquinone"
CSc1c2c3c(n1C)C(=O)C(=O)C(Cl)=C3NCC2,O=C1C=C2NCCc3c[nH]c(c32)C1=O,18,282.75,1,3,1.57,180158,"1,2-benzoquinone"
CC(=O)Nc1ccc(Nc2ccc(Nc3ccc(NC(C)=O)cc3)c3c2C(=O)c2ccccc2C3=O)cc1,O=C1c2ccccc2C(=O)c2c(Nc3ccccc3)ccc(Nc3ccccc3)c21,38,504.55,6,5,5.87,5490756,"1,4-naphthoquinone"
O=C1C(=O)c2ccc(-c3ccccc3)cc2C2=C1SCC1(CCN(CC(O)COc3ccc(F)cc3)CC1)O2,O=C1C(=O)c2ccc(-c3ccccc3)cc2C2=C1SCC1(CCN(CCCOc3ccccc3)CC1)O2,39,545.63,6,6,4.96,57661893,"1,2-benzoquinone"
CCOC(=O)C(CC(=O)c1cccc2c1C(=O)c1ccccc1C2=O)=NNC(=S)NCc1cccs1,O=C(CC=NNC(=S)NCc1cccs1)c1cccc2c1C(=O)c1ccccc1C2=O,36,519.6,8,4,3.68,71699192,anthraquinone
Cc1cc(C)cc(OCC(=O)Nc2ccc3c(c2)C(=O)c2ccccc2C3=O)c1,O=C(COc1ccccc1)Nc1ccc2c(c1)C(=O)c1ccccc1C2=O,29,385.42,4,4,4.1,12004517,anthraquinone
O=C1c2ccccc2C(=O)c2cc(Br)ccc21,O=C1c2ccccc2C(=O)c2ccccc21,17,287.11,0,3,3.22,221013,"1,4-benzoquinone"
O=C(C=CC=Cc1ccc2c(c1)OCO2)N1CCCCC1,O=C(C=CC=Cc1ccc2c(c1)OCO2)N1CCCCC1,21,285.34,3,3,3.0,117592445,"1,2-naphthoquinone"
CC12CCCC3(COC1=O)CC1=C(C=CC32)C(O)=CC(=O)C1=O,O=C1C=CC2=C(CC34CCCC(C(=O)OC3)C4C=C2)C1=O,23,314.34,0,4,2.19,171343677,"1,2-benzoquinone"
CCCC(=O)NC1=C(Cl)C(=O)c2ccccc2C1=O,O=C1C=CC(=O)c2ccccc21,19,277.71,3,2,2.43,276685,"1,4-benzoquinone"
CC1(C)CCC2=C(O1)c1ccc(F)cc1C(=O)C2=O,O=C1C(=O)c2ccccc2C2=C1CCCO2,19,260.26,0,3,2.89,122194751,"1,2-benzoquinone"
CN(C1=CC(=O)C(=O)c2ccccc21)c1ccc(C#N)cc1,O=C1C=C(Nc2ccccc2)c2ccccc2C1=O,22,288.31,2,3,2.8,145985471,"1,2-benzoquinone"
COc1cc(O)c2c(c1)C(=O)c1cc(C)c(C(=O)OCC3OC(O)C(O)C(O)C3O)cc1C2=O,O=C(OCC1CCCCO1)c1ccc2c(c1)C(=O)c1ccccc1C2=O,34,474.42,4,4,-0.56,118714204,"1,4-naphthoquinone"
O=C1C(Cl)=C(Nc2ccc(S(=O)(=O)Nc3ccccn3)cc2)C(=O)c2ccccc21,O=C1C=C(Nc2ccc(S(=O)(=O)Nc3ccccn3)cc2)C(=O)c2ccccc21,30,439.88,5,4,3.82,239794,"1,4-benzoquinone"
CCC(C)C(=O)OCC(C)(C)CC1=C(O)c2ccccc2C(=O)C1=O,O=C1C=Cc2ccccc2C1=O,25,344.41,6,2,3.73,45487240,"1,2-benzoquinone"
CC(C)OC1=CC(=O)C(=O)c2c(NS(=O)(=O)C(F)(F)F)cccc21,O=C1C=Cc2ccccc2C1=O,24,363.31,4,2,2.48,129251332,"1,2-benzoquinone"
O=C(Nc1cccc2c1C(=O)c1ccccc1C2=O)c1ccc(-c2ccccc2)cc1,O=C(Nc1cccc2c1C(=O)c1ccccc1C2=O)c1ccc(-c2ccccc2)cc1,31,403.44,3,5,5.38,80023,"1,4-benzoquinone"
COCCOc1cc2ncnc(NC3=CC(=O)C(N4CC(C)OC4=O)=CC3=O)c2cc1OC,O=C1C=C(N2CCOC2=O)C(=O)C=C1Nc1ncnc2ccccc12,33,454.44,8,4,1.84,11683901,"1,4-benzoquinone"
O=C1C(Cl)=C(N2CCOCC2)C(=O)C(Cl)=C1N1CCOCC1,O=C1C=C(N2CCOCC2)C(=O)C=C1N1CCOCC1,22,347.2,2,3,0.7,96149,"1,4-benzoquinone"
Cc1c(C(=O)N2CCC(N)C2)c2c(n1C)C(=O)c1c(c(O)c3ccccc3c1O)C2=O,O=C1c2cc3ccccc3cc2C(=O)c2c(C(=O)N3CCCC3)c[nH]c21,31,419.44,1,5,1.85,162643150,"1,4-naphthoquinone"
CC(=O)N(C1=C(Cl)C(=O)c2ccccc2C1=O)C1CCCCC1,O=C1C=C(NC2CCCCC2)C(=O)c2ccccc21,23,331.8,2,3,3.7,282594,"1,4-benzoquinone"
CC(CCC1=C(O)c2ccccc2C(=O)C1=O)C1CCCCC1,O=C1C(=O)c2ccccc2C=C1CCCC1CCCCC1,23,312.41,4,3,4.72,502604,"1,2-benzoquinone"
COC(=O)c1ccc2c(n1)C(=O)C1=C(C2=O)S(=O)(=O)CCN1,O=C1C2=C(NCCS2(=O)=O)C(=O)c2ncccc21,22,322.3,1,3,-0.52,11602219,"1,4-benzoquinone"
COc1cccc(C=CC(=O)OCc2cc(O)c3c(c2)C(=O)c2cccc(O)c2C3=O)c1OC,O=C(C=Cc1ccccc1)OCc1ccc2c(c1)C(=O)c1ccccc1C2=O,34,460.44,6,4,3.65,73054441,anthraquinone
COC1=C(c2c(O)ccc3c2ccc2cc(OC)c(O)c(OC)c23)c2ccc3cc(O)ccc3c2C(=O)C1=O,O=C1C=C(c2cccc3c2ccc2ccccc23)c2ccc3ccccc3c2C1=O,39,522.51,4,6,5.45,127029186,"1,2-benzoquinone"
O=C(CCc1ccccc1)Sc1nc2c3c(ccc2[nH]1)C(=O)c1ccccc1C3=O,O=C(CCc1ccccc1)Sc1nc2c3c(ccc2[nH]1)C(=O)c1ccccc1C3=O,30,412.47,4,5,4.59,53358305,anthraquinone
O=C1c2ccccc2-c2onc3ccc(N4CCOCC4)c1c23,O=C1c2ccccc2-c2onc3ccc(N4CCOCC4)c1c23,23,306.32,1,5,2.88,776368,anthraquinone
Cc1cc(O)cc2c1C(=O)c1ccccc1C2=O,O=C1c2ccccc2C(=O)c2ccccc21,18,238.24,0,3,2.48,85989103,anthraquinone
COC1=CC(=O)C(=O)C(CC=C(C)CCC=C(C)C)=C1OC,O=C1C=CC=CC1=O,22,304.39,7,1,3.65,118734025,"1,2-benzoquinone"
O=C1c2ccccc2C(=O)c2c1ccc1[nH]c(SC(=O)N3CCOCC3)nc21,O=C1c2ccccc2C(=O)c2c1ccc1[nH]c(SC(=O)N3CCOCC3)nc21,28,393.42,1,5,2.88,53358303,anthraquinone
CC(C)(F)c1nc2c([nH]1)C(=O)C(=O)c1ccccc1-2,O=C1C(=O)c2[nH]cnc2-c2ccccc21,19,258.25,1,3,2.66,167682372,"1,2-naphthoquinone"
CC(=O)NC1=C(O)c2ccccc2C(=O)C1=O,O=C1C=Cc2ccccc2C1=O,17,231.21,1,2,0.81,278374,"1,2-benzoquinone"
CC1=C(O)C(C2=C(CCc3ccccc3)C(=O)C(=O)C(C)=C2O)=C(CCc2ccccc2)C(=O)C1=O,O=C1C=CC(C2=C(CCc3ccccc3)C(=O)C(=O)C=C2)=C(CCc2ccccc2)C1=O,36,482.53,7,4,4.81,53381031,"1,2-benzoquinone"
O=C1c2ccccc2C(=O)c2c1cccc2C1=CCN(C(=O)OCc2ccccc2)CC1,O=C1c2ccccc2C(=O)c2c1cccc2C1=CCN(C(=O)OCc2ccccc2)CC1,32,423.47,3,5,4.89,154697566,anthraquinone
CC1=C(O)C(=O)C(C2=C(O)C(=O)C(C)=C(O)C2=O)=C(O)C1=O,O=C1C=CC(=O)C(C2=CC(=O)C=CC2=O)=C1,22,306.23,1,2,0.58,135426831,"1,4-benzoquinone"
CSCCCNC1=CC(=O)C(=O)C(CC2(C)C(C)CCC3(C)C(C)=CCCC32)=C1O,O=C1C=CC=C(CC2CCCC3C=CCCC32)C1=O,30,431.64,7,3,5.37,76328401,"1,2-benzoquinone"
CC1=CC(=O)c2c(ccc(-c3ccc4c(c3O)C(=O)C=C(C)C4=O)c2O)C1=O,O=C1C=CC(=O)c2cc(-c3ccc4c(c3)C(=O)C=CC4=O)ccc21,28,374.35,1,4,3.42,146680,"1,4-benzoquinone"
O=C1CCCc2nc(-c3ccco3)c3c(c21)C(=O)C=C(Nc1ccccc1)C3=O,O=C1CCCc2nc(-c3ccco3)c3c(c21)C(=O)C=C(Nc1ccccc1)C3=O,29,384.39,3,5,4.24,53376052,"1,4-benzoquinone"
COC1=Cc2coc(C)c2C(=O)C1=O,O=C1C=Cc2cocc2C1=O,14,192.17,1,2,1.34,10261969,"1,2-benzoquinone"
COc1cc(C=CC(=O)OC2CCC(C)(C)c3ccc4c(c32)C(=O)C(=O)c2c(C)coc2-4)cc(OC)c1OC,O=C(C=Cc1ccccc1)OC1CCCc2ccc3c(c21)C(=O)C(=O)c1ccoc1-3,39,530.57,6,5,6.03,177372051,"1,2-benzoquinone"
COc1cc(O)c2c(c1)C(=O)C1=C(CC(O)C(C)(O)C1O)C2=O,O=C1C2=C(CCCC2)C(=O)c2ccccc21,23,320.3,1,3,-0.05,171817,"1,4-benzoquinone"
O=C1C(Cl)=C(NCc2ccco2)C(=O)c2ccccc21,O=C1C=C(NCc2ccco2)C(=O)c2ccccc21,20,287.7,3,3,2.9,239677,"1,4-benzoquinone"
CN(C)CCCNc1ccc(Cl)c2c1C(=O)c1c(O)ccc(O)c1C2=O,O=C1c2ccccc2C(=O)c2ccccc21,26,374.82,5,3,2.89,13905024,"1,4-benzoquinone"
COC1=CC(C2c3cc4c(cc3C(O)C3COC(=O)C23)OCO4)=CC(=O)C1=O,O=C1C=CC(C2c3cc4c(cc3CC3COC(=O)C32)OCO4)=CC1=O,28,384.34,2,5,0.94,11474577,"1,2-benzoquinone"
CC1=C(O)C2C(C(C)C)=C(O)C(O)=CC2C(O)=C1c1c(C)c(=O)c2c(C(C)C)c(=O)c(=O)cc-2c1=O,O=c1cc(C2=CC3C=CC=CC3C=C2)c(=O)c2cc(=O)c(=O)cc1-2,36,492.52,3,4,3.81,137213125,"1,2-benzoquinone"
O=C1C(=O)c2ccc(Br)cc2-c2ccccc21,O=C1C(=O)c2ccccc2-c2ccccc21,17,287.11,0,3,3.5,10957115,"1,2-benzoquinone"
O=C1C(=O)c2c(oc3c2CCN(C(CO)Cc2ccccc2)C3)-c2ccccc21,O=C1C(=O)c2c(oc3c2CCN(CCc2ccccc2)C3)-c2ccccc21,29,387.44,4,5,3.29,177660123,"1,2-benzoquinone"
O=C(NCCN1CCCCC1)c1cc2c(o1)C(=O)c1ccccc1C2=O,O=C(NCCN1CCCCC1)c1cc2c(o1)C(=O)c1ccccc1C2=O,26,352.39,4,4,2.27,137321152,"1,4-benzoquinone"
O=C(NCc1ccccc1)C(=O)Nc1cccc2c1C(=O)c1ccccc1C2=O,O=C(NCc1ccccc1)C(=O)Nc1cccc2c1C(=O)c1ccccc1C2=O,29,384.39,3,4,2.72,56441,anthraquinone
CC(C)(C)OC(=O)COc1ccc(CC2=C(C3=CNC4C=CC=CC34)c3ccccc3C(=O)C2=O)cc1,O=C1C(=O)c2ccccc2C(C2=CNC3C=CC=CC23)=C1Cc1ccccc1,37,495.58,6,5,4.77,56603772,"1,2-naphthoquinone"
O=C1C(N2CC2)=C(N2CC2)C(=O)C(N2CC2)=C1N1CC1,O=C1C(N2CC2)=C(N2CC2)C(=O)C(N2CC2)=C1N1CC1,20,272.31,4,5,-1.18,95735,"1,4-benzoquinone"
CC1=C2OCC(C)c3ccc(C)c(c32)C(=O)C1=O,O=C1C=C2OCCc3cccc(c32)C1=O,18,242.27,0,3,2.63,94303,"1,2-benzoquinone"
O=C1C(=O)c2c(O)ccc(O)c2C(O)=C1Cl,O=C1C=Cc2ccccc2C1=O,16,240.6,0,2,1.33,135409157,"1,2-naphthoquinone"
NC1CCN(C(=O)c2csc3c2C(=O)c2c(c(O)c4ccccc4c2O)C3=O)CC1,O=C1c2cc3ccccc3cc2C(=O)c2c(C(=O)N3CCCCC3)csc21,30,422.46,1,5,2.65,162663487,"1,4-naphthoquinone"
O=c1cc2ccc3cccc4ccc(c1=O)c2c34,O=c1cc2ccc3cccc4ccc(c1=O)c2c34,18,232.24,0,4,2.74,13776238,"1,2-benzoquinone"
CC(C)(C)c1ccc(OCC(O)CN2CCCC3(CSC4=C(O3)c3ccccc3C(=O)C4=O)C2)cc1,O=C1C(=O)c2ccccc2C2=C1SCC1(CCCN(CCCOc3ccccc3)C1)O2,36,507.65,5,5,4.46,57661991,"1,2-naphthoquinone"
COC1=C(O)C(=O)c2c(cc3oc(C(C)=O)c(O)c3c2O)C1=O,O=C1C=CC(=O)c2cc3occc3cc21,23,318.24,2,3,1.84,135403806,"1,4-benzoquinone"
O=C1c2ccccc2C(=O)c2c(NCCCO)ccc(NCCCO)c21,O=C1c2ccccc2C(=O)c2ccccc21,26,354.41,8,3,2.05,105567,"1,4-naphthoquinone"
O=C1C(=O)c2ccccc2C(O)=C1CCCCc1ccc(Oc2ccccc2)cc1,O=C1C(=O)c2ccccc2C=C1CCCCc1ccc(Oc2ccccc2)cc1,30,398.46,7,4,5.93,502609,"1,2-benzoquinone"
O=C1c2ccccc2C(=O)c2[nH]c(-c3ccccc3)nc21,O=C1c2ccccc2C(=O)c2[nH]c(-c3ccccc3)nc21,21,274.28,1,4,2.85,14118749,"1,4-naphthoquinone"
O=C1c2ccccc2C(=O)c2c1cccc2-c1ccccc1,O=C1c2ccccc2C(=O)c2c1cccc2-c1ccccc1,22,284.31,1,4,4.13,333918,anthraquinone
CCCCCCc1cn(CC2CC3=C(O2)c2ccccc2C(=O)C3=O)nn1,O=C1C(=O)c2ccccc2C2=C1CC(Cn1ccnn1)O2,27,365.43,7,4,3.37,134153762,"1,2-benzoquinone"
O=C(O)CC(O)CCC(=O)c1cccc(O)c1C(=O)c1c(C(=O)O)c(O)cc2c1C(=O)c1c(O)cccc1C2=O,O=C(c1ccccc1)c1cccc2c1C(=O)c1ccccc1C2=O,40,548.46,9,4,2.31,9850474,"1,4-benzoquinone"
COc1ccc(CC2=C(O)c3ccccc3C(=O)C2=O)cc1,O=C1C(=O)c2ccccc2C=C1Cc1ccccc1,22,294.31,3,3,2.97,795100,"1,2-benzoquinone"
CCC1C=CC(O)C(C)OC(=O)C2(C)C=CC(=O)NC3=C2C(=O)c2c(cc(C)c(O)c2C(=O)CC1)C3=O,O=C1C=CC2C(=O)OCCC=CCCCC(=O)c3cccc4c3C(=O)C2=C(N1)C4=O,37,507.54,1,4,2.88,5326384,"1,4-benzoquinone"
Cc1ccccc1C(=O)c1ccc2c(c1)C=CC(=O)C2=O,O=C1C=Cc2cc(C(=O)c3ccccc3)ccc2C1=O,21,276.29,2,3,3.0,129860169,"1,2-naphthoquinone"
CC(C)(C)CC(C)(C)C1=CC(=O)C(C(C)(C)CC(C)(C)C)=CC1=O,O=C1C=CC(=O)C=C1,24,332.53,4,1,5.92,233572,"1,4-benzoquinone"
CNCCNc1c2c(c(NCCNC)c3oc(C)cc13)C(=O)c1ccccc1C2=O,O=C1c2ccccc2C(=O)c2cc3occc3cc21,30,406.49,8,4,2.78,50994504,"1,4-benzoquinone"
CC=C(C)C(=O)OCC1C2=C(C=CN1C=O)C(=O)C(C)=C(OC)C2=O,O=C1C=CC(=O)C2=C1C=CNC2,25,345.35,5,2,1.22,6438762,"1,4-benzoquinone"
O=C1C(=O)c2ccccc2C(O)=C1C(NCc1ccco1)c1ccccn1,O=C1C(=O)c2ccccc2C=C1C(NCc1ccco1)c1ccccn1,27,360.37,5,4,3.24,127048231,"1,2-benzoquinone"
COc1ccc2c(c1)C(=O)C(=O)c1cc3c(cc1-2)OCCO3,O=C1C(=O)c2cc3c(cc2-c2ccccc21)OCCO3,22,296.28,1,4,2.51,102294659,"1,2-naphthoquinone"
COC1=CC(=O)c2c(O)c3c(c(O)c2C1=O)OC1(Oc2c(cc4cc(C)oc(=O)c4c2O)C2OC21)C3O,O=C1C=CC(=O)c2cc3c(cc21)CC1(O3)Oc2cc3c(=O)occc3cc2C2OC21,37,508.39,1,7,1.78,5282051,"1,4-benzoquinone"
O=C(O)CCCCNS(=O)(=O)c1cc2c(c(O)c1O)C(=O)c1ccccc1C2=O,O=C1c2ccccc2C(=O)c2ccccc21,29,419.41,7,3,1.41,162678531,anthraquinone
CNCCC(Oc1ccc(C(F)(F)F)cc1)c1ccccc1,c1ccc(COc2ccccc2)cc1,22,309.33,6,2,4.44,117592958,"1,2-benzoquinone"
Nc1c2c(cc3ccccc13)C(=O)C(=O)C=C2,O=C1C=Cc2cc3ccccc3cc2C1=O,17,223.23,0,3,2.2,129750148,"1,2-naphthoquinone"
O=C1c2ccccc2C(=O)c2c(O)c(C(O)c3ccc(Br)s3)cc(O)c21,O=C1c2ccccc2C(=O)c2cc(Cc3cccs3)ccc21,26,431.26,2,4,3.78,141750633,anthraquinone
NC(N)=NCCCCNc1c2c(c(NCCCCN=C(N)N)c3sccc13)C(=O)c1ccccc1C2=O,O=C1c2ccccc2C(=O)c2cc3sccc3cc21,37,520.66,12,4,2.61,71605369,"1,4-benzoquinone"
Cc1oc2c(c1C(=O)NCCCn1ccnc1)C(=O)c1ccccc1C2=O,O=C(NCCCn1ccnc1)c1coc2c1C(=O)c1ccccc1C2=O,27,363.37,5,4,2.38,3585487,"1,4-benzoquinone"
CC(=O)Oc1cccc2c1C(=O)c1c(OC(C)=O)cc(C(=O)OCCOCCO)cc1C2=O,O=C1c2ccccc2C(=O)c2ccccc21,33,456.4,8,3,1.48,70688702,anthraquinone
O=C(NC1CCNC1)c1cc2c(s1)C(=O)c1c(c(O)c3ccccc3c1O)C2=O,O=C(NC1CCNC1)c1cc2c(s1)C(=O)c1cc3ccccc3cc1C2=O,29,408.44,2,5,2.18,164623859,"1,4-naphthoquinone"
O=C(OCCCCCCN1CCN(CCO)CC1)c1cc(O)c2c(c1)C(=O)c1cccc(O)c1C2=O,O=C(OCCCCCCN1CCNCC1)c1ccc2c(c1)C(=O)c1ccccc1C2=O,36,496.56,10,4,2.2,137655217,anthraquinone
COC12C(COC(N)=O)C3=C(C(=O)C(C)=C(OC4CC4)C3=O)N1CC1NC12,O=C1C=C(OC2CC2)C(=O)C2=C1N1CC3NC3C1C2,27,375.38,5,5,-0.43,44313041,"1,4-benzoquinone"
O=C1C(=O)c2ccccc2C(O)=C1CCCCCCC1=C(O)c2ccccc2C(=O)C1=O,O=C1C(=O)c2ccccc2C=C1CCCCCCC1=Cc2ccccc2C(=O)C1=O,32,430.46,7,4,4.8,44332426,"1,2-benzoquinone"
O=C1C(=O)c2ccccc2C2=C1SCC1(CCN(C(=O)c3cccc(Cl)c3)CC1)O2,O=C1C(=O)c2ccccc2C2=C1SCC1(CCN(C(=O)c3ccccc3)CC1)O2,30,439.92,1,5,4.21,23654703,"1,2-naphthoquinone"
Nc1nc2c(s1)=C(c1ccc(O)cc1)C(=O)C(=O)C=2c1ccc(O)cc1,O=C1C(=O)C(c2ccccc2)=c2scnc2=C1c1ccccc1,26,364.38,2,4,0.69,178323223,"1,2-benzoquinone"
CC1=C2OCC(F)(F)c3ccc(C)c(c32)C(=O)C1=O,O=C1C=C2OCCc3cccc(c32)C1=O,19,264.23,0,3,2.61,142627573,"1,2-benzoquinone"
O=C1C=CC=C(C(O)=C2C=CC=C(c3cccc(O)c3F)N2O)C1=O,O=C1C=CC=C(C=C2C=CC=C(c3ccccc3)N2)C1=O,25,341.29,2,3,2.54,134135219,"1,2-benzoquinone"
O=C1C(=O)c2ccccc2C2=C1SCC1(CCN(C3CCCCC3)CC1)O2,O=C1C(=O)c2ccccc2C2=C1SCC1(CCN(C3CCCCC3)CC1)O2,27,383.51,1,5,4.05,57661971,"1,2-naphthoquinone"
COc1ccc(C2=C(NC(=O)c3ccccc3OC)C(=O)c3ccccc3C2=O)cc1,O=C(NC1=C(c2ccccc2)C(=O)c2ccccc2C1=O)c1ccccc1,31,413.43,5,4,3.92,42609874,"1,4-naphthoquinone"
O=C1C(=O)c2ccccc2C2=C1C(c1ccc(F)cc1)c1c(ccc3ccccc13)O2,O=C1C(=O)c2ccccc2C2=C1C(c1ccccc1)c1c(ccc3ccccc13)O2,31,406.41,1,6,5.68,122205319,"1,2-naphthoquinone"
C=CC(C)(C)c1[nH]c2ccccc2c1C1=C(O)C(=O)C(c2c[nH]c3c(CC=C(C)C)cccc23)=C(O)C1=O,O=C1C=C(c2c[nH]c3ccccc23)C(=O)C=C1c1c[nH]c2ccccc12,38,506.6,6,5,7.01,3013166,"1,4-benzoquinone"
Cc1nc2ccc3c(c2nc1C)C(=O)c1ccccc1C3=O,O=C1c2ccccc2C(=O)c2c1ccc1nccnc21,22,288.31,0,4,3.02,44251290,"1,4-benzoquinone"
COc1cc(OC)cc(C2CC(=O)NC3=C2C(=O)C(=O)c2ccccc23)c1,O=C1CC(c2ccccc2)C2=C(N1)c1ccccc1C(=O)C2=O,27,363.37,3,4,2.48,162670527,"1,2-benzoquinone"
Cc1c2c(c(C)c3ccccc13)-c1ccccc1C(=O)C2=O,O=C1C(=O)c2cc3ccccc3cc2-c2ccccc21,22,286.33,0,4,4.5,160924,"1,2-naphthoquinone"
CC12CCC(O1)C(C)(C)C2CCc1ccc2c(c1)C(=O)C=CC2=O,O=C1C=CC(=O)c2cc(CCC3CC4CCC3O4)ccc21,24,324.42,3,4,4.15,11695518,"1,4-naphthoquinone"
COc1ccc2c(c1)C(=O)C(=O)C(c1ccccc1Br)=C2,O=C1C(=O)c2ccccc2C=C1c1ccccc1,21,343.18,2,3,3.76,101024066,"1,2-benzoquinone"
O=C1C=Cc2c(ccc3ccc4c(F)ccc(F)c4c23)C1=O,O=C1C=Cc2c(ccc3ccc4ccccc4c23)C1=O,22,294.26,0,4,4.05,23629143,"1,2-naphthoquinone"
N#CCC1=CC(=O)C(=O)c2ccccc21,O=C1C=Cc2ccccc2C1=O,15,197.19,1,2,1.75,292231,"1,2-benzoquinone"
CC(=O)N(C1=C(N2CCCC2)C(=O)c2ccccc2C1=O)c1ccc(F)c(F)c1,O=C1C(Nc2ccccc2)=C(N2CCCC2)C(=O)c2ccccc21,29,396.39,3,4,3.7,2903054,"1,4-benzoquinone"
Cc1cccc2c3c(ccc12)-c1oc2c(c1C(=O)C3=O)CCN(CCO)C2,O=C1C(=O)c2c(ccc3ccccc23)-c2oc3c(c21)CCNC3,27,361.4,2,5,3.14,168006890,"1,2-benzoquinone"
O=C1C(=O)c2ccccc2C2=C1SCC1(CCN(C(=O)OC3CCCNC3)CC1)O2,O=C1C(=O)c2ccccc2C2=C1SCC1(CCN(C(=O)OC3CCCNC3)CC1)O2,30,428.51,1,5,2.61,57661903,"1,2-naphthoquinone"
O=C1C(=O)c2ccccc2C=C1OC(C(F)(F)F)C(F)(F)S(=O)(=O)O,O=C1C=Cc2ccccc2C1=O,25,386.25,4,2,2.22,152655725,"1,2-benzoquinone"
COCCOc1cc2ncnc(NC3=CC(=O)C(N4CCN(Cc5ccccc5)CC4)=CC3=O)c2cc1OC,O=C1C=C(N2CCN(Cc3ccccc3)CC2)C(=O)C=C1Nc1ncnc2ccccc12,39,529.6,10,5,2.81,11584561,"1,4-benzoquinone"
O=c1cc2c(cc1=O)n1c(C(F)(F)F)c[nH]cc1c1c3c(ccn32)=CCC1,O=c1cc2c(cc1=O)n1ccc3c1c(c1c[nH]ccn12)CCC=3,27,371.32,0,5,2.42,23049923,"1,2-benzoquinone"
O=C1C(Nc2ccccc2)=CC(=O)c2c1cnc1c2C(=O)CCC1,O=C1C(Nc2ccccc2)=CC(=O)c2c1cnc1c2C(=O)CCC1,24,318.33,2,4,2.98,44179671,"1,4-benzoquinone"
O=C(Nc1ccc(Nc2cc([N+](=O)[O-])ccc2O)c2c1C(=O)c1ccccc1C2=O)c1ccccc1,O=C(Nc1ccc(Nc2ccccc2)c2c1C(=O)c1ccccc1C2=O)c1ccccc1,36,479.45,5,5,5.07,5038663,anthraquinone
O=C1c2ccccc2C(=O)c2c(Nc3ccccc3)cc(S(=O)(=O)O)cc21,O=C1c2ccccc2C(=O)c2c(Nc3ccccc3)cccc21,27,379.39,3,4,3.45,53245705,anthraquinone
Cc1cc(C)cc(NC2=C(NS(=O)(=O)c3ccccc3)C(=O)c3ccccc3C2=O)c1,O=C1C(Nc2ccccc2)=C(NS(=O)(=O)c2ccccc2)C(=O)c2ccccc21,31,432.5,5,4,3.98,46187764,"1,4-naphthoquinone"
O=C1C(=O)c2ccccc2C(O)=C1C1CCC(COc2ccc(Cl)cc2)CC1,O=C1C(=O)c2ccccc2C=C1C1CCC(COc2ccccc2)CC1,28,396.87,4,4,5.26,19804864,"1,2-naphthoquinone"
Cc1cc2c(cc1C)-c1oc(CN3CCN4CCCCC4C3)c(C)c1C(=O)C2=O,O=C1C(=O)c2cc(CN3CCN4CCCCC4C3)oc2-c2ccccc21,29,392.5,2,5,3.92,164614104,"1,2-benzoquinone"
COC12C(COC(N)=O)C3=C(C(=O)C(C)=C(Nc4nc(C)cs4)C3=O)N1CC1NC12,O=C1C=C(Nc2nccs2)C(=O)C2=C1N1CC3NC3C1C2,30,431.47,5,5,0.27,44313194,"1,4-benzoquinone"
COC(=O)c1c(C(C)C)cc(O)c2c1C(=O)c1c(c(O)c3c(O)cccc3c1O)C2=O,O=C1c2ccccc2C(=O)c2cc3ccccc3cc21,31,422.39,2,4,3.35,137628966,"1,4-naphthoquinone"
CC(=O)OC1=C(C2CCC(c3ccc(Cl)cc3)CC2)C(=O)c2ccccc2C1=O,O=C1C=C(C2CCC(c3ccccc3)CC2)C(=O)c2ccccc21,29,408.88,3,4,5.51,19373432,"1,4-benzoquinone"
CC1(C)OC2=C(C(=O)C(=O)c3ccccc32)C1n1cc(-c2ccccc2)nn1,O=C1C(=O)c2ccccc2C2=C1C(n1cc(-c3ccccc3)nn1)CO2,28,371.4,2,5,3.47,25105621,"1,2-benzoquinone"
O=C1C(=O)c2cccc(F)c2-c2ccccc21,O=C1C(=O)c2ccccc2-c2ccccc21,17,226.21,0,3,2.87,352333,"1,2-benzoquinone"
COc1cccc2c1C(=O)c1c(O)c3c(c(O)c1C2=O)CC(O)(C(C)O)CC3OC1CC(N)C(O)C(C)O1,O=C1c2ccccc2C(=O)c2cc3c(cc21)CCCC3OC1CCCCO1,38,529.54,4,5,0.82,443832,"1,4-benzoquinone"
O=c1c2ccccc2c(=O)c2c1c(O)cc1oc3ccccc3[nH]c12,O=c1c2ccccc2c(=O)c2c1ccc1oc3ccccc3[nH]c12,25,329.31,0,5,3.65,5761855,anthraquinone
CC(C)c1c(C(C)C)c2ooc2c2ooc12,c1cc2ooc2c2ooc12,16,222.24,2,3,4.61,129714372,"1,2-benzoquinone"
Cc1c(CN2CCCCC2)oc2c1C(=O)C(=O)c1ccccc1-2,O=C1C(=O)c2cc(CN3CCCCC3)oc2-c2ccccc21,23,309.37,2,4,3.62,90682677,"1,2-benzoquinone"
CC(C)(COC(=O)c1cc(O)ccc1O)CC1=C(O)c2ccccc2C(=O)C1=O,O=C1C(=O)c2ccccc2C=C1CCCOC(=O)c1ccccc1,29,396.4,5,3,3.41,44396303,"1,2-benzoquinone"
N#CC1=C(N)OC2=C(C(=O)c3ccccc3C2=O)C1c1ccc([N+](=O)[O-])cc1,O=C1C2=C(C(=O)c3ccccc31)C(c1ccccc1)C=CO2,28,373.32,2,4,2.74,5299345,"1,4-naphthoquinone"
O=C1C(Cl)=C(NC(=O)c2ccccc2)C(=O)C(Cl)=C1NC(=O)c1ccccc1,O=C1C=C(NC(=O)c2ccccc2)C(=O)C=C1NC(=O)c1ccccc1,28,415.23,4,3,2.9,1897383,"1,4-benzoquinone"
CCCC1CC(C(=O)NC(C(C)Cl)C2OC(SC)C(O)C(O)C2O)N(C)C1,O=C(NCC1CCCCO1)C1CCCN1,27,424.99,7,2,0.39,457299,"1,2-benzoquinone"
CC(=O)OCC1OC(Oc2cc(O)c3c(c2)C(=O)c2cc(C)cc(O)c2C3=O)C(OC(C)=O)C1OC(C)=O,O=C1c2ccccc2C(=O)c2cc(OC3CCCO3)ccc21,38,528.47,6,4,1.71,156013179,"1,4-naphthoquinone"
O=C1C=C(Nc2cnccn2)c2ccccc2C1=O,O=C1C=C(Nc2cnccn2)c2ccccc2C1=O,19,251.25,2,3,1.69,276810,"1,2-benzoquinone"
C=C1OC2=C(C(=O)C(=O)c3c(O)cccc32)C1(C)C,C=C1CC2=C(O1)c1ccccc1C(=O)C2=O,19,256.26,0,3,2.44,132487931,"1,2-benzoquinone"
CCC(C1=C(C)C(=O)C(C)=C(C)C1=O)c1cccnc1,O=C1C=CC(=O)C(Cc2cccnc2)=C1,20,269.34,3,2,3.38,14277779,"1,4-benzoquinone"
O=C1c2ccccc2C(=O)c2c1nnn2-c1ccc(-c2ccccc2)cc1,O=C1c2ccccc2C(=O)c2c1nnn2-c1ccc(-c2ccccc2)cc1,27,351.37,2,5,3.71,156014775,"1,4-naphthoquinone"
CC(=O)c1ccc(NC2=C(Cl)C(=O)c3ccccc3C2=O)cc1,O=C1C=C(Nc2ccccc2)C(=O)c2ccccc21,23,325.75,3,3,3.83,781109,"1,4-benzoquinone"
O=C1C=C(C2CCCC2)c2ccccc2C1=O,O=C1C=C(C2CCCC2)c2ccccc2C1=O,17,226.28,1,3,3.03,44301074,"1,2-benzoquinone"
CC1=CC(C)CCC2OC(C3=C(C(O)=C(C)C(=O)C3=O)C(O)C(=O)C(C)CC(C)C1)C(C)C(O)C2C,O=C1CCCCC=CCCCC2CCCC(O2)C2=C(C=CC(=O)C2=O)C1,36,502.65,0,3,4.03,44580944,"1,2-benzoquinone"
CC(C)c1cc(=O)c2c(cc(O)c3c(=O)c4c(O)cccc4c(=O)c32)c1=O,O=c1ccc(=O)c2c1ccc1c(=O)c3ccccc3c(=O)c12,27,362.34,1,4,2.0,156581646,anthraquinone
O=C1c2ccccc2C(=O)c2c(O)c(C(O)c3ccc(Cl)cc3Cl)cc(O)c21,O=C1c2ccccc2C(=O)c2cc(Cc3ccccc3)ccc21,28,415.23,2,4,4.26,141750627,"1,4-naphthoquinone"
CC=CC=Cc1cc2cc3c(c(O)c2c(=O)[nH]1)C1(CC3)C(O)=c2c(=O)c3c(=O)cc(OC)c(=O)c=3c(=O)c2=C1O,O=c1ccc(=O)c2c(=O)c3c(c(=O)c1=2)=CC1(C=3)CCc2cc3cc[nH]c(=O)c3cc21,40,539.5,3,6,0.1,135427349,"1,4-benzoquinone"
O=C1C(=O)c2ccccc2C(O)=C1C(NCc1ccccc1)c1ccccc1O,O=C1C(=O)c2ccccc2C=C1C(NCc1ccccc1)c1ccccc1,29,385.42,5,4,3.96,44138670,"1,2-benzoquinone"
O=C1c2ccccc2C(=O)c2c1ccc1conc21,O=C1c2ccccc2C(=O)c2c1ccc1conc21,19,249.22,0,4,2.6,363747,"1,4-benzoquinone"
CC(C)(C)c1cc2c3c(c1)c(=O)c(=O)c1cc(C(C)(C)C)cc(c1-3)c(=O)c2=O,O=c1c(=O)c2cccc3c2-c2c1cccc2c(=O)c3=O,28,374.44,0,4,3.45,10547415,"1,2-benzoquinone"
COC1=C(OC)C(=O)c2c(O)c3c(c(O)c2C1=O)OCO3,O=C1C=CC(=O)c2cc3c(cc21)OCO3,21,294.21,2,3,0.71,129974,"1,4-benzoquinone"
COC(=O)c1c(O)cc(O)c(Cl)c1CCC(=O)NC1=CC(=O)C(OC)=CC1=O,O=C1C=CC(=O)C(NC(=O)CCc2ccccc2)=C1,28,409.78,6,2,1.15,11429758,"1,4-benzoquinone"
Cc1cc(=O)c2c([nH]1)C(O)=C(CN(C)C)C(=O)C2=O,O=C1C=Cc2[nH]ccc(=O)c2C1=O,19,262.26,2,2,0.28,801868,"1,2-benzoquinone"
Cc1ccc2c(c1)C(=O)C(=O)C(c1ccc(C(F)(F)F)cc1)=C2c1ccccc1,O=C1C(=O)c2ccccc2C(c2ccccc2)=C1c1ccccc1,29,392.38,2,4,5.74,168335054,"1,2-benzoquinone"
Nc1c(NC(=O)c2ccccc2)ccc2c1C(=O)c1ccccc1C2=O,O=C(Nc1ccc2c(c1)C(=O)c1ccccc1C2=O)c1ccccc1,26,342.35,2,4,3.3,47752,"1,4-naphthoquinone"
CCCC(=O)C=CC1=C(O)c2c(cc(OC)c(OC)c2O)C(=O)C1=O,O=C1C=Cc2ccccc2C1=O,25,346.34,6,2,2.37,10991599,"1,2-benzoquinone"
CN1CCN(CC(=O)Nc2ccc3c(c2)C(=O)c2cc(NC(=O)CN4CCN(C)CC4)ccc2C3=O)CC1,O=C(CN1CCNCC1)Nc1ccc2c(c1)C(=O)c1cc(NC(=O)CN3CCNCC3)ccc1C2=O,38,518.62,6,5,0.83,44568713,anthraquinone
Cc1cc(=O)c2c(O)c3c(cc2o1)OCC(C)CC3,O=c1ccoc2cc3c(cc12)CCCCO3,19,260.29,0,3,2.77,117592787,"1,2-naphthoquinone"
CN(C)c1ccc2c(c1)C(=O)c1ccc(N(C)C)cc1C2=O,O=C1c2ccccc2C(=O)c2ccccc21,22,294.35,2,3,2.59,458830,anthraquinone
Cc1cc2c(c3oc(=O)c(-c4ccccc4)cc13)C(=O)c1c(OC(C)C)cccc1C2=O,O=C1c2ccccc2C(=O)c2c1ccc1cc(-c3ccccc3)c(=O)oc21,32,424.45,3,5,5.33,122183436,anthraquinone
CCN1C(=O)NC2(CSC3=C2C(=O)c2ccccc2C3=O)C1=O,O=C1NC(=O)C2(CSC3=C2C(=O)c2ccccc2C3=O)N1,23,328.35,1,4,1.38,11427416,"1,4-benzoquinone"
CCOC(=O)c1c2c(n3cccc(Br)c13)C(=O)c1ncccc1C2=O,O=C1c2cccnc2C(=O)c2c1cc1ccccn21,25,399.2,2,4,3.05,44567522,"1,4-benzoquinone"
Cc1cc(O)cc2c1C(=O)c1c(O)cc(O)cc1C2=O,O=C1c2ccccc2C(=O)c2ccccc21,20,270.24,0,3,1.89,12309204,"1,4-benzoquinone"
O=C1C(=O)c2ccc(F)cc2C2=C1SCC1(CCN(CC(O)Cc3ccccc3)CC1)O2,O=C1C(=O)c2ccccc2C2=C1SCC1(CCN(CCCc3ccccc3)CC1)O2,32,453.54,4,5,3.46,57661958,"1,2-benzoquinone"
CN1CC(O)C2=CC(=O)C(=O)C=C21,O=C1C=C2CCNC2=CC1=O,13,179.17,0,2,-0.75,5898,"1,2-benzoquinone"
O=C1C(=O)c2ccccc2C(O)=C1CCCCCCCCCC1CCCCC1,O=C1C(=O)c2ccccc2C=C1CCCCCCCCCC1CCCCC1,28,382.54,10,3,6.81,73892514,"1,2-benzoquinone"
O=C1C(=O)c2c(oc3c2CCN(CCN2CCOCC2)C3=O)-c2ccccc21,O=C1C(=O)c2c(oc3c2CCN(CCN2CCOCC2)C3=O)-c2ccccc21,28,380.4,3,5,1.66,178316230,"1,2-benzoquinone"
CCOc1ccc(N(C(C)=O)C2=C(N3CCN(C)CC3)C(=O)c3ccccc3C2=O)cc1,O=C1C(Nc2ccccc2)=C(N2CCNCC2)C(=O)c2ccccc21,32,433.51,5,4,2.98,45488868,"1,4-benzoquinone"
CC(C)C1=Cc2cccc(-c3ccccc3)c2C(=O)C1=O,O=C1C=Cc2cccc(-c3ccccc3)c2C1=O,21,276.34,2,3,4.16,14828134,"1,2-benzoquinone"
O=C1C=C(CSC(=S)N2CCCCC2)C(=O)c2ccccc21,O=C1C=C(CSC(=S)N2CCCCC2)C(=O)c2ccccc21,22,331.46,2,3,3.5,145961925,"1,4-naphthoquinone"
Cc1cc2c(cc1C)-c1oc(CNCc3ccc(CNC(=O)C=Cc4cccnc4)cc3)c(C)c1C(=O)C2=O,O=C(C=Cc1cccnc1)NCc1ccc(CNCc2cc3c(o2)-c2ccccc2C(=O)C3=O)cc1,39,519.6,8,5,5.27,168269273,"1,2-benzoquinone"
N#CC(C#N)=C1C(=O)c2cccc3c2-c2c(cccc21)C(=O)C3=O,C=C1C(=O)c2cccc3c2-c2c1cccc2C(=O)C3=O,24,310.27,0,4,2.73,166446021,"1,2-naphthoquinone"
Nc1c(S(=O)(=O)O)cc(Nc2cccc3ccccc23)c2c1C(=O)c1ccccc1C2=O,O=C1c2ccccc2C(=O)c2c(Nc3cccc4ccccc34)cccc21,32,444.47,3,5,4.19,25124826,"1,4-naphthoquinone"
O=c1c(=O)c2cc3ccccc3c3ccc4cccc1c4c23,O=c1c(=O)c2cc3ccccc3c3ccc4cccc1c4c23,22,282.3,0,5,3.9,39171,"1,2-benzoquinone"
Cc1noc(C)c1C(=O)N1CCC2(CC1)CSC1=C(O2)c2ccccc2C(=O)C1=O,O=C1C(=O)c2ccccc2C2=C1SCC1(CCN(C(=O)c3cnoc3)CC1)O2,30,424.48,1,5,3.16,57661882,"1,2-naphthoquinone"
O=C1C=C(NCCN2CCOCC2)c2ccccc2C1=O,O=C1C=C(NCCN2CCOCC2)c2ccccc2C1=O,21,286.33,4,3,0.71,85719398,"1,2-benzoquinone"
O=C1C(=O)c2ccccc2C(O)=C1c1c([N+](=O)[O-])c2n(c1-c1ccc(F)cc1)CCCCN2,O=C1C(=O)c2ccccc2C=C1c1cc2n(c1-c1ccccc1)CCCCN2,33,447.42,3,5,4.6,177537990,"1,2-naphthoquinone"
O=C1c2ccc(NC(=O)C3CCCC3)cc2C(=O)c2cc(NC(=O)C3CCCC3)ccc21,O=C1c2ccc(NC(=O)C3CCCC3)cc2C(=O)c2cc(NC(=O)C3CCCC3)ccc21,32,430.5,4,5,4.72,44568364,"1,4-benzoquinone"
CN(C1=CC(=O)C(=O)c2ccccc21)C1CCCCCC1,O=C1C=C(NC2CCCCCC2)c2ccccc2C1=O,21,283.37,2,3,3.45,14722222,"1,2-naphthoquinone"
CC(C)C1=C(O)C2=C(C(=O)C1=O)C1(C)CCCC(C)(C)C1=C2C=O,O=C1C=CC2=C(C1=O)C1CCCCC1=C2,24,328.41,2,3,3.63,11962188,"1,2-benzoquinone"
O=C1C(=O)c2ccccc2C2=C1SCC(CNCc1ccccc1)O2,O=C1C(=O)c2ccccc2C2=C1SCC(CNCc1ccccc1)O2,25,351.43,4,4,3.04,25263712,"1,2-naphthoquinone"
COc1cccc2c1C(=O)c1ccc3cc(C)c(OC4OC(C(=O)O)C(O)C(O)C4O)c(O)c3c1C2=O,O=C1c2ccccc2C(=O)c2c1ccc1ccc(OC3CCCCO3)cc21,37,510.45,4,5,0.91,71460288,anthraquinone
O=C1C(NC2CCCCCCC2)=CC(=O)c2ncccc21,O=C1C(NC2CCCCCCC2)=CC(=O)c2ncccc21,21,284.36,2,3,3.05,99132,"1,4-benzoquinone"
CC1(C)C(=O)C=Cc2c1ccc1c2C(=O)C(=O)c2c(C=O)coc2-1,O=C1C=Cc2c(ccc3c2C(=O)C(=O)c2ccoc2-3)C1,24,320.3,1,4,3.01,168297596,"1,2-benzoquinone"
Cc1cc(O)c2c(c1)C(O)C13Cc4cc(O)c5c(c4C1C=CC(O)C3OC2=O)C(=O)c1c(O)ccc(O)c1C5=O,O=C1OC2CC=CC3c4c(ccc5c4C(=O)c4ccccc4C5=O)CC23Cc2ccccc21,40,542.5,0,7,2.42,119025778,anthraquinone
O=c1c(=O)c2nc3c(=O)c4nc5c(nc4c(=O)c3nc2c2ccccc12)c(=O)c(=O)c1ccccc15,O=c1c(=O)c2nc3c(=O)c4nc5c(nc4c(=O)c3nc2c2ccccc12)c(=O)c(=O)c1ccccc15,36,472.37,0,7,0.66,168475812,"1,2-naphthoquinone"
Cc1ccc(C2CC(c3cccs3)C3=C(O2)c2ccccc2C(=O)C3=O)cc1,O=C1C(=O)c2ccccc2C2=C1C(c1cccs1)CC(c1ccccc1)O2,28,386.47,2,5,5.48,45258107,"1,2-benzoquinone"
CC1=CCCC2C1(C)CCC(C)C2(C)CC1=C(O)C(NC(C(=O)O)C(C)O)=CC(=O)C1=O,O=C1C=CC=C(CC2CCCC3C=CCCC32)C1=O,32,445.56,6,3,3.45,11744241,"1,2-benzoquinone"
O=C1c2cccnc2C(=O)c2c1c(C(=O)OCCCN1CCOCC1)c1ccccn21,O=C1c2cccnc2C(=O)c2c1c(C(=O)OCCCN1CCOCC1)c1ccccn21,31,419.44,5,5,1.99,122188475,"1,4-benzoquinone"
COc1cccc2c1C(=O)c1cccc(OC)c1C2=O,O=C1c2ccccc2C(=O)c2ccccc21,20,268.27,2,3,2.48,22952,"1,4-benzoquinone"
Nc1ccnc2c1C(=O)c1c(-c3ccccc3NC(=O)C(F)(F)F)ccnc1C2=O,O=C1c2ncccc2C(=O)c2c(-c3ccccc3)ccnc21,30,412.33,2,4,3.0,11761422,"1,4-benzoquinone"
COC1=C(c2c(OC)cc3cc4cc(C)oc(=O)c4c(O)c3c2O)C(=O)c2c(O)cc(C)cc2C1=O,O=C1C=C(c2ccc3cc4ccoc(=O)c4cc3c2)C(=O)c2ccccc21,36,488.45,3,5,4.13,5743010,"1,4-naphthoquinone"
O=C(CCN1CCCCC1)Nc1ccc2c(c1)C(=O)c1cc(NC(=O)CCN3CCCCC3)ccc1C2=O,O=C(CCN1CCCCC1)Nc1ccc2c(c1)C(=O)c1cc(NC(=O)CCN3CCCCC3)ccc1C2=O,38,516.64,8,5,4.09,9809446,"1,4-benzoquinone"
CN(C)CCN1CCc2c(oc3c2C(=O)C(=O)c2ccccc2-3)C1=O,O=C1C(=O)c2c(oc3c2CCNC3=O)-c2ccccc21,25,338.36,3,4,1.89,178295223,"1,2-benzoquinone"
O=C1c2ccccc2C(=O)c2n[nH]nc21,O=C1c2ccccc2C(=O)c2n[nH]nc21,15,199.17,0,3,0.58,554987,"1,4-naphthoquinone"
CC(C)C1=C(Sc2ccc(Br)cc2)c2ccc3c(c2C(=O)C1=O)CCCC3(C)C,O=C1C=C(Sc2ccccc2)c2ccc3c(c2C1=O)CCCC3,29,469.44,3,4,6.99,44409674,"1,2-benzoquinone"
O=C(OCCCN1CCCCC1)c1cc(O)c2c(c1)C(=O)c1cccc(O)c1C2=O,O=C(OCCCN1CCCCC1)c1ccc2c(c1)C(=O)c1ccccc1C2=O,30,409.44,5,4,2.91,137657544,anthraquinone
O=C1C(NS(=O)(=O)c2ccccc2)=C(c2ccc(Cl)cc2)C(=O)c2ccccc21,O=C1C(NS(=O)(=O)c2ccccc2)=C(c2ccccc2)C(=O)c2ccccc21,29,423.88,4,4,4.11,52933814,"1,4-naphthoquinone"
CC1=C(O)c2ccc(O)c(O)c2C(=O)C1=O,O=C1C=Cc2ccccc2C1=O,16,220.18,0,2,1.15,135886452,"1,2-benzoquinone"
CC1=CCCC2C1(C)CCC(C)C2(C)CC1=C(O)C(=O)C(=O)C=C1O,O=C1C=CC(CC2CCCC3C=CCCC32)=CC1=O,25,344.45,2,3,4.58,452330,"1,2-benzoquinone"
Cn1c(N)c(C(C2=C(O)c3ccccc3C(=O)C2=O)c2cccc3ccccc23)c(=O)n(C)c1=O,O=C1C(=O)c2ccccc2C=C1C(c1c[nH]c(=O)[nH]c1=O)c1cccc2ccccc12,35,467.48,3,5,2.69,139221285,"1,2-naphthoquinone"
CN1CCc2cccc3c4c(cc1c23)C=CC(=O)C4=O,O=C1C=Cc2cc3c4c(cccc4c2C1=O)CCN3,20,263.3,0,4,2.61,10015619,"1,2-benzoquinone"
Cc1cc(O)c2c(c1)CCC1=C2C(=O)c2cccc(O)c2C1=O,O=C1C2=C(C(=O)c3ccccc31)c1ccccc1CC2,23,306.32,0,4,3.19,9916909,"1,4-benzoquinone"
CCOC(=O)c1c2c(n(-c3ccc(OC)cc3)c1C)C(=O)C(=O)c1ccccc1-2,O=C1C(=O)c2c(ccn2-c2ccccc2)-c2ccccc21,29,389.41,4,4,4.02,406009,"1,2-benzoquinone"
CN(C)CCNC1=CC(=O)c2oc(-c3ccccc3)nc2C1=O,O=C1C=CC(=O)c2oc(-c3ccccc3)nc21,23,311.34,5,3,1.76,10149663,"1,4-benzoquinone"
O=C1c2ccccc2C(=O)c2cc(Cn3cc(CO)nn3)ccc21,O=C1c2ccccc2C(=O)c2cc(Cn3ccnn3)ccc21,24,319.32,3,4,1.59,137645966,anthraquinone
Cc1ccc(S(=O)(=O)N(c2ccc3c(c2)C(=O)C(=O)c2ccccc2-3)S(=O)(=O)c2ccc(C)cc2)cc1,O=C1C(=O)c2cc(N(S(=O)(=O)c3ccccc3)S(=O)(=O)c3ccccc3)ccc2-c2ccccc21,37,531.61,5,5,4.93,11800375,"1,2-benzoquinone"
CC1=CCCC2C1(C)CCC(C)C2(C)CC1=CC(=O)C=CC1=O,O=C1C=CC(=O)C(CC2CCCC3C=CCCC32)=C1,23,312.45,2,3,4.81,72186,"1,4-benzoquinone"
O=C(O)CCCNC1=C(Cl)C(=O)c2ccccc2C1=O,O=C1C=CC(=O)c2ccccc21,20,293.71,5,2,1.97,1925936,"1,4-benzoquinone"
CCOc1cc2c(c3c1C(c1ccccc1)N(S(=O)(=O)c1ccc(C)cc1)C3)C(=O)C=CC2=O,O=C1C=CC(=O)c2c1ccc1c2CN(S(=O)(=O)c2ccccc2)C1c1ccccc1,34,473.55,5,5,4.62,51041672,"1,4-benzoquinone"
COC1=CC(=O)C(C)=CC1=O,O=C1C=CC(=O)C=C1,11,152.15,1,1,0.61,11958,"1,4-benzoquinone"
O=c1c(=O)c2cc(O)cc3ccc4cccc1c4c32,O=c1c(=O)c2cccc3ccc4cccc1c4c32,19,248.24,0,4,2.45,168008016,"1,2-naphthoquinone"
CC(=O)NC1=C(C)C(=O)c2c(nc3n2CCC3)C1=O,O=C1C=CC(=O)c2c1nc1n2CCC1,19,259.26,1,3,0.62,9903288,"1,4-benzoquinone"
O=C1CCCc2nc(-c3ccsc3)c3c(c21)C(=O)C=C(Nc1ccccc1)C3=O,O=C1CCCc2nc(-c3ccsc3)c3c(c21)C(=O)C=C(Nc1ccccc1)C3=O,29,400.46,3,5,4.7,53361724,"1,4-benzoquinone"
COC1=CC(=O)c2c(c(COC(N)=O)c3n2CC2CC32)C1=O,O=C1C=CC(=O)c2c1cc1n2CC2CC12,22,302.29,3,4,1.11,9972133,"1,4-benzoquinone"
CC(=O)c1cc2c(o1)C(=O)c1ccccc1C2=O,O=C1c2ccccc2C(=O)c2occc21,18,240.21,1,3,2.26,10331844,"1,4-benzoquinone"
O=c1c(Br)cc2ccc3c4cc5cccc6c7cccc8cccc(c87)c(c4ccc3c2c1=O)c56,O=c1ccc2ccc3c4cc5cccc6c7cccc8cccc(c87)c(c4ccc3c2c1=O)c56,35,511.37,0,8,8.12,129708708,"1,2-naphthoquinone"
O=C1c2cccnc2C(=O)c2sc(-c3ccncc3)nc21,O=C1c2cccnc2C(=O)c2sc(-c3ccncc3)nc21,21,293.31,1,4,2.38,124927661,"1,4-benzoquinone"
Cc1coc2c1C(=O)C(=O)c1c-2ccc2c1CCCC2(C)C,O=C1C(=O)c2c(ccc3c2CCCC3)-c2occc21,22,294.35,0,4,4.25,164676,"1,2-benzoquinone"
Nc1c(S(=O)(=O)O)cc(Nc2cccc(F)c2)c2c1C(=O)c1ccccc1C2=O,O=C1c2ccccc2C(=O)c2c(Nc3ccccc3)cccc21,29,412.4,3,4,3.17,51050133,anthraquinone
COC1=CC(=O)c2c(cc(C)c(C(C)=O)c2OC(C)=O)C1=O,O=C1C=CC(=O)c2ccccc21,22,302.28,3,2,2.03,492459,"1,4-naphthoquinone"
CC12CCCC3(C)c4cc5c(cc4C(=O)C(O)(OC1)C23)C(=O)C1=C(NCCS1(=O)=O)C5=O,O=C1C2=C(C(=O)c3cc4c(cc31)C1CCCC3COC(C4=O)C31)S(=O)(=O)CCN2,32,457.5,0,6,1.27,24970868,"1,4-benzoquinone"
O=C1c2ccccc2C(=O)c2c1ccc1[nH]c(CN3CCCCCC3)nc21,O=C1c2ccccc2C(=O)c2c1ccc1[nH]c(CN3CCCCCC3)nc21,27,359.43,2,5,3.71,53372231,anthraquinone
O=Cc1c(O)cc2c(c1O)C(=O)c1cccc(O)c1C2=O,O=C1c2ccccc2C(=O)c2ccccc21,21,284.22,1,3,1.39,5320212,anthraquinone
O=C1C=C(NC(=O)c2ccccc2)C(=O)C=C1NCCN1CCCCC1,O=C1C=C(NC(=O)c2ccccc2)C(=O)C=C1NCCN1CCCCC1,26,353.42,6,3,1.41,132576257,"1,4-benzoquinone"
CC1=C(O)c2cc3c(cc2C(=O)C1=O)OCO3,O=C1C=Cc2cc3c(cc2C1=O)OCO3,17,232.19,0,3,1.47,341024,"1,2-naphthoquinone"
CN1C2=C(NC1CCc1ccc(F)cc1)C(=O)C(=O)c1ccccc12,O=C1C(=O)c2ccccc2C2=C1NC(CCc1ccccc1)N2,25,336.37,3,4,2.75,169937512,"1,2-benzoquinone"
O=C1C(=O)c2ccccc2C2=C1SCC1(CCN(CC3CCCO3)CC1)O2,O=C1C(=O)c2ccccc2C2=C1SCC1(CCN(CC3CCCO3)CC1)O2,27,385.49,2,5,2.9,57661948,"1,2-naphthoquinone"
CC1=Cc2ccc3c(c2C(=O)C1=O)CCOC3,O=C1C=Cc2ccc3c(c2C1=O)CCOC3,17,228.25,0,3,1.93,145974917,"1,2-benzoquinone"
Cc1c2ccccc2c(C)c2c3c(ccc12)C(=O)C(=O)C=C3,O=C1C=Cc2c(ccc3cc4ccccc4cc23)C1=O,22,286.33,0,4,4.39,3035232,"1,2-benzoquinone"
CC(=CCC1=C(C)C(=O)c2ccccc2C1=O)CCC=C(C)Cc1cccc2ccccc12,O=C1C=C(CC=CCCC=CCc2cccc3ccccc23)C(=O)c2ccccc21,33,434.58,7,4,7.84,102313191,"1,4-naphthoquinone"
CC1=C(CCCCCC(=O)O)C(=O)c2ccccc2C1=O,O=C1C=CC(=O)c2ccccc21,21,286.33,6,2,3.42,10708341,"1,4-benzoquinone"
O=C1c2ccccc2C(=O)c2c(NCc3ccccc3)cccc21,O=C1c2ccccc2C(=O)c2c(NCc3ccccc3)cccc21,24,313.36,3,4,4.07,3887945,anthraquinone
O=C1C=Cc2ccc3cc4ccccc4nc3c2C1=O,O=C1C=Cc2ccc3cc4ccccc4nc3c2C1=O,20,259.26,0,4,3.17,167993278,"1,2-naphthoquinone"
COC1=CC(=O)C(=O)c2ccc(OC)cc21,O=C1C=Cc2ccccc2C1=O,16,218.21,2,2,1.45,605363,"1,2-benzoquinone"
O=C1c2ccccc2C(=O)c2c(O)cc(OCCCNC3CCCCC3)cc21,O=C1c2ccccc2C(=O)c2cc(OCCCNC3CCCCC3)ccc21,28,379.46,6,4,3.86,56672183,anthraquinone
CC1(C)C=Cc2c(c3ccoc3c3oc4c(O)cccc4c23)O1,C1=Cc2c(c3ccoc3c3oc4ccccc4c23)OC1,23,306.32,0,5,5.22,52943692,"1,2-benzoquinone"
Cc1cccc2c3c(ccc12)-c1oc2c(c1C(=O)C3=O)CCN(CCN1CCCC1)C2,O=C1C(=O)c2c(ccc3ccccc23)-c2oc3c(c21)CCN(CCN1CCCC1)C3,31,414.51,3,6,4.24,172458811,"1,2-benzoquinone"
CC=CC1=C(O)c2ccccc2C(=O)C1=O,O=C1C=Cc2ccccc2C1=O,16,214.22,1,2,2.3,5376097,"1,2-benzoquinone"
O=C1C=C(C2=CC(=O)C(=O)c3ccccc32)CC(=O)C1=O,O=C1C=C(C2=CC(=O)C(=O)c3ccccc32)CC(=O)C1=O,21,280.24,1,3,0.87,53705177,"1,2-naphthoquinone"
O=C1CC2OC3(CCCC3)C3=C(C(=O)c4ccccc4C3=O)C2O1,O=C1CC2OC3(CCCC3)C3=C(C(=O)c4ccccc4C3=O)C2O1,24,324.33,0,5,2.39,42618243,"1,4-benzoquinone"
COc1c(C)c2c([nH]c1=O)C(=O)c1cccc(O)c1C2=O,O=C1c2ccccc2C(=O)c2[nH]c(=O)ccc21,21,285.25,1,3,1.17,10062464,"1,4-benzoquinone"
Cc1c(C(=O)N2CCC(N)C2)sc2c1C(=O)c1c(c(O)c3ccccc3c1O)C2=O,O=C1c2cc3ccccc3cc2C(=O)c2sc(C(=O)N3CCCC3)cc21,30,422.46,1,5,2.57,164611730,"1,4-naphthoquinone"
CC(C)OC(=O)C(C)(C)Oc1ccc(C(=O)c2ccc(Cl)cc2)cc1,O=C(c1ccccc1)c1ccccc1,25,360.84,6,2,4.68,117592007,"1,2-naphthoquinone"
O=C1C(=O)c2ccccc2C2=C1SCC1(CCN(C(=O)NS(=O)(=O)c3ccccc3)CC1)O2,O=C1C(=O)c2ccccc2C2=C1SCC1(CCN(C(=O)NS(=O)(=O)c3ccccc3)CC1)O2,33,484.56,2,5,2.82,57661961,"1,2-naphthoquinone"
CC1(C)CCC2=C(O1)c1cccc(O)c1C(=O)C2=O,O=C1C(=O)c2ccccc2C2=C1CCCO2,19,258.27,0,3,2.46,70683902,"1,2-benzoquinone"
CC(O)C(NC1=C(CC2CCCC3CCCCC32)C(=O)C(=O)C=C1O)C(=O)O,O=C1C=CC=C(CC2CCCC3CCCCC32)C1=O,28,391.46,6,3,2.25,44330534,"1,2-benzoquinone"
O=C(CCl)Nc1ccc2c(c1NC(=O)CSc1ccccc1)C(=O)c1ccccc1C2=O,O=C(CSc1ccccc1)Nc1cccc2c1C(=O)c1ccccc1C2=O,32,464.93,6,4,4.37,53374487,"1,4-naphthoquinone"
COc1c(CO)c(OC2OC(CO)C(O)C(O)C2O)cc2c1C(=O)c1ccc(O)c(O)c1C2=O,O=C1c2ccccc2C(=O)c2cc(OC3CCCCO3)ccc21,34,478.41,5,4,-1.45,10994429,anthraquinone
CC(=O)CCc1ccc2c(c1C)C(=O)c1ccccc1C2=O,O=C1c2ccccc2C(=O)c2ccccc21,22,292.33,3,3,3.29,5326346,"1,4-naphthoquinone"
CCOC(=O)NN(C(=O)OCC)C1=C(N)c2ccccc2C(=O)C1=O,O=C1C=Cc2ccccc2C1=O,25,347.33,3,2,1.2,10545594,"1,2-benzoquinone"
COC1=C(C)C(=O)C2=C(C1=O)C(CNC(=O)C(C)N)N1C(O)C3Cc4cc(C)c(OC)c(O)c4C(C1C2)N3C,O=C1C=CC(=O)C2=C1CC1C3NC(Cc4ccccc43)CN1C2,39,540.62,5,5,0.21,160294,"1,4-benzoquinone"
Cc1cc(=O)c2c(O)c3c(cc2o1)C(=O)C(=O)C=C3O,O=C1C=Cc2cc3c(=O)ccoc3cc2C1=O,20,272.21,0,3,1.47,53483342,"1,2-benzoquinone"
Cc1ccc(-c2cc(NC3C4=C(OC3(C)C)c3ccccc3C(=O)C4=O)n(-c3ccccc3)n2)cc1,O=C1C(=O)c2ccccc2C2=C1C(Nc1cc(-c3ccccc3)nn1-c1ccccc1)CO2,36,475.55,4,6,5.61,71525253,"1,2-benzoquinone"
Cc1c2c(c(O)c3c(O)cc(O)cc13)C(=O)c1c(O)cc(O)cc1C2=O,O=C1c2ccccc2C(=O)c2cc3ccccc3cc21,26,352.3,0,4,2.45,10360632,anthraquinone
Cc1cnc(-c2cccc3c2oc2c3ccc3c4ccccc4oc32)cc1CC(C)(C)C,c1ccc(-c2cccc3c2oc2c3ccc3c4ccccc4oc32)nc1,32,419.52,2,6,8.44,160050930,"1,2-benzoquinone"
O=C1C(=O)c2ccccc2C2=C1CC(c1cn(-c3ccccc3)nn1)O2,O=C1C(=O)c2ccccc2C2=C1CC(c1cn(-c3ccccc3)nn1)O2,26,343.34,2,5,2.91,145993730,"1,2-benzoquinone"
Cc1cc2c(cc1C)-c1oc(CNCc3ccc(F)cc3)c(C)c1C(=O)C2=O,O=C1C(=O)c2cc(CNCc3ccccc3)oc2-c2ccccc21,28,377.42,4,4,4.68,145956898,"1,2-benzoquinone"
COc1cccc2c1C(=O)C(=O)C=C2C1=NC(C)(C)CO1,O=C1C=C(C2=NCCO2)c2ccccc2C1=O,21,285.3,2,3,2.05,10924114,"1,2-benzoquinone"
Cc1cccc2c1C(=O)c1c(C)coc1C2=O,O=C1c2ccccc2C(=O)c2occc21,17,226.23,0,3,2.67,3084387,"1,4-naphthoquinone"
CN1CCN(C(=O)Sc2nc3c4c(ccc3[nH]2)C(=O)c2ccccc2C4=O)CC1,O=C1c2ccccc2C(=O)c2c1ccc1[nH]c(SC(=O)N3CCNCC3)nc21,29,406.47,1,5,2.8,53358304,anthraquinone
COc1ccc2nc3c(nc2c1)C(=O)c1ccncc1C3=O,O=C1c2ccncc2C(=O)c2nc3ccccc3nc21,22,291.27,1,4,1.81,16066774,"1,4-benzoquinone"
CC1C2=C(SC1C(=O)c1ccc(C(F)(F)F)cc1)c1sc(C(=O)c3ccc(C(F)(F)F)cc3)cc1C(=O)C2=O,O=C1C(=O)c2cc(C(=O)c3ccccc3)sc2C2=C1CC(C(=O)c1ccccc1)S2,39,580.53,4,5,7.13,89408325,"1,2-benzoquinone"
O=C1c2ccccc2C(=O)c2c(NCCc3ccccc3)ccc(NCCc3ccccc3)c21,O=C1c2ccccc2C(=O)c2c(NCCc3ccccc3)ccc(NCCc3ccccc3)c21,34,446.55,8,5,5.77,85130,"1,4-naphthoquinone"
Cc1ccc2c(O)c3c(cc2c1)C(=O)c1c2c(cc(O)c1C3=O)C1(C)OC(O2)C(O)C(N(C)C)C1O,O=C1c2cc3ccccc3cc2C(=O)c2c1ccc1c2OC2CCCC1O2,36,491.5,1,6,1.95,44566455,"1,4-benzoquinone"
CC1=CC(=O)c2c(ccc(C(C)c3ccc4c(c3O)C(=O)C=C(C)C4=O)c2O)C1=O,O=C1C=CC(=O)c2cc(Cc3ccc4c(c3)C(=O)C=CC4=O)ccc21,30,402.4,2,4,3.9,14163338,"1,4-naphthoquinone"
COc1c2c(c(O)c3c1C(=O)c1c(cc(O)c(C)c1O)C3=O)-c1c(cc3cnn(C(=N)N)c(=O)c3c1O)CC2,O=C1c2ccccc2C(=O)c2cc3c(cc21)CCc1cc2cn[nH]c(=O)c2cc1-3,39,528.48,1,6,1.82,135965985,anthraquinone
CN1C2CCC1CC(OC(c1ccccc1)c1ccccc1)C2,c1ccc(C(OC2CC3CCC(C2)N3)c2ccccc2)cc1,23,307.44,4,4,4.42,117592893,"1,2-naphthoquinone"
Cn1c(C=CCO)c(CO)c2c1C(=O)C=C(N1CC1)C2=O,O=C1C(N2CC2)=CC(=O)c2[nH]ccc21,21,288.3,4,3,0.1,5813717,"1,4-benzoquinone"
O=C(O)c1ccc2c(n1)C(=O)C1=C(NC=CS1(=O)=O)C2=O,O=C1C2=C(C(=O)c3ncccc31)S(=O)(=O)C=CN2,21,306.25,1,3,-0.14,16736863,"1,4-benzoquinone"
COc1ccccc1NCc1oc2c(c1C)C(=O)C(=O)c1ccccc1-2,O=C1C(=O)c2cc(CNc3ccccc3)oc2-c2ccccc21,26,347.37,4,4,4.25,90682691,"1,2-benzoquinone"
Cc1[nH]c2c(c1C(=O)NC1CCNC1)C(=O)c1c(c(O)c3ccccc3c1O)C2=O,O=C(NC1CCNC1)c1c[nH]c2c1C(=O)c1cc3ccccc3cc1C2=O,30,405.41,2,5,1.75,162669522,"1,4-naphthoquinone"
O=C(CCl)Nc1cc(OCc2ccccc2)c2c(c1)C(=O)c1cccc(OCc3ccccc3)c1C2=O,O=C1c2cccc(OCc3ccccc3)c2C(=O)c2c(OCc3ccccc3)cccc21,37,511.96,8,5,5.8,72944357,"1,4-benzoquinone"
CC(=O)NC1=C(c2ccc(Cl)cc2)C(=O)c2ccccc2C1=O,O=C1C=C(c2ccccc2)C(=O)c2ccccc21,23,325.75,2,3,3.27,3565148,"1,4-benzoquinone"
COc1cc(-n2c(-c3ccc([N+](=O)[O-])cc3)nc3c2-c2ccccc2C(=O)C3=O)c(OC)c2ccccc12,O=C1C(=O)c2nc(-c3ccccc3)n(-c3ccc4ccccc4c3)c2-c2ccccc21,38,505.49,5,6,5.66,71480509,"1,2-naphthoquinone"
O=C1C(=O)c2ccccc2C(O)=C1C1CC1,O=C1C(=O)c2ccccc2C=C1C1CC1,16,214.22,1,3,2.13,44332352,"1,2-benzoquinone"
O=C1c2ccccc2C(=O)c2c1ccc1[nH]c(CCN3CCN(c4ccccc4)CC3)nc21,O=C1c2ccccc2C(=O)c2c1ccc1[nH]c(CCN3CCN(c4ccccc4)CC3)nc21,33,436.52,4,6,3.7,53372630,anthraquinone
NC(N)=Nc1ccc2c(c1)C(=O)c1cc(N=C(N)N)ccc1C2=O,O=C1c2ccccc2C(=O)c2ccccc21,24,322.33,2,3,0.27,11257943,"1,4-benzoquinone"
Cc1[nH]c2ccccc2c1C(C1=C(O)c2ccccc2C(=O)C1=O)c1ccc([N+](=O)[O-])cc1,O=C1C(=O)c2ccccc2C=C1C(c1ccccc1)c1c[nH]c2ccccc12,33,438.44,4,5,5.25,132578550,"1,2-benzoquinone"
COc1cc(OC)c2c(c1)C(=O)C(=O)C(CCC1CCCCC1)=C2O,O=C1C(=O)c2ccccc2C=C1CCC1CCCCC1,25,344.41,5,3,4.1,145965911,"1,2-benzoquinone"
O=C1C(=O)c2ccccc2C2=C1SCC1(CCN(C(=O)CSc3ccccc3)CC1)O2,O=C1C(=O)c2ccccc2C2=C1SCC1(CCN(C(=O)CSc3ccccc3)CC1)O2,31,451.57,3,5,4.04,57661976,"1,2-naphthoquinone"
O=C1c2ccccc2C(=O)c2c1oc1ccccc21,O=C1c2ccccc2C(=O)c2c1oc1ccccc21,19,248.24,0,4,3.21,2786514,"1,4-benzoquinone"
O=C1c2ccccc2C(=O)c2c1cc(S(=O)(=O)Cc1ccccc1Cl)c1nsnc21,O=C1c2ccccc2C(=O)c2c1cc(S(=O)(=O)Cc1ccccc1)c1nsnc21,30,454.92,3,5,4.09,74223444,"1,4-naphthoquinone"
O=C1C(=O)c2cccc3c2C(=C1Cl)OCC3n1cc(C2CC2)nn1,O=C1C=C2OCC(n3cc(C4CC4)nn3)c3cccc(c32)C1=O,24,341.75,2,5,2.45,72707860,"1,2-benzoquinone"
O=c1nc2ccc3c(=O)c4ccccc4c(=O)c3c2nc1=O,O=c1nc2ccc3c(=O)c4ccccc4c(=O)c3c2nc1=O,22,290.23,0,4,0.25,46225744,"1,4-benzoquinone"
O=C1c2ccccc2C(=O)c2c(-c3cccnc3)noc21,O=C1c2ccccc2C(=O)c2c(-c3cccnc3)noc21,21,276.25,1,4,2.51,60165527,"1,4-benzoquinone"
O=C1c2cc(Oc3ccccc3)ccc2C(=O)c2c(Oc3ccccc3)cccc21,O=C1c2cc(Oc3ccccc3)ccc2C(=O)c2c(Oc3ccccc3)cccc21,30,392.41,4,5,6.05,101655140,anthraquinone
Cc1cccc2c3c(ccc12)-c1oc2c(c1C(=O)C3=O)CCN(CC(=O)N(C)C)C2,O=C1C(=O)c2c(ccc3ccccc23)-c2oc3c(c21)CCNC3,30,402.45,2,5,3.23,172459027,"1,2-benzoquinone"
N#CC1=C(O)C(c2ccc3ncc(-c4cc(F)cc(F)c4)c(N4CCC(N)CC4)c3c2)=CC(=O)C1=O,O=C1C=CC(c2ccc3ncc(-c4ccccc4)c(N4CCCCC4)c3c2)=CC1=O,36,486.48,3,5,3.98,139326819,"1,2-benzoquinone"
COc1cc(OC)c2c(c1)C(=O)C(=O)C(CCc1ccc(N(CCCl)CCCl)cc1)=C2O,O=C1C(=O)c2ccccc2C=C1CCc1ccccc1,32,478.37,10,3,4.66,145974249,"1,2-benzoquinone"
CCCCCCN(CC1=C(O)c2ccccc2C(=O)C1=O)Cc1ccccc1,O=C1C(=O)c2ccccc2C=C1CNCc1ccccc1,28,377.48,9,3,4.8,15956521,"1,2-benzoquinone"
Cc1[nH]c2c(c1C(=O)NC1CCNCC1)C(=O)c1c(c(O)c3ccccc3c1O)C2=O,O=C(NC1CCNCC1)c1c[nH]c2c1C(=O)c1cc3ccccc3cc1C2=O,31,419.44,2,5,2.14,162674664,"1,4-naphthoquinone"
CCOc1ccc(Nc2cc3c(c4nsnc24)C(=O)c2ccccc2C3=O)cc1,O=C1c2ccccc2C(=O)c2c1cc(Nc1ccccc1)c1nsnc21,29,401.45,4,5,4.61,74223382,anthraquinone
O=C(COC(=O)c1cccc(Br)c1)Nc1cccc2c1C(=O)c1ccccc1C2=O,O=C(COC(=O)c1ccccc1)Nc1cccc2c1C(=O)c1ccccc1C2=O,30,464.27,4,4,4.02,3678328,"1,4-benzoquinone"
Nc1ncnc2c1nc(S(=O)(=O)O)n2CCOc1cccc2ccccc12,c1ccc2c(OCCn3cnc4cncnc43)cccc2c1,27,385.41,5,4,1.89,158341607,"1,2-benzoquinone"
O=C(CCl)Nc1cc2c(cc1Cl)C(=O)c1ccccc1C2=O,O=C1c2ccccc2C(=O)c2ccccc21,22,334.16,2,3,3.29,3100888,anthraquinone
COC1=C(C)C(=O)c2ccc3c(c2C1=O)C=CC(C)(CCC=C(C)C)O3,O=C1C=CC(=O)c2c1ccc1c2C=CCO1,26,352.43,4,3,4.9,392456,"1,4-naphthoquinone"
O=C1c2ccccc2C(=O)c2c1nnn2-c1ccc(-c2cccnc2)cc1,O=C1c2ccccc2C(=O)c2c1nnn2-c1ccc(-c2cccnc2)cc1,27,352.35,2,5,3.1,156016115,"1,4-naphthoquinone"
CC(C)(C)C1=CC(=O)C(=O)C=C1O,O=C1C=CC=CC1=O,13,180.2,0,1,1.55,14496021,"1,2-benzoquinone"
O=C1c2oc3cc(O)c(O)cc3c2C(=O)c2oc3cc(O)c(O)cc3c21,O=C1c2oc3ccccc3c2C(=O)c2oc3ccccc3c21,26,352.25,0,5,2.78,135464206,"1,4-benzoquinone"
CN1CCN(C(=O)N2CCc3c(oc4c3C(=O)C(=O)c3ccccc3-4)C2)CC1,O=C1C(=O)c2c(oc3c2CCN(C(=O)N2CCNCC2)C3)-c2ccccc21,28,379.42,0,5,2.05,177660452,"1,2-benzoquinone"
COc1ccc(C(C2=C(O)c3ccccc3C(=O)C2=O)c2c(C)[nH]n(-c3ccccc3)c2=O)c(O)c1,O=C1C(=O)c2ccccc2C=C1C(c1ccccc1)c1c[nH]n(-c2ccccc2)c1=O,36,482.49,5,5,4.05,177660518,"1,2-benzoquinone"
Cc1ccc(C(=O)Nc2c(NC(=O)CN3CCSCC3)ccc3c2C(=O)c2ccccc2C3=O)cc1,O=C(CN1CCSCC1)Nc1ccc2c(c1NC(=O)c1ccccc1)C(=O)c1ccccc1C2=O,36,499.59,5,5,4.01,53374688,anthraquinone
CC1=CCC2C(C)(C)CCCC2(C)C1CC1=CC(=O)C=CC1=O,O=C1C=CC(=O)C(CC2C=CCC3CCCCC23)=C1,23,312.45,2,3,4.81,11220690,"1,4-benzoquinone"
CCN1CCN(C(C)c2cc3c(o2)C(=O)c2ccccc2C3=O)CC1,O=C1c2ccccc2C(=O)c2oc(CN3CCNCC3)cc21,25,338.41,3,4,2.75,141513268,"1,4-naphthoquinone"
CC1COC2C3=C(C(=O)C=CC3=O)C3OC(=O)C4CC5CCC1C5C2C43,O=C1C=CC(=O)C2=C1C1OC(=O)C3CC4CCC5CCOC2C(C54)C31,26,354.4,0,6,1.86,344218,"1,4-benzoquinone"
CCCC(=O)N(C(=O)CCC)C1=C(Cl)C(=O)c2ccccc2C1=O,O=C1C=CC(=O)c2ccccc21,24,347.8,5,2,3.47,389899,"1,4-benzoquinone"
COCCCn1[nH]c2c3c(ccc2c1=O)C(=O)c1ccccc1C3=O,O=C1c2ccccc2C(=O)c2c1ccc1c(=O)[nH][nH]c21,25,336.35,4,4,2.14,3757176,anthraquinone
CCOC(=O)c1c(-c2ccccc2)[nH]c(-c2ccccc2)c1C1=C(O)c2ccccc2C(=O)C1=O,O=C1C(=O)c2ccccc2C=C1c1cc(-c2ccccc2)[nH]c1-c1ccccc1,35,463.49,5,5,5.72,146163787,"1,2-naphthoquinone"
C=C1CCC2C(C)(C(=O)O)CCCC2(C)C1Cc1c(C)ccc2c1C(=O)C(=O)C=C2O,C=C1CCC2CCCCC2C1Cc1cccc2c1C(=O)C(=O)C=C2,31,422.52,3,4,5.07,134832469,"1,2-naphthoquinone"
CC(C)(C)CC1=C(O)C(C2=CC(=O)C(=O)C(CC(C)(C)C)=C2O)=CC(=O)C1=O,O=C1C=CC(C2=CC(=O)C(=O)C=C2)=CC1=O,28,386.44,3,2,3.64,12180201,"1,2-benzoquinone"
CCCCn1c2nc(=O)[nH]c(=O)c-2cc2c1C(=O)C(=O)c1ccccc1-2,O=C1C(=O)c2[nH]c3nc(=O)[nH]c(=O)c-3cc2-c2ccccc21,26,349.35,3,4,1.88,44377717,"1,2-benzoquinone"
CCC1CC(O)c2c(O)c3c(c(O)c2C1O)C(=O)c1c(O)ccc(O)c1C3=O,O=C1c2ccccc2C(=O)c2cc3c(cc21)CCCC3,28,386.36,1,4,1.78,163063508,anthraquinone
CC1(C)CCC(C2=CC(=O)c3c(O)ccc(O)c3C2=O)O1,O=C1C=C(C2CCCO2)C(=O)c2ccccc21,21,288.3,1,3,2.36,375418,"1,4-naphthoquinone"
O=C1C=C(N2CC2)C(N2CC2)=CC1=O,O=C1C=C(N2CC2)C(N2CC2)=CC1=O,14,190.2,2,3,-0.46,10313461,"1,2-benzoquinone"
O=c1ccc2sc3ccccc3[nH]c=2c1=O,O=c1ccc2sc3ccccc3[nH]c=2c1=O,16,229.26,0,3,1.67,70482694,"1,2-benzoquinone"
C=C1CCC2C3=C(CC4(C)C(C)CCC1(C)C24)C(=O)C(OCC)=CC3=O,C=C1CCC2C3=C(CC4CCCC1C42)C(=O)C=CC3=O,26,354.49,2,4,4.78,76321231,"1,4-benzoquinone"
O=C1C(=O)c2ccccc2C(O)=C1Cc1ccccc1,O=C1C(=O)c2ccccc2C=C1Cc1ccccc1,20,264.28,2,3,2.96,263529,"1,2-benzoquinone"
CCN1CCN(c2nc3cc(O)c4c(c3s2)C(=O)c2cccc(O)c2C4=O)CC1,O=C1c2ccccc2C(=O)c2c1ccc1nc(N3CCNCC3)sc21,29,409.47,2,5,2.62,118709332,anthraquinone
O=C1C(Cl)=C(Nc2ccccc2)C(=O)C(Cl)=C1Nc1ccccc1,O=C1C=C(Nc2ccccc2)C(=O)C=C1Nc1ccccc1,24,359.21,4,3,4.26,245139,"1,4-benzoquinone"
O=C(O)CCCNc1cc(N2CCN(C(=O)c3ccco3)CC2)c2noc3c2c1C(=O)c1ccccc1-3,O=C1c2ccccc2-c2onc3c(N4CCN(C(=O)c5ccco5)CC4)ccc1c23,37,500.51,7,6,3.87,5052536,"1,4-naphthoquinone"
COC(=O)CCCN1CCc2c(oc3c2C(=O)C(=O)c2ccccc2-3)C1,O=C1C(=O)c2c(oc3c2CCNC3)-c2ccccc21,26,353.37,4,4,2.64,177657673,"1,2-benzoquinone"
Cc1nc2c(c3c1C(=O)C(Nc1ccc(F)cc1)=CC3=O)C(=O)CCC2,O=C1C(Nc2ccccc2)=CC(=O)c2c1cnc1c2C(=O)CCC1,26,350.35,2,4,3.42,53376050,"1,4-benzoquinone"
Cc1cc(O)c2c(c1)C(=O)c1cc(O)ccc1C2=O,O=C1c2ccccc2C(=O)c2ccccc21,19,254.24,0,3,2.18,12314177,"1,4-benzoquinone"
O=C1C(=O)c2ccccc2C2=C1SCC1(CCCN(C(=O)Oc3cccc(C(F)(F)F)c3)CC1)O2,O=C1C(=O)c2ccccc2C2=C1SCC1(CCCN(C(=O)Oc3ccccc3)CC1)O2,35,503.5,1,5,5.33,57662008,"1,2-benzoquinone"
CCOC(=O)n1c2c(OC)c3c(c(C(=O)N4CCC(Cc5ccc(F)cc5)CC4)c(OC)cc31)C(=O)C2=O,O=C1C(=O)c2c(C(=O)N3CCC(Cc4ccccc4)CC3)ccc3[nH]c1cc23,38,522.53,6,5,4.28,91404279,"1,2-benzoquinone"
CC(=O)c1cc2c(s1)C(=O)c1ccccc1C2=O,O=C1c2ccccc2C(=O)c2sccc21,18,256.28,1,3,2.73,392893,"1,4-benzoquinone"
O=C(C=Cc1ccc(C=CC(=O)c2cccc3c2C(=O)c2ccccc2C3=O)cc1)c1ccccc1,O=C(C=Cc1ccc(C=CC(=O)c2cccc3c2C(=O)c2ccccc2C3=O)cc1)c1ccccc1,36,468.51,6,5,6.25,118719422,anthraquinone
Cc1cc(O)c2c(c1)C(O)C13Cc4cc(O)c5c(O)c6c(cc5c4C1C=CC(O)C3OC2=O)C(=O)C=CC6=O,O=C1OC2CC=CC3c4c(ccc5cc6c(cc45)C(=O)C=CC6=O)CC23Cc2ccccc21,39,526.5,0,7,3.03,44578391,"1,4-naphthoquinone"
Cc1c2c(nn1S(=O)(=O)c1ccc(F)cc1F)-c1ccccc1C(=O)C2=O,O=C1C(=O)c2cn(S(=O)(=O)c3ccccc3)nc2-c2ccccc21,27,388.35,2,4,2.75,162734615,"1,2-benzoquinone"
CCCCCc1ccc(Oc2cc(O)c3c(c2N)C(=O)c2ccccc2C3=O)cc1,O=C1c2ccccc2C(=O)c2cc(Oc3ccccc3)ccc21,30,401.46,6,4,5.27,105934,anthraquinone
CC(=O)N(C1=C(N(C)C)C(=O)c2ccccc2C1=O)c1ccc(Cl)cc1,O=C1C=C(Nc2ccccc2)C(=O)c2ccccc21,26,368.82,3,3,3.55,2846972,"1,4-benzoquinone"
O=C1C(=O)c2c(nc3ccccc3c2-c2ccccc2)-c2ccccc21,O=C1C(=O)c2c(nc3ccccc3c2-c2ccccc2)-c2ccccc21,26,335.36,1,5,4.95,102334305,"1,2-benzoquinone"
CC(C)c1ccc(-c2c(F)cc(-n3nnc4c3C(=O)c3ccccc3C4=O)cc2F)cc1,O=C1c2ccccc2C(=O)c2c1nnn2-c1ccc(-c2ccccc2)cc1,32,429.43,3,5,5.11,156012419,"1,4-naphthoquinone"
O=C1C=C(c2cc(O)c3ccccc3c2O)c2ccccc2C1=O,O=C1C=C(c2ccc3ccccc3c2)c2ccccc2C1=O,24,316.31,1,4,3.45,18987537,"1,2-naphthoquinone"
CC(C)Nc1cc(N2CCN(C3CCCCC3)CC2)c2noc3c2c1C(=O)c1ccccc1-3,O=C1c2ccccc2-c2onc3c(N4CCN(C5CCCCC5)CC4)ccc1c23,33,444.58,4,6,5.31,16009250,"1,4-naphthoquinone"
O=C1C(=O)c2ccccc2C2=C1SCC1(CCN(C(=O)c3cn4c5c(cccc35)CCC4)CC1)O2,O=C1C(=O)c2ccccc2C2=C1SCC1(CCN(C(=O)c3cn4c5c(cccc35)CCC4)CC1)O2,35,484.58,1,7,4.46,57661871,"1,2-naphthoquinone"
CN(C)CCCNc1ccc(O)c2c1C(=O)c1ccccc1C2=O,O=C1c2ccccc2C(=O)c2ccccc21,24,324.38,5,3,2.53,72739,anthraquinone
O=C1C=C(N2CCC2)C(N2CCC2)=CC1=O,O=C1C=C(N2CCC2)C(N2CCC2)=CC1=O,16,218.26,2,3,0.32,14974915,"1,2-benzoquinone"
O=C1c2cc(OC3OC(C(O)CO)C(O)C3O)cc(O)c2C(=O)c2c1cc1c(c2O)C2CCOC2O1,O=C1c2cc(OC3CCCO3)ccc2C(=O)c2cc3c(cc21)OC1OCCC31,36,502.43,4,6,-0.73,118735494,"1,4-naphthoquinone"
CC1=CC(=O)C(=O)C=C1C1(c2ccccc2)C(=O)c2ccccc2C1=O,O=C1C=CC(C2(c3ccccc3)C(=O)c3ccccc3C2=O)=CC1=O,26,342.35,2,4,3.03,91182889,"1,2-benzoquinone"
Cc1ccnc2c1C(=O)C(=O)C=C2N1CCCCC1,O=C1C=C(N2CCCCC2)c2ncccc2C1=O,19,256.3,1,3,1.98,363465,"1,2-benzoquinone"
O=C(C=Cc1ccc(C=NC2CCCCC2)cc1)c1cccc2c1C(=O)c1ccccc1C2=O,O=C(C=Cc1ccc(C=NC2CCCCC2)cc1)c1cccc2c1C(=O)c1ccccc1C2=O,34,447.53,5,5,6.11,72947873,anthraquinone
O=C1C(NS(=O)(=O)c2ccccc2)=C(c2ccco2)C(=O)c2ccccc21,O=C1C(NS(=O)(=O)c2ccccc2)=C(c2ccco2)C(=O)c2ccccc21,27,379.39,4,4,3.05,52934048,"1,4-naphthoquinone"
CNC1=C2CC(C)CC(OC)C(=O)C(C)C=C(C)C(OC(N)=O)C(OC)C=CC=C(C)C(=O)NC(=CC1=O)C2=O,O=C1C=C2CCCCC(=O)CC=CCCC=CC=CC(=O)NC(=C1)C2=O,40,557.64,4,2,2.19,10370496,"1,4-benzoquinone"
Cc1nc2c(c3c1C(=O)C(Nc1ccc([N+](=O)[O-])cc1)=CC3=O)c(=O)n(C)c(=O)n2C,O=C1C(Nc2ccccc2)=CC(=O)c2c1cnc1[nH]c(=O)[nH]c(=O)c21,31,421.37,3,4,1.22,49843980,"1,4-benzoquinone"
O=C1c2ccsc2C(=O)c2sccc21,O=C1c2ccsc2C(=O)c2sccc21,14,220.27,0,3,2.59,288496,"1,4-benzoquinone"
CCOC(=O)C1=C(Br)C(=O)c2ccccc2C1=O,O=C1C=CC(=O)c2ccccc21,18,309.12,2,2,2.28,46224665,"1,4-benzoquinone"
CC1=C(CC2=CC(=O)c3c(O)cccc3C2=O)C(=O)c2c(O)cccc2C1=O,O=C1C=C(CC2=CC(=O)c3ccccc3C2=O)C(=O)c2ccccc21,28,374.35,2,4,3.19,100947536,"1,4-naphthoquinone"
O=C1C=Cc2[nH]ncc2C1=O,O=C1C=Cc2[nH]ncc2C1=O,11,148.12,0,2,0.19,129759004,"1,2-benzoquinone"
O=C1c2cccc(N3CCCCC3)c2C(=O)c2cccc(Cl)c21,O=C1c2ccccc2C(=O)c2c1cccc2N1CCCCC1,23,325.79,1,4,4.11,3453577,anthraquinone
CCCCCCCCOc1ccc2c(c1)oc1c2ccc2c3cc4cc(F)c(F)cc4cc3oc21,c1ccc2cc3c(cc2c1)oc1c3ccc2c3ccccc3oc21,35,472.53,8,6,9.66,118285715,"1,2-benzoquinone"
O=C(Oc1cccc2c1C(=O)C=C(N1CC1)C2=O)c1ccco1,O=C(Oc1cccc2c1C(=O)C=C(N1CC1)C2=O)c1ccco1,23,309.28,3,4,2.08,10380617,"1,4-benzoquinone"
O=C(Nc1ccc2c(c1)C(=O)c1cc(NC(=O)c3ccccc3)ccc1C2=O)c1ccccc1,O=C(Nc1ccc2c(c1)C(=O)c1cc(NC(=O)c3ccccc3)ccc1C2=O)c1ccccc1,34,446.46,4,5,4.97,44243461,"1,4-benzoquinone"
O=C1C=c2oc(O)c(-c3oc(O)c(-c4ccc(O)c(O)c4)c3O)c2=CC1=O,O=C1C=c2occ(-c3cc(-c4ccccc4)co3)c2=CC1=O,27,370.27,2,4,0.45,162905210,"1,2-benzoquinone"
CC(C)(C)OC(=O)N1CCC2(CC1)CSC1=C(O2)c2cc(N3CCOCC3)ccc2C(=O)C1=O,O=C1C(=O)c2ccc(N3CCOCC3)cc2C2=C1SCC1(CCNCC1)O2,34,486.59,1,5,3.49,57661925,"1,2-naphthoquinone"
O=C1c2cccc(SCCc3ccccc3)c2C(=O)c2cccc(SCCc3ccccc3)c21,O=C1c2cccc(SCCc3ccccc3)c2C(=O)c2cccc(SCCc3ccccc3)c21,34,480.65,8,5,7.13,11016320,anthraquinone
O=C1C=C(N2CCCC2)c2ncccc2C1=O,O=C1C=C(N2CCCC2)c2ncccc2C1=O,17,228.25,1,3,1.28,363469,"1,2-benzoquinone"
O=C1c2ccccc2C(=O)c2c(NCCN3CCOCC3)ccc(NCCN3CCOCC3)c21,O=C1c2ccccc2C(=O)c2c(NCCN3CCOCC3)ccc(NCCN3CCOCC3)c21,34,464.57,8,5,1.95,72737,anthraquinone
O=C1C(=O)c2cccnc2C(NCc2ccccc2)=C1Cl,O=C1C=C(NCc2ccccc2)c2ncccc2C1=O,21,298.73,3,3,2.54,283821,"1,2-benzoquinone"
COC(=O)c1c(C)[nH]c2c1C(=O)C(=O)c1nc(C)c(C)nc1-2,O=C1C(=O)c2nccnc2-c2[nH]ccc21,22,299.29,1,3,1.56,402467,"1,2-benzoquinone"
COc1cc(NC2=CC(=O)C(=O)c3ccccc32)c2ncccc2c1,O=C1C=C(Nc2cccc3cccnc23)c2ccccc2C1=O,25,330.34,3,4,3.46,134938276,"1,2-naphthoquinone"
O=C1C=CC(=O)C2=C1CCCC2,O=C1C=CC(=O)C2=C1CCCC2,12,162.19,0,2,1.56,81987,"1,4-benzoquinone"
O=C1c2ccccc2C(=O)c2oc(-c3cccnc3)nc21,O=C1c2ccccc2C(=O)c2oc(-c3cccnc3)nc21,21,276.25,1,4,2.51,78358325,"1,4-benzoquinone"
O=C1C(=O)c2ccccc2C2=C1C(c1ccc(Cl)cc1)c1c(ccc3ccccc13)O2,O=C1C(=O)c2ccccc2C2=C1C(c1ccccc1)c1c(ccc3ccccc13)O2,31,422.87,1,6,6.19,122205318,"1,2-naphthoquinone"
CC(C)=CCCC(=CCCC1(C)C2=C(C(O)=C(C)C(=O)C2=O)C(O)C2C1CCC2(C)O)C(=O)O,O=C1C=CC2=C(CC3CCCC3C2)C1=O,34,472.58,7,3,3.96,6918351,"1,2-benzoquinone"
C=C(C)C1CC2=C(O1)c1ccccc1C(=O)C2=O,O=C1C(=O)c2ccccc2C2=C1CCO2,18,240.26,1,3,2.53,4301570,"1,2-benzoquinone"
O=C1c2ccc(NC3=NCCN3)cc2C(=O)c2ccc(NC3=NCCN3)cc21,O=C1c2ccc(NC3=NCCN3)cc2C(=O)c2ccc(NC3=NCCN3)cc21,28,374.4,2,5,1.2,145948517,"1,4-benzoquinone"
CCCCN(CCCC)c1ccc2c3c(n(CCCC)c2c1)C(=O)C(=O)c1ccccc1-3,O=C1C(=O)c2[nH]c3ccccc3c2-c2ccccc21,32,430.59,10,4,6.89,102044978,"1,2-benzoquinone"
CC(NC1=CC(=O)c2ncccc2C1=O)C(O)c1ccccc1,O=C1C(NCCc2ccccc2)=CC(=O)c2ncccc21,23,308.34,4,3,2.06,386228,"1,4-benzoquinone"
O=C1C(=O)c2ccc(-c3ccccc3)nc2-c2nc(-c3ccccc3)ccc21,O=C1C(=O)c2ccc(-c3ccccc3)nc2-c2nc(-c3ccccc3)ccc21,28,362.39,2,5,4.86,139221202,"1,2-benzoquinone"
CC1OC2CC(=O)OC2c2cc3c(c(O)c21)C(=O)C(=O)C(C1CC(O)C(O)C(C)O1)=C3O,O=C1CC2OCc3cc4c(cc3C2O1)C=C(C1CCCCO1)C(=O)C4=O,32,446.41,1,5,0.77,53468791,"1,2-naphthoquinone"
O=C1c2cnc3c(c2C(=O)c2cccc(O)c21)C(=O)CCC3,O=C1c2ccccc2C(=O)c2c1cnc1c2C(=O)CCC1,22,293.28,0,4,2.08,44587979,"1,4-naphthoquinone"
COc1ccc(C2=C(NC(=O)c3cccc(OC)c3)C(=O)c3ccccc3C2=O)cc1,O=C(NC1=C(c2ccccc2)C(=O)c2ccccc2C1=O)c1ccccc1,31,413.43,5,4,3.92,44564006,"1,4-benzoquinone"
Cc1ccc2c(c1C)C(=O)C(=O)C(c1cc(Br)c(O)c(C(C)(C)C)c1)=C2O,O=C1C(=O)c2ccccc2C=C1c1ccccc1,27,429.31,1,3,5.26,10002720,"1,2-naphthoquinone"
O=C1OCC(O)=C1C(C1=C(O)c2ccccc2C(=O)C1=O)c1ccc2ccccc2c1,O=C1OCC=C1C(C1=Cc2ccccc2C(=O)C1=O)c1ccc2ccccc2c1,31,412.4,3,5,4.03,155803547,"1,2-naphthoquinone"
CCOC(=O)c1c2c(n(Cc3ccccc3)c1CNC(C)C)C(=O)C(=O)c1ccccc1-2,O=C1C(=O)c2c(ccn2Cc2ccccc2)-c2ccccc21,32,430.5,7,4,4.26,1736162,"1,2-benzoquinone"
O=C1C=CC(c2c(O)oc3c(-c4ccc(O)c(O)c4)c(O)oc23)=CC1=O,O=C1C=CC(c2coc3c(-c4ccccc4)coc23)=CC1=O,26,354.27,2,4,2.61,136247330,"1,2-benzoquinone"
COC(=O)c1c(C)c2c(c(OC)c1O)C(=O)c1cccc(O)c1C2=O,O=C1c2ccccc2C(=O)c2ccccc21,25,342.3,2,3,1.98,11056987,anthraquinone
O=C1C(Nc2ccc(OC(F)(F)F)cc2)=CC(=O)c2ncccc21,O=C1C(Nc2ccccc2)=CC(=O)c2ncccc21,24,334.25,3,3,3.36,15537867,"1,4-benzoquinone"
COC1=C(C)C(=O)C(=O)c2c1ccnc2COC(=O)c1ccccc1,O=C1C=Cc2ccnc(COC(=O)c3ccccc3)c2C1=O,25,337.33,4,3,2.58,101609952,"1,2-benzoquinone"
O=C1C(=O)c2ccccc2C(O)=C1c1ccc2ccccc2c1,O=C1C(=O)c2ccccc2C=C1c1ccc2ccccc2c1,23,300.31,1,4,4.03,265897,"1,2-benzoquinone"
O=C1C=C(C2=NC(=C3C=CC=C(F)N3O)NN=C2)C=C([N+](=O)[O-])C1=O,O=C1C=CC(C2=NC(=C3C=CC=CN3)NN=C2)=CC1=O,25,345.25,2,3,0.5,67037035,"1,2-benzoquinone"
O=C1c2ccccc2-c2onc3ccc(N4CCCC4)c1c23,O=C1c2ccccc2-c2onc3ccc(N4CCCC4)c1c23,22,290.32,1,5,3.64,776370,"1,4-benzoquinone"
CC1(C)OC2=C(C(=O)C(=O)c3ccccc32)C1Nc1ccc(Br)cc1Br,O=C1C(=O)c2ccccc2C2=C1C(Nc1ccccc1)CO2,26,477.15,2,4,4.98,46861835,"1,2-benzoquinone"
Cc1coc2c1C(=O)C1=C(OCC(C(C)C)C1)C2=O,O=C1C2=C(OCCC2)C(=O)c2occc21,19,260.29,1,3,2.91,10801302,"1,4-benzoquinone"
Cc1c(CNC2CCCCC2)oc2c1C(=O)C(=O)c1ccccc1-2,O=C1C(=O)c2cc(CNC3CCCCC3)oc2-c2ccccc21,24,323.39,3,4,4.06,90682682,"1,2-benzoquinone"
Cc1ccn2c3c(nc2c1)-c1ccccc1C(=O)C3=O,O=C1C(=O)c2c(nc3ccccn23)-c2ccccc21,20,262.27,0,4,2.69,19610842,"1,2-benzoquinone"
O=C1C=C(C2=CSC(=C3C=CC=C(F)N3O)N2)C=C([N+](=O)[O-])C1=O,O=C1C=CC(C2=CSC(=C3C=CC=CN3)N2)=CC1=O,24,349.3,2,3,1.64,67037527,"1,2-benzoquinone"
CC(C)c1cc2c(cc1O)C(=O)c1cc(O)cc(O)c1C2=O,O=C1c2ccccc2C(=O)c2ccccc21,22,298.29,1,3,2.7,134137661,anthraquinone
O=C(Nc1ccc(SC(F)(F)F)cc1)C1=C(O)c2ccccc2C(=O)C1=O,O=C(Nc1ccccc1)C1=Cc2ccccc2C(=O)C1=O,27,393.34,3,3,3.97,54748245,"1,2-naphthoquinone"
Cc1cc2c(cc1C)-c1oc(C(=O)N3CCN(Cc4ccccc4)CC3)c(C)c1C(=O)C2=O,O=C1C(=O)c2cc(C(=O)N3CCN(Cc4ccccc4)CC3)oc2-c2ccccc21,33,442.52,3,5,4.21,145958735,"1,2-benzoquinone"
CN(C1=CC(=O)C(=O)c2ccccc21)C1CC2CCC1C2,O=C1C=C(NC2CC3CCC2C3)c2ccccc2C1=O,21,281.36,2,4,2.91,14722223,"1,2-naphthoquinone"
CC1=C(NCCCNCCCCNCCCNC2=C(C)C(=O)c3ccccc3C2=O)C(=O)c2ccccc2C1=O,O=C1C=C(NCCCNCCCCNCCCNC2=CC(=O)c3ccccc3C2=O)C(=O)c2ccccc21,40,542.68,15,4,3.61,10602591,"1,4-benzoquinone"
CC1(C)OC2=C(C(=O)C(=O)c3ccccc32)C(n2cc(-c3ccc(F)cc3)nn2)C1Br,O=C1C(=O)c2ccccc2C2=C1C(n1cc(-c3ccccc3)nn1)CCO2,31,482.31,2,5,4.37,46887987,"1,2-benzoquinone"
O=C1C(=O)c2ccccc2C(O)=C1CCc1cc(C(F)(F)F)cs1,O=C1C(=O)c2ccccc2C=C1CCc1cccs1,24,352.33,3,3,4.43,70386522,"1,2-benzoquinone"
CC(C=CC1(C)C(C)C=CC(=O)C1C)=CCC1=C(O)C(Cl)=C(C)C(=O)C1=O,O=C1C=CCC(C=CC=CCC2=CC=CC(=O)C2=O)C1,27,388.89,4,2,4.77,170990468,"1,2-benzoquinone"
Cc1cc(O)cc2c1C(=O)C1=C(C2=O)C(C)(C)c2cc(O)cc(O)c2C1=O,O=C1C2=C(Cc3ccccc31)C(=O)c1ccccc1C2=O,27,364.35,0,4,2.96,71507685,"1,4-benzoquinone"
CN(C1=C(NC(=O)c2ccc(Cl)cc2)C(=O)c2ccccc2C1=O)c1ccccc1,O=C(NC1=C(Nc2ccccc2)C(=O)c2ccccc2C1=O)c1ccccc1,30,416.86,4,4,4.5,4668547,"1,4-benzoquinone"
O=C1C(=O)c2cc(-c3ccccc3)ccc2C(O)=C1[N+](=O)[O-],O=C1C=Cc2ccc(-c3ccccc3)cc2C1=O,22,295.25,2,3,2.62,12369080,"1,2-benzoquinone"
O=C1C(=O)c2c(-c3ccc4ccccc4c3)cccc2-c2ccccc21,O=C1C(=O)c2c(-c3ccc4ccccc4c3)cccc2-c2ccccc21,26,334.37,1,5,5.55,17948077,"1,2-naphthoquinone"
[N-]=[N+]=NC1=C(S(=O)(=O)Oc2ccc(C(=O)c3ccccc3)c(O)c2O)c2ccccc2C(=O)C1=O,O=C1C=C(S(=O)(=O)Oc2ccc(C(=O)c3ccccc3)cc2)c2ccccc2C1=O,35,491.44,6,4,3.48,53682357,"1,2-naphthoquinone"
COc1cc2c(cc1OC)-c1onc(C)c1C(=O)C2=O,O=C1C(=O)c2cnoc2-c2ccccc21,20,273.24,2,3,2.05,21563472,"1,2-naphthoquinone"
O=C(CNC1=CC(=O)C(=O)c2ccccc21)NCCc1ccccc1,O=C(CNC1=CC(=O)C(=O)c2ccccc21)NCCc1ccccc1,25,334.38,6,3,1.74,122194747,"1,2-benzoquinone"
COC12C(COC(N)=O)C3=C(C(=O)C(C)=C(OCc4ccccc4)C3=O)N1CC1NC12,O=C1C=C(OCc2ccccc2)C(=O)C2=C1N1CC3NC3C1C2,31,425.44,6,5,0.61,44293180,"1,4-benzoquinone"
Nc1c(O)c(O)c(N)c2c1C(=O)c1ccccc1C2=O,O=C1c2ccccc2C(=O)c2ccccc21,20,270.24,0,3,1.04,67194,anthraquinone
O=C1C(=O)c2ccccc2C2=C1SCC1(CCN(C(=O)OCc3ccccc3)CC1)O2,O=C1C(=O)c2ccccc2C2=C1SCC1(CCN(C(=O)OCc3ccccc3)CC1)O2,31,435.5,2,5,4.06,57661938,"1,2-naphthoquinone"
O=C1C=C(CO)C(O)=C(Cl)C1=O,O=C1C=CC=CC1=O,12,188.57,1,1,0.07,145960751,"1,2-benzoquinone"
CC(C)=CCOc1ccc2c(c1C)C(=O)c1ccccc1C2=O,O=C1c2ccccc2C(=O)c2ccccc21,23,306.36,3,3,4.12,46201020,anthraquinone
CN(C)C(=O)N1CCc2c(oc3c2C(=O)C(=O)c2ccccc2-3)C1,O=C1C(=O)c2c(oc3c2CCNC3)-c2ccccc21,24,324.34,0,4,2.37,177657551,"1,2-benzoquinone"
Cc1ccc2c(n1)-c1nc(C)ccc1C(=O)C2=O,O=C1C(=O)c2cccnc2-c2ncccc21,18,238.25,0,3,2.14,10799932,"1,2-benzoquinone"
CC1CC(=O)C(O)C2(O1)OC1CC(=O)OC1C1=C2C(=O)c2c(O)cccc2C1=O,O=C1CCOC2(C1)OC1CC(=O)OC1C1=C2C(=O)c2ccccc2C1=O,29,400.34,0,5,0.22,23630728,"1,4-benzoquinone"
O=C1C=C(Nc2cccnc2)c2ccccc2C1=O,O=C1C=C(Nc2cccnc2)c2ccccc2C1=O,19,250.26,2,3,2.3,367787,"1,2-benzoquinone"
CN(C1=CC(=O)C(=O)c2ccccc21)c1ccc(Cl)cc1,O=C1C=C(Nc2ccccc2)c2ccccc2C1=O,21,297.74,2,3,3.58,137644595,"1,2-benzoquinone"
O=C1c2[nH]c3ccccc3c(=O)c2C(=O)c2[nH]c3ccccc3c(=O)c21,O=C1c2[nH]c3ccccc3c(=O)c2C(=O)c2[nH]c3ccccc3c(=O)c21,26,342.31,0,5,2.14,73920,"1,4-benzoquinone"
Cc1cc2c(cc1C)-c1oc(CN3CCN(Cc4ccccc4)CC3)c(C)c1C(=O)C2=O,O=C1C(=O)c2cc(CN3CCN(Cc4ccccc4)CC3)oc2-c2ccccc21,32,428.53,4,5,4.57,145959246,"1,2-benzoquinone"
COc1ccc(C(=O)CCC2=CC(=O)C(=O)c3ccccc32)cc1OC,O=C1C=C(CCC(=O)c2ccccc2)c2ccccc2C1=O,26,350.37,6,3,3.52,134848397,"1,2-naphthoquinone"
Cc1[nH]n2c(=O)c3cc(Cl)cc(Cl)c3nc2c1N=Nc1cccc2c1C(=O)c1ccccc1C2=O,O=C1c2ccccc2C(=O)c2c(N=Nc3c[nH]n4c(=O)c5ccccc5nc34)cccc21,35,502.32,2,6,5.98,166443,"1,4-benzoquinone"
O=C(Cc1ccccc1F)NC1=C(Cl)C(=O)c2ccccc2C1=O,O=C(Cc1ccccc1)NC1=CC(=O)c2ccccc2C1=O,24,343.74,3,3,3.01,371178,"1,4-benzoquinone"
O=C(O)c1ccc(-c2cccc3c2C(=O)c2ccccc2C3=O)cc1,O=C1c2ccccc2C(=O)c2c1cccc2-c1ccccc1,25,328.32,2,4,3.83,139199281,anthraquinone
COC1=CC(=O)c2c(O)c3c(c(O)c2C1=O)OC(CC(C)=O)CC3O,O=C1C=CC(=O)c2cc3c(cc21)CCCO3,25,348.31,3,3,1.17,179473,"1,4-benzoquinone"
O=C1C=C(NC(=O)c2ccccc2)C(=O)C=C1NCCN1CCCC1,O=C1C=C(NC(=O)c2ccccc2)C(=O)C=C1NCCN1CCCC1,25,339.4,6,3,1.02,132576256,"1,4-benzoquinone"
CC1=C2OC(C)(C)c3cc4c(c(c32)C(=O)C1=O)C(C)(O)C=CO4,O=C1C=C2OCc3cc4c(c(c32)C1=O)CC=CO4,23,312.32,0,4,2.56,23642716,"1,2-benzoquinone"
COC12C(COC(N)=O)C3=C(C(=O)C(C)=C(NCCc4ccco4)C3=O)N1CC1NC12,O=C1C=C(NCCc2ccco2)C(=O)C2=C1N1CC3NC3C1C2,31,428.45,7,5,-0.18,44294468,"1,4-benzoquinone"
O=C1C(=O)c2ccccc2C2=C1SCC1(CCN(C(O)NS(=O)(=O)c3ccc(F)cc3)CC1)O2,O=C1C(=O)c2ccccc2C2=C1SCC1(CCN(CNS(=O)(=O)c3ccccc3)CC1)O2,34,504.56,4,5,2.11,143586989,"1,2-benzoquinone"
Cc1ccc(S(=O)(=O)Oc2ccc(NCc3ccc(Cl)cc3)c3c2C(=O)c2ccccc2C3=O)cc1,O=C1c2ccccc2C(=O)c2c(OS(=O)(=O)c3ccccc3)ccc(NCc3ccccc3)c21,36,517.99,6,5,5.8,72546225,anthraquinone
Cc1oc2c(c1C(=O)c1ccccc1)C(=O)c1ccccc1C2=O,O=C(c1ccccc1)c1coc2c1C(=O)c1ccccc1C2=O,24,316.31,2,4,3.59,369639,"1,4-naphthoquinone"
O=C1C=C(O)C(c2ccc3oc4ccccc4c3c2)=CC1=O,O=C1C=CC(c2ccc3oc4ccccc4c3c2)=CC1=O,22,290.27,1,4,3.56,51041918,"1,2-benzoquinone"
CCOC1CC(C)(O)Cc2cc3c(c(O)c21)C(=O)c1c(O)cc2c(c1C3=O)OC1OC2(C)C(O)C(N(C)C)C1O,O=C1c2cc3c(cc2C(=O)c2c1ccc1c2OC2CCCC1O2)CCCC3,40,555.58,3,6,1.26,153481,anthraquinone
CN(C)C1C(O)C2Oc3c(cc(O)c4c3C(=O)c3cc5c(c(O)c3C4=O)CCC(C)(O)C5C(=O)O)C(C)(O2)C1O,O=C1c2cc3c(cc2C(=O)c2c1ccc1c2OC2CCCC1O2)CCCC3,40,555.54,2,6,0.35,44368640,anthraquinone
O=C(CCl)Nc1ccc2c(c1NC(=O)c1ccno1)C(=O)c1ccccc1C2=O,O=C(Nc1cccc2c1C(=O)c1ccccc1C2=O)c1ccno1,29,409.79,4,4,2.88,53374484,"1,4-naphthoquinone"
COc1cc2c(c3c1C(=O)c1c(NCCNCCO)ccc(NCCNCCO)c1C3=O)CCCC2,O=C1c2ccccc2C(=O)c2c1ccc1c2CCCC1,36,496.61,13,4,1.34,3081230,"1,4-benzoquinone"
O=C(CCl)Nc1ccc2c(c1NC(=O)c1ccco1)C(=O)c1ccccc1C2=O,O=C(Nc1cccc2c1C(=O)c1ccccc1C2=O)c1ccco1,29,408.8,4,4,3.48,53374394,"1,4-naphthoquinone"
O=C1C(=O)c2ccccc2C(O)=C1C(NCc1ccccn1)c1ccccn1,O=C1C(=O)c2ccccc2C=C1C(NCc1ccccn1)c1ccccn1,28,371.4,5,4,3.04,102590846,"1,2-benzoquinone"
O=C1C(=O)c2ccccc2C(O)=C1c1ccsc1,O=C1C(=O)c2ccccc2C=C1c1ccsc1,18,256.28,1,3,2.94,46894698,"1,2-benzoquinone"
O=CC1=C(C2(c3ccccc3)C(=O)c3ccccc3C2=O)C=CC(=O)C1=O,O=C1C=CC(C2(c3ccccc3)C(=O)c3ccccc3C2=O)=CC1=O,27,356.33,3,4,2.21,91117382,"1,2-benzoquinone"
CCC(=O)c1ccc(OCc2oc3c(c2C)C(=O)C(=O)c2ccccc2-3)cc1,O=C1C(=O)c2cc(COc3ccccc3)oc2-c2ccccc21,28,374.39,5,4,4.81,176548611,"1,2-naphthoquinone"
O=C(Cc1ccc(F)cc1)OC1=C(C2CCC(c3ccc(Cl)cc3)CC2)C(=O)c2ccccc2C1=O,O=C(Cc1ccccc1)OC1=C(C2CCC(c3ccccc3)CC2)C(=O)c2ccccc2C1=O,36,502.97,5,5,6.87,44513994,"1,4-benzoquinone"
CC(C)(C)OC(=O)N1CCN(c2cc3c(c4nsnc24)C(=O)c2ccccc2C3=O)CC1,O=C1c2ccccc2C(=O)c2c1cc(N1CCNCC1)c1nsnc21,32,450.52,1,5,3.52,74223519,anthraquinone
COC1=CC(=O)c2c(c(COc3ccccc3[N+](=O)[O-])c(C)n2C)C1=O,O=C1C=CC(=O)c2c(COc3ccccc3)c[nH]c21,26,356.33,5,3,2.73,23656455,"1,4-benzoquinone"
CCCc1ccc(CC2=C(O)c3ccccc3C(=O)C2=O)cc1,O=C1C(=O)c2ccccc2C=C1Cc1ccccc1,23,306.36,4,3,3.92,869126,"1,2-benzoquinone"
COc1cc(C)cc2c1C(=O)C=C(c1c(C)c(OC)c3ccc(O)c(OC)c3c1O)C2=O,O=C1C=C(c2ccc3ccccc3c2)C(=O)c2ccccc21,32,434.44,4,4,4.36,66553902,"1,4-benzoquinone"
O=C1C(NC2CCCC2)=C(N2CCOCC2)C(=O)c2ccccc21,O=C1C(NC2CCCC2)=C(N2CCOCC2)C(=O)c2ccccc21,24,326.4,3,4,2.14,45488547,"1,4-benzoquinone"
O=c1c2ccccc2c(=O)c2cc3c(=O)c4ccccc4c(=O)c3cc12,O=c1c2ccccc2c(=O)c2cc3c(=O)c4ccccc4c(=O)c3cc12,26,338.32,0,5,2.62,4733,"1,4-benzoquinone"
Cc1oc2c(c1C(=O)NCCCN1CCOCC1)C(=O)c1ccccc1C2=O,O=C(NCCCN1CCOCC1)c1coc2c1C(=O)c1ccccc1C2=O,28,382.42,5,4,1.82,1631709,"1,4-benzoquinone"
CC(C)=CCCc1cc(O)c2c(c1O)C(=O)C=CC2=O,O=C1C=CC(=O)c2ccccc21,20,272.3,3,2,2.93,135564821,"1,4-benzoquinone"
COC12C(COC(=O)N3CC3)C3=C(C(=O)C(C)=C(N)C3=O)N1CC1C2N1C,O=C1C=CC(=O)C2=C1C(COC(=O)N1CC1)C1C3NC3CN21,27,374.4,3,5,-0.95,281833,"1,4-benzoquinone"
O=C1C=CC(=O)C(CO)=C1,O=C1C=CC(=O)C=C1,10,138.12,1,1,-0.39,197730,"1,4-benzoquinone"
COC(CN(C)CC1CSC2=C(O1)c1ccccc1C(=O)C2=O)OC,O=C1C(=O)c2ccccc2C2=C1SCCO2,25,363.44,6,3,1.8,25263710,"1,2-naphthoquinone"
CC(CO)N1CCc2c(oc3c2C(=O)C(=O)c2ccccc2-3)C1=O,O=C1C(=O)c2c(oc3c2CCNC3=O)-c2ccccc21,24,325.32,2,4,1.7,178315600,"1,2-benzoquinone"
CC(=CCC1=C(C)C(=O)c2ccccc2C1=O)CCC=C(C)CNc1ccccc1,O=C1C=C(CC=CCCC=CCNc2ccccc2)C(=O)c2ccccc21,30,399.53,8,3,6.56,137633866,"1,4-naphthoquinone"
Cc1nn(C)c(Cl)c1S(=O)(=O)N1CCC2(CC1)CSC1=C(O2)c2ccccc2C(=O)C1=O,O=C1C(=O)c2ccccc2C2=C1SCC1(CCN(S(=O)(=O)c3cn[nH]c3)CC1)O2,32,493.99,2,5,2.8,57661868,"1,2-naphthoquinone"
CC(=O)Oc1cccc2c1C(=O)c1c(OC(C)=O)cc(COC(=O)CN3CCCCC3)cc1C2=O,O=C(CN1CCCCC1)OCc1ccc2c(c1)C(=O)c1ccccc1C2=O,35,479.49,6,4,2.84,168289369,anthraquinone
CC(=O)Nc1ccc(S(=O)(=O)NC2=C(N3CCN(C)CC3)C(=O)c3ccccc3C2=O)cc1,O=C1C(NS(=O)(=O)c2ccccc2)=C(N2CCNCC2)C(=O)c2ccccc21,33,468.54,5,4,1.46,3249350,"1,4-benzoquinone"
O=C1C(Cl)=C(N2CCOCC2)C(=O)c2ccccc21,O=C1C=C(N2CCOCC2)C(=O)c2ccccc21,19,277.71,1,3,1.85,236652,"1,4-benzoquinone"
CC1CCC(O)C(C)(O)C1(C)CCc1ccc2c(c1)C(=O)C=CC2=O,O=C1C=CC(=O)c2cc(CCC3CCCCC3)ccc21,25,342.44,3,3,3.1,10382766,"1,4-naphthoquinone"
CC(=O)c1cc(C2=CC(=O)C(=O)c3ccccc32)ccc1O,O=C1C=C(c2ccccc2)c2ccccc2C1=O,22,292.29,2,3,2.79,10493835,"1,2-benzoquinone"
CCOC(=O)C1=C(O)c2ccc(C)cc2C(=O)C1=O,O=C1C=Cc2ccccc2C1=O,19,260.24,2,2,1.59,54686207,"1,2-benzoquinone"
O=C1c2ccccc2C(=O)c2c1ccc1[nH]c(CN3CCN(c4ccccc4F)CC3)nc21,O=C1c2ccccc2C(=O)c2c1ccc1[nH]c(CN3CCN(c4ccccc4)CC3)nc21,33,440.48,3,6,3.8,53372500,anthraquinone
Cn1cc(C2=C(O)C(=O)C(c3ccccc3)=C(O)C2=O)c2ccccc21,O=C1C=C(c2c[nH]c3ccccc23)C(=O)C=C1c1ccccc1,26,345.35,2,4,3.57,9819548,"1,4-benzoquinone"
CC1OC(CC(=O)O)Cc2c(O)c3c(c(O)c21)C(=O)C1=C(C3=O)C2CC(O)C1(O)C(C)O2,O=C1C2=C(C(=O)c3cc4c(cc31)COCC4)C1CCC2CO1,32,446.41,2,6,0.53,53297377,"1,4-benzoquinone"
O=C1C(=O)c2cc3ccccc3nc2-c2ccccc21,O=C1C(=O)c2cc3ccccc3nc2-c2ccccc21,20,259.26,0,4,3.28,12286427,"1,2-naphthoquinone"
O=C1c2ccccc2C(=O)c2[nH]c(-c3ccncc3)nc21,O=C1c2ccccc2C(=O)c2[nH]c(-c3ccncc3)nc21,21,275.27,1,4,2.25,122368191,"1,4-benzoquinone"
O=C1c2ccccc2C(=O)c2oc(C(=O)N3CCCCC3)cc21,O=C1c2ccccc2C(=O)c2oc(C(=O)N3CCCCC3)cc21,23,309.32,1,4,2.68,155519206,"1,4-naphthoquinone"
Cc1cc2c(c(O)c1O)C(=O)c1c(O)cccc1C2=O,O=C1c2ccccc2C(=O)c2ccccc21,20,270.24,0,3,1.89,442759,"1,4-benzoquinone"
O=C1C(=O)C(c2ccccc2)=C2OCOC2=C1c1ccccc1,O=C1C(=O)C(c2ccccc2)=C2OCOC2=C1c1ccccc1,23,304.3,2,4,2.97,12314165,"1,2-benzoquinone"
CC(=O)Oc1ccc(OC(C)=O)c2c1C(=O)C=CC2=O,O=C1C=CC(=O)c2ccccc21,20,274.23,2,2,1.47,273064,"1,4-naphthoquinone"
O=C1C(=O)c2ccccc2C2=C1SCC1(CCN(C3CCN(C(=O)Oc4cccc(C(F)(F)F)c4)CC3)CC1)O2,O=C1C(=O)c2ccccc2C2=C1SCC1(CCN(C3CCN(C(=O)Oc4ccccc4)CC3)CC1)O2,40,572.61,2,6,5.4,57661974,"1,2-benzoquinone"
COC(=O)C(Cc1ccc(O)cc1)N1CCc2c(oc3c2C(=O)C(=O)c2ccccc2-3)C1=O,O=C1C(=O)c2c(oc3c2CCN(CCc2ccccc2)C3=O)-c2ccccc21,33,445.43,4,5,2.81,178294664,"1,2-benzoquinone"
COc1cccc2c1C(=O)C1=C(C=CC(C)(C)O1)C2=O,O=C1C2=C(OCC=C2)C(=O)c2ccccc21,20,270.28,1,3,2.69,12239941,"1,4-benzoquinone"
CC1(C)C(=O)C=Cc2c1ccc1c2C(=O)C(=O)c2c(C(=O)O)coc2-1,O=C1C=Cc2c(ccc3c2C(=O)C(=O)c2ccoc2-3)C1,25,336.3,1,4,2.9,168272092,"1,2-benzoquinone"
O=C1C(=O)c2ccccc2C2=C1C(c1ccccc1)c1cc3c(cc1O2)OCO3,O=C1C(=O)c2ccccc2C2=C1C(c1ccccc1)c1cc3c(cc1O2)OCO3,29,382.37,1,6,4.12,154718166,"1,2-naphthoquinone"
Cc1c(-c2c(C)c(=O)c3c(C(C)C)c(=O)c(=O)cc-3c2=O)c(O)c2cc(O)c(O)c(C(C)C)c2c1O,O=c1cc(-c2ccc3ccccc3c2)c(=O)c2cc(=O)c(=O)cc1-2,36,490.51,3,4,3.61,135513044,"1,2-benzoquinone"
O=C1C(=O)c2ccccc2C(O)=C1CCC1CCCCC1,O=C1C(=O)c2ccccc2C=C1CCC1CCCCC1,21,284.36,3,3,4.08,44332482,"1,2-benzoquinone"
O=C1C=Cc2cc3cc4cc5cc6cc7ccccc7cc6cc5cc4cc3cc2C1=O,O=C1C=Cc2cc3cc4cc5cc6cc7ccccc7cc6cc5cc4cc3cc2C1=O,32,408.46,0,7,7.23,129827911,"1,2-benzoquinone"
O=C1c2ccccc2C(=O)c2c1ccc1[nH]c(SCCCN3CCCCC3)nc21,O=C1c2ccccc2C(=O)c2c1ccc1[nH]c(SCCCN3CCCCC3)nc21,29,405.52,5,5,4.31,53358077,anthraquinone
O=C1C=CC(OCc2ccccc2)=CC1=O,O=C1C=CC(OCc2ccccc2)=CC1=O,16,214.22,3,2,1.8,85886349,"1,2-benzoquinone"
Cc1cc2c(cc1C)-c1oc(CNc3ccc(Cl)c(Cl)c3)c(C)c1C(=O)C2=O,O=C1C(=O)c2cc(CNc3ccccc3)oc2-c2ccccc21,28,414.29,3,4,6.17,145971952,"1,2-benzoquinone"
CC1=C(C(C)C(C)OC=O)C(=O)C2=C(C1=O)C1OC(C)C(C)c3c(C)c(O)cc(c31)O2,O=C1C=CC(=O)C2=C1Oc1cccc3c1C2OCC3,31,426.47,4,4,3.58,44567621,"1,4-benzoquinone"
O=C1C=C(N2CCCCC2)c2ccccc2C1=O,O=C1C=C(N2CCCCC2)c2ccccc2C1=O,18,241.29,1,3,2.28,3393623,"1,2-benzoquinone"
O=C1C(=O)c2ccccc2C2=C1SCC1(CCC(NC(=O)c3cccc(C(F)(F)F)c3)CC1)O2,O=C1C(=O)c2ccccc2C2=C1SCC1(CCC(NC(=O)c3ccccc3)CC1)O2,34,487.5,2,5,5.01,57662013,"1,2-benzoquinone"
CC(C)CCOC(=O)c1cc2c([nH]c3ccccc32)c(-c2ccc3c(n2)C(=O)C(NC(=O)CCl)=CC3=O)n1,O=C1C=CC(=O)c2nc(-c3nccc4c3[nH]c3ccccc34)ccc21,38,530.97,7,5,4.6,11642266,"1,4-benzoquinone"
O=C1C=C(C2=COC(=C3C=CC=C(F)N3O)N2)C=C([N+](=O)[O-])C1=O,O=C1C=CC(C2=COC(=C3C=CC=CN3)N2)=CC1=O,24,333.23,2,3,0.93,67036975,"1,2-benzoquinone"
O=C(CSc1ncn[nH]1)Nc1cccc2c1C(=O)c1ccccc1C2=O,O=C(CSc1ncn[nH]1)Nc1cccc2c1C(=O)c1ccccc1C2=O,26,364.39,4,4,2.31,3431959,anthraquinone
O=C1c2ccccc2C(=O)c2c(NC3CC3)ccc(NC3CC3)c21,O=C1c2ccccc2C(=O)c2c(NC3CC3)ccc(NC3CC3)c21,24,318.38,4,5,3.61,15064046,anthraquinone
COC1=CC(C2c3cc4c(cc3C(Nc3ccccc3)C3COC(=O)C23)OCO4)=CC(=O)C1=O,O=C1C=CC(C2c3cc4c(cc3C(Nc3ccccc3)C3COC(=O)C23)OCO4)=CC1=O,34,459.45,4,6,3.06,44584616,"1,2-benzoquinone"
Cc1ccccc1SC1=CC(=O)C(=O)c2ccccc21,O=C1C=C(Sc2ccccc2)c2ccccc2C1=O,20,280.35,2,3,3.89,134936281,"1,2-naphthoquinone"
CC1=C(O)c2c(c(C)cc3c2C(C)CO3)C(=O)C1=O,O=C1C=Cc2c(ccc3c2CCO3)C1=O,19,258.27,0,3,2.55,5321934,"1,2-benzoquinone"
O=C1C=C(NCc2ccccc2)c2ccccc2C1=O,O=C1C=C(NCc2ccccc2)c2ccccc2C1=O,20,263.3,3,3,2.58,3095209,"1,2-benzoquinone"
O=C1C(=O)c2ccccc2C=C1[N+](=O)[O-],O=C1C=Cc2ccccc2C1=O,15,203.15,1,2,1.07,344277,"1,2-benzoquinone"
Cc1cc2c(c(O)c1OC1OC(CO)C(O)C(O)C1O)C(=O)c1c(O)cc(O)cc1C2=O,O=C1c2ccccc2C(=O)c2cc(OC3CCCCO3)ccc21,32,448.38,3,4,-0.93,131751347,anthraquinone
Cc1coc2c1C(=O)C(=O)c1c-2ccc2c1CCC2(C)C,O=C1C(=O)c2c(ccc3c2CCC3)-c2occc21,21,280.32,0,4,3.86,56924704,"1,2-benzoquinone"
C=CC(C)(O)CCC(O)C(C)(O)C(=O)OCC(C)(C)CC1=C(O)c2ccccc2C(=O)C1=O,O=C1C=Cc2ccccc2C1=O,33,460.52,10,2,2.51,10671653,"1,2-benzoquinone"
Nc1c(Br)cc(Br)c2c1C(=O)c1c(cccc1S(=O)(=O)O)C2=O,O=C1c2ccccc2C(=O)c2ccccc21,23,461.09,1,3,2.82,222167,"1,4-benzoquinone"
CC(C)C1=C(O)c2c(O)cc3c(c2C(=O)C1=O)C=CCC3(C)C,O=C1C=Cc2ccc3c(c2C1=O)C=CCC3,23,312.37,1,3,3.78,10448217,"1,2-naphthoquinone"
NCCNC(=O)c1cc2c(NCCN)c3c(c(NCCN)c2o1)C(=O)c1ccccc1C3=O,O=C1c2ccccc2C(=O)c2cc3occc3cc21,33,450.5,9,4,0.64,127038244,"1,4-naphthoquinone"
Cc1cc(O)c2c(c1)C(=O)c1cc(O)c(CN3CCCCC3)c(O)c1C2=O,O=C1c2ccccc2C(=O)c2cc(CN3CCCCC3)ccc21,27,367.4,2,4,2.87,137661894,anthraquinone
COC1=CC(=O)C(Oc2ccc3ccccc3c2)=CC1=O,O=C1C=CC(=O)C(Oc2ccc3ccccc3c2)=C1,21,280.28,3,3,2.78,76332104,"1,4-benzoquinone"
O=C1c2ccccc2C(=O)c2c1ccc1[nH]c(CN(Cc3ccccn3)Cc3ccccn3)nc21,O=C1c2ccccc2C(=O)c2c1ccc1[nH]c(CN(Cc3ccccn3)Cc3ccccn3)nc21,35,459.51,6,6,4.33,53372103,"1,4-naphthoquinone"
O=C(O)Cc1ccc(CNC(=O)Nc2cc3c(c(O)c2O)C(=O)c2ccccc2C3=O)cc1C(=O)O,O=C(NCc1ccccc1)Nc1ccc2c(c1)C(=O)c1ccccc1C2=O,36,490.42,6,4,2.52,168291245,anthraquinone
O=C1C(=O)c2cc(O)cc(O)c2C(O)=C1C1=C(O)c2c(O)cc(O)cc2C(=O)C1=O,O=C1C(=O)c2ccccc2C=C1C1=Cc2ccccc2C(=O)C1=O,30,410.29,1,4,1.28,135871120,"1,2-benzoquinone"
Nc1ccc(NC2=CC(=O)C(=O)c3ccccc32)cc1,O=C1C=C(Nc2ccccc2)c2ccccc2C1=O,20,264.28,2,3,2.49,12438679,"1,2-benzoquinone"
CC1(C)CCC(C)(C)C2=C(Cl)C(=O)C(=O)C(Cl)=C21,O=C1C=C2CCCCC2=CC1=O,18,287.19,0,2,3.97,13807279,"1,2-benzoquinone"
O=C(c1ccccc1)c1cc2c(s1)C(=O)c1c(O)cccc1C2=O,O=C(c1ccccc1)c1cc2c(s1)C(=O)c1ccccc1C2=O,24,334.35,2,4,3.46,118707758,"1,4-benzoquinone"
Cc1cc2c(o1)-c1c(c3ccccc3c(=O)n1CCCn1ccnc1)C(=O)C2=O,O=C1C(=O)c2c(n(CCCn3ccnc3)c(=O)c3ccccc23)-c2occc21,29,387.4,4,5,3.24,137648263,"1,2-benzoquinone"
CC(=CCOc1cc(O)c2c(c1)C(=O)c1cc(C)cc(O)c1C2=O)CCC1OC1(C)C,O=C1c2ccccc2C(=O)c2cc(OCC=CCCC3CO3)ccc21,31,422.48,6,4,4.46,5912629,anthraquinone
CC(C)Nc1ccc(NC(C)C)c2c1C(=O)c1ccccc1C2=O,O=C1c2ccccc2C(=O)c2ccccc21,24,322.41,4,3,4.1,61719,"1,4-benzoquinone"
O=C1c2cccc(NC3CCCCC3)c2C(=O)c2cccc(NC3CCCCC3)c21,O=C1c2cccc(NC3CCCCC3)c2C(=O)c2cccc(NC3CCCCC3)c21,30,402.54,4,5,5.95,85207,"1,4-benzoquinone"
c1ccc2cc3c(ccc4ooc43)cc2c1,c1ccc2cc3c(ccc4ooc43)cc2c1,16,208.22,0,4,4.33,129629379,"1,2-benzoquinone"
O=C1c2ccccc2C(=O)c2c(O)cc(OCCCN3CCCC3)cc21,O=C1c2ccccc2C(=O)c2cc(OCCCN3CCCC3)ccc21,26,351.4,5,4,3.03,53494915,anthraquinone
COC1=CC(=O)c2c(ccc3c(OC)c(O)ccc23)C12Oc1cc(OC)cc3ccc4c(c13)C2=CC(=O)C4=O,O=C1C=C2c3c(ccc4cccc(c34)OC23C=CC(=O)c2c3ccc3ccccc23)C1=O,39,520.49,3,7,4.88,172463787,"1,2-benzoquinone"
CC1(C)OC2=C(C(=O)C(=O)c3ccccc32)C1n1cc(C2(O)CCCCC2)nn1,O=C1C(=O)c2ccccc2C2=C1C(n1cc(C3CCCCC3)nn1)CO2,29,393.44,2,5,2.96,25105676,"1,2-benzoquinone"
O=C1C(=O)c2ccccc2-c2ccccc21,O=C1C(=O)c2ccccc2-c2ccccc21,16,208.22,0,3,2.73,6763,"1,2-benzoquinone"
NS(=O)(=O)c1cccc2c1C(=O)C=C(Nc1ccccc1N1CCNCC1)C2=O,O=C1C=C(Nc2ccccc2N2CCNCC2)C(=O)c2ccccc21,29,412.47,4,4,1.12,118318714,"1,4-benzoquinone"
Cn1c2c(c(CO)c1C1CC1)C(=O)C(N1CC1)=CC2=O,O=C1C(N2CC2)=CC(=O)c2[nH]c(C3CC3)cc21,20,272.3,3,4,0.97,10802127,"1,4-benzoquinone"
C=C1CCCC23C4=C(CC2(C)C(C)CCC13C)C(=O)C(OC)=CC4=O,C=C1CCCC23C4=C(CC2CCCC13)C(=O)C=CC4=O,25,340.46,1,4,4.54,127042559,"1,4-benzoquinone"
O=C1c2ccccc2C(=O)c2c1ccc1ooc21,O=C1c2ccccc2C(=O)c2c1ccc1ooc21,18,238.2,0,4,2.8,19604565,"1,2-benzoquinone"
CCc1nc(-c2cc3c(s2)C(=O)c2ccccc2C3=O)no1,O=C1c2ccccc2C(=O)c2sc(-c3ncon3)cc21,22,310.33,2,4,3.14,137631485,"1,4-benzoquinone"
O=C(CSc1ccccn1)Nc1ccc2c(c1)C(=O)c1ccccc1C2=O,O=C(CSc1ccccn1)Nc1ccc2c(c1)C(=O)c1ccccc1C2=O,27,374.42,4,4,3.59,2881767,"1,4-benzoquinone"
O=C1C(=O)c2ccccc2C2=C1S(=O)(=O)c1ccccc1N2,O=C1C(=O)c2ccccc2C2=C1S(=O)(=O)c1ccccc1N2,22,311.32,0,4,2.02,13842079,"1,2-naphthoquinone"
Cc1cccc(SC2C3=C(OC2(C)C)c2ccccc2C(=O)C3=O)c1,O=C1C(=O)c2ccccc2C2=C1C(Sc1ccccc1)CO2,25,350.44,2,4,4.44,122182547,"1,2-benzoquinone"
O=C1C(O)=C(c2ccccc2)C(=O)C(O)=C1c1ccccc1,O=C1C=C(c2ccccc2)C(=O)C=C1c1ccccc1,22,292.29,2,3,3.08,11056,"1,4-benzoquinone"
Cc1ccc(S(=O)(=O)C2=CC(=O)c3ccccc3C2=O)cc1,O=C1C=C(S(=O)(=O)c2ccccc2)C(=O)c2ccccc21,22,312.35,2,3,2.73,276683,"1,4-benzoquinone"
Cn1sc2ccc(=O)c(=O)c=2c(O)c1C(=O)c1ccc(Cl)c(C(F)(F)F)c1,O=C(c1ccccc1)c1cc2c(=O)c(=O)ccc=2s[nH]1,27,415.78,2,3,3.14,136395052,"1,2-benzoquinone"
Cc1cc(C(=O)Nc2c(NC(=O)CCl)ccc3c2C(=O)c2ccccc2C3=O)c(C)o1,O=C(Nc1cccc2c1C(=O)c1ccccc1C2=O)c1ccoc1,31,436.85,4,4,4.1,53374485,"1,4-naphthoquinone"
O=C1C(=O)C2=C(C(=O)C(F)(F)S2)C(Br)=C1Oc1cc(F)cc(Cl)c1,O=C1CSC2=C1C=C(Oc1ccccc1)C(=O)C2=O,24,439.59,2,3,3.78,121269808,"1,2-benzoquinone"
Cc1oc2c(c1C(=O)NC1CN3CCC1CC3)C(=O)c1c(c(O)c3ccccc3c1O)C2=O,O=C(NC1CN2CCC1CC2)c1coc2c1C(=O)c1cc3ccccc3cc1C2=O,33,446.46,2,7,2.75,137631215,"1,4-benzoquinone"
CC1(C2=C(O)c3ccccc3C(=O)C2=O)CCCC1,O=C1C(=O)c2ccccc2C=C1C1CCCC1,19,256.3,1,3,3.3,21841788,"1,2-naphthoquinone"
CCCCCC(OC1OC(C(O)CO)C(O)C1O)c1c(O)cc2c(c1O)C(=O)c1c(O)cc(O)cc1C2=O,O=C1c2ccccc2C(=O)c2cc(COC3CCCO3)ccc21,38,534.51,9,4,0.72,101911084,"1,4-naphthoquinone"
CC1=CCCc2c1ccc1c2C(=O)C(=O)c2c(C)coc2-1,O=C1C(=O)c2c(ccc3c2CCC=C3)-c2occc21,21,278.31,0,4,3.98,105119,"1,2-benzoquinone"
Nc1c(N2CCN(C3CCCCC3)CC2)cc(Nc2ccc(C(=O)O)cc2)c2c1C(=O)c1ccccc1C2=O,O=C1c2ccccc2C(=O)c2c(Nc3ccccc3)cc(N3CCN(C4CCCCC4)CC3)cc21,39,524.62,5,6,4.94,91826737,"1,4-benzoquinone"
CN1CCC(Oc2ccc(F)c(-c3nc4c(o3)C(=O)c3ccccc3C4=O)c2Cl)C1,O=C1c2ccccc2C(=O)c2oc(-c3cccc(OC4CCNC4)c3)nc21,30,426.83,3,5,3.99,165437860,"1,4-benzoquinone"
O=C1c2ccccc2C(=O)c2[nH]c(-c3ncc[nH]3)nc21,O=C1c2ccccc2C(=O)c2[nH]c(-c3ncc[nH]3)nc21,20,264.24,1,4,1.58,145991557,"1,4-benzoquinone"
O=C1C2=C(C(=O)c3ccccc31)C1(CS2)NC(=O)C(Cc2ccccc2)NC1=O,O=C1C2=C(C(=O)c3ccccc31)C1(CS2)NC(=O)C(Cc2ccccc2)NC1=O,29,404.45,2,5,1.66,16203202,"1,4-benzoquinone"
CCOC(=O)c1c(C)oc2c1C(=O)c1ccccc1C2=O,O=C1c2ccccc2C(=O)c2occc21,21,284.27,2,3,2.54,879093,"1,4-benzoquinone"
O=C(Sc1nc2c3c(ccc2[nH]1)C(=O)c1ccccc1C3=O)c1ccccc1[N+](=O)[O-],O=C(Sc1nc2c3c(ccc2[nH]1)C(=O)c1ccccc1C3=O)c1ccccc1,31,429.41,3,5,4.18,53358302,anthraquinone
CCCCCCCNc1cc2c(c3nsnc13)C(=O)c1ccccc1C2=O,O=C1c2ccccc2C(=O)c2c1ccc1nsnc21,27,379.49,7,4,4.85,74223517,anthraquinone
O=C1C(=O)c2c([nH]c3ccccc23)-c2ccccc21,O=C1C(=O)c2c([nH]c3ccccc23)-c2ccccc21,19,247.25,0,4,3.21,91423300,"1,2-benzoquinone"
O=C1c2ccccc2C(=O)c2c1cc(S(=O)(=O)c1ccc3ccccc3c1)c1nsnc21,O=C1c2ccccc2C(=O)c2c1cc(S(=O)(=O)c1ccc3ccccc3c1)c1nsnc21,32,456.5,2,6,4.45,74223445,"1,4-naphthoquinone"
COC1=C(N)C(=O)c2nc(C)ccc2C1=O,O=C1C=CC(=O)c2ncccc21,16,218.21,1,2,0.59,280616,"1,4-benzoquinone"
COc1ccc2c(=O)c(=O)c3ccc4ccc5c(=O)c(=O)c6ccc(OC)cc6c5c4c3c2c1,O=c1c(=O)c2ccc3ccc4c(=O)c(=O)c5ccccc5c4c3c2c2ccccc12,34,448.43,2,6,3.79,155933181,"1,2-naphthoquinone"
CC(C)C1=C(O)C2=C(C(=O)C1=O)C1(C)CCCC(C)(C)C1C2(O)C=O,O=C1C=CC2=C(C1=O)C1CCCCC1C2,25,346.42,2,3,2.68,15276282,"1,2-benzoquinone"
Cc1cccc2cc3c(cc12)C1=C(OCC1C)C(=O)C3=O,O=C1C(=O)c2cc3ccccc3cc2C2=C1OCC2,21,278.31,0,4,3.29,616680,"1,2-naphthoquinone"
COCCNc1nc(NCCOC)c(N=Nc2cccc3c2C(=O)c2ccccc2C3=O)c(C)c1C#N,O=C1c2ccccc2C(=O)c2c(N=Nc3cccnc3)cccc21,37,498.54,10,4,4.57,166426,"1,4-naphthoquinone"
O=c1ccc2c3ccccc3c=2c1=O,O=c1ccc2c3ccccc3c=2c1=O,14,182.18,0,3,1.16,101942097,"1,2-benzoquinone"
O=C1C(=O)c2ccccc2C2=C1SCC1(CCN(C(=O)Oc3ccccc3)CC1)O2,O=C1C(=O)c2ccccc2C2=C1SCC1(CCN(C(=O)Oc3ccccc3)CC1)O2,30,421.47,1,5,3.92,57661922,"1,2-naphthoquinone"
CCCCCCCCCCCC1=C(O)c2nc3ccccc3c(-c3cccc(F)c3)c2C(=O)C1=O,O=C1C=Cc2nc3ccccc3c(-c3ccccc3)c2C1=O,35,473.59,11,4,8.0,171351971,"1,2-benzoquinone"
CCCCC1=Cc2ccccc2C(=O)C1=O,O=C1C=Cc2ccccc2C1=O,16,214.26,3,2,3.03,14529623,"1,2-benzoquinone"
Cc1cccc2c3c(ccc12)-c1oc2c(c1C(=O)C3=O)CCN(CC(=O)N1CCOCC1)C2,O=C1C(=O)c2c(ccc3ccccc23)-c2oc3c(c21)CCN(CC(=O)N1CCOCC1)C3,33,444.49,2,6,3.0,172443858,"1,2-benzoquinone"
Cc1cnc2c(c1)C(=O)c1c(cnc3c1C(=O)CCC3)C2=O,O=C1c2cnc3c(c2C(=O)c2cccnc21)C(=O)CCC3,22,292.29,0,4,2.08,44588093,"1,4-benzoquinone"
[N-]=[N+]=NC1=C(S(=O)(=O)Oc2ccc(C(=O)c3ccc(O)cc3O)cc2)c2c(N=[N+]=[N-])cccc2C(=O)C1=O,O=C1C=C(S(=O)(=O)Oc2ccc(C(=O)c3ccccc3)cc2)c2ccccc2C1=O,38,532.45,7,4,4.42,57015573,"1,2-naphthoquinone"
NCCNc1c2c(c(NCCN)c3occc13)C(=O)c1ccccc1C2=O,O=C1c2ccccc2C(=O)c2cc3occc3cc21,27,364.41,6,4,1.95,127042241,"1,4-benzoquinone"
COC1=C(C(C)C)C(=O)C2=C(CC34CCCC(C)(C)C3CC2(O)O4)C1=O,O=C1C=CC(=O)C2=C1CC13CCCCC1CC2O3,26,360.45,2,4,3.07,637171,"1,4-benzoquinone"
CC(C)c1nc2c(s1)C(=O)C(=O)c1cc(CCc3ccc(F)cc3)ccc1-2,O=C1C(=O)c2scnc2-c2ccc(CCc3ccccc3)cc21,27,379.46,4,4,5.24,159721801,"1,2-benzoquinone"
O=C1C(=O)c2ncccc2-c2cccnc21,O=C1C(=O)c2ncccc2-c2cccnc21,16,210.19,0,3,1.52,6764,"1,2-benzoquinone"
CC1=C2c3c(ccc(C)c3C(=O)C1=O)OC2C,O=C1C=C2COc3cccc(c32)C1=O,17,228.25,0,3,2.31,163024764,"1,2-naphthoquinone"
O=CC1=CC(=O)C(=O)C=C1,O=C1C=CC=CC1=O,10,136.11,1,1,-0.18,14717975,"1,2-benzoquinone"
O=C1C(=O)c2ccccc2C(O)=C1C1(Nc2ccncc2)C(=O)c2ccccc2C1=O,O=C1C(=O)c2ccccc2C=C1C1(Nc2ccncc2)C(=O)c2ccccc2C1=O,31,410.39,3,5,3.05,154824439,"1,2-naphthoquinone"
O=C1C(=O)c2ccccc2C2=C1SCC1(CCN(C(=O)Nc3cccc(C(F)(F)F)c3)CC1)O2,O=C1C(=O)c2ccccc2C2=C1SCC1(CCN(C(=O)Nc3ccccc3)CC1)O2,34,488.49,1,5,4.97,57662056,"1,2-benzoquinone"
O=C1C(=O)c2c(oc3c2CCN(CCCN2CC4(COC4)C2)C3=O)-c2ccccc21,O=C1C(=O)c2c(oc3c2CCN(CCCN2CC4(COC4)C2)C3=O)-c2ccccc21,30,406.44,4,6,2.05,178315299,"1,2-benzoquinone"
CC12CCC(=O)c3coc(c31)C(=O)c1cc3c(cc12)C(=O)C1=C(NCCS1(=O)=O)C3=O,O=C1C2=C(C(=O)c3cc4c(cc31)C(=O)c1occ3c1C4CCC3=O)S(=O)(=O)CCN2,31,437.43,0,6,1.72,11328051,"1,4-naphthoquinone"
Cc1cc2c(c3oc(-c4ccccc4)cc13)C(=O)c1c(O)cccc1C2=O,O=C1c2ccccc2C(=O)c2c1ccc1cc(-c3ccccc3)oc21,27,354.36,1,5,4.89,122183439,anthraquinone
C#CCCC1(CCN2CCC(Oc3cccc(-c4nc5c(o4)C(=O)c4ccccc4C5=O)c3)C2)N=N1,O=C1c2ccccc2C(=O)c2oc(-c3cccc(OC4CCN(CCC5N=N5)C4)c3)nc21,36,480.52,8,6,4.54,168275220,"1,4-naphthoquinone"
COC1C(OC2CC(C)(O)C(=O)c3cc4c(c(O)c32)C(=O)c2c(O)cccc2C4=O)OC(C)C(O)C1O,O=C1c2ccccc2C(=O)c2cc3c(cc21)C(=O)CCC3OC1CCCCO1,37,514.48,3,5,0.75,122177931,"1,4-benzoquinone"
COC(C)CCn1c(=N)c2c(N)c3c(=O)c4ccccc4c(=O)c3c(N)c2c1=O,N=c1[nH]c(=O)c2cc3c(=O)c4ccccc4c(=O)c3cc12,29,392.42,4,4,0.97,6453198,anthraquinone
CC(=O)CCC1=C(C)C(=O)c2ccccc2C1=O,O=C1C=CC(=O)c2ccccc21,18,242.27,3,2,2.75,19879836,"1,4-naphthoquinone"
COC1OC(C(=O)NCCN2CCCC2)=CC2=C1C(=O)c1ccccc1C2=O,O=C(NCCN1CCCC1)C1=CC2=C(CO1)C(=O)c1ccccc1C2=O,28,382.42,5,4,1.46,44287164,"1,4-benzoquinone"
COC1=C(C)C(=O)c2ccnc(CO)c2C1=O,O=C1C=CC(=O)c2cnccc21,17,233.22,2,2,0.87,639533,"1,4-benzoquinone"
CC(C)(C)OC(=O)N1CCC2(CC1)CSC1=C(O2)c2cc(-c3cccc(C(F)(F)F)c3)ccc2C(=O)C1=O,O=C1C(=O)c2ccc(-c3ccccc3)cc2C2=C1SCC1(CCNCC1)O2,38,545.58,1,5,6.34,57661823,"1,2-benzoquinone"
COC(=O)c1coc2c1C(=O)C(=O)c1ccccc1-2,O=C1C(=O)c2ccoc2-c2ccccc21,19,256.21,1,3,2.11,172868378,"1,2-naphthoquinone"
COC1=CC(=O)c2c(O)c3c(c(-c4ccc5c(c4O)C(=O)c4c(O)cc(C)cc4C5=O)c2C1=O)CC(C)OC3C,O=C1c2ccccc2C(=O)c2cc(-c3c4c(cc5c3C(=O)C=CC5=O)COCC4)ccc21,40,540.52,2,6,4.49,25015595,"1,4-naphthoquinone"
O=C1C(=O)c2ccccc2C2=C1C1(C(=O)N(c3ccccc3)c3ccccc31)n1nnnc1N2,O=C1C(=O)c2ccccc2C2=C1C1(C(=O)N(c3ccccc3)c3ccccc31)n1nnnc1N2,34,446.43,1,7,2.7,155569248,"1,2-benzoquinone"
O=C1C=C(N2CCC(c3ccccc3)CC2)C(=O)c2c(O)cccc21,O=C1C=C(N2CCC(c3ccccc3)CC2)C(=O)c2ccccc21,25,333.39,2,4,3.53,49855153,"1,4-benzoquinone"
COc1cc(O)c2c(c1)C(=O)C1=C(COC1OC)C2=O,O=C1C2=C(COC2)C(=O)c2ccccc21,20,276.24,2,3,1.08,11778173,"1,4-naphthoquinone"
NC(=O)C1CCN(C2=C(NS(=O)(=O)c3ccc(Br)cc3)C(=O)c3ccccc3C2=O)CC1,O=C1C(NS(=O)(=O)c2ccccc2)=C(N2CCCCC2)C(=O)c2ccccc21,32,518.39,5,4,2.22,3816676,"1,4-benzoquinone"
Cc1nc2c(nc1C)-c1[nH]c3c(c1C(=O)C2=O)CCCC3=O,O=C1C(=O)c2c([nH]c3c2CCCC3=O)-c2nccnc21,22,295.3,0,4,1.99,404058,"1,2-benzoquinone"
CC1=C2OC(C)(C)c3cc(OC4OC(CO)C(O)C(O)C4O)c(C(=O)O)c(c32)C(=O)C1=O,O=C1C=C2OCc3cc(OC4CCCCO4)cc(c32)C1=O,32,450.4,4,4,-0.67,23642719,"1,2-benzoquinone"
O=C1C=C(O)c2[nH]c(=O)ccc2C1=O,O=C1C=Cc2[nH]c(=O)ccc2C1=O,14,191.14,0,2,0.04,268237,"1,2-benzoquinone"
O=C1C=C(NS(=O)(=O)c2ccc(Br)cc2)C(=O)c2ccccc21,O=C1C=C(NS(=O)(=O)c2ccccc2)C(=O)c2ccccc21,23,392.23,3,3,2.69,56973478,"1,4-naphthoquinone"
O=C1C=C(Nc2cccc3cccnc23)c2ccccc2C1=O,O=C1C=C(Nc2cccc3cccnc23)c2ccccc2C1=O,23,300.32,2,4,3.45,3093192,"1,2-benzoquinone"
O=C1c2ccccc2C(=O)c2c1cccc2-c1cnn(C2CCCCO2)c1,O=C1c2ccccc2C(=O)c2c1cccc2-c1cnn(C2CCCCO2)c1,27,358.4,2,5,4.02,154697568,anthraquinone
N#Cc1[nH]c2c(c1C#N)C(=O)c1ccccc1C2=O,O=C1c2ccccc2C(=O)c2[nH]ccc21,19,247.21,0,3,1.53,139597359,"1,4-benzoquinone"
O=C1c2ccccc2C(=O)c2cc(S(=O)(=O)Nc3cccc4cccnc34)ccc21,O=C1c2ccccc2C(=O)c2cc(S(=O)(=O)Nc3cccc4cccnc34)ccc21,30,414.44,3,5,3.81,2834844,anthraquinone
O=C1C(=O)c2ccc3ccc4ccc5ccccc5c4c3c2-c2ccccc21,O=C1C(=O)c2ccc3ccc4ccc5ccccc5c4c3c2-c2ccccc21,28,358.4,0,6,6.19,12779525,"1,2-benzoquinone"
Cc1cccc(N(C)C(=S)Oc2ccc3ccccc3c2)c1,S=C(Nc1ccccc1)Oc1ccc2ccccc2c1,22,307.42,2,3,4.95,117591961,"1,2-naphthoquinone"
O=C1c2ccccc2C(=O)c2c(NC3CCCCC3)ccc(Nc3ccc(S(=O)(=O)O)cc3)c21,O=C1c2ccccc2C(=O)c2c(NC3CCCCC3)ccc(Nc3ccccc3)c21,34,476.55,5,5,5.2,278672,"1,4-benzoquinone"
CC(=O)OCC1OC(OC(CC=C(C)C)C2=CC(=O)c3c(O)ccc(O)c3C2=O)C(OC(C)=O)C1OC(C)=O,O=C1C=C(COC2CCCO2)C(=O)c2ccccc21,39,546.53,9,3,2.3,46838105,"1,4-benzoquinone"
CCCCCc1cc(O)cc2c1C(=O)c1c(O)ccc(O)c1C2=O,O=C1c2ccccc2C(=O)c2ccccc21,24,326.35,4,3,3.31,72946634,anthraquinone
O=C1C(=O)c2ccccc2C(O)=C1CN1CC2CCC1CC2,O=C1C(=O)c2ccccc2C=C1CN1CC2CCC1CC2,22,297.35,2,5,2.6,70687699,"1,2-benzoquinone"
CC(C)Cc1ccc(C(C)C(=O)OCCOC(=O)c2cc(O)c3c(c2)C(=O)c2cccc(O)c2C3=O)cc1,O=C(Cc1ccccc1)OCCOC(=O)c1ccc2c(c1)C(=O)c1ccccc1C2=O,38,516.55,8,4,4.58,70684446,anthraquinone
O=C1C=C(c2ccc(N3CCCC3)cc2)c2ccccc2C1=O,O=C1C=C(c2ccc(N3CCCC3)cc2)c2ccccc2C1=O,23,303.36,2,4,3.48,18365538,"1,2-naphthoquinone"
CC(=O)NC1=CC(=O)c2ccc(-c3nc(C(=O)OCCC(C)C)cc4c3[nH]c3ccccc34)nc2C1=O,O=C1C=CC(=O)c2nc(-c3nccc4c3[nH]c3ccccc34)ccc21,37,496.52,6,5,4.38,9892007,"1,4-benzoquinone"
C=C1CCCc2c1ccc1c2C(=O)C(=O)c2c(C)coc2-1,C=C1CCCc2c1ccc1c2C(=O)C(=O)c2ccoc2-1,21,278.31,0,4,3.98,105118,"1,2-benzoquinone"
O=C(Cc1ccccc1)Nc1ccc2c(c1)C(=O)c1cc(NC(=O)Cc3ccccc3)ccc1C2=O,O=C(Cc1ccccc1)Nc1ccc2c(c1)C(=O)c1cc(NC(=O)Cc3ccccc3)ccc1C2=O,36,474.52,6,5,4.82,44232525,"1,4-benzoquinone"
CCOC(=O)CCC1=C(c2ccccc2)c2ccccc2C(=O)C1=O,O=C1C=C(c2ccccc2)c2ccccc2C1=O,25,334.37,5,3,3.6,44301128,"1,2-benzoquinone"
O=c1c2ccccc2c(=O)c2c1cc(Cl)c1[nH]c3c([nH]c12)c(Cl)cc1c(=O)c2ccccc2c(=O)c13,O=c1c2ccccc2c(=O)c2c1ccc1[nH]c3c(ccc4c(=O)c5ccccc5c(=O)c43)[nH]c12,36,511.32,0,7,5.45,8532,"1,4-benzoquinone"
CC1CCC2(OC1)OC1CC3C4CCC5CC(O)CCC5(C)C4=CCC3(C)C1C2C,C1=C2C3CCCCC3CCC2C2CC3OC4(CCCCO4)CC3C2C1,30,414.63,0,6,5.71,117592298,"1,2-naphthoquinone"
CC1=C(Cc2ccc3[nH]c4c(c3c2)C(=O)C(=O)C(C)=C4CC(C)O)CCC(C)(C)C1,O=C1C=Cc2[nH]c3ccc(CC4=CCCCC4)cc3c2C1=O,30,405.54,4,4,5.55,11069514,"1,2-benzoquinone"
O=C1C(=O)c2cc[nH]c2-c2ccccc21,O=C1C(=O)c2cc[nH]c2-c2ccccc21,15,197.19,0,3,2.06,11019817,"1,2-benzoquinone"
O=C1OCC(O)=C1C(C1=C(O)c2ccccc2C(=O)C1=O)c1ccc(F)cc1,O=C1OCC=C1C(C1=Cc2ccccc2C(=O)C1=O)c1ccccc1,28,380.33,3,4,3.01,155803499,"1,2-benzoquinone"
CC(C)=CCCC1(C)C=Cc2c(ccc3c2C(=O)C(=O)C(C2=C(Cl)C(=O)c4ccccc4C2=O)=C3O)O1,O=C1C(=O)c2c(ccc3c2C=CCO3)C=C1C1=CC(=O)c2ccccc2C1=O,37,514.96,4,5,6.2,135446925,"1,2-benzoquinone"
CC(C)C1=C(c2ccccc2)c2ccc3c(c2C(=O)C1=O)CCCC3(C)C,O=C1C=C(c2ccccc2)c2ccc3c(c2C1=O)CCCC3,27,358.48,2,4,5.52,44409681,"1,2-benzoquinone"
CC(C)C1=C(O)C2=C(C(=O)C1=O)C13CCCC(C)(COC1O)C3CC2O,O=C1C=CC2=C(C1=O)C13CCCC(COC1)C3CC2,26,362.42,1,4,1.81,13970369,"1,2-benzoquinone"
O=c1[nH]c(=O)c2sc3c(=O)c4ccccc4c(=O)c3sc12,O=c1[nH]c(=O)c2sc3c(=O)c4ccccc4c(=O)c3sc12,21,315.33,0,4,1.48,139595038,"1,4-benzoquinone"
O=C1C(=O)c2ccccc2C2=C1SCC1(CCN(Cc3ccc(F)cc3)CC1)O2,O=C1C(=O)c2ccccc2C2=C1SCC1(CCN(Cc3ccccc3)CC1)O2,29,409.48,2,5,4.06,23654706,"1,2-benzoquinone"
O=C1C(=O)c2ccccc2C2=C1SCC1(CCOCC1)O2,O=C1C(=O)c2ccccc2C2=C1SCC1(CCOCC1)O2,21,302.35,0,4,2.43,57661968,"1,2-naphthoquinone"
CCOC(=O)c1c[nH]c2c(c1=O)C(=O)C(=O)c1ccccc1-2,O=C1C(=O)c2c([nH]ccc2=O)-c2ccccc21,22,297.27,2,3,1.6,607110,"1,2-benzoquinone"
COc1c2c(cc3c1C(=O)c1ccccc1C3=O)OC(C)(C)OC2,O=C1c2ccccc2C(=O)c2cc3c(cc21)COCO3,24,324.33,1,4,3.12,134151360,"1,4-naphthoquinone"
O=C(O)c1cccc(NC2=C(n3nnc4ccccc43)C(=O)c3ccccc3C2=O)c1,O=C1C(Nc2ccccc2)=C(n2nnc3ccccc32)C(=O)c2ccccc21,31,410.39,4,5,3.49,1045968,"1,4-benzoquinone"
COC1=CC(=O)c2cc3c(cc2C1=O)C(=O)c1occ2c1C3(C)CCC2,O=C1C=CC(=O)c2cc3c(cc21)C(=O)c1occ2c1C3CCC2,26,348.35,1,5,3.38,10497902,"1,4-naphthoquinone"
O=C1C(=O)c2ccc(Br)cc2C(O)=C1C=Cc1ccccc1,O=C1C(=O)c2ccccc2C=C1C=Cc1ccccc1,22,355.19,2,3,4.2,5976370,"1,2-naphthoquinone"
CC(=CCC1=C(O)C(NCCC(C)C)=CC(=O)C1=O)CCC1(C)CCC=C(C)C1C,O=C1C=CC=C(CC=CCCC2CC=CCC2)C1=O,30,413.6,9,2,5.97,25053703,"1,2-benzoquinone"
O=C(Oc1cccc2c1C(=O)c1cccc(OC(=O)c3cccc(Cl)c3)c1C2=O)c1cccc(Cl)c1,O=C(Oc1cccc2c1C(=O)c1cccc(OC(=O)c3ccccc3)c1C2=O)c1ccccc1,36,517.32,4,5,6.21,11049577,anthraquinone
COc1cccc2c1C(=O)c1c(O)c3c(c(O)c1C2=O)CC(O)(C(=O)CO)CC3O,O=C1c2ccccc2C(=O)c2cc3c(cc21)CCCC3,30,414.37,3,4,0.15,72401,"1,4-benzoquinone"
COc1c2c(c(OC)c3c1C(=O)C(=O)C=C3O)OCO2,O=C1C=Cc2cc3c(cc2C1=O)OCO3,20,278.22,2,3,1.1,341026,"1,2-benzoquinone"
O=C1C(=O)c2ccccc2C(O)=C1CCCc1ccc(Cl)cc1,O=C1C(=O)c2ccccc2C=C1CCCc1ccccc1,23,326.78,4,3,4.4,348263,"1,2-benzoquinone"
CC1=C(CC(=O)c2cccs2)C(=O)c2ccccc2C1=O,O=C(CC1=CC(=O)c2ccccc2C1=O)c1cccs1,21,296.35,3,3,3.72,1471804,"1,4-benzoquinone"
Cc1coc2c1C(=O)C(=O)c1c-2ccc2c1CCC(C(=O)Oc1ccccc1)C2(C)C,O=C1C(=O)c2c(ccc3c2CCC(C(=O)Oc2ccccc2)C3)-c2occc21,31,414.46,2,5,5.08,44416237,"1,2-benzoquinone"
COC1=CC(=O)c2c(O)cccc2C1=O,O=C1C=CC(=O)c2ccccc21,15,204.18,1,2,1.3,10104346,"1,4-benzoquinone"
COc1nc2nc(n1)oc1c(F)c(F)c(F)c(F)c1oc1nc(OC)nc(n1)oc1c(F)c(F)c(F)c(F)c1o2,c1ccc2oc3ncnc(n3)oc3ccccc3oc3ncnc(n3)oc2c1,40,578.29,2,5,4.98,102105363,"1,2-benzoquinone"
O=C(Nc1ccc2c(c1)C(=O)C(=O)C=C2c1ccccc1)OCc1ccccc1,O=C(Nc1ccc2c(c1)C(=O)C(=O)C=C2c1ccccc1)OCc1ccccc1,29,383.4,4,4,4.63,44300941,"1,2-benzoquinone"
O=C(O)CNC(=O)CNC(=O)CNS(=O)(=O)c1cc2c(c(O)c1O)C(=O)c1ccccc1C2=O,O=C1c2ccccc2C(=O)c2ccccc21,34,491.43,8,3,-1.53,168281121,"1,4-naphthoquinone"
CC(=O)N(C1=C(N2CCOCC2)C(=O)c2ccccc2C1=O)c1ccc(Br)cc1,O=C1C(Nc2ccccc2)=C(N2CCOCC2)C(=O)c2ccccc21,29,455.31,3,4,3.43,2849856,"1,4-benzoquinone"
CCCCCn1c(CN2CCCCC2)nc2c1-c1ccccc1C(=O)C2=O,O=C1C(=O)c2nc(CN3CCCCC3)[nH]c2-c2ccccc21,27,365.48,6,4,4.11,292844,"1,2-benzoquinone"
COc1cc2c3c(ccc2c(C)c1C)C=C(C(C)C)C(=O)C3=O,O=C1C=Cc2ccc3ccccc3c2C1=O,23,308.38,2,3,4.27,467784,"1,2-benzoquinone"
COC(=O)c1ccc(-n2nnc3c2C(=O)c2ccccc2C3=O)cc1,O=C1c2ccccc2C(=O)c2c1nnn2-c1ccccc1,25,333.3,2,4,1.83,162659861,"1,4-naphthoquinone"
O=C1C(=O)c2cccnc2-c2ncccc21,O=C1C(=O)c2cccnc2-c2ncccc21,16,210.19,0,3,1.52,72810,"1,2-benzoquinone"
CC(=O)c1cc2c(s1)C(=O)c1c(ccc(CO)c1O)C2=O,O=C1c2ccccc2C(=O)c2sccc21,21,302.31,2,3,1.92,118707751,"1,4-benzoquinone"
Cc1nc2c([nH]1)C(=O)C(Cl)=C(Nc1ccc(F)cc1)C2=O,O=C1C(Nc2ccccc2)=CC(=O)c2[nH]cnc21,21,305.7,2,3,2.8,44345068,"1,4-benzoquinone"
O=C1C(=O)c2ccccc2C(O)=C1c1c([N+](=O)[O-])c2n(c1-c1ccc(F)cc1)CCCN2,O=C1C(=O)c2ccccc2C=C1c1cc2n(c1-c1ccccc1)CCCN2,32,433.4,3,5,4.21,177550824,"1,2-naphthoquinone"
O=c1ccc2cc(O)c3c(O)c4[nH][nH]c5c(ccc6[nH]c(=O)c(=O)[nH]c65)c4cc3c2c1=O,O=c1ccc2ccc3cc4[nH][nH]c5c(ccc6[nH]c(=O)c(=O)[nH]c65)c4cc3c2c1=O,32,428.36,0,6,1.62,154732414,"1,2-benzoquinone"
COc1c(O)ccc2c1C(=O)c1ccccc1C2=O,O=C1c2ccccc2C(=O)c2ccccc21,19,254.24,1,3,2.18,80309,"1,4-benzoquinone"
COc1cc(OC)c(NC2=CC(=O)C(=O)c3ccccc32)cc1Cl,O=C1C=C(Nc2ccccc2)c2ccccc2C1=O,24,343.77,4,3,3.58,671256,"1,2-benzoquinone"
O=C1C=Cc2c(ccc3cccnc23)C1=O,O=C1C=Cc2c(ccc3cccnc23)C1=O,16,209.2,0,3,2.01,71337020,"1,2-naphthoquinone"
COC1=C(N)C(=O)c2c(ccnc2Cc2ccccc2)C1=O,O=C1C=CC(=O)c2c1ccnc2Cc1ccccc1,22,294.31,3,3,1.87,15696685,"1,4-benzoquinone"
COC(=O)CC(C1=C(O)c2ccccc2C(=O)C1=O)c1ccc(OCCc2ccc(OC)cc2)c(OC)c1,O=C1C(=O)c2ccccc2C=C1Cc1ccc(OCCc2ccccc2)cc1,38,516.55,10,4,4.71,102564555,"1,2-naphthoquinone"
CC1=CCCC2C1(C)CCC(C)C2(C)CC1=C(O)C(NCCCCN=C(N)N)=CC(=O)C1=O,O=C1C=CC=C(CC2CCCC3C=CCCC32)C1=O,33,456.63,8,3,3.67,44586960,"1,2-benzoquinone"
COC(=O)c1c(Nc2ccc(C)cc2)c(=O)c(=O)c2oc3cc(N(C)C)ccc3[nH]c1=2,O=c1c(Nc2ccccc2)cc2[nH]c3ccccc3oc=2c1=O,31,419.44,4,4,3.11,127025037,"1,2-benzoquinone"
O=C1c2ccccc2C(=O)c2c1ccc1[nH]c(CN3CCN(c4ncccn4)CC3)nc21,O=C1c2ccccc2C(=O)c2c1ccc1[nH]c(CN3CCN(c4ncccn4)CC3)nc21,32,424.46,3,6,2.45,53372499,anthraquinone
CC(=O)OCc1cn(C2C3=C(OC2(C)C)c2ccccc2C(=O)C3=O)nn1,O=C1C(=O)c2ccccc2C2=C1C(n1ccnn1)CO2,27,367.36,3,4,1.87,118708251,"1,2-benzoquinone"
NC(CCl)=NCCNc1c2c(c(NCCN=C(N)CCl)c3sccc13)C(=O)c1ccccc1C2=O,O=C1c2ccccc2C(=O)c2cc3sccc3cc21,35,531.47,10,4,3.69,85468837,"1,4-benzoquinone"
CC(C)C(NS(=O)(=O)c1cccc(Br)c1)C1=CC(=O)c2c(O)ccc(O)c2C1=O,O=C1C=C(CNS(=O)(=O)c2ccccc2)C(=O)c2ccccc21,29,480.34,5,3,3.17,44570968,"1,4-benzoquinone"
O=C1C=C(c2c3ccccc3c(O)c3ccccc23)c2ccccc2C1=O,O=C1C=C(c2c3ccccc3cc3ccccc23)c2ccccc2C1=O,27,350.37,1,5,4.9,46946133,"1,2-benzoquinone"
O=C1c2ccccc2C(=O)c2c(NCCCOCCOCCO)ccc(NCCCOCCOCCO)c21,O=C1c2ccccc2C(=O)c2ccccc21,38,530.62,20,3,2.12,57979229,"1,4-benzoquinone"
O=C(O)C1=Cc2cc3c4c(c2C(=O)C1=O)CCN4CCC3,O=C1C=Cc2cc3c4c(c2C1=O)CCN4CCC3,21,283.28,1,4,1.23,57161534,"1,2-naphthoquinone"
COc1cc2c(cc1F)COCOC1=C2C(=O)c2cc3ooc3cc21,O=C1C2=C(OCOCc3ccccc32)c2cc3ooc3cc21,25,342.28,1,5,3.74,178767942,"1,2-benzoquinone"
Cc1nc2c([nH]1)C(=O)C(Cl)=C(Nc1cccc(Cl)c1Cl)C2=O,O=C1C(Nc2ccccc2)=CC(=O)c2[nH]cnc21,22,356.6,2,3,3.97,44345199,"1,4-benzoquinone"
CC(=O)NC1=CC(=O)c2ccc(-c3cccc4cccnc34)nc2C1=O,O=C1C=CC(=O)c2nc(-c3cccc4cccnc34)ccc21,26,343.34,2,4,2.7,71661515,"1,4-benzoquinone"
O=C1c2ccccc2C(=O)c2c(OC3OC(CO)C(O)C(O)C3O)ccc(O)c21,O=C1c2ccccc2C(=O)c2c(OC3CCCCO3)cccc21,29,402.36,3,4,-0.65,25133637,anthraquinone
CCC1(O)CC(=O)c2c(cc(O)c3c2C(=O)c2cccc(O)c2C3=O)C1,O=C1c2ccccc2C(=O)c2c1ccc1c2C(=O)CCC1,26,352.34,1,4,2.14,162676818,"1,4-benzoquinone"
O=C1C=C(Oc2ccccc2)C(Oc2ccccc2)=CC1=O,O=C1C=C(Oc2ccccc2)C(Oc2ccccc2)=CC1=O,22,292.29,4,3,3.06,14942243,"1,2-benzoquinone"
O=C1c2cc3c(c(O)c2C(=O)c2c(O)ccc(O)c21)C1(O)C=COC1O3,O=C1c2ccccc2C(=O)c2cc3c(cc21)OC1OC=CC31,26,354.27,0,5,1.03,127070,anthraquinone
O=C(CCl)Nc1ccc2c(c1NC(=O)Cc1ccc(F)cc1)C(=O)c1ccccc1C2=O,O=C(Cc1ccccc1)Nc1cccc2c1C(=O)c1ccccc1C2=O,32,450.85,5,4,3.96,53374391,anthraquinone
Cc1c(CN2CCN(C(=O)C=Cc3cccnc3)CC2)oc2c1C(=O)C(=O)c1c-2ccc2c1CCCC2(C)C,O=C1C(=O)c2c(ccc3c2CCCC3)-c2oc(CN3CCN(C(=O)C=Cc4cccnc4)CC3)cc21,39,523.63,4,6,5.0,168289727,"1,2-benzoquinone"
O=C1c2ccccc2C(=O)c2c1nnn2-c1cccc(F)c1,O=C1c2ccccc2C(=O)c2c1nnn2-c1ccccc1,22,293.26,1,4,2.18,162658176,"1,4-naphthoquinone"
Cc1ccccc1SC(C1=C(O)c2ccccc2C(=O)C1=O)c1ccccc1,O=C1C(=O)c2ccccc2C=C1C(Sc1ccccc1)c1ccccc1,28,386.47,4,4,5.56,71569392,"1,2-benzoquinone"
CC1=C(O)c2c(O)ccc(OC3OC(CO)C(O)C(O)C3O)c2C(=O)C1=O,O=C1C=Cc2cccc(OC3CCCCO3)c2C1=O,27,382.32,3,3,-1.37,163046098,"1,2-benzoquinone"
Cc1cc(Cl)c2c(c1O)C(=O)C=CC2=O,O=C1C=CC(=O)c2ccccc21,15,222.63,0,2,2.29,12697034,"1,4-benzoquinone"
CC(C)=CCCC(C)C1=C(O)C(NC(C)c2ccccc2)=C(C)C(=O)C1=O,O=C1C=CC(NCc2ccccc2)=CC1=O,27,367.49,7,2,4.96,496672,"1,2-benzoquinone"
O=c1c2ccccc2c(=O)c2c1c(O)cc1[nH]c3ccccc3[nH]c12,O=c1c2ccccc2c(=O)c2c1ccc1[nH]c3ccccc3[nH]c12,25,328.33,0,5,3.38,44420298,"1,4-benzoquinone"
O=C1c2ccccc2C(=O)c2c1ccc1c(=O)n(-c3ccccc3)sc21,O=C1c2ccccc2C(=O)c2c1ccc1c(=O)n(-c3ccccc3)sc21,26,357.39,1,5,3.83,4695672,anthraquinone
O=C1OCC2=C1C(c1ccc3c(c1)C(=O)OC3)C1=C(N2)C(=O)c2ccccc2C1=O,O=C1OCC2=C1C(c1ccc3c(c1)C(=O)OC3)C1=C(N2)C(=O)c2ccccc2C1=O,30,399.36,1,6,2.19,162649645,"1,4-naphthoquinone"
COc1cc(C(CC=C(C)C)OC(=O)C2CCOC2)c(OC)c2c1C(=O)C=CC2=O,O=C1C=CC(=O)c2cc(COC(=O)C3CCOC3)ccc21,30,414.45,7,3,3.62,53376799,"1,4-benzoquinone"
CN1CCN(CC(=O)OCc2cc(O)c3c(c2)C(=O)c2cccc(O)c2C3=O)CC1,O=C(CN1CCNCC1)OCc1ccc2c(c1)C(=O)c1ccccc1C2=O,30,410.43,4,4,1.16,164517087,anthraquinone
Cc1ccc(C)c(Nc2cccc3c2C(=O)C(=O)C=C3)c1,O=C1C=Cc2cccc(Nc3ccccc3)c2C1=O,21,277.32,2,3,3.83,624013,"1,2-benzoquinone"
O=c1ccc2ccc=2c1=O,O=c1ccc2ccc=2c1=O,10,132.12,0,2,0.01,101942096,"1,2-benzoquinone"
CC1=C(O)c2c(O)ccc(O)c2C(=O)C1=O,O=C1C=Cc2ccccc2C1=O,16,220.18,0,2,1.15,135473707,"1,2-benzoquinone"
COc1cccc2c1C(=O)c1sc(C(=O)c3cccnc3)cc1C2=O,O=C(c1cccnc1)c1cc2c(s1)C(=O)c1ccccc1C2=O,25,349.37,3,4,3.16,118707773,"1,4-naphthoquinone"
Cc1cc(O)c2c(c1)C(=O)c1ccccc1C2=O,O=C1c2ccccc2C(=O)c2ccccc21,18,238.24,0,3,2.48,164982,"1,4-benzoquinone"
CC(C)C1=C(Sc2ccccc2)c2ccccc2C(=O)C1=O,O=C1C=C(Sc2ccccc2)c2ccccc2C1=O,22,308.4,3,3,4.61,44409669,"1,2-benzoquinone"
Cc1nn(-c2ccc(Br)cc2)c(NC2C3=C(OC2(C)C)c2ccccc2C(=O)C3=O)c1Br,O=C1C(=O)c2ccccc2C2=C1C(Nc1ccnn1-c1ccccc1)CO2,32,557.24,3,5,5.47,71525207,"1,2-naphthoquinone"
Cc1ccc2c(c1CCC(=O)NCCCCCC(=O)Nc1ccccc1N)C(=O)C(=O)C(C(C)C)=C2,O=C(CCc1cccc2c1C(=O)C(=O)C=C2)NCCCCCC(=O)Nc1ccccc1,36,489.62,11,3,4.63,177371590,"1,2-benzoquinone"
COc1cc(-c2c3c(nc4c2c(C)nn4-c2ccccc2)-c2ccccc2C(=O)C3=O)cc(OC)c1OC,O=C1C(=O)c2c(nc3c(cnn3-c3ccccc3)c2-c2ccccc2)-c2ccccc21,38,505.53,5,6,5.47,60147668,"1,2-benzoquinone"
Cc1cccc2c3c(ccc12)-c1occ(CN2CCC(=O)CC2)c1C(=O)C3=O,O=C1CCN(Cc2coc3c2C(=O)C(=O)c2c-3ccc3ccccc23)CC1,28,373.41,2,5,3.95,137661825,"1,2-benzoquinone"
CCCCc1ccc2c(c1O)C(=O)c1c(OC)cccc1C2=O,O=C1c2ccccc2C(=O)c2ccccc21,23,310.35,4,3,3.52,44287910,anthraquinone
CC(Nc1ccc(NCCN2CCCC(CO)C2)c2c1C(=O)c1c(O)ccc(O)c1C2=O)N(C)C,O=C1c2ccccc2C(=O)c2c(NCCN3CCCCC3)cccc21,35,482.58,8,4,2.31,24901741,"1,4-naphthoquinone"
Cc1[nH]c2c(c1C(=O)O)C(=O)C(=O)c1ccccc1-2,O=C1C(=O)c2cc[nH]c2-c2ccccc21,19,255.23,1,3,2.07,129782332,"1,2-naphthoquinone"
CCc1c(C)cc2c(c1O)C(=O)C1=C(C2=O)C(C)(C)OC1(O)C(=O)OC,O=C1C2=C(COC2)C(=O)c2ccccc21,26,360.36,2,3,1.61,16059787,"1,4-benzoquinone"
COc1ccc2ccc3c(c2c1)-c1ccsc1C(=O)C3=O,O=C1C(=O)c2sccc2-c2c1ccc1ccccc21,21,294.33,1,4,3.96,162657494,"1,2-benzoquinone"
CC1(C)OC2=C(C(=O)C(=O)c3ccccc32)C1n1nncc1-c1ccccc1,O=C1C(=O)c2ccccc2C2=C1C(n1nncc1-c1ccccc1)CO2,28,371.4,2,5,3.47,132968979,"1,2-benzoquinone"
CC(C)c1nc2c(n1Cc1ccc(F)cc1)C(=O)C(=O)c1ccccc1-2,O=C1C(=O)c2c(ncn2Cc2ccccc2)-c2ccccc21,26,348.38,3,4,4.24,123812154,"1,2-benzoquinone"
CN1CCN(C(=O)c2cc3c(NCCN)c4c(c(NCCN)c3o2)C(=O)c2ccccc2C4=O)CC1,O=C1c2ccccc2C(=O)c2cc3oc(C(=O)N4CCNCC4)cc3cc21,36,490.56,7,5,1.34,127042582,anthraquinone
CC(c1c(O)c(O)c2c(c1O)C(=O)C(=O)C(O)=C2O)c1c(O)c(O)c2c(c1O)C(=O)C(=O)C(O)=C2O,O=C1C=Cc2ccc(Cc3ccc4c(c3)C(=O)C(=O)C=C4)cc2C1=O,36,502.34,2,4,1.17,138962765,"1,2-naphthoquinone"
CCOC(=O)c1c2c(n(C)c1C)C(=O)C(=O)c1ccc(Br)cc1-2,O=C1C(=O)c2[nH]ccc2-c2ccccc21,23,376.21,2,3,3.32,1736381,"1,2-benzoquinone"
COc1ccc(C(=O)c2coc3c2C(=O)C(=O)C(Cl)=C3Cl)cc1,O=C1C=Cc2occ(C(=O)c3ccccc3)c2C1=O,23,351.14,3,3,3.43,49820161,"1,2-benzoquinone"
COc1ccc2c(c1)C(=O)c1nnn(-c3ccc(F)c(Cl)c3)c1C2=O,O=C1c2ccccc2C(=O)c2c1nnn2-c1ccccc1,25,357.73,2,4,2.84,162668107,"1,4-naphthoquinone"
O=C1C=C(N(c2ccccc2)c2ccc3ccccc3c2)c2ccccc2C1=O,O=C1C=C(N(c2ccccc2)c2ccc3ccccc3c2)c2ccccc2C1=O,29,375.43,3,5,5.78,13140391,"1,2-naphthoquinone"
CCCC1OC(C)=Cc2cc3c(c(O)c21)C(=O)C(C1OCC(O)C(CO)O1)=CC3=O,O=C1C=C(C2OCCCO2)C(=O)c2cc3c(cc21)C=COC3,30,416.43,4,4,2.02,10621819,"1,4-naphthoquinone"
COc1cc2ooc2cc1CCNCc1cc(C)cc(Cl)c1,c1ccc(CNCCc2ccc3ooc3c2)cc1,22,319.79,6,3,4.33,171797158,"1,2-benzoquinone"
CC1CN1C1=CC(=O)c2c(cc(C(=O)NCCN3CCCCC3)n2C)C1=O,O=C(NCCN1CCCCC1)c1cc2c([nH]1)C(=O)C=C(N1CC1)C2=O,27,370.45,5,4,1.21,10499403,"1,4-benzoquinone"
O=C1C(=O)c2ccccc2C(O)=C1c1ccc(-c2ccccc2)cc1,O=C1C(=O)c2ccccc2C=C1c1ccc(-c2ccccc2)cc1,25,326.35,2,4,4.55,790532,"1,2-naphthoquinone"
COc1cc2c(cc1OC)C1(C)C3=CC(=O)C(=O)C=C3C2(C)C2=CC(=O)C(=O)C=C21,O=C1C=C2C(=CC1=O)C1C3=CC(=O)C(=O)C=C3C2c2ccccc21,30,402.4,2,6,2.26,102033881,"1,2-benzoquinone"
O=C1c2ccccc2C(=O)c2c(NC3CCCCC3)ccc(NC3CCCCC3)c21,O=C1c2ccccc2C(=O)c2c(NC3CCCCC3)ccc(NC3CCCCC3)c21,30,402.54,4,5,5.95,2817240,anthraquinone
CNC1=CC(=O)c2c(cnc(C)c2C)C1=O,O=C1C=CC(=O)c2cnccc21,16,216.24,1,2,1.18,44614384,"1,4-benzoquinone"
O=C1c2ccccc2C(=O)c2c1cc(S(=O)(=O)N1CCC(C(=O)O)CC1)c(O)c2O,O=C1c2ccccc2C(=O)c2cc(S(=O)(=O)N3CCCCC3)ccc21,30,431.42,3,4,1.36,162678532,"1,4-benzoquinone"
CCCCSC1=CC(=O)C(=O)c2ccccc21,O=C1C=Cc2ccccc2C1=O,17,246.33,4,2,3.33,14856694,"1,2-benzoquinone"
Cc1cc(O)c2c(c1)C(=O)c1cccc(O)c1C2=O,O=C1c2ccccc2C(=O)c2ccccc21,19,254.24,0,3,2.18,10208,"1,4-benzoquinone"
O=C1c2cc(O)cc(O)c2C(=O)c2c1cc(O)c(C1CCOC1=O)c2O,O=C1c2ccccc2C(=O)c2cc(C3CCOC3=O)ccc21,26,356.29,1,4,1.31,9885027,"1,4-naphthoquinone"
O=C1c2ccccc2C(=O)c2c1ccc1[nH]c(CNCc3ccc4c(c3)OCO4)nc21,O=C1c2ccccc2C(=O)c2c1ccc1[nH]c(CNCc3ccc4c(c3)OCO4)nc21,31,411.42,4,6,3.36,53372228,anthraquinone
O=C1c2ccccc2C(=O)c2c(Nc3cccc4c3C(=O)c3ccccc3C4=O)cccc21,O=C1c2ccccc2C(=O)c2c(Nc3cccc4c3C(=O)c3ccccc3C4=O)cccc21,33,429.43,2,6,4.98,6700,"1,4-benzoquinone"
COC(=O)C(Cc1c[nH]c2ccccc12)NC1=C(C)C(=O)C(=O)C(C(C)CCC=C(C)C)=C1O,O=C1C=CC(NCCc2c[nH]c3ccccc23)=CC1=O,34,464.56,9,3,4.46,70686826,"1,2-benzoquinone"
CC(=O)c1cc(C)c(O)c(CC2=C(C)C(=O)C(=O)C(C)=C2O)c1O,O=C1C=CC(Cc2ccccc2)=CC1=O,24,330.34,3,2,2.45,86302285,"1,2-benzoquinone"
O=C1C(=O)c2ccnnc2-c2ccccc21,O=C1C(=O)c2ccnnc2-c2ccccc21,16,210.19,0,3,1.52,15388591,"1,2-naphthoquinone"
C=CCOc1cccc2c1C(=O)C(=O)C1=C2OC(C)C1,O=C1C(=O)c2ccccc2C2=C1CCO2,20,270.28,3,3,2.54,101264328,"1,2-benzoquinone"
O=C1C(=O)c2ccccc2C(O)=C1C1CCC(c2ccc(Cl)cc2)CC1,O=C1C(=O)c2ccccc2C=C1C1CCC(c2ccccc2)CC1,26,366.84,2,4,5.35,74989,"1,2-benzoquinone"
CC1=Cc2ccccc2C(=O)C1=O,O=C1C=Cc2ccccc2C1=O,13,172.18,0,2,1.86,12316616,"1,2-benzoquinone"
O=C1C=C(O)c2ccc(-c3ccccc3)cc2C1=O,O=C1C=Cc2ccc(-c3ccccc3)cc2C1=O,19,250.25,1,3,3.02,12369066,"1,2-naphthoquinone"
COc1cccc2c1C(=O)c1c(O)c3c(c(O)c1C2=O)C=C(C(=O)CO)CC3OC1CC(N)C(O)C(C)O1,O=C1c2ccccc2C(=O)c2cc3c(cc21)C=CCC3OC1CCCCO1,38,525.51,5,5,1.11,44362894,anthraquinone
O=C1C(=O)c2ccccc2C2=C1SCC1(CCN(C3CCCC3O)CC1)O2,O=C1C(=O)c2ccccc2C2=C1SCC1(CCN(C3CCCC3)CC1)O2,27,385.49,1,5,2.63,57661834,"1,2-naphthoquinone"
COc1cccc2c1C(=O)c1c(O)c3c(c(O)c1C2=O)CC(O)(C(C)=O)CC3OCCN,O=C1c2ccccc2C(=O)c2cc3c(cc21)CCCC3,32,441.44,5,4,1.16,90673090,"1,4-benzoquinone"
O=C1C(O)=C(c2c[nH]c3ccccc23)C(=O)C(O)=C1c1c[nH]c2ccccc12,O=C1C=C(c2c[nH]c3ccccc23)C(=O)C=C1c1c[nH]c2ccccc12,28,370.36,2,5,4.04,452720,"1,4-benzoquinone"
COC(=O)c1nc(-c2ccc3c(n2)C(=O)C(NC(=O)CCl)=CC3=O)c2[nH]c3ccccc3c2c1C,O=C1C=CC(=O)c2nc(-c3nccc4c3[nH]c3ccccc34)ccc21,35,488.89,4,5,3.49,15456899,"1,4-benzoquinone"
COc1cccc2c1C(=O)C(c1c(O)cc(OC)c3c(O)cc(C)cc13)=C(C)C2=O,O=C1C=C(c2cccc3ccccc23)C(=O)c2ccccc21,30,404.42,3,4,4.43,10069774,"1,4-naphthoquinone"
COC1=CC(=O)C2=C(CCc3ccccc3O2)C1=O,O=C1C=CC(=O)C2=C1CCc1ccccc1O2,19,256.26,1,3,1.95,16680047,"1,4-benzoquinone"
O=C1C=CC(=O)c2c1ncn2CC1CN1C(c1ccccc1)(c1ccccc1)c1ccccc1,O=C1C=CC(=O)c2c1ncn2CC1CN1C(c1ccccc1)(c1ccccc1)c1ccccc1,34,445.52,6,6,4.49,25138673,"1,4-benzoquinone"
O=C1c2[nH]c3ccc(Cl)cc3c(=O)c2C(=O)c2[nH]c3ccc(Cl)cc3c(=O)c21,O=C1c2[nH]c3ccccc3c(=O)c2C(=O)c2[nH]c3ccccc3c(=O)c21,28,411.2,0,5,3.45,75604,"1,4-benzoquinone"
COc1ccc(C2=CC(=O)C(=O)c3c(-c4ccccc4)cn(S(=O)(=O)c4ccccc4)c32)cc1,O=C1C=C(c2ccccc2)c2c(c(-c3ccccc3)cn2S(=O)(=O)c2ccccc2)C1=O,34,469.52,5,5,4.6,137652621,"1,2-benzoquinone"
O=C1C(=O)c2ccccc2C2=C1C(c1ccc(Cl)cc1)c1c(n[nH]c1-c1ccc(Cl)cc1)N2,O=C1C(=O)c2ccccc2C2=C1C(c1ccccc1)c1c(n[nH]c1-c1ccccc1)N2,33,472.33,2,6,6.12,136040111,"1,2-naphthoquinone"
Cc1c[nH]c2c1C=CC(=O)C2=O,O=C1C=Cc2cc[nH]c2C1=O,12,161.16,0,2,1.1,15234397,"1,2-benzoquinone"
O=C1C(=O)c2ccccc2C(O)=C1N1CCN(c2ccccc2)CC1,O=C1C(=O)c2ccccc2C=C1N1CCN(c2ccccc2)CC1,25,334.38,2,4,2.5,70681849,"1,2-benzoquinone"
CC(C)C1=C(O)C2=C(C(=O)C1=O)C1(C)CCCC(C)(C)C1C=C2,O=C1C=CC2=C(C1=O)C1CCCCC1C=C2,23,314.43,1,3,4.31,2751794,"1,2-benzoquinone"
CC(C)Nc1cc(N2CCN(Cc3ccc4c(c3)OCO4)CC2)c2noc3c2c1C(=O)c1ccccc1-3,O=C1c2ccccc2-c2onc3c(N4CCN(Cc5ccc6c(c5)OCO6)CC4)ccc1c23,37,496.57,5,7,4.91,20868090,anthraquinone
CCCCCCOc1ccc(CCCCNC2=CC(=O)C(=O)c3ccccc32)cc1,O=C1C=C(NCCCCc2ccccc2)c2ccccc2C1=O,30,405.54,12,3,5.36,634176,"1,2-naphthoquinone"
O=C1C(Nc2ccccc2)=CC(=O)c2c(O)cccc21,O=C1C=C(Nc2ccccc2)C(=O)c2ccccc21,20,265.27,2,3,2.77,86153540,"1,4-naphthoquinone"
O=C(CCl)Nc1ccc2c(c1)C(=O)c1ccc(NC(=O)CCl)cc1C2=O,O=C1c2ccccc2C(=O)c2ccccc21,26,391.21,4,3,2.82,355988,anthraquinone
CNC(=O)OCc1cc2c(c3c1CCC3)C(=O)c1ccccc1C2=O,O=C1c2ccccc2C(=O)c2c1ccc1c2CCC1,25,335.36,2,4,2.81,9997065,anthraquinone
CC(C)(C)c1cc(C2=C(O)c3ccccc3C(=O)C2=O)cc(C(C)(C)C)c1O,O=C1C(=O)c2ccccc2C=C1c1ccccc1,28,378.47,1,3,5.18,10384994,"1,2-naphthoquinone"
O=C1c2ccccc2C(=O)c2c1cc(S(=O)(=O)c1nc3ccccc3s1)c1nsnc21,O=C1c2ccccc2C(=O)c2c1cc(S(=O)(=O)c1nc3ccccc3s1)c1nsnc21,31,463.52,2,6,3.91,74223380,anthraquinone
O=C1c2ccccc2C(=O)c2c1ccc1[nH]c(-c3ccc(OCCCn4cnnn4)cc3)nc21,O=C1c2ccccc2C(=O)c2c1ccc1[nH]c(-c3ccc(OCCCn4cnnn4)cc3)nc21,34,450.46,6,6,3.46,16659184,anthraquinone
CC(C)=CCC1=C(c2c[nH]c3ccccc23)C(=O)C(=O)C(c2c[nH]c3ccccc23)=C1O,O=C1C(=O)C(c2c[nH]c3ccccc23)=CC=C1c1c[nH]c2ccccc12,32,422.48,4,5,5.88,10432364,"1,2-benzoquinone"
Cc1ccc(SCC2=C(O)c3ccccc3C(=O)C2=O)cc1,O=C1C(=O)c2ccccc2C=C1CSc1ccccc1,22,310.37,3,3,3.82,71569076,"1,2-benzoquinone"
Nc1c(SCc2ccccc2)cc(O)c2c1C(=O)c1ccccc1C2=O,O=C1c2ccccc2C(=O)c2cc(SCc3ccccc3)ccc21,26,361.42,3,4,4.04,46677,"1,4-naphthoquinone"
C=C(F)C(F)=C(F)CC(C)=CC(=O)c1cc2c(s1)-c1sc(C(O)c3cc(F)c(F)c(F)c3)cc1C(=O)C2=O,O=C1C(=O)c2cc(Cc3ccccc3)sc2-c2sccc21,38,568.52,7,4,7.51,123959317,"1,2-benzoquinone"
O=C1c2ccccc2C(=O)c2c1nnn2-c1ccc2ccncc2c1,O=C1c2ccccc2C(=O)c2c1nnn2-c1ccc2ccncc2c1,25,326.31,1,5,2.59,147947973,"1,4-naphthoquinone"
CCOC(=O)c1c2c(n3ccc(NC(=O)CCN4CCOCC4)cc13)C(=O)c1ncccc1C2=O,O=C(CCN1CCOCC1)Nc1ccn2c3c(cc2c1)C(=O)c1cccnc1C3=O,35,476.49,6,5,1.95,145955972,"1,4-benzoquinone"
Cc1[nH]c2ccccc2c1C1=CC(=O)C=CC1=O,O=C1C=CC(=O)C(c2c[nH]c3ccccc23)=C1,18,237.26,1,3,2.57,238781,"1,4-benzoquinone"
NS(=O)(=O)c1ccc(NC2=CC(=O)C(=O)c3ccccc32)cc1,O=C1C=C(Nc2ccccc2)c2ccccc2C1=O,23,328.35,3,3,1.55,367783,"1,2-benzoquinone"
CC1=CCc2c(cc3oc(C)cc(=O)c3c2O)OC1,O=c1ccoc2cc3c(cc12)CC=CCO3,19,258.27,0,3,2.69,117592665,"1,2-naphthoquinone"
CC(C)C1=Cc2cc3c4c(c2C(=O)C1=O)CCCC4CC3,O=C1C=Cc2cc3c4c(c2C1=O)CCCC4CC3,21,280.37,1,4,3.86,14828203,"1,2-benzoquinone"
COC(=O)c1cccc(Nc2cc(N3CCCCCC3)c3noc4c3c2C(=O)c2ccccc2-4)c1,O=C1c2ccccc2-c2onc3c(N4CCCCCC4)cc(Nc4ccccc4)c1c23,35,467.53,4,6,5.95,68295193,"1,4-benzoquinone"
CCCC1=C(O)c2c(cc(C3(O)C(=O)Nc4cccc(O)c43)c(O)c2OC)C(=O)C1=O,O=C1C=Cc2ccc(C3C(=O)Nc4ccccc43)cc2C1=O,31,425.39,4,4,2.13,132526506,"1,2-benzoquinone"
CCC1(O)Cc2cc3c(cc2C(OC2COC(C)C(O)C2N)C1)C(=O)c1ccccc1C3=O,O=C1c2ccccc2C(=O)c2cc3c(cc21)CCCC3OC1CCCOC1,33,451.52,3,5,2.08,56843524,anthraquinone
O=C1c2ccc(S(=O)(=O)O)cc2C(=O)c2c(Nc3ccccc3)ccc(Nc3ccc(S(=O)(=O)O)cc3)c21,O=C1c2ccccc2C(=O)c2c(Nc3ccccc3)ccc(Nc3ccccc3)c21,38,550.57,6,5,4.44,412814,anthraquinone
Cc1c2cc(C(C)(C)C)c(=O)c(=O)c2c(C)c2cc(C(C)(C)C)c(=O)c(=O)c12,O=c1ccc2cc3c(=O)c(=O)ccc3cc2c1=O,28,378.47,0,3,3.52,13761671,"1,2-naphthoquinone"
O=C1c2ccccc2C(=O)c2c1cc(S(=O)(=O)Cc1ccccc1)c1nsnc21,O=C1c2ccccc2C(=O)c2c1cc(S(=O)(=O)Cc1ccccc1)c1nsnc21,29,420.47,3,5,3.44,74223443,anthraquinone
CC(=O)Oc1cc(C)c2c3c1C(C)(C)OC3=C(C)C(=O)C2=O,O=C1C=C2OCc3cccc(c32)C1=O,22,300.31,1,3,2.68,615588,"1,2-naphthoquinone"
Nc1c(C2=CC(=O)C(=O)c3ccccc32)c(=O)[nH]c(=O)n1-c1ccccc1,O=C1C=C(c2cn(-c3ccccc3)c(=O)[nH]c2=O)c2ccccc2C1=O,27,359.34,2,4,1.31,132427218,"1,2-naphthoquinone"
NCCNc1ccc(NCCN)c2c1C(=O)c1ccncc1C2=O,O=C1c2ccccc2C(=O)c2cnccc21,24,325.37,6,3,0.6,134019,"1,4-benzoquinone"
Cc1c(O)c(O)cc2c1CC=C1C2(C)CCC2(C)C3CC(C)(C(=O)O)CCC3(C)CCC12C,C1=C2C(CCC3C2CCC2CCCCC23)c2ccccc2C1,33,452.64,1,5,6.64,117593719,"1,2-naphthoquinone"
O=C1c2ccccc2C(=O)c2c1oc(=O)c1ccccc21,O=C1c2ccccc2C(=O)c2c1oc(=O)c1ccccc21,21,276.25,0,4,2.57,401276,"1,4-naphthoquinone"
CC(=O)Nc1ccc(S(=O)(=O)NC2=CC(=O)C(=O)c3ccccc32)cc1,O=C1C=C(NS(=O)(=O)c2ccccc2)c2ccccc2C1=O,26,370.39,4,3,1.73,248531,"1,2-benzoquinone"
O=C1C=C(OCCCCCNc2c3ccccc3nc3ccccc23)c2ccccc2C1=O,O=C1C=C(OCCCCCNc2c3ccccc3nc3ccccc23)c2ccccc2C1=O,33,436.51,8,5,5.79,9889240,"1,2-naphthoquinone"
COc1cc(NS(=O)(=O)c2ccc(C)cc2)c2c(c1N)C(=O)c1ccccc1C2=O,O=C1c2ccccc2C(=O)c2c(NS(=O)(=O)c3ccccc3)cccc21,30,422.46,4,4,3.16,66486,"1,4-benzoquinone"
COc1ccc(Nc2cc(NCC(C)C)c(N)c3c2C(=O)c2ccccc2C3=O)cc1,O=C1c2ccccc2C(=O)c2c(Nc3ccccc3)cccc21,31,415.49,6,4,4.86,171785305,anthraquinone
COC(=O)C1=C(c2c(Nc3ccccc3)ccc3ccccc23)c2cc(-c3ccccc3)ccc2C(=O)C1=O,O=C1C=C(c2c(Nc3ccccc3)ccc3ccccc23)c2cc(-c3ccccc3)ccc2C1=O,39,509.56,5,6,6.99,154716675,"1,2-naphthoquinone"
O=C1c2ccccc2C(=O)c2c1cc(Sc1nc3ccccc3s1)c1nsnc21,O=C1c2ccccc2C(=O)c2c1cc(Sc1nc3ccccc3s1)c1nsnc21,29,431.52,2,6,5.23,137659499,anthraquinone
Cc1cc2c(cc1C)-c1oc(CN3CCC(N4CCCCC4)CC3)c(C)c1C(=O)C2=O,O=C1C(=O)c2cc(CN3CCC(N4CCCCC4)CC3)oc2-c2ccccc21,31,420.55,3,5,4.7,164618253,"1,2-benzoquinone"
O=C1C=C(Nc2ncccn2)c2ccccc2C1=O,O=C1C=C(Nc2ncccn2)c2ccccc2C1=O,19,251.25,2,3,1.69,339646,"1,2-benzoquinone"
CC(=O)N1CCN(C(=O)c2ccc(Cn3nnc4c3C(=O)c3ccccc3C4=O)cc2)CC1,O=C1c2ccccc2C(=O)c2c1nnn2Cc1ccc(C(=O)N2CCNCC2)cc1,33,443.46,3,5,1.41,122193597,"1,4-benzoquinone"
CN(C)C=Cc1nc(-c2ccccc2)cc2c1C(=O)c1ccccc1C2=O,O=C1c2ccccc2C(=O)c2cc(-c3ccccc3)ncc21,27,354.41,3,4,4.06,72374933,"1,4-benzoquinone"
CCC(C)(OCc1ccccc1)c1cc2c(C)cc3c(c2oc1=O)C(=O)c1c(OC(C)C)cccc1C3=O,O=C1c2ccccc2C(=O)c2c1ccc1cc(COCc3ccccc3)c(=O)oc21,38,510.59,7,5,6.51,122183428,anthraquinone
CS(=O)(=O)n1cc(-c2ccccc2)c2c1C=CC(=O)C2=O,O=C1C=Cc2[nH]cc(-c3ccccc3)c2C1=O,21,301.32,2,3,1.74,132251294,"1,2-benzoquinone"
CC(C)OC1=CC(=O)C(=O)c2c(NSC(F)(F)F)cccc21,O=C1C=Cc2ccccc2C1=O,22,331.31,4,2,3.8,129281658,"1,2-benzoquinone"
O=C1c2ccccc2-c2onc3c(Cl)cc(O)c1c23,O=C1c2ccccc2-c2onc3cccc1c23,19,271.66,0,4,3.4,774971,anthraquinone
O=C1c2cccc(O)c2C(=O)c2c(O)cc(C(Br)Br)cc21,O=C1c2ccccc2C(=O)c2ccccc21,21,412.03,1,3,3.66,14563118,"1,4-benzoquinone"
NC1=C(c2ccccc2)C(=O)c2ccccc2C1=O,O=C1C=C(c2ccccc2)C(=O)c2ccccc21,19,249.27,1,3,2.44,12230353,"1,4-benzoquinone"
Cc1cc2c(o1)-c1c(c3ccccc3c(=O)n1CCCN1CCC(CCO)CC1)C(=O)C2=O,O=C1C(=O)c2c(n(CCCN3CCCCC3)c(=O)c3ccccc23)-c2occc21,33,448.52,6,5,3.43,137633721,"1,2-benzoquinone"
COC1CCCCC1Nc1cc2c(c3nsnc13)C(=O)c1ccccc1C2=O,O=C1c2ccccc2C(=O)c2c1cc(NC1CCCCC1)c1nsnc21,28,393.47,3,5,3.84,137651091,anthraquinone
O=C1c2[nH]cc(CNC3CCNC3)c2C(=O)c2c1c(O)c1ccccc1c2O,O=C1c2cc3ccccc3cc2C(=O)c2c(CNC3CCNC3)c[nH]c21,28,377.4,3,5,1.81,135962837,"1,4-benzoquinone"
COc1ccc(C2CC3=C(O2)c2ccccc2C(=O)C3=O)cc1,O=C1C(=O)c2ccccc2C2=C1CC(c1ccccc1)O2,23,306.32,2,4,3.33,15743024,"1,2-naphthoquinone"
CN1CCN(Cc2nc3c4c(ccc3[nH]2)C(=O)c2ccccc2C4=O)CC1,O=C1c2ccccc2C(=O)c2c1ccc1[nH]c(CN3CCNCC3)nc21,27,360.42,2,5,2.09,53372753,"1,4-benzoquinone"
CC(C)C1=Cc2cc3c(c(O)c2C(=O)C1=O)CCCC3(C)C,O=C1C=Cc2cc3c(cc2C1=O)CCCC3,22,298.38,1,3,3.81,56924750,"1,2-benzoquinone"
O=C1C=C(CCc2ccccc2)c2ccccc2C1=O,O=C1C=C(CCc2ccccc2)c2ccccc2C1=O,20,262.31,3,3,3.47,13701500,"1,2-benzoquinone"
O=C1C=Cc2ccc3ccccc3c2C1=O,O=C1C=Cc2ccc3ccccc3c2C1=O,16,208.22,0,3,2.62,97313,"1,2-benzoquinone"
O=C1c2ccccc2C(=O)c2c(O)c(C(O)c3ccsc3)cc(O)c21,O=C1c2ccccc2C(=O)c2cc(Cc3ccsc3)ccc21,25,352.37,2,4,3.02,141750629,anthraquinone
O=C(NCc1ccccc1)c1ccc(C=CC(=O)c2cccc3c2C(=O)c2ccccc2C3=O)cc1,O=C(NCc1ccccc1)c1ccc(C=CC(=O)c2cccc3c2C(=O)c2ccccc2C3=O)cc1,36,471.51,6,5,5.29,145984267,anthraquinone
O=C1C=C(C2C=CCCC2)c2ccccc2C1=O,O=C1C=C(C2C=CCCC2)c2ccccc2C1=O,18,238.29,1,3,3.19,139091780,"1,2-naphthoquinone"
CCOC(=O)c1c(C)oc2c1C(=O)C(=O)C(Br)=C2,O=C1C=Cc2occc2C1=O,18,313.1,2,2,2.27,2259428,"1,2-benzoquinone"
COc1cccc2c1C(=O)c1c(OC)cc(CBr)cc1C2=O,O=C1c2ccccc2C(=O)c2ccccc21,22,361.19,3,3,3.37,14563110,"1,4-benzoquinone"
Cc1nn(C)c(C)c1S(=O)(=O)N1CCC2(CC1)CSC1=C(O2)c2ccccc2C(=O)C1=O,O=C1C(=O)c2ccccc2C2=C1SCC1(CCN(S(=O)(=O)c3cn[nH]c3)CC1)O2,32,473.58,2,5,2.46,57661857,"1,2-naphthoquinone"
CC1=C(C2=C(C)C(=O)C(=O)c3cc(C)ccc32)c2ccc(C)cc2C(=O)C1=O,O=C1C=C(C2=CC(=O)C(=O)c3ccccc32)c2ccccc2C1=O,28,370.4,1,4,4.08,386890,"1,2-benzoquinone"
O=C1c2ccccc2C(=O)c2oc(-c3ccccc3)nc21,O=C1c2ccccc2C(=O)c2oc(-c3ccccc3)nc21,21,275.26,1,4,3.12,509070,"1,4-benzoquinone"
O=C1c2ccccc2C(=O)c2c1cc(SCc1ccccc1Cl)c1nsnc21,O=C1c2ccccc2C(=O)c2c1cc(SCc1ccccc1)c1nsnc21,28,422.92,3,5,5.41,74223315,"1,4-naphthoquinone"
O=C1NC(=O)C(C2=CC(=O)C(=O)C=C2)(c2ccccc2)N1,O=C1NC(=O)C(C2=CC(=O)C(=O)C=C2)(c2ccccc2)N1,21,282.25,2,3,0.36,131769980,"1,2-benzoquinone"
O=C1C(=O)c2ccccc2C2=C1CC(Cn1cc(C3(O)CCCCC3)nn1)O2,O=C1C(=O)c2ccccc2C2=C1CC(Cn1cc(C3CCCCC3)nn1)O2,28,379.42,3,5,2.4,134132972,"1,2-benzoquinone"
O=C1C(=O)c2ccccc2C(O)=C1NCc1ccccc1,O=C1C(=O)c2ccccc2C=C1NCc1ccccc1,21,279.3,3,3,2.47,10492924,"1,2-naphthoquinone"
CCCCCCSc1c(O)c2c(c(O)c1SCCCCCC)C(=O)C1=C(CC(C)(O)C(O)C1O)C2=O,O=C1C2=C(CCCC2)C(=O)c2ccccc21,36,538.73,12,3,4.99,155557223,"1,4-naphthoquinone"
O=C(CC(=O)c1ccccc1NC1=Cc2ccccc2C(=O)C1=O)C(=O)NC1=C(Cl)C(=O)c2ccccc2C1=O,O=C(CC(=O)c1ccccc1NC1=Cc2ccccc2C(=O)C1=O)C(=O)NC1=CC(=O)c2ccccc2C1=O,40,552.93,7,5,3.69,369475,"1,2-benzoquinone"
CCCCCCc1cc2c(C)cc3c(c2oc1=O)C(=O)c1c(O)cccc1C3=O,O=C1c2ccccc2C(=O)c2c1ccc1ccc(=O)oc21,29,390.44,5,4,4.71,122183423,anthraquinone
Nc1c(Br)cc(Br)c2c1C(=O)c1ccccc1C2=O,O=C1c2ccccc2C(=O)c2ccccc21,19,381.02,0,3,3.57,6681,"1,4-benzoquinone"
NCCCNc1c2c(c(NCCCN)c3occc13)C(=O)c1ccccc1C2=O,O=C1c2ccccc2C(=O)c2cc3occc3cc21,29,392.46,8,4,2.73,127042581,"1,4-benzoquinone"
CC(=O)OCc1c(O)cc2c(c1O)C(=O)c1ccccc1C2=O,O=C1c2ccccc2C(=O)c2ccccc21,23,312.28,2,3,1.94,151995,anthraquinone
O=c1c([N+](=O)[O-])c2cccc3c4cccc5cccc(c(c1=O)c23)c54,O=c1cc2cccc3c4cccc5cccc(c(c1=O)c23)c54,25,327.29,1,5,3.8,129649254,"1,2-benzoquinone"
COCCOc1cc2ncnc(NC3=CC(=O)C(Cl)=CC3=O)c2cc1OC,O=C1C=CC(=O)C(Nc2ncnc3ccccc23)=C1,27,389.8,7,3,2.23,11625281,"1,4-benzoquinone"
O=C1C(=O)c2ccccc2C(O)=C1C1CCCCCCC1,O=C1C(=O)c2ccccc2C=C1C1CCCCCCC1,21,284.36,1,3,4.08,44332485,"1,2-benzoquinone"
O=C1CC2OCC3=C(C(=O)c4ccccc4C3=O)C2O1,O=C1CC2OCC3=C(C(=O)c4ccccc4C3=O)C2O1,20,270.24,0,4,1.08,42618237,"1,4-benzoquinone"
NC1CCCN(c2nc3c(n2Cc2ccccc2C(F)(F)F)C(=O)c2ccccc2C3=O)C1,O=C1c2ccccc2C(=O)c2c1nc(N1CCCCC1)n2Cc1ccccc1,33,454.45,3,5,3.65,23646514,"1,4-benzoquinone"
O=C1c2cc(O)cc(O)c2C(=O)c2c1cc1c(c2O)C2C=COC2O1,O=C1c2ccccc2C(=O)c2cc3c(cc21)OC1OC=CC31,25,338.27,0,5,1.92,638297,"1,4-benzoquinone"
O=C1C=C(c2cnc(Cl)nc2)C(=O)c2ccccc21,O=C1C=C(c2cncnc2)C(=O)c2ccccc21,19,270.67,1,3,2.59,162668092,"1,4-benzoquinone"
CC1(C)OC2=C(C(=O)C(=O)c3ccccc32)C1S(=O)(=O)C1CCCCC1,O=C1C(=O)c2ccccc2C2=C1C(S(=O)(=O)C1CCCCC1)CO2,26,374.46,2,4,3.09,168276396,"1,2-benzoquinone"
CC1(C)OC2=C(C(=O)C(=O)c3ccccc32)C1OC1CCCCC1,O=C1C(=O)c2ccccc2C2=C1C(OC1CCCCC1)CO2,24,326.39,2,4,3.69,44627497,"1,2-benzoquinone"
O=C1C=CC(N2CCCC2C(=O)O)=CC1=O,O=C1C=CC(N2CCCC2)=CC1=O,16,221.21,2,2,0.13,195359,"1,2-benzoquinone"
CN(CCNc1ccc(NCCN(C)c2ccccc2)c2c1C(=O)c1c(O)ccc(O)c1C2=O)c1ccccc1,O=C1c2ccccc2C(=O)c2c(NCCNc3ccccc3)ccc(NCCNc3ccccc3)c21,40,536.63,10,5,4.97,153180,anthraquinone
O=C1C(=O)c2ccc3c(ccc4cc5cc6ccccc6cc5cc43)c2C2=C1c1ccccc1C2,O=C1C(=O)c2ccc3c(ccc4cc5cc6ccccc6cc5cc43)c2C2=C1c1ccccc1C2,35,446.51,0,8,7.53,138753570,"1,2-naphthoquinone"
Cc1cc2c(c3oc(C4(C)CO4)cc(=O)c13)C(=O)c1c(O)cccc1C2=O,O=C1c2ccccc2C(=O)c2c1ccc1c(=O)cc(C3CO3)oc21,27,362.34,1,5,2.83,122183414,"1,4-benzoquinone"
CC(=O)c1c(OC2OCC(O)C(O)C2O)cc(O)c(-c2c(C)cc(O)c3c2C(=O)c2cccc(O)c2C3=O)c1O,O=C1c2ccccc2C(=O)c2c1cccc2-c1ccc(OC2CCCCO2)cc1,40,552.49,4,5,1.28,11763372,anthraquinone
O=C1C(=O)c2c(-c3cc(Br)cc(Br)c3)noc2-c2ccccc21,O=C1C(=O)c2c(-c3ccccc3)noc2-c2ccccc21,23,433.06,1,4,4.91,21563479,"1,2-naphthoquinone"
O=C1C(=O)c2cnccc2C(O)=C1Cl,O=C1C=Cc2ccncc2C1=O,14,209.59,0,2,1.31,149157,"1,2-benzoquinone"
CCOC(=O)C1=C(NCC2=C(O)c3ccccc3C(=O)C2=O)SC2CCCCC12,O=C1C(=O)c2ccccc2C=C1CNC1=CC2CCCCC2S1,29,413.5,5,4,3.39,145959182,"1,2-benzoquinone"
CC(C)C1=C(Sc2ccc(Br)cc2)c2ccccc2C(=O)C1=O,O=C1C=C(Sc2ccccc2)c2ccccc2C1=O,23,387.3,3,3,5.37,44409675,"1,2-benzoquinone"
CC1=C(Nc2ccccc2)C(=O)c2c(F)c(F)c(F)c(F)c2C1=O,O=C1C=C(Nc2ccccc2)C(=O)c2ccccc21,24,335.26,2,3,4.01,46703185,"1,4-benzoquinone"
COc1cc(O)c2c(c1O)C(=O)c1cc(C)ncc1C2=O,O=C1c2ccccc2C(=O)c2cnccc21,21,285.25,1,3,1.59,72631,"1,4-benzoquinone"
O=C1C(=O)c2ccccc2C(O)=C1c1ccccc1F,O=C1C(=O)c2ccccc2C=C1c1ccccc1,20,268.24,1,3,3.02,748128,"1,2-benzoquinone"
CC(C)(C=O)C1=CC(=O)c2ccccc2C1=O,O=C1C=CC(=O)c2ccccc21,17,228.25,2,2,2.22,608257,"1,4-benzoquinone"
COc1c(O)c2c(c3c1OC1(O)C3(O)OC(C)C1(C)C)C(=O)C(C)=CC2=O,O=C1C=CC(=O)c2c1ccc1c2C2OCCC2O1,27,376.36,1,4,1.4,71605011,"1,4-naphthoquinone"
C=CC(C1=CC(=O)C=CC1=O)c1ccccc1,O=C1C=CC(=O)C(Cc2ccccc2)=C1,17,224.26,3,2,2.59,3015195,"1,4-benzoquinone"
O=C(COCc1ccccc1)Nc1ccc2c(c1)C(=O)C(=O)c1ccccc1-2,O=C(COCc1ccccc1)Nc1ccc2c(c1)C(=O)C(=O)c1ccccc1-2,28,371.39,5,4,3.89,10499446,"1,2-benzoquinone"
O=C1C(=O)c2[nH]c(CCc3ccc(F)cc3)nc2-c2ccccc21,O=C1C(=O)c2[nH]c(CCc3ccccc3)nc2-c2ccccc21,24,320.32,3,4,3.38,124162552,"1,2-benzoquinone"
O=C1C(Cl)=C(N2CCN(c3ccccc3[N+](=O)[O-])CC2)C(=O)c2ccccc21,O=C1C=C(N2CCN(c3ccccc3)CC2)C(=O)c2ccccc21,28,397.82,3,4,3.25,4561725,"1,4-benzoquinone"
O=C(CCN1CCCC1)Nc1ccc(NC(=O)CCN2CCCC2)c2c1C(=O)c1ccccc1C2=O,O=C(CCN1CCCC1)Nc1ccc(NC(=O)CCN2CCCC2)c2c1C(=O)c1ccccc1C2=O,36,488.59,8,5,3.31,10435599,"1,4-benzoquinone"
COC1=CC(=O)c2c(c(COc3ccc([N+](=O)[O-])cc3)cn2C)C1=O,O=C1C=CC(=O)c2c(COc3ccccc3)c[nH]c21,25,342.31,5,3,2.42,10712306,"1,4-benzoquinone"
COc1cc2c(c(O)c1O)C(=O)c1c(O)cc(C)cc1C2=O,O=C1c2ccccc2C(=O)c2ccccc21,22,300.27,1,3,1.9,23617,"1,4-benzoquinone"
CN(C)c1ccc2[nH]c3c(C(=O)O)cc(=O)c(=O)c=3oc2c1,O=c1ccc2[nH]c3ccccc3oc=2c1=O,22,300.27,2,3,0.97,73802,"1,2-benzoquinone"
Cc1cccc(NC(=O)COC(=O)c2cccc3c2C(=O)c2ccccc2C3=O)c1C,O=C(COC(=O)c1cccc2c1C(=O)c1ccccc1C2=O)Nc1ccccc1,31,413.43,4,4,3.87,4074317,anthraquinone
O=C1c2ccccc2C(=O)c2cc(S(=O)(=O)Nc3cccc([N+](=O)[O-])c3)ccc21,O=C1c2ccccc2C(=O)c2cc(S(=O)(=O)Nc3ccccc3)ccc21,29,408.39,4,4,3.17,2834843,anthraquinone
O=C(c1ccco1)c1cc2c(o1)C(=O)c1ccccc1C2=O,O=C(c1ccco1)c1cc2c(o1)C(=O)c1ccccc1C2=O,22,292.25,2,4,2.88,66561021,"1,4-benzoquinone"
CNc1ccc(NCCO)c2c1C(=O)c1ccccc1C2=O,O=C1c2ccccc2C(=O)c2ccccc21,22,296.33,4,3,1.91,17191,"1,4-benzoquinone"
COc1cc2nc(N3CCCC(NC4=CC(=O)c5ccccc5C4=O)C3)nc(N)c2cc1OC,O=C1C=C(NC2CCCN(c3ncc4ccccc4n3)C2)C(=O)c2ccccc21,34,459.51,5,5,2.75,145962478,"1,4-benzoquinone"
O=C1C(=O)c2ccccc2C(O)=C1CCCCCCCC1CCCCC1,O=C1C(=O)c2ccccc2C=C1CCCCCCCC1CCCCC1,26,354.49,8,3,6.03,266146,"1,2-benzoquinone"
CCC(=O)OC1Cc2cc3c(c(O)c2-c2c(O)c4c(c(OC)c21)C(=O)c1c(O)cccc1C4=O)C(=O)OC(C)C3,O=C1OCCc2cc3c(cc21)-c1cc2c(cc1CC3)C(=O)c1ccccc1C2=O,40,544.51,3,6,3.91,145964532,anthraquinone
Cc1ccc(C(=O)OC2=CC(=O)c3ccccc3C2=O)cc1,O=C(OC1=CC(=O)c2ccccc2C1=O)c1ccccc1,22,292.29,2,3,3.11,2818250,"1,4-benzoquinone"
O=C1C(c2ccccc2)=C(N2CC2)C(=O)C(c2ccccc2)=C1N1CC1,O=C1C(c2ccccc2)=C(N2CC2)C(=O)C(c2ccccc2)=C1N1CC1,26,342.4,4,5,2.59,15664201,"1,4-benzoquinone"
O=C1C=Cc2ccc3nc4ccccc4nc3c2C1=O,O=C1C=Cc2ccc3nc4ccccc4nc3c2C1=O,20,260.25,0,4,2.56,129846568,"1,2-naphthoquinone"
CN(C)c1c2n(C(=O)OC(C)(C)C)c3cc(Cl)c(C(=O)N4CCC(Cc5ccc(F)cc5)CC4)c(c13)C(=O)C2=O,O=C1C(=O)c2c(C(=O)N3CCC(Cc4ccccc4)CC3)ccc3[nH]c1cc23,40,568.05,4,5,5.76,91025298,"1,2-benzoquinone"
COC1=CC(=O)C(O)=C(CC2(C)CCC3(C)C(C)=CCCC3C2C)C1=O,O=C1C=CC(=O)C(CC2CCC3C=CCCC3C2)=C1,26,358.48,3,3,4.67,10066979,"1,4-benzoquinone"
O=C(CN1CCOCC1)Nc1ccc2c(c1)C(=O)c1ccc(NC(=O)CN3CCOCC3)cc1C2=O,O=C(CN1CCOCC1)Nc1ccc2c(c1)C(=O)c1ccc(NC(=O)CN3CCOCC3)cc1C2=O,36,492.53,6,5,1.0,15162830,"1,4-naphthoquinone"
O=C1C(=O)c2ccccc2C(O)=C1C(c1ccccc1)c1ccc(F)cc1,O=C1C(=O)c2ccccc2C=C1C(c1ccccc1)c1ccccc1,27,358.37,3,4,4.69,1359864,"1,2-naphthoquinone"
CC(=O)N1CCc2c(oc3c2C(=O)C(=O)c2ccccc2-3)C1,O=C1C(=O)c2c(oc3c2CCNC3)-c2ccccc21,22,295.29,0,4,2.23,177659766,"1,2-benzoquinone"
CC1(C)C=Cc2c(ccc3c2C(O)=CC(=O)C3=O)O1,O=C1C=Cc2c(ccc3c2C=CCO3)C1=O,19,256.26,0,3,2.54,46916163,"1,2-benzoquinone"
CN1CCN(C(=O)c2cc3c(s2)C(=O)c2sccc2C3=O)CC1,O=C1c2ccsc2C(=O)c2sc(C(=O)N3CCNCC3)cc21,23,346.43,1,4,1.97,44439935,"1,4-benzoquinone"
Cc1c(-c2ccccc2)oc2c1C(=O)C(=O)c1c-2ccc2c1CCCC2(C)C,O=C1C(=O)c2c(ccc3c2CCCC3)-c2oc(-c3ccccc3)cc21,28,370.45,1,5,5.91,25098254,"1,2-benzoquinone"
O=C1C2=C(C(=O)c3ncccc31)C1(CS2)NC(=O)N(c2ccc(N3CCOCC3)cc2)C1=O,O=C1C2=C(C(=O)c3ncccc31)C1(CS2)NC(=O)N(c2ccc(N3CCOCC3)cc2)C1=O,33,462.49,2,6,1.79,25179527,"1,4-benzoquinone"
O=C1C(=O)c2c(ccc3cc4ccccc4cc23)C=C1[N+](=O)[O-],O=C1C=Cc2ccc3cc4ccccc4cc3c2C1=O,23,303.27,1,4,3.38,129724645,"1,2-naphthoquinone"
O=C1c2ccccc2C(=O)c2c(NCCCN(CCCl)CCCl)cccc21,O=C1c2ccccc2C(=O)c2ccccc21,27,405.33,9,3,4.04,11418291,"1,4-benzoquinone"
O=C1c2ccccc2C(=O)c2c1nnn2-c1ccc(Cl)cc1,O=C1c2ccccc2C(=O)c2c1nnn2-c1ccccc1,22,309.71,1,4,2.7,122387479,"1,4-benzoquinone"
CC1=C2C=CC3(C)C(=CCC4(C)C5CC(C)(C(=O)O)CCC5(C)CCC34C)C2=CC(=O)C1=O,O=C1C=C2C=CC3C(=CCC4C5CCCCC5CCC34)C2=CC1=O,33,448.6,1,5,5.99,56958609,"1,2-benzoquinone"
CCCSc1nc2c3c(ccc2[nH]1)C(=O)c1ccccc1C3=O,O=C1c2ccccc2C(=O)c2c1ccc1[nH]cnc21,23,322.39,3,4,3.84,53357959,"1,4-naphthoquinone"
COc1cc(O)c2c(c1)C(=O)c1cc3c(c(O)c1C2=O)C(O)C(OC)C(C)(O)C3O,O=C1c2ccccc2C(=O)c2cc3c(cc21)CCCC3,30,416.38,2,4,0.73,429826,"1,4-naphthoquinone"
COC1=C2CC(C)CC(OC)C(O)C(C)C=CC(OC(N)=O)C(OC)C3OC3C=C(C)C(=O)NC(=CC1=O)C2=O,O=C1C=C2CCCCCCC=CCCC3OC3C=CC(=O)NC(=C1)C2=O,40,562.62,4,3,1.23,44583990,"1,4-benzoquinone"
CC1(C)CC(Nc2ccc(Cl)cc2)C2=C(O1)C(=O)c1ccccc1C2=O,O=C1C2=C(C(=O)c3ccccc31)C(Nc1ccccc1)CCO2,26,367.83,2,4,4.65,76325070,"1,4-benzoquinone"
NC1=CC(=O)c2ccc(-c3nc(C(=O)OCCO)cc4c3[nH]c3ccccc34)nc2C1=O,O=C1C=CC(=O)c2nc(-c3nccc4c3[nH]c3ccccc34)ccc21,32,428.4,4,5,2.15,24879132,"1,4-benzoquinone"
CN1CCN(CCCOC(=O)c2c3c(n4cccc(F)c24)C(=O)c2ncccc2C3=O)CC1,O=C1c2cccnc2C(=O)c2c1c(C(=O)OCCCN1CCNCC1)c1ccccn21,33,450.47,5,5,2.04,145957060,"1,4-benzoquinone"
CC(C)C1=CC2=C(C(=O)C1=O)C1(c3nnc(-c4ccc(Br)cc4)o3)CCCC(C)(C)C1CC2=O,O=C1C=CC2=C(C1=O)C1(c3nnc(-c4ccccc4)o3)CCCCC1CC2=O,34,523.43,3,5,5.57,155552416,"1,2-benzoquinone"
COC(=O)c1cc(C)cc(OC)c1C1=C(O)c2cccc(O)c2C(=O)C1=O,O=C1C(=O)c2ccccc2C=C1c1ccccc1,27,368.34,3,3,2.69,23983706,"1,2-benzoquinone"
CC1=CCCC2C1(C)CCC(C)C2(C)CC1=C(O)C(NCCc2ccc(O)cc2)=CC(=O)C1=O,O=C1C=C(NCCc2ccccc2)C=C(CC2CCCC3C=CCCC32)C1=O,34,463.62,6,4,5.56,76335684,"1,2-benzoquinone"
O=C1C=C(NC(Cc2ccccc2)C(=O)O)C(=O)c2ccccc21,O=C1C=C(NCCc2ccccc2)C(=O)c2ccccc21,24,321.33,5,3,2.24,45785036,"1,4-naphthoquinone"
Cc1c(C(=O)N2CCC(N)C2)c2c(n1Cc1ccccc1)C(=O)c1c(c(O)c3ccccc3c1O)C2=O,O=C1c2cc3ccccc3cc2C(=O)c2c1c(C(=O)N1CCCC1)cn2Cc1ccccc1,37,495.54,3,6,3.36,162665391,"1,4-naphthoquinone"
O=C1C(Cl)=C(C2=C(N3CC3)C(=O)c3ccccc3C2=O)C(=O)c2ccccc21,O=C1C=C(C2=C(N3CC3)C(=O)c3ccccc3C2=O)C(=O)c2ccccc21,28,389.79,2,5,3.21,134130574,"1,4-naphthoquinone"
O=C1c2ccccc2C(=O)c2cc(N3CCCCC3)ccc21,O=C1c2ccccc2C(=O)c2cc(N3CCCCC3)ccc21,22,291.35,1,4,3.45,238958,"1,4-benzoquinone"
Cc1cc(O)c2c(c1)C(O)(c1ccc3c(c1O)C(=O)c1c(O)cc(C)c(O)c1C3=O)c1cccc(O)c1C2=O,O=C1c2ccccc2C(=O)c2cc(C3c4ccccc4C(=O)c4ccccc43)ccc21,39,524.48,1,6,3.44,13940830,"1,4-benzoquinone"
CN(C(=O)CC#N)c1ccc(Br)c2c1C(=O)c1ccccc1C2=O,O=C1c2ccccc2C(=O)c2ccccc21,24,383.2,2,3,3.1,3034286,"1,4-naphthoquinone"
CC(C)=CCCC1(C)C=Cc2c(O)c3c(c(O)c2O1)C(=O)C(=O)C=C3O,O=C1C=Cc2cc3c(cc2C1=O)OCC=C3,26,356.37,3,3,3.67,129801513,"1,2-naphthoquinone"
O=C1C=CC2=C(Cc3ccccc3O2)C1=O,O=C1C=CC2=C(Cc3ccccc3O2)C1=O,16,212.2,0,3,1.58,129734181,"1,2-benzoquinone"
CCCC12CC(OC(C)C1O)c1cc(Cl)c3c(c1N2)C(=O)c1ccc2cc(C)ccc2c1C3=O,O=C1c2ccc3ccccc3c2C(=O)c2ccc3c(c21)NC1CCOC3C1,34,475.97,2,6,5.75,44445375,"1,4-naphthoquinone"
NC1=C(O)c2ccccc2C(=O)C1=O,O=C1C=Cc2ccccc2C1=O,14,189.17,0,2,0.64,273273,"1,2-benzoquinone"
CCCCCCCCCCCC1=C(O)C(NC2CCCCC2N)=CC(=O)C1=O,O=C1C=CC(NC2CCCCC2)=CC1=O,28,390.57,12,2,4.61,494790,"1,2-benzoquinone"
O=C1c2cccc(Sc3ccccc3)c2C(=O)c2cccc(Sc3ccccc3)c21,O=C1c2cccc(Sc3ccccc3)c2C(=O)c2cccc(Sc3ccccc3)c21,30,424.55,4,5,6.76,91914,"1,4-naphthoquinone"
O=C1c2ncccc2C(=O)c2[nH]c(-c3cscn3)nc21,O=C1c2ncccc2C(=O)c2[nH]c(-c3cscn3)nc21,20,282.28,1,4,1.7,145993052,"1,4-benzoquinone"
O=C1C(=O)c2ccsc2-c2sccc21,O=C1C(=O)c2ccsc2-c2sccc21,14,220.27,0,3,2.86,58098937,"1,2-benzoquinone"
COc1cc(C)cc2c1C(=O)C(c1c(C)cc3c(OC)ccc(OC)c3c1OC)=CC2=O,O=C1C=C(c2ccc3ccccc3c2)C(=O)c2ccccc21,32,432.47,5,4,4.95,162671009,"1,4-naphthoquinone"
O=C1C=C(NCCO)C(=O)c2ccccc21,O=C1C=CC(=O)c2ccccc21,16,217.22,3,2,0.53,604273,"1,4-benzoquinone"
O=C1c2ccc(F)cc2C(=O)c2ccc(F)cc21,O=C1c2ccccc2C(=O)c2ccccc21,18,244.2,0,3,2.74,21678958,anthraquinone
O=C1C=C(N=C2CCCCC2)c2ccccc2C1=O,O=C1C=C(N=C2CCCCC2)c2ccccc2C1=O,19,253.3,1,3,3.2,76327189,"1,2-benzoquinone"
CC(=O)NC1=C(c2ccc(Oc3ccccc3)cc2)C(=O)c2ccccc2C1=O,O=C1C=C(c2ccc(Oc3ccccc3)cc2)C(=O)c2ccccc21,29,383.4,4,4,4.41,44564385,"1,4-naphthoquinone"
Cc1ccc(SC2=C(Cl)C(=O)c3[nH]c(-c4ccccc4)nc3C2=O)cc1,O=C1C(Sc2ccccc2)=CC(=O)c2[nH]c(-c3ccccc3)nc21,26,380.86,3,4,5.01,44449809,"1,4-benzoquinone"
Cc1nc2c3c(ccc2s1)NC1=C(C(=O)C(=O)c2ccccc21)C3c1ccc(F)cc1,O=C1C(=O)c2ccccc2C2=C1C(c1ccccc1)c1c(ccc3scnc13)N2,31,426.47,1,6,5.48,139232706,"1,2-benzoquinone"
CCC(C)(C)c1ccc(OCCCCNC(=O)C2=C(O)c3ccccc3C(=O)C2=O)c(C(C)(C)CC)c1,O=C(NCCCCOc1ccccc1)C1=Cc2ccccc2C(=O)C1=O,37,505.66,11,3,6.07,91691346,"1,2-naphthoquinone"
COc1cc(C)cc2c1C(=O)C=C(c1c(C)cc3ccc(O)c(OC)c3c1O)C2=O,O=C1C=C(c2ccc3ccccc3c2)C(=O)c2ccccc21,30,404.42,3,4,4.35,66553901,"1,4-benzoquinone"
COc1cc(O)c2c(c1OC)C(=O)c1cc(C)cc(O)c1C2=O,O=C1c2ccccc2C(=O)c2ccccc21,23,314.29,2,3,2.2,71325691,anthraquinone
CC(C)NC1=C(Cl)C(=O)c2ccccc2C1=O,O=C1C=CC(=O)c2ccccc21,17,249.7,2,2,2.51,260182,"1,4-benzoquinone"
CC1CC(C)CN(c2ccc(S(=O)(=O)Nc3cc4c(c(O)c3O)C(=O)c3ccccc3C4=O)cc2)C1,O=C1c2ccccc2C(=O)c2cc(NS(=O)(=O)c3ccc(N4CCCCC4)cc3)ccc21,36,506.58,4,5,4.16,162672960,"1,4-naphthoquinone"
COc1ccc(C(C2=C(O)c3ccccc3C(=O)C2=O)c2ccc(C(C)C)cc(=O)c2O)cc1,O=C1C(=O)c2ccccc2C=C1C(c1ccccc1)c1ccccc(=O)c1,34,456.49,5,4,4.75,13735052,"1,2-benzoquinone"
O=C(Nc1ccc2c(c1)C(=O)C(=O)c1ccccc1-2)c1ccccc1F,O=C(Nc1ccc2c(c1)C(=O)C(=O)c1ccccc1-2)c1ccccc1,26,345.33,2,4,4.12,9902742,"1,2-benzoquinone"
Cc1cc(O)c2c(c1)C(=O)C1=C(C2=O)C(O)C(O)C(O)C1,O=C1C2=C(CCCC2)C(=O)c2ccccc21,21,290.27,0,3,-0.14,42636900,"1,4-naphthoquinone"
COc1ccc2c(c1)C1=C(CCC(C)(C)O1)C(=O)C2=O,O=C1C(=O)c2ccccc2C2=C1CCCO2,20,272.3,1,3,2.76,122194755,"1,2-benzoquinone"
O=C1c2ccccc2C(=O)c2c1cc(S(=O)(=O)N1CCCC(C(=O)O)C1)c(O)c2O,O=C1c2ccccc2C(=O)c2cc(S(=O)(=O)N3CCCCC3)ccc21,30,431.42,3,4,1.36,168295032,"1,4-naphthoquinone"
O=c1ccc2c3ccccc3c3[nH]c4ccccc4[nH]c3c2c1=O,O=c1ccc2c3ccccc3c3[nH]c4ccccc4[nH]c3c2c1=O,24,312.33,0,5,3.68,129849637,"1,2-benzoquinone"
O=C1C(=O)c2ccccc2C2=C1C1(C(=O)Nc3c(C(F)(F)F)cccc31)c1c(n[nH]c1-c1ccccc1)O2,O=C1C(=O)c2ccccc2C2=C1C1(C(=O)Nc3ccccc31)c1c(n[nH]c1-c1ccccc1)O2,38,513.43,1,7,4.9,122227206,"1,2-naphthoquinone"
O=C1C(=O)c2cc(N(c3ccc(CCCCO)cc3)c3ccc(CCCCO)cc3)ccc2-c2ccccc21,O=C1C(=O)c2cc(N(c3ccccc3)c3ccccc3)ccc2-c2ccccc21,39,519.64,11,5,6.83,20580141,"1,2-naphthoquinone"
O=C1c2cccc(O)c2C(=O)c2c1cc(CO)c(-c1c(CO)cc3c(c1O)C(=O)c1c(O)cccc1C3=O)c2O,O=C1c2ccccc2C(=O)c2cc(-c3ccc4c(c3)C(=O)c3ccccc3C4=O)ccc21,40,538.46,3,6,2.71,437987,"1,4-naphthoquinone"
Cc1cc2c(cc1O)C(=O)c1c(O)ccc(O)c1C2=O,O=C1c2ccccc2C(=O)c2ccccc21,20,270.24,0,3,1.89,12310964,"1,4-benzoquinone"
COc1cc2c(NC3=CC(=O)C(OCc4ccco4)=CC3=O)ncnc2cc1OCCCN1CCCC1,O=C1C=C(OCc2ccco2)C(=O)C=C1Nc1ncnc2cc(OCCCN3CCCC3)ccc12,37,504.54,11,5,3.64,11584238,"1,4-benzoquinone"
N#CCCN(CCC#N)c1ccc(NS(=O)(=O)c2ccc(O)c3c2C(=O)c2ccccc2C3=O)cc1,O=C1c2ccccc2C(=O)c2c1cccc2S(=O)(=O)Nc1ccccc1,36,500.54,8,4,3.6,3050672,anthraquinone
Cc1cccc2c3c(ccc12)-c1oc2c(c1C(=O)C3=O)CCN(C(CO)Cc1ccccc1)C2,O=C1C(=O)c2c(ccc3ccccc23)-c2oc3c(c21)CCN(CCc1ccccc1)C3,34,451.52,4,6,4.75,172450312,"1,2-benzoquinone"
O=C1C(=O)c2cccc3c2C(=C1Cl)OC=C3Cc1ccccc1,O=C1C=C2OC=C(Cc3ccccc3)c3cccc(c32)C1=O,23,322.75,2,4,3.97,53376150,"1,2-benzoquinone"
O=C(NCCc1c[nH]c2c1C(=O)C=CC2=O)OCc1ccccc1,O=C(NCCc1c[nH]c2c1C(=O)C=CC2=O)OCc1ccccc1,24,324.34,5,3,2.42,24825244,"1,4-benzoquinone"
COc1c(OC2OC(CO)C(O)C(O)C2O)c2ccccc2c2oc3c(c12)C(=O)c1ccccc1C3=O,O=C1c2ccccc2C(=O)c2c1oc1c2cc(OC2CCCCO2)c2ccccc21,37,506.46,4,6,1.55,10815442,"1,4-benzoquinone"
O=C1C=C2c3c(cccc3-c3ccc4ccccc4c32)C1=O,O=C1C=C2c3c(cccc3-c3ccc4ccccc4c32)C1=O,22,282.3,0,5,4.02,176027,"1,2-benzoquinone"
O=c1c2[nH]c3ccccc3c(=O)oc=2c2ccccc2c1=O,O=c1c2[nH]c3ccccc3c(=O)oc=2c2ccccc2c1=O,22,291.26,0,4,1.72,71653353,"1,2-benzoquinone"
O=C1c2ccccc2C(=O)c2c1nnn2-c1ccc(-c2nn[nH]n2)cc1,O=C1c2ccccc2C(=O)c2c1nnn2-c1ccc(-c2nn[nH]n2)cc1,26,343.31,2,5,1.22,162666306,"1,4-naphthoquinone"
O=C1C=Cc2ncncc2C1=O,O=C1C=Cc2ncncc2C1=O,12,160.13,0,2,0.26,129778416,"1,2-benzoquinone"
COC1=CC(=O)c2c(c(COC(N)=O)c(C3CC3)n2C)C1=O,O=C1C=CC(=O)c2[nH]c(C3CC3)cc21,22,304.3,4,3,1.41,10638198,"1,4-benzoquinone"
CCCCCCCNC(C1=C(O)c2ccccc2C(=O)C1=O)c1ccccn1,O=C1C(=O)c2ccccc2C=C1Cc1ccccn1,28,378.47,9,3,4.42,101785478,"1,2-benzoquinone"
CC(C)(C)OC(=O)COc1ccc(CC2=C(n3ccc4ccccc43)c3ccccc3C(=O)C2=O)cc1,O=C1C(=O)c2ccccc2C(n2ccc3ccccc32)=C1Cc1ccccc1,37,493.56,6,5,5.63,44301087,"1,2-benzoquinone"
O=C1C(=O)c2c(nc3ccccn23)-c2c(F)cccc21,O=C1C(=O)c2c(nc3ccccn23)-c2ccccc21,20,266.23,0,4,2.52,19610834,"1,2-benzoquinone"
O=C1C=C(N2CCCC2)c2ccccc2C1=O,O=C1C=C(N2CCCC2)c2ccccc2C1=O,17,227.26,1,3,1.89,44301088,"1,2-benzoquinone"
O=C(Oc1cccc2c1C(=O)C=C(N1CC1)C2=O)c1cccs1,O=C(Oc1cccc2c1C(=O)C=C(N1CC1)C2=O)c1cccs1,23,325.34,3,4,2.55,14867513,"1,4-benzoquinone"
O=C1c2ccccc2C(=O)c2c1ccc1[nH]c(CCN3CCN(c4ncccn4)CC3)nc21,O=C1c2ccccc2C(=O)c2c1ccc1[nH]c(CCN3CCN(c4ncccn4)CC3)nc21,33,438.49,4,6,2.49,53372632,anthraquinone
Cc1cc2c(c(O)c1C(=O)O)-c1c(cc3c(c1O)C(=O)c1cc(O)cc(O)c1C3=O)C(O)C2O,O=C1c2ccccc2C(=O)c2cc3c(cc21)CCc1ccccc1-3,34,464.38,1,5,2.04,73574,"1,4-naphthoquinone"
CCCCN1CCc2c(oc3c2C(=O)C(=O)c2c-3ccc3c(C)cccc23)C1,O=C1C(=O)c2c(ccc3ccccc23)-c2oc3c(c21)CCNC3,28,373.45,3,5,4.95,172456431,"1,2-benzoquinone"
CCCCCCCCCCCCCCCC1=C(O)C(=O)C=C(OC)C1=O,O=C1C=CC(=O)C=C1,26,364.53,15,1,5.96,4984595,"1,4-benzoquinone"
C=C1C(=O)C(F)=c2c(c3c(c4c(F)c(F)c(F)c(F)c24)=C(F)C(=O)C(=O)C=3F)=C1F,C=C1C=c2c3c(c4ccccc4c2=CC1=O)=CC(=O)C(=O)C=3,30,430.21,0,4,1.0,170253180,"1,2-benzoquinone"
O=C(O)CC(O)(CC(=O)N1CCN(S(=O)(=O)c2cc3c(c(O)c2O)C(=O)c2ccccc2C3=O)CC1)C(=O)O,O=C1c2ccccc2C(=O)c2cc(S(=O)(=O)N3CCNCC3)ccc21,39,562.51,7,4,-0.61,168294676,"1,4-naphthoquinone"
O=C1c2ccccc2C(=O)c2c1ccc1[nH]c(SCCC(=O)N3CCOCC3)nc21,O=C1c2ccccc2C(=O)c2c1ccc1[nH]c(SCCC(=O)N3CCOCC3)nc21,30,421.48,4,5,2.68,53358301,anthraquinone
O=C1CCC(C2=C(O)c3ccccc3C(=O)C2=O)CC1,O=C1CCC(C2=Cc3ccccc3C(=O)C2=O)CC1,20,270.28,1,3,2.48,73330455,"1,2-naphthoquinone"
COC(=O)c1cc(=O)c(=O)c2oc3cc(N(C)C)ccc3[nH]c1=2,O=c1ccc2[nH]c3ccccc3oc=2c1=O,23,314.3,2,3,1.06,6454809,"1,2-benzoquinone"
CC(C)=CCCC1(C)C=Cc2c(cc3c(c2O)C(=O)c2c(O)cc(C)cc2C3=O)O1,O=C1c2ccccc2C(=O)c2cc3c(cc21)C=CCO3,30,404.46,3,4,5.09,101688193,anthraquinone
O=C1c2ccccc2C(=O)c2cc(S(=O)(=O)Nc3ccccc3)ccc21,O=C1c2ccccc2C(=O)c2cc(S(=O)(=O)Nc3ccccc3)ccc21,26,363.39,3,4,3.26,344341,"1,4-naphthoquinone"
O=C1C(=O)c2ccccc2C(O)=C1C1CCC(OCc2ccccc2)CC1,O=C1C(=O)c2ccccc2C=C1C1CCC(OCc2ccccc2)CC1,27,362.43,4,4,4.5,19804857,"1,2-naphthoquinone"
O=C1c2ccccc2C(=O)c2cc(S(=O)(=O)N(CCO)CCO)ccc21,O=C1c2ccccc2C(=O)c2ccccc21,26,375.4,6,3,0.44,7122773,anthraquinone
CCC1CC(=O)c2c(cc(O)c3c2C(=O)c2cccc(OC4CC(N)C(O)C(C)O4)c2C3=O)C1,O=C1c2ccc3c(c2C(=O)c2cccc(OC4CCCCO4)c21)C(=O)CCC3,34,465.5,3,5,2.52,10073180,anthraquinone
O=C1C(=O)c2ccc3cccc([N+](=O)[O-])c3c2C([N+](=O)[O-])=C1[N+](=O)[O-],O=C1C=Cc2c(ccc3ccccc23)C1=O,25,343.21,3,3,1.74,129813406,"1,2-naphthoquinone"
NCc1conc1C1=CC(=O)C(=O)c2ccccc21,O=C1C=C(c2ccon2)c2ccccc2C1=O,19,254.24,2,3,1.33,129856566,"1,2-naphthoquinone"
O=C(c1ccc(Cl)cc1)c1cc2c(s1)C(=O)c1c(O)cccc1C2=O,O=C(c1ccccc1)c1cc2c(s1)C(=O)c1ccccc1C2=O,25,368.8,2,4,4.11,118707759,"1,4-naphthoquinone"
NC1=CC(=O)c2ccccc2C1=O,O=C1C=CC(=O)c2ccccc21,13,173.17,0,2,0.91,72909,"1,4-benzoquinone"
O=C1C(=O)c2cccc3c2C(=C1Cl)OCC3(O)Cc1ccccc1,O=C1C=C2OCC(Cc3ccccc3)c3cccc(c32)C1=O,24,340.76,2,4,2.82,53376038,"1,2-benzoquinone"
O=C1c2ccccc2C(=O)c2c1cc(OC1OC(COC3OCC(O)C(O)C3O)C(O)C(O)C1O)c(CO)c2O,O=C1c2ccccc2C(=O)c2cc(OC3CCCC(COC4CCCCO4)O3)ccc21,40,564.5,6,5,-2.7,160180,"1,4-benzoquinone"
O=C1C(NC2CCCCC2)=C(N2CCCCC2)C(=O)c2ccccc21,O=C1C(NC2CCCCC2)=C(N2CCCCC2)C(=O)c2ccccc21,25,338.45,3,4,3.69,5157266,"1,4-benzoquinone"
O=c1c2cccc(O)c2c(=O)c2c(O)c3c(cc12)c(=O)c1c(O)cccc13,O=c1c2ccccc2c(=O)c2cc3c(cc12)c(=O)c1ccccc13,27,358.31,0,5,2.37,46919489,"1,4-benzoquinone"
COc1cc(O)c2c(c1)C(=O)c1cocc1C2=O,O=C1c2ccccc2C(=O)c2cocc21,18,244.2,1,3,1.77,70686001,"1,4-benzoquinone"
CC1=CC(=O)C(C2(C)C(O)CC(=O)C2(C)C)=CC1=O,O=C1C=CC(=O)C(C2CCC(=O)C2)=C1,19,262.3,1,2,1.38,10901419,"1,4-benzoquinone"
CN(C)CCNc1cc(N2CCCC2)c2noc3c2c1C(=O)c1ccccc1-3,O=C1c2ccccc2-c2onc3c(N4CCCC4)ccc1c23,28,376.46,5,5,3.61,20867937,"1,4-naphthoquinone"
O=C1C=C(n2ccc3ccccc32)c2ccc(OC(Cc3ccccc3)C(=O)O)cc2C1=O,O=C1C=C(n2ccc3ccccc32)c2ccc(OCCc3ccccc3)cc2C1=O,33,437.45,6,5,4.37,44301278,"1,2-benzoquinone"
O=C1C=c2ccccc2=CC1=O,O=C1C=c2ccccc2=CC1=O,12,158.16,0,2,-0.6,11105623,"1,2-benzoquinone"
Cc1ccc(OC2=CC(=O)c3cc4ccccc4cc3C2=O)cc1,O=C1C=C(Oc2ccccc2)C(=O)c2cc3ccccc3cc21,24,314.34,2,4,4.49,122185483,"1,4-benzoquinone"
Cc1ccc(C(=O)Nc2c(NC(=O)CN3CCN(CCO)CC3)ccc3c2C(=O)c2ccccc2C3=O)cc1,O=C(CN1CCNCC1)Nc1ccc2c(c1NC(=O)c1ccccc1)C(=O)c1ccccc1C2=O,39,526.59,7,5,2.57,53374689,"1,4-naphthoquinone"
Cc1cc(F)ccc1CCc1nc2c(o1)-c1ccccc1C(=O)C2=O,O=C1C(=O)c2nc(CCc3ccccc3)oc2-c2ccccc21,25,335.33,3,4,3.95,157560903,"1,2-naphthoquinone"
O=C1C=CC2=C(C1=O)C1(C(=O)N2)c2ccccc2Oc2ccccc21,O=C1C=CC2=C(C1=O)C1(C(=O)N2)c2ccccc2Oc2ccccc21,25,329.31,0,5,2.17,90827553,"1,2-benzoquinone"
O=C1c2ccccc2-c2onc3ccc(Cl)c1c23,O=C1c2ccccc2-c2onc3cccc1c23,18,255.66,0,4,3.69,759807,anthraquinone
CC(=O)OC1CCC2(C)C(=CCC3C4CCC(=O)C4(C)CCC32)C1,O=C1CCC2C1CCC1C3CCCCC3=CCC21,24,330.47,1,4,4.45,117595823,"1,2-naphthoquinone"
CN1CCCN(c2cc(NCCN3CCCCC3)c3c4c(onc24)-c2ccccc2C3=O)CC1,O=C1c2ccccc2-c2onc3c(N4CCCNCC4)cc(NCCN4CCCCC4)c1c23,34,459.59,5,6,4.08,134141610,anthraquinone
O=C1C(Cl)=C(N2CCCCC2)C(=O)C(Cl)=C1c1cnc(N2CCCCC2)s1,O=C1C=C(N2CCCCC2)C(=O)C=C1c1cnc(N2CCCCC2)s1,27,426.37,3,4,4.17,406171,"1,4-benzoquinone"
Cc1[nH]nc2c1C1(C(=O)Nc3ccc(F)cc31)C1=C(O2)c2ccccc2C(=O)C1=O,O=C1C(=O)c2ccccc2C2=C1C1(C(=O)Nc3ccccc31)c1c[nH]nc1O2,30,401.35,0,6,2.66,122227199,"1,2-naphthoquinone"
COCCOc1cc2ncnc(NC3=CC(=O)C(OCc4cccnc4)=CC3=O)c2cc1OC,O=C1C=C(OCc2cccnc2)C(=O)C=C1Nc1ncnc2ccccc12,34,462.46,10,4,2.61,11662632,"1,4-benzoquinone"
N#Cc1sc2c(c1C#N)C(=O)c1ccccc1C2=O,O=C1c2ccccc2C(=O)c2sccc21,19,264.26,0,3,2.27,14297893,"1,4-benzoquinone"
O=C1C=CC([N+](=O)[O-])=CC1=O,O=C1C=CC=CC1=O,11,153.09,1,1,-0.15,11789403,"1,2-benzoquinone"
Cc1cccc2c3c(ccc12)-c1oc2c(c1C(=O)C3=O)CCN(CCCN1CCC(N3CCOCC3)CC1)C2,O=C1C(=O)c2c(ccc3ccccc23)-c2oc3c(c21)CCN(CCCN1CCC(N2CCOCC2)CC1)C3,39,527.67,5,7,4.33,172455776,"1,2-benzoquinone"
O=C1C(=O)c2c(oc3c2CCN(CCC(=O)N2CCOCC2)C3=O)-c2ccccc21,O=C1C(=O)c2c(oc3c2CCN(CCC(=O)N2CCOCC2)C3=O)-c2ccccc21,30,408.41,3,5,1.57,178297045,"1,2-benzoquinone"
Cc1cccc(COC2=CC(=O)C(=O)c3ccccc32)c1,O=C1C=C(OCc2ccccc2)c2ccccc2C1=O,21,278.31,3,3,3.32,22899221,"1,2-naphthoquinone"
O=C(O)CCNc1cc(N2CCN(c3ccc(F)cc3)CC2)c2noc3c2c1C(=O)c1ccccc1-3,O=C1c2ccccc2-c2onc3c(N4CCN(c5ccccc5)CC4)ccc1c23,36,486.5,6,6,4.39,46504417,anthraquinone
Cc1coc2c1C(=O)C(=O)c1c-2ccc2c1C=CCC2(C)C,O=C1C(=O)c2c(ccc3c2C=CCC3)-c2occc21,22,292.33,0,4,4.33,128994,"1,2-benzoquinone"
COC1=CC(=O)C(OC)=C(CC=C(C)CCC=C(C)C)C1=O,O=C1C=CC(=O)C=C1,22,304.39,7,1,3.65,118734014,"1,4-benzoquinone"
CCOC(=O)c1c(C2=CC(=O)C(=O)c3ccccc32)c(C)n(C)c1C,O=C1C=C(c2cc[nH]c2)c2ccccc2C1=O,25,337.38,3,3,3.02,134936403,"1,2-naphthoquinone"
Cc1ccc(NC2=CC(=O)c3sc(C)nc3C2=O)cc1,O=C1C(Nc2ccccc2)=CC(=O)c2scnc21,20,284.34,2,3,3.13,481747,"1,4-benzoquinone"
O=C(OCOC1=CC(=O)C(=O)c2ccccc21)OCOC1=CC(=O)C(=O)c2ccccc21,O=C(OCOC1=CC(=O)C(=O)c2ccccc21)OCOC1=CC(=O)C(=O)c2ccccc21,32,434.36,6,4,2.7,22899225,"1,2-naphthoquinone"
Cc1nc2c(nc1C)C(=O)c1ccccc1C2=O,O=C1c2ccccc2C(=O)c2nccnc21,18,238.25,0,3,1.87,353644,"1,4-naphthoquinone"
CC1Cc2c(O)c3c(c(O)c2C(C)O1)C(O)=CC(=O)C3=O,O=C1C=Cc2cc3c(cc2C1=O)CCOC3,21,290.27,0,3,1.78,11109030,"1,2-benzoquinone"
O=C1CSC2=C1C(C(F)F)=C(Oc1cc(F)cc(F)c1)C(=O)C2=O,O=C1CSC2=C1C=C(Oc1ccccc1)C(=O)C2=O,24,358.27,3,3,2.58,118164989,"1,2-benzoquinone"
O=C1C(=O)c2occc2-c2ccccc21,O=C1C(=O)c2occc2-c2ccccc21,15,198.18,0,3,2.33,129789708,"1,2-naphthoquinone"
CC(=O)OC1CCc2c1[nH]c1c2C(=O)C(C)=C(N2CC2)C1=O,O=C1C(N2CC2)=CC(=O)c2c1[nH]c1c2CCC1,22,300.31,2,4,1.53,9796346,"1,4-benzoquinone"
O=C1C(=O)c2ccccc2C(O)=C1CC(=O)c1cccs1,O=C1C(=O)c2ccccc2C=C1CC(=O)c1cccs1,21,298.32,3,3,3.06,573970,"1,2-benzoquinone"
O=C1C=C(C2=NC(=C3C=CC=C(F)N3O)ON2)C=C([N+](=O)[O-])C1=O,O=C1C=CC(C2=NC(=C3C=CC=CN3)ON2)=CC1=O,24,334.22,2,3,0.4,67037010,"1,2-benzoquinone"
O=C1c2cnncc2C(=O)c2nc3cc(OC(F)(F)F)ccc3nc21,O=C1c2cnncc2C(=O)c2nc3ccccc3nc21,25,346.22,1,4,2.09,16126387,"1,4-benzoquinone"
COC(=O)C12CCCC(C)(C)C1CC(=O)C1=C2C(=O)C(=O)C(C(C)C)=C1,O=C1C=CC2=C(C1=O)C1CCCCC1CC2=O,26,358.43,2,3,2.98,155532075,"1,2-benzoquinone"
C=CCC=CCC=CCCCCCCCC1=C(OC)C(=O)C=C(OC)C1=O,O=C1C=CC(=O)C=C1,27,372.51,14,1,5.38,21668690,"1,4-benzoquinone"
COC1=C(OC)C(=O)C(CC=C(C)CCC=C(C)CCC=C(C)CCC=C(C)CCC=C(C)C)=C(C)C1=O,O=C1C=CC(=O)C=C1,38,522.77,16,1,9.22,12832984,"1,4-benzoquinone"
Cc1ccc2c(c1O)C(=O)C(=O)C(C(C)C)=C2,O=C1C=Cc2ccccc2C1=O,17,230.26,1,2,2.51,91664792,"1,2-benzoquinone"
O=C1CCCc2nc(-c3ccccc3)c3c(c21)C(=O)C=C(Nc1ccccc1)C3=O,O=C1CCCc2nc(-c3ccccc3)c3c(c21)C(=O)C=C(Nc1ccccc1)C3=O,30,394.43,3,5,4.64,53361725,"1,4-benzoquinone"
Cc1cccc2c3c(ccc12)-c1oc2c(c1C(=O)C3=O)CCN(C(C)C(=O)N1CCN(C)CC1)C2,O=C1C(=O)c2c(ccc3ccccc23)-c2oc3c(c21)CCN(CC(=O)N1CCNCC1)C3,35,471.56,2,6,3.31,172441075,"1,2-benzoquinone"
CC(=CCC1=C(C)C(=O)c2ccccc2C1=O)CCC=C(C)Cc1ccccc1,O=C1C=C(CC=CCCC=CCc2ccccc2)C(=O)c2ccccc21,29,384.52,7,3,6.69,53262888,"1,4-naphthoquinone"
CC1=C(N2CC2)C(=O)C(C(C)C)=C(N2CC2)C1=O,O=C1C=C(N2CC2)C(=O)C=C1N1CC1,18,246.31,3,3,0.95,44311951,"1,4-benzoquinone"
CCC1(O)C(=O)OCc2c1cc1n(c2=O)Cc2cc3ccccc3nc2-1,O=C1Cc2cc3n(c(=O)c2CO1)Cc1cc2ccccc2nc1-3,26,348.36,1,5,2.08,117591798,"1,2-naphthoquinone"
CCN(CC)C1=CC(=O)c2ccccc2C1=O,O=C1C=CC(=O)c2ccccc21,17,229.28,3,2,2.29,26687,"1,4-benzoquinone"
O=C1C=Cc2c(ccc3cc4ccccc4cc23)C1=O,O=C1C=Cc2c(ccc3cc4ccccc4cc23)C1=O,20,258.28,0,4,3.77,135596,"1,2-benzoquinone"
CC(O)C(O)c1cc(O)c2c(c1)C(=O)c1cc(O)cc(O)c1C2=O,O=C1c2ccccc2C(=O)c2ccccc21,24,330.29,2,3,0.99,38357209,"1,4-naphthoquinone"
CC(C)C1=C(O)C(C(=O)O)=C(C2(C)CCCC(C)(C)C2=O)C(=O)C1=O,O=C1C=CC=C(C2CCCCC2=O)C1=O,25,348.39,3,2,2.77,10247140,"1,2-benzoquinone"
CC(C)CNCCC(=O)Nc1cccc2c1C(=O)c1c(NC(=O)CCNCC(C)C)cccc1C2=O,O=C1c2ccccc2C(=O)c2ccccc21,36,492.62,12,3,3.61,57403934,anthraquinone
O=C(CCN1CCCCC1)Nc1cccc2c1C(=O)c1ccccc1C2=O,O=C(CCN1CCCCC1)Nc1cccc2c1C(=O)c1ccccc1C2=O,27,362.43,4,4,3.28,188680,"1,4-benzoquinone"
CCN(CC)C(=O)c1ccc(-c2cc(C3=C(N4CC4)C(=O)C=C(N4CC4)C3=O)no2)s1,O=C1C=C(N2CC2)C(=O)C(c2cc(-c3cccs3)on2)=C1N1CC1,31,438.51,7,5,2.26,127045203,"1,4-benzoquinone"
N#Cc1c(NC(=O)C(F)(F)F)sc2c3c(=O)c4ccccc4c(=O)c=3oc3ccccc3c12,O=c1c2oc3ccccc3c3ccsc3c=2c(=O)c2ccccc12,33,466.4,1,5,4.62,389769,"1,4-benzoquinone"
O=C1C(=O)c2ccccc2C(O)=C1C1(Nc2nccs2)C(=O)c2ccccc2C1=O,O=C1C(=O)c2ccccc2C=C1C1(Nc2nccs2)C(=O)c2ccccc2C1=O,30,416.41,3,5,3.11,154824438,"1,2-naphthoquinone"
O=C1C=C(O)C(C(=O)C=Cc2ccc(O)cc2)=C(OC2OC(CO)C(O)C(O)C2O)C1=O,O=C1C=CC(C(=O)C=Cc2ccccc2)=C(OC2CCCCO2)C1=O,32,448.38,6,3,-1.36,5281241,"1,2-benzoquinone"
O=C1C(=O)c2ccccc2C(O)=C1CCC1=CC=C(C(F)(F)F)CC1=S,O=C1C(=O)c2ccccc2C=C1CCC1=CC=CCC1=S,26,378.37,3,3,4.69,21612472,"1,2-benzoquinone"
CCOCCn1c(=N)c2c(N)c3c(=O)c4ccccc4c(=O)c3c(N)c2c1=O,N=c1[nH]c(=O)c2cc3c(=O)c4ccccc4c(=O)c3cc12,28,378.39,4,4,0.58,81153,anthraquinone
O=C1c2cccc(SCCO)c2C(=O)c2cccc(SCCO)c21,O=C1c2ccccc2C(=O)c2ccccc21,24,360.46,6,3,2.63,10904487,anthraquinone
COC1=C(C(C)C)C(=O)C=C(CC(O)(Cn2cncn2)c2ccc(F)cc2F)C1=O,O=C1C=CC(=O)C(CC(Cn2cncn2)c2ccccc2)=C1,30,417.41,7,3,2.47,101905291,"1,4-benzoquinone"
O=C1C=C(C2=COC(=C3C=CN(O)C(F)=C3)N2)C=C([N+](=O)[O-])C1=O,O=C1C=CC(C2=COC(=C3C=CNC=C3)N2)=CC1=O,24,333.23,2,3,0.93,67037052,"1,2-benzoquinone"
COCc1c(O)cc2c(c1O)C(=O)c1ccccc1C2=O,O=C1c2ccccc2C(=O)c2ccccc21,21,284.27,2,3,2.02,149782,"1,4-benzoquinone"
Cc1c(C(=O)O)c(O)cc2c1C(=O)c1c(O)c(C3OC(CO)C(O)C(O)C3O)c(O)c(O)c1C2=O,O=C1c2ccccc2C(=O)c2cc(C3CCCCO3)ccc21,35,492.39,3,4,-1.19,14749,"1,4-benzoquinone"
COc1c(O)ccc2c1C(=O)c1c(OC)c(O)c(C)c(O)c1C2=O,O=C1c2ccccc2C(=O)c2ccccc21,24,330.29,2,3,1.9,101317808,anthraquinone
O=C1C(=O)c2cccc3c2C(=C1Cl)OCC3(O)c1ccccc1,O=C1C=C2OCC(c3ccccc3)c3cccc(c32)C1=O,23,326.73,1,4,2.63,53376037,"1,2-benzoquinone"
O=C1CN(CCc2ncc[nH]2)C(=O)C2(CSC3=C2C(=O)c2ccccc2C3=O)N1,O=C1CN(CCc2ncc[nH]2)C(=O)C2(CSC3=C2C(=O)c2ccccc2C3=O)N1,29,408.44,3,5,0.73,44576696,"1,4-benzoquinone"
O=C1C(=O)c2ccccc2C(O)=C1Nc1ccccc1,O=C1C(=O)c2ccccc2C=C1Nc1ccccc1,20,265.27,2,3,2.79,73291708,"1,2-benzoquinone"
O=C1C(=O)c2c(-c3ccc(F)c(F)c3)nn(-c3ccccc3)c2-c2ccccc21,O=C1C(=O)c2c(-c3ccccc3)nn(-c3ccccc3)c2-c2ccccc21,29,386.36,2,5,4.86,162734717,"1,2-benzoquinone"
COC(=O)c1cc2c(n1S(=O)(=O)c1ccc(C)cc1)C(=O)C(=O)C1=C2C(C(=O)OCc2ccc(F)cc2)=CC1,O=C(OCc1ccccc1)C1=CCC2=C1c1ccn(S(=O)(=O)c3ccccc3)c1C(=O)C2=O,39,549.53,6,5,3.55,159981860,"1,2-benzoquinone"
Cc1ccc(S(=O)C2=CC(=O)C=CC2=O)cc1,O=C1C=CC(=O)C(S(=O)c2ccccc2)=C1,17,246.29,2,2,1.69,10944718,"1,4-benzoquinone"
O=C1C(=O)c2ccccc2C(O)=C1C(Sc1ccc(Cl)cc1)c1ccccc1,O=C1C(=O)c2ccccc2C=C1C(Sc1ccccc1)c1ccccc1,28,406.89,4,4,5.91,71569236,"1,2-benzoquinone"
O=C1CC=C(C2=CC(=O)C(=O)c3ccccc32)C(=O)C1,O=C1CC=C(C2=CC(=O)C(=O)c3ccccc32)C(=O)C1,20,266.25,1,3,1.69,21709611,"1,2-naphthoquinone"
CCOC(=O)C(Cc1ccc(O)cc1)NC1=CC(=O)C(=O)c2ccccc21,O=C1C=C(NCCc2ccccc2)c2ccccc2C1=O,27,365.39,6,3,2.26,3111382,"1,2-benzoquinone"
O=C1C(=O)c2cccnc2C(O)=C1CCCC1CCCCC1,O=C1C(=O)c2cccnc2C=C1CCCC1CCCCC1,22,299.37,4,3,3.87,304630,"1,2-benzoquinone"
O=C1C=Cc2cc3c4ccccc4c4ccccc4c3cc2C1=O,O=C1C=Cc2cc3c4ccccc4c4ccccc4c3cc2C1=O,24,308.34,0,5,4.92,6451640,"1,2-naphthoquinone"
CC(C)=CCc1c2c(c3occ(-c4ccc5c(c4)OS(C)(N=O)O5)c(=O)c3c1OS(=O)(=O)F)C=CC(C)(C)O2,O=c1c(-c2ccc3c(c2)OSO3)coc2c3c(ccc12)OCC=C3,39,577.61,6,5,6.46,169122713,"1,2-benzoquinone"
O=C1C=CC2=C(CC2)C1=O,O=C1C=CC2=C(CC2)C1=O,10,134.13,0,2,0.78,19068536,"1,2-benzoquinone"
O=C1C(=O)c2ccccc2C2=C1SCC1(CCN(C(=O)NS(=O)(=O)c3ccc(F)cc3)CC1)O2,O=C1C(=O)c2ccccc2C2=C1SCC1(CCN(C(=O)NS(=O)(=O)c3ccccc3)CC1)O2,34,502.55,2,5,2.96,57661861,"1,2-benzoquinone"
Cc1ccc(C)c(Sc2cc3c(c4nsnc24)C(=O)c2ccccc2C3=O)c1,O=C1c2ccccc2C(=O)c2c1cc(Sc1ccccc1)c1nsnc21,28,402.5,2,5,5.23,72190854,"1,4-naphthoquinone"
O=C1C=C(Oc2ccc(Cl)cc2)c2ccccc2C1=O,O=C1C=C(Oc2ccccc2)c2ccccc2C1=O,20,284.7,2,3,3.53,14856681,"1,2-benzoquinone"
COc1ccc2cc(C(C)C(=O)OCCOC(=O)c3cc(O)c4c(c3)C(=O)c3cccc(O)c3C4=O)ccc2c1,O=C(Cc1ccc2ccccc2c1)OCCOC(=O)c1ccc2c(c1)C(=O)c1ccccc1C2=O,40,540.52,7,5,4.54,70696999,anthraquinone
COCCOc1cc2ncnc(NC3=CC(=O)C(N4CCC(Cc5ccccc5)CC4)=CC3=O)c2cc1OC,O=C1C=C(N2CCC(Cc3ccccc3)CC2)C(=O)C=C1Nc1ncnc2ccccc12,39,528.61,10,5,3.95,11627875,"1,4-benzoquinone"
COC1CCN(C(=O)c2ccc(Cn3nnc4c3C(=O)c3ccccc3C4=O)cc2)CC1,O=C1c2ccccc2C(=O)c2c1nnn2Cc1ccc(C(=O)N2CCCCC2)cc1,32,430.46,4,5,2.35,122193600,"1,4-benzoquinone"
CCC(=NNc1ccccc1C(=O)O)C(=O)c1cc2c(c(O)c1C)C(=O)C(=O)c1c(O)cccc1-2,O=C(C=NNc1ccccc1)c1ccc2c(c1)-c1ccccc1C(=O)C2=O,35,472.45,6,4,4.21,146682113,"1,2-benzoquinone"
O=C(NCc1ccc(F)cc1F)c1cc2[nH]n3n(c(=O)c=2c(=O)c1=O)CCOCC3,O=C(NCc1ccccc1)c1cc2[nH]n3n(c(=O)c=2c(=O)c1=O)CCOCC3,30,418.36,3,4,-0.34,68936240,"1,2-benzoquinone"
NC(=O)n1c2cc(=O)c(=O)cc-2ccc2ccccc21,O=c1cc2ccc3ccccc3[nH]c-2cc1=O,20,266.26,0,3,1.39,24892807,"1,2-benzoquinone"
O=C1C=C2c3c(c[nH]c3C1=O)CC1OCCCN21,O=C1C=C2c3c(c[nH]c3C1=O)CC1OCCCN21,18,244.25,0,4,0.73,10857709,"1,2-benzoquinone"
CCCCCC=C(C1=C(C)C(=O)C(C)=C(C)C1=O)c1cccnc1,C=C(C1=CC(=O)C=CC1=O)c1cccnc1,24,323.44,6,2,4.85,14277762,"1,4-benzoquinone"
O=C1c2ccccc2C(=O)c2c1ccc1[nH]c(CN3CCSCC3)nc21,O=C1c2ccccc2C(=O)c2c1ccc1[nH]c(CN3CCSCC3)nc21,26,363.44,2,5,2.89,53372362,"1,4-naphthoquinone"
COC1OC(C(=O)NCCCN(C)C)=CC2=C1C(=O)c1ccccc1C2=O,O=C1C2=C(COC=C2)C(=O)c2ccccc21,27,370.41,6,3,1.32,9799510,"1,4-benzoquinone"
O=C1C=C2Cc3cc4ccccc4c4ccc(c2c34)C1=O,O=C1C=C2Cc3cc4ccccc4c4ccc(c2c34)C1=O,21,270.29,0,5,3.7,10265129,"1,2-naphthoquinone"
CC1(C)CC(C2CC(C)(C)OC3=C2C(=O)c2ccccc2C3=O)C2=C(O1)C(=O)c1ccccc1C2=O,O=C1C2=C(C(=O)c3ccccc31)C(C1CCOC3=C1C(=O)c1ccccc1C3=O)CCO2,36,482.53,1,6,5.28,101733168,"1,4-naphthoquinone"
O=c1c(=O)c2c(=O)c(=O)c3c(=O)c(=O)c4ccc5ccc6ccc1c1c6c5c4c3c21,O=c1c(=O)c2c(=O)c(=O)c3c(=O)c(=O)c4ccc5ccc6ccc1c1c6c5c4c3c21,30,390.31,0,7,1.39,90887334,"1,2-benzoquinone"
COc1cc2oc3c(c(=O)c2cc1OC)C(=O)C1=C(CCc2cc4c(c(O)c21)C(=O)N1CCOC1(C)C4)C3=O,O=C1C2=C(C(=O)c3c1oc1ccccc1c3=O)c1cc3c(cc1CC2)CC1OCCN1C3=O,39,529.5,2,7,3.04,145721076,"1,4-benzoquinone"
O=C1C(=O)c2cccnc2-c2ccccc21,O=C1C(=O)c2cccnc2-c2ccccc21,16,209.2,0,3,2.13,163098,"1,2-benzoquinone"
COc1cc(O)c2c(c1)C(=O)c1cc3c(c(O)c1C2=O)C(=O)OC(C)C3,O=C1OCCc2cc3c(cc21)C(=O)c1ccccc1C3=O,26,354.31,1,4,1.98,11783174,"1,4-naphthoquinone"
O=C1c2ccccc2C(=O)c2c1ccc1[nH]c(CN3CCN(Cc4ccccc4)CC3)nc21,O=C1c2ccccc2C(=O)c2c1ccc1[nH]c(CN3CCN(Cc4ccccc4)CC3)nc21,33,436.52,4,6,3.66,53372503,anthraquinone
COc1cccc2c1C(=O)c1ccc3c(c1C2=O)C(O)CC(C)(O)C3,O=C1c2ccccc2C(=O)c2c1ccc1c2CCCC1,25,338.36,1,4,2.2,131899,anthraquinone
CC(C)(C)C1=C2OCCOC2=C(C(C)(C)C)C(=O)C1=O,O=C1C=C2OCCOC2=CC1=O,20,278.35,0,2,2.79,2067016,"1,2-benzoquinone"
O=c1c(=O)c2ccc3c(=O)c(=O)c4ccc5c(=O)c(=O)c6ccc1c1c2c3c4c5c61,O=c1c(=O)c2ccc3c(=O)c(=O)c4ccc5c(=O)c(=O)c6ccc1c1c2c3c4c5c61,30,390.31,0,7,1.39,86036810,"1,2-benzoquinone"
O=C(Cc1ccccc1)c1cc2c(s1)C(=O)c1c(O)cccc1C2=O,O=C(Cc1ccccc1)c1cc2c(s1)C(=O)c1ccccc1C2=O,25,348.38,3,4,3.65,118707755,"1,4-naphthoquinone"
OCCN1CCN(CCCN2c3ccccc3Sc3ccc(C(F)(F)F)cc32)CC1,c1ccc2c(c1)Sc1ccccc1N2CCCN1CCNCC1,30,437.53,6,4,4.31,117591084,"1,2-benzoquinone"
C=C1CCC2C(C)(C(=O)OC)CCCC2(C)C1Cc1c(C)ccc2c1C(=O)C=CC2=O,C=C1CCC2CCCCC2C1Cc1cccc2c1C(=O)C=CC2=O,31,420.55,3,4,5.42,90675893,"1,4-benzoquinone"
O=C1C(=O)c2ccccc2C2=C1C(c1ccc3c(c1)OCO3)c1c(ccc3ccccc13)O2,O=C1C(=O)c2ccccc2C2=C1C(c1ccc3c(c1)OCO3)c1c(ccc3ccccc13)O2,33,432.43,1,7,5.27,122205325,"1,2-naphthoquinone"
COc1cc(C)cc2c(=O)oc3c(c12)C(=O)c1cccc(O)c1C3=O,O=C1c2ccccc2C(=O)c2c1oc(=O)c1ccccc21,25,336.3,1,4,2.59,156387,"1,4-benzoquinone"
Cc1c(Cl)cccc1-c1ccc(C(=O)Nc2ccc3c(c2)C(=O)c2ccccc2C3=O)o1,O=C(Nc1ccc2c(c1)C(=O)c1ccccc1C2=O)c1ccc(-c2ccccc2)o1,32,441.87,3,5,5.94,2892792,"1,4-naphthoquinone"
CC(C)c1ccc(-n2nnc3c2C(=O)c2ccccc2C3=O)cc1,O=C1c2ccccc2C(=O)c2c1nnn2-c1ccccc1,24,317.35,2,4,3.17,156013216,"1,4-naphthoquinone"
COCCOC(=O)CCNc1ccc(O)c2c1C(=O)c1c(O)ccc(NCCC(=O)OCCOC)c1C2=O,O=C1c2ccccc2C(=O)c2ccccc21,38,530.53,14,3,1.86,110359,anthraquinone
CC(C)(O)C1CC2=C(O1)C(=O)c1ccccc1C2=O,O=C1C2=C(OCC2)C(=O)c2ccccc21,19,258.27,1,3,1.88,512958,"1,4-naphthoquinone"
Cc1cccc2c3c(ccc12)-c1occ(CN2CCOC(CO)C2)c1C(=O)C3=O,O=C1C(=O)c2c(ccc3ccccc23)-c2occ(CN3CCOCC3)c21,29,391.42,3,5,2.98,137639107,"1,2-benzoquinone"
COc1cccc2c1C(=O)c1c(O)c3c(c(O)c1C2=O)CC(O)(C(O)CO)CC3O,O=C1c2ccccc2C(=O)c2cc3c(cc21)CCCC3,30,416.38,3,4,-0.05,10476988,anthraquinone
CCc1ccc(Sc2c(F)c3c(c(F)c2Sc2ccc(CC)cc2)C(=O)c2ccccc2C3=O)cc1,O=C1c2ccccc2C(=O)c2cc(Sc3ccccc3)c(Sc3ccccc3)cc21,36,516.63,6,5,8.17,3501334,anthraquinone
Cc1[nH]c2c(C)cccc2c1CCNC(=O)c1ccc2c(c1[N+](=O)[O-])C(=O)c1ccccc1C2=O,O=C(NCCc1c[nH]c2ccccc12)c1ccc2c(c1)C(=O)c1ccccc1C2=O,35,467.48,5,5,4.44,3632372,"1,4-naphthoquinone"
O=C1C(=O)c2ccccc2C(O)=C1SC1CCCCC1,O=C1C(=O)c2ccccc2C=C1SC1CCCCC1,20,288.37,2,3,3.74,44332520,"1,2-benzoquinone"
Cc1oc2c(c1C(=O)NCCCCn1ccnc1)C(=O)c1ccccc1C2=O,O=C(NCCCCn1ccnc1)c1coc2c1C(=O)c1ccccc1C2=O,28,377.4,6,4,2.77,145362851,"1,4-benzoquinone"
CC1CC(C)CN(c2cc(Nc3cccc(C(=O)O)c3)c3c4c(onc24)-c2ccccc2C3=O)C1,O=C1c2ccccc2-c2onc3c(N4CCCCC4)cc(Nc4ccccc4)c1c23,35,467.53,4,6,5.96,3676139,"1,4-naphthoquinone"
CC(=O)Nc1ccc2c(c1)C(=O)C(=O)c1ccccc1-2,O=C1C(=O)c2ccccc2-c2ccccc21,20,265.27,1,3,2.69,17948079,"1,2-naphthoquinone"
O=C1C=C(N=CC=Cc2ccccc2)c2ccccc2C1=O,O=C1C=C(N=CC=Cc2ccccc2)c2ccccc2C1=O,22,287.32,3,3,3.58,76309053,"1,2-benzoquinone"
O=C1C(=O)c2c(-c3ccccc3)coc2-c2ccccc21,O=C1C(=O)c2c(-c3ccccc3)coc2-c2ccccc21,21,274.27,1,4,3.99,25098253,"1,2-naphthoquinone"
O=C1C2=C(SCCS2)C(=O)c2ccccc21,O=C1C2=C(SCCS2)C(=O)c2ccccc21,16,248.33,0,3,2.76,244536,"1,4-naphthoquinone"
O=C1C(OC(=O)c2ccccc2)=C(c2ccc(O)cc2)C(=O)C(OC(=O)c2ccccc2)=C1c1ccc(O)cc1,O=C1C(OC(=O)c2ccccc2)=C(c2ccccc2)C(=O)C(OC(=O)c2ccccc2)=C1c1ccccc1,40,532.5,6,5,5.09,261132,"1,4-benzoquinone"
Cc1cc(O)c(C=O)c2c1C(=O)Oc1c(COC(=O)C=CC(=O)O)c(O)c(C(=O)O)c(C)c1O2,O=C1Oc2ccccc2Oc2ccccc21,34,472.36,6,3,2.23,117592143,"1,2-naphthoquinone"
O=C1C(=O)c2ccccc2C(O)=C1C(Nc1cccc([N+](=O)[O-])c1)c1ccc([N+](=O)[O-])cc1,O=C1C(=O)c2ccccc2C=C1C(Nc1ccccc1)c1ccccc1,33,445.39,6,4,4.39,168272126,"1,2-benzoquinone"
COc1ccc(-c2noc3c2C(=O)c2ccccc2C3=O)cc1,O=C1c2ccccc2C(=O)c2c(-c3ccccc3)noc21,23,305.29,2,4,3.13,15185269,"1,4-benzoquinone"
CC1=C(CO)C2=C(CCC(C)(C)O2)C(=O)C1=O,O=C1C=CC2=C(CCCO2)C1=O,17,236.27,1,2,1.29,15730306,"1,2-benzoquinone"
COc1cc(C)cc2c1C(=O)C=C(c1c(C)cc3c(c1OC)C(=O)C(NC(C)=O)=CC3=O)C2=O,O=C1C=CC(=O)c2cc(C3=CC(=O)c4ccccc4C3=O)ccc21,34,459.45,4,4,3.18,501494,"1,4-benzoquinone"
CCCCOc1ccc(OCCCN2CCOCC2)cc1,c1ccc(OCCCN2CCOCC2)cc1,21,293.41,9,2,2.97,117592050,"1,2-naphthoquinone"
CN(C)CCn1c2c(c3c4ccccc4c(O)cc31)C(=O)c1ccccc1C2=O,O=C1c2ccccc2C(=O)c2c1[nH]c1ccc3ccccc3c21,29,384.44,3,5,3.84,122192566,"1,4-benzoquinone"
CC1=C(CSC(=S)N2CCCCC2)C(=O)c2ccccc2C1=O,O=C1C=C(CSC(=S)N2CCCCC2)C(=O)c2ccccc21,23,345.49,2,3,3.89,131698387,"1,4-benzoquinone"
O=C1C(=O)c2c(C(=O)c3cccs3)coc2-c2ccccc21,O=C1C(=O)c2c(C(=O)c3cccs3)coc2-c2ccccc21,22,308.31,2,4,3.62,1736320,"1,2-benzoquinone"
CC1(C)OC2=C(C(=O)c3ccccc3C2=O)C2OC21,O=C1C2=C(C(=O)c3ccccc31)C1OC1CO2,19,256.26,0,4,1.9,24971370,"1,4-benzoquinone"
Cc1coc2c1C(=O)C(=O)c1c-2ccc2c1C(OC(=O)Cc1ccccc1)CCC2(C)C,O=C(Cc1ccccc1)OC1CCCc2ccc3c(c21)C(=O)C(=O)c1ccoc1-3,32,428.48,3,5,5.53,62706040,"1,2-benzoquinone"
O=C(Nc1cccc2c1C(=O)c1ccccc1C2=O)c1ccc(F)cc1,O=C(Nc1cccc2c1C(=O)c1ccccc1C2=O)c1ccccc1,26,345.33,2,4,3.85,579398,anthraquinone
C=C1CCCC2C1(C)CCC(C)C2(C)CC1=C(O)C(=O)C=C(OC)C1=O,C=C1CCCC2C(CC3=CC(=O)C=CC3=O)CCCC12,26,358.48,3,3,4.67,72291,"1,4-benzoquinone"
CC(=O)CCCOc1cccc2c1C(=O)c1c(OCCCC(C)=O)cc(NC(=O)CCl)cc1C2=O,O=C1c2ccccc2C(=O)c2ccccc21,35,499.95,12,3,4.14,172699659,anthraquinone
Cc1cc2c(c(O)c1C)C(=O)c1ccccc1C2=O,O=C1c2ccccc2C(=O)c2ccccc21,19,252.27,0,3,2.78,1382,"1,4-benzoquinone"
CCCCCCCCC=CCCCCCCCC(=O)Oc1cccc2c1C(=O)C=CC2=O,O=C1C=CC(=O)c2ccccc21,32,438.61,16,2,7.56,54597679,"1,4-benzoquinone"
COc1c2ooc2c2c(=O)oc3c4c(c(=O)oc1c42)=CC12CC31OOO2,O=c1oc2cc3ooc3c3c(=O)oc4c(c1=CC15CC41OOO5)c23,26,358.21,1,7,0.99,91019466,"1,2-benzoquinone"
CCCCCC1=C(NCC)C(O)=C(CC=C(C)CCC=C(C)C)C(=O)C1=O,O=C1C=CC=CC1=O,27,373.54,11,1,5.48,91864651,"1,2-benzoquinone"
COC1=C(CC2CCc3ccccc3O2)C(=O)C(=O)c2ccccc21,O=C1C(=O)c2ccccc2C=C1CC1CCc2ccccc2O1,25,334.37,3,4,3.59,177545916,"1,2-naphthoquinone"
O=C1C(=O)c2ccccc2C(O)=C1CC=C1CCCC1,O=C1C(=O)c2ccccc2C=C1CC=C1CCCC1,20,268.31,2,3,3.61,280566,"1,2-naphthoquinone"
COc1ccc(O)c2c1C(=O)C=C(CCC=C(C)C)C2=O,O=C1C=CC(=O)c2ccccc21,21,286.33,4,2,3.45,46833119,"1,4-benzoquinone"
Cc1cc(=O)[nH]c2c1C(=O)c1ccccc1C2=O,O=C1c2ccccc2C(=O)c2[nH]c(=O)ccc21,18,239.23,0,3,1.46,10105653,"1,4-benzoquinone"
O=C1C(=O)c2ccccc2C2=C1SCC1(CCN(C(=O)c3nc4ccccc4[nH]3)CC1)O2,O=C1C(=O)c2ccccc2C2=C1SCC1(CCN(C(=O)c3nc4ccccc4[nH]3)CC1)O2,32,445.5,1,6,3.44,57661918,"1,2-naphthoquinone"
O=c1ccc2ccc3[nH]c4ccccc4oc3c2c1=O,O=c1ccc2ccc3[nH]c4ccccc4oc3c2c1=O,20,263.25,0,4,2.79,139214026,"1,2-naphthoquinone"
O=c1ccc2ccc3sc4ccccc4[nH]c3c2c1=O,O=c1ccc2ccc3sc4ccccc4[nH]c3c2c1=O,20,279.32,0,4,3.26,139214025,"1,2-naphthoquinone"
CN(C)CCC=C1c2ccccc2C=Cc2ccccc21,C=C1c2ccccc2C=Cc2ccccc21,21,275.4,3,3,4.55,117593115,"1,2-naphthoquinone"
COc1ccc2nc3c(c(-c4ccc(C(F)(F)F)cc4)c2c1)C(=O)C(=O)c1ccccc1-3,O=C1C(=O)c2c(nc3ccccc3c2-c2ccccc2)-c2ccccc21,32,433.39,2,5,5.98,102334308,"1,2-naphthoquinone"
O=C1CC(C2CCCCC2)C2=C(N1)c1ccccc1C(=O)C2=O,O=C1CC(C2CCCCC2)C2=C(N1)c1ccccc1C(=O)C2=O,23,309.37,1,4,2.88,162675441,"1,2-benzoquinone"
CCCC(=O)Nc1cccc2c1C(=O)c1ccccc1C2=O,O=C1c2ccccc2C(=O)c2ccccc21,22,293.32,3,3,3.2,4269884,"1,4-benzoquinone"
COC1C(N)CC(OC2CC(O)(C(=O)CO)Cc3c(O)c4c(c(O)c32)C(=O)c2ccccc2C4=O)OC1C,O=C1c2ccccc2C(=O)c2cc3c(cc21)CCCC3OC1CCCCO1,38,527.53,5,5,0.65,174629,anthraquinone
C=CCC1(C)c2c(C)c3c(c(O)c2OC1O)C(O)=C(C(C)C)C(=O)C3=O,O=C1C=Cc2cc3c(cc2C1=O)CCO3,26,358.39,3,3,2.94,121572,"1,2-benzoquinone"
C=CC(C)(O)CN1CCC2(CC1)CSC1=C(O2)c2ccccc2C(=O)C1=O,O=C1C(=O)c2ccccc2C2=C1SCC1(CCNCC1)O2,27,385.49,3,4,2.66,57661848,"1,2-naphthoquinone"
CC(=O)Oc1cc(C)cc2c1C(=O)C=CC2=O,O=C1C=CC(=O)c2ccccc21,17,230.22,1,2,1.86,24809741,"1,4-benzoquinone"
CN1CCCC1CCOC(C)(c1ccccc1)c1ccc(Cl)cc1,c1ccc(C(OCCC2CCCN2)c2ccccc2)cc1,24,343.9,6,3,5.1,117592998,"1,2-naphthoquinone"
O=C1c2[nH]cc(CN3CC4CC3CN4)c2C(=O)c2c1c(O)c1ccccc1c2O,O=C1c2cc3ccccc3cc2C(=O)c2c(CN3CC4CC3CN4)c[nH]c21,29,389.41,2,6,1.9,137100901,"1,4-benzoquinone"
O=C1C(=O)c2ccccc2C2=C1C1CCCCC1N2,O=C1C(=O)c2ccccc2C2=C1C1CCCCC1N2,19,253.3,0,4,2.33,134866580,"1,2-benzoquinone"
CC(C)C1=C(O)C2=C(C(=O)C1=O)C1(C)CCCC(C)(C)C1=C2,O=C1C=CC2=C(C1=O)C1CCCCC1=C2,22,300.4,1,3,4.06,5316656,"1,2-benzoquinone"
O=C1C=C(C2=NC(=C3C=CN(O)C(F)=C3)ON2)C=C([N+](=O)[O-])C1=O,O=C1C=CC(C2=NC(=C3C=CNC=C3)ON2)=CC1=O,24,334.22,2,3,0.4,67036997,"1,2-benzoquinone"
O=c1c(=O)c2c3ccc4cc3c3cccc1c3c42,O=c1c(=O)c2c3ccc4cc3c3cccc1c3c42,18,230.22,0,7,2.77,129725535,"1,2-naphthoquinone"
CCCCCC(OCCCC)c1c(O)cc2c(c1O)C(=O)c1c(O)cc(O)cc1C2=O,O=C1c2ccccc2C(=O)c2ccccc21,31,428.48,9,3,4.72,70688904,"1,4-naphthoquinone"
CN(C)CCNc1ccc(NCCN2CCCCC2CCl)c2c1C(=O)c1c(O)ccc(O)c1C2=O,O=C1c2ccccc2C(=O)c2c(NCCN3CCCCC3)cccc21,35,501.03,9,4,3.35,11488942,"1,4-benzoquinone"
Cc1cc(O)c2c(c1)C1OC(=O)CN1C1=C2C(=O)c2cccc(OC3CC(O)C(O)C(C)O3)c2C1=O,O=C1CN2C3=C(C(=O)c4cccc(OC5CCCCO5)c4C3=O)c3ccccc3C2O1,36,493.47,2,6,1.6,53322018,"1,4-naphthoquinone"
CC1=CC(=O)C(Sc2ccc(C)cc2)=CC1=O,O=C1C=CC(=O)C(Sc2ccccc2)=C1,17,244.31,2,2,3.07,276581,"1,4-benzoquinone"
O=C1C(=O)c2ccccc2C2=C1CC(Cn1cc(-c3ccccc3)nn1)O2,O=C1C(=O)c2ccccc2C2=C1CC(Cn1cc(-c3ccccc3)nn1)O2,27,357.37,3,5,2.91,122233774,"1,2-benzoquinone"
Cc1cc(O)cc2c1C(=O)c1cc(-c3c(C)cc4c(c3O)C(=O)c3c(O)cccc3C4=O)cc(O)c1C2=O,O=C1c2ccccc2C(=O)c2cc(-c3ccc4c(c3)C(=O)c3ccccc3C4=O)ccc21,38,506.47,1,6,4.34,76321113,"1,4-benzoquinone"
CC1(C)OC2=C(C(=O)C(=O)c3ccccc32)C1n1cc(CNC2=C(Cl)C(=O)c3ccccc3C2=O)nn1,O=C1C(=O)c2ccccc2C2=C1C(n1cc(CNC3=CC(=O)c4ccccc4C3=O)nn1)CO2,37,514.93,4,6,3.42,72204158,"1,2-benzoquinone"
CC1(C)COC(C2=CC(=O)C(=O)c3ccccc32)=N1,O=C1C=C(C2=NCCO2)c2ccccc2C1=O,19,255.27,1,3,2.04,10923106,"1,2-benzoquinone"
NC1=C(N)C(=O)C(N)=C(N)C1=O,O=C1C=CC(=O)C=C1,12,168.16,0,1,-2.6,12779277,"1,4-benzoquinone"
COc1ccc(Sc2ccc(O)c3c2C(=O)c2ccccc2C3=O)cc1,O=C1c2ccccc2C(=O)c2c(Sc3ccccc3)cccc21,26,362.41,3,4,4.33,85541,anthraquinone
COC1=C(C(C)C)C(=O)c2c(O)cc3c(c2C1=O)C=CC(=NO)C3(C)C,N=C1C=Cc2c(ccc3c2C(=O)C=CC3=O)C1,26,355.39,2,3,3.46,135419301,"1,4-naphthoquinone"
Cc1[nH]n(-c2ccccc2)c(=O)c1C(C1=C(O)c2ccccc2C(=O)C1=O)c1ccccc1,O=C1C(=O)c2ccccc2C=C1C(c1ccccc1)c1c[nH]n(-c2ccccc2)c1=O,33,436.47,4,5,4.34,132837481,"1,2-naphthoquinone"
O=C1c2ccccc2C(=O)c2c1ccc1[nH]c(CCN3CCN(Cc4ccccc4)CC3)nc21,O=C1c2ccccc2C(=O)c2c1ccc1[nH]c(CCN3CCN(Cc4ccccc4)CC3)nc21,34,450.54,5,6,3.7,53372633,anthraquinone
COC(=O)c1c(C)ccc2c(O)c3c(cc12)C(=O)c1c2c(cc(O)c1C3=O)C1(C)OC(O2)C(O)C(N(C)C)C1O,O=C1c2cc3ccccc3cc2C(=O)c2c1ccc1c2OC2CCCC1O2,40,549.53,2,6,1.74,160953,"1,4-benzoquinone"
O=C(Nc1cccc2c1C(=O)c1cccc(NC(=O)c3ccccc3)c1C2=O)c1ccccc1,O=C(Nc1cccc2c1C(=O)c1cccc(NC(=O)c3ccccc3)c1C2=O)c1ccccc1,34,446.46,4,5,4.97,65738,"1,4-benzoquinone"
O=C1C(=O)c2c(oc3c2CCN(C(=O)c2ccco2)C3)-c2ccccc21,O=C1C(=O)c2c(oc3c2CCN(C(=O)c2ccco2)C3)-c2ccccc21,26,347.33,1,5,3.12,177661300,"1,2-benzoquinone"
CC(=O)OC(CCC(C)=CCCc1ccc2c(c1)C(=O)C(C)=CC2=O)C(C)(O)CCC=C(C)C,O=C1C=CC(=O)c2ccccc21,34,466.62,11,2,6.1,11605149,"1,4-naphthoquinone"
Cn1cc(CCN)c2c1C(=O)C1=C(C2=O)S(=O)(=O)C=CN1,O=C1C2=C(NC=CS2(=O)=O)C(=O)c2[nH]ccc21,21,307.33,2,3,-0.39,76285470,"1,4-benzoquinone"
CC1(C)OC2=C(C(=O)C(=O)c3ccccc32)C1Nc1ccc(Cl)cc1,O=C1C(=O)c2ccccc2C2=C1C(Nc1ccccc1)CO2,25,353.81,2,4,4.11,44585394,"1,2-benzoquinone"
O=C1C(=O)c2ccccc2C=C1OCCCC1CCCCC1,O=C1C(=O)c2ccccc2C=C1OCCCC1CCCCC1,22,298.38,5,3,4.17,54235706,"1,2-naphthoquinone"
COC1=C(c2ccccc2)C(=O)c2ccccc2C1=O,O=C1C=C(c2ccccc2)C(=O)c2ccccc21,20,264.28,2,3,3.12,793869,"1,4-benzoquinone"
COC1=C(OC)C(=O)C2=C(CCCCC(O)CCc3ccc(O)c2c3)C1=O,O=C1C=CC(=O)C2=C1CCCCCCCc1cccc2c1,27,372.42,2,3,2.67,11559771,"1,4-benzoquinone"
O=C1c2ccccc2C(=O)c2c1cc(NS(=O)(=O)c1ccc(N3CCC3)cc1)c(O)c2O,O=C1c2ccccc2C(=O)c2cc(NS(=O)(=O)c3ccc(N4CCC4)cc3)ccc21,32,450.47,4,5,2.88,166642457,anthraquinone
COc1ccc(C=CC(=O)OCc2cc(O)c3c(c2)C(=O)c2cccc(O)c2C3=O)cc1OC,O=C(C=Cc1ccccc1)OCc1ccc2c(c1)C(=O)c1ccccc1C2=O,34,460.44,6,4,3.65,73054437,anthraquinone
COCCOc1cc2ncnc(NC3=CC(=O)C(Br)=CC3=O)c2cc1OC,O=C1C=CC(=O)C(Nc2ncnc3ccccc23)=C1,27,434.25,7,3,2.39,11704732,"1,4-benzoquinone"
CN(C)CCOc1cc(O)c2c3c(oc2c1)C(=O)c1ccccc1C3=O,O=C1c2ccccc2C(=O)c2c1oc1ccccc21,26,351.36,4,4,2.85,45265084,"1,4-benzoquinone"
CC(NS(=O)(=O)c1ccc(F)cc1)C1=CC(=O)c2c(O)ccc(O)c2C1=O,O=C1C=C(CNS(=O)(=O)c2ccccc2)C(=O)c2ccccc21,27,391.38,4,3,1.91,44571014,"1,4-benzoquinone"
C=C(C)C1CC2=C(O1)C(=O)c1ccccc1C2=O,O=C1C2=C(OCC2)C(=O)c2ccccc21,18,240.26,1,3,2.68,364109,"1,4-benzoquinone"
CC(C)=CCCC1=CC(CC(C)=CCCC(C)=CCC2=CC(=O)C=C(C)C2=O)OC1=O,O=C1C=CC(=O)C(CC=CCCC=CCC2C=CC(=O)O2)=C1,31,422.57,10,2,6.06,51003543,"1,4-benzoquinone"
CCN(CCCCCCNC1=CC(=O)c2ncccc2C1=O)Cc1ccccc1OC,O=C1C(NCCCCCCNCc2ccccc2)=CC(=O)c2ncccc21,31,421.54,12,3,4.03,56925981,"1,4-benzoquinone"
O=C1C=C(NCCc2c[nH]c3ccccc23)C(=O)c2ncccc21,O=C1C=C(NCCc2c[nH]c3ccccc23)C(=O)c2ncccc21,24,317.35,4,4,2.66,57329528,"1,4-benzoquinone"
O=C1C(Cl)=C(Nc2ccc(S(=O)(=O)Nc3nccs3)cc2)C(=O)c2ccccc21,O=C1C=C(Nc2ccc(S(=O)(=O)Nc3nccs3)cc2)C(=O)c2ccccc21,29,445.91,5,4,3.89,409040,"1,4-benzoquinone"
O=C(Nc1ccc(F)cc1)OCC1CSC2=C(O1)C(=O)C(=O)c1ccccc12,O=C(Nc1ccccc1)OCC1CSC2=C(O1)C(=O)C(=O)c1ccccc12,28,399.4,3,4,3.64,11992983,"1,2-benzoquinone"
O=C(O)c1cccc(NC2=C(Cl)C(=O)c3ccccc3C2=O)c1,O=C1C=C(Nc2ccccc2)C(=O)c2ccccc21,23,327.72,3,3,3.33,470958,"1,4-benzoquinone"
Cc1c(CNNc2ccc(F)cc2)oc2c1C(=O)C(=O)c1ccccc1-2,O=C1C(=O)c2cc(CNNc3ccccc3)oc2-c2ccccc21,26,350.35,4,4,3.89,175791186,"1,2-benzoquinone"
CC(=O)NC1=CC(=O)c2ccc(-c3nc(C(=O)OC4CCCCC4)cc4c3[nH]c3ccccc34)nc2C1=O,O=C(OC1CCCCC1)c1cc2c([nH]c3ccccc32)c(-c2ccc3c(n2)C(=O)C=CC3=O)n1,38,508.53,4,6,4.67,44421910,"1,4-benzoquinone"
COc1cc2c(NC3=CC(=O)C(OCC#Cc4ccccc4)=CC3=O)ncnc2cc1OCCCN1CCCC1,O=C1C=C(OCC#Cc2ccccc2)C(=O)C=C1Nc1ncnc2cc(OCCCN3CCCC3)ccc12,40,538.6,10,5,3.9,11628038,"1,4-benzoquinone"
Cc1coc2c1C(=O)C(=O)c1c-2ccc2c1C(=O)C(O)=CC2(C)C,O=C1C(=O)c2c(ccc3c2C(=O)C=CC3)-c2occc21,24,322.32,0,4,3.55,168291990,"1,2-benzoquinone"
c1ccc2coc3ccccc3occ2c1,c1ccc2coc3ccccc3occ2c1,16,210.23,0,3,4.3,170684169,"1,2-benzoquinone"
C=C1CCCC2C1(C)CCC(C)C2(C)CC1=C(O)C(NCCC(C)C)=CC(=O)C1=O,C=C1CCCC2C(CC3=CC=CC(=O)C3=O)CCCC12,30,413.6,6,3,5.66,11742492,"1,2-benzoquinone"
C=C1CCCc2c1ccc1c2C(=O)C(=O)C(C(C)C)=C1,C=C1CCCc2c1ccc1c2C(=O)C(=O)C=C1,20,266.34,1,3,3.84,14609851,"1,2-benzoquinone"
C=C(C)C1Cc2c(oc3c4c(cc(O)c3c2=O)OC(C)(C)C=C4)C2=C1C(=O)C1=C(C=CC(C)(C)O1)C2=O,O=C1C2=C(C(=O)C3=C1OCC=C3)c1oc3c4c(ccc3c(=O)c1CC2)OCC=C4,37,498.53,1,6,4.96,10672941,"1,4-benzoquinone"
O=C1C=CC=C(N=Nc2ccccc2)C1=O,O=C1C=CC=C(N=Nc2ccccc2)C1=O,16,212.21,2,2,2.36,90841907,"1,2-benzoquinone"
CC1Cn2c(nc3c2C(=O)C=CC3=O)-c2cccnc21,O=C1C=CC(=O)c2c1nc1n2CCc2ncccc2-1,20,265.27,0,4,2.0,46933599,"1,4-benzoquinone"
Cc1cc(O)c2c(c1)C(=O)c1c(oc3c1c(=O)oc1cccc(C)c13)C2=O,O=C1c2ccccc2C(=O)c2c1oc1c2c(=O)oc2ccccc21,27,360.32,0,5,3.64,11674902,"1,4-naphthoquinone"
O=C(O)c1ccc2c(n1)C(=O)C1=C(C2=O)S(=O)(=O)C=CN1,O=C1C2=C(NC=CS2(=O)=O)C(=O)c2ncccc21,21,306.26,1,3,-0.14,11638074,"1,4-benzoquinone"
Cc1ccc2c(c1O)C(=O)c1ccc(O)cc1C2=O,O=C1c2ccccc2C(=O)c2ccccc21,19,254.24,0,3,2.18,124063,"1,4-benzoquinone"
O=C(CN1CCC(O)CC1)OCc1cc(O)c2c(c1)C(=O)c1cccc(O)c1C2=O,O=C(CN1CCCCC1)OCc1ccc2c(c1)C(=O)c1ccccc1C2=O,30,411.41,4,4,1.37,168286507,anthraquinone
O=C(C1=C(c2ccccc2)C(=O)c2ccccc2C1=O)c1ccccc1,O=C(C1=C(c2ccccc2)C(=O)c2ccccc2C1=O)c1ccccc1,26,338.36,3,4,4.4,3841172,"1,4-benzoquinone"
CC(C)(C(=O)c1ccc2ccc3c(c2c1)C(=O)C(=O)C=C3)N1CCCCC1,O=C1C=Cc2ccc3ccc(C(=O)CN4CCCCC4)cc3c2C1=O,27,361.44,3,4,4.07,20429939,"1,2-naphthoquinone"
CC1=CC(=O)c2c(O)ccc(-c3ccc(O)c4c3C(=O)C(C)=CC4=O)c2C1=O,O=C1C=CC(=O)c2c1cccc2-c1cccc2c1C(=O)C=CC2=O,28,374.35,1,4,3.42,633024,"1,4-benzoquinone"
Cc1ccc(Nc2ccc(Nc3ccc(C)cc3)c3c2C(=O)c2cc(Cl)c(Cl)cc2C3=O)cc1,O=C1c2ccccc2C(=O)c2c(Nc3ccccc3)ccc(Nc3ccccc3)c21,34,487.39,4,5,7.87,72749,anthraquinone
COc1ccc2c(c1)C(=O)c1ccc(OC)cc1C2=O,O=C1c2ccccc2C(=O)c2ccccc21,20,268.27,2,3,2.48,4589998,"1,4-benzoquinone"
CC1=C2OC=C(CO)c3ccc(C)c(c32)C(=O)C1=O,O=C1C=C2OC=Cc3cccc(c32)C1=O,19,256.26,1,3,1.85,10355035,"1,2-benzoquinone"
COCCOc1cc2ncnc(NC3=CC(=O)C(OCCOc4ccccc4)=CC3=O)c2cc1OC,O=C1C=C(OCCOc2ccccc2)C(=O)C=C1Nc1ncnc2ccccc12,36,491.5,12,4,3.09,11526053,"1,4-benzoquinone"
O=C1c2ccccc2C(=O)c2c1nnn2Cc1ccc(C(=O)N2CCOCC2)cc1,O=C1c2ccccc2C(=O)c2c1nnn2Cc1ccc(C(=O)N2CCOCC2)cc1,30,402.41,3,5,1.57,122193598,"1,4-benzoquinone"
O=C1C=C(C2=CSC(=C3C=CN(O)C(F)=C3)N2)C=C([N+](=O)[O-])C1=O,O=C1C=CC(C2=CSC(=C3C=CNC=C3)N2)=CC1=O,24,349.3,2,3,1.64,67037216,"1,2-benzoquinone"
C#CC(C)OC1=CC(=O)C(Nc2ncnc3cc(OCCCN4CCCC4)c(OC)cc23)=CC1=O,O=C1C=CC(=O)C(Nc2ncnc3cc(OCCCN4CCCC4)ccc23)=C1,35,476.53,10,4,2.87,11518545,"1,4-benzoquinone"
CC(C)(C)c1ccc(SC2=CC(=O)C(=O)c3cc4c(Sc5ccccc5)cccc4cc32)cc1,O=C1C=C(Sc2ccccc2)c2cc3cccc(Sc4ccccc4)c3cc2C1=O,34,480.65,4,5,8.19,57254050,"1,2-naphthoquinone"
CCCCCc1c(C(=O)OCC)sc2c1C(=O)C(=O)c1ccccc1-2,O=C1C(=O)c2ccsc2-c2ccccc21,25,356.44,6,3,4.7,101247411,"1,2-naphthoquinone"
CC(=O)OC1CCC(C)(C)c2ccc3c(c21)C(=O)C(=O)c1c(C)coc1-3,O=C1C(=O)c2c(ccc3c2CCCC3)-c2occc21,26,352.39,1,4,4.31,71481436,"1,2-benzoquinone"
CC12CCCc3coc(c31)C(=O)c1cc3c(cc12)C(=O)C=CC3=O,O=C1C=CC(=O)c2cc3c(cc21)C(=O)c1occ2c1C3CCC2,24,318.33,0,5,3.4,122838,"1,4-benzoquinone"
CN1CCN(CC(=O)Nc2ccc3c(c2)C(=O)c2ccc(NC(=O)CN4CCN(C)CC4)cc2C3=O)CC1,O=C(CN1CCNCC1)Nc1ccc2c(c1)C(=O)c1ccc(NC(=O)CN3CCNCC3)cc1C2=O,38,518.62,6,5,0.83,15162832,"1,4-benzoquinone"
CC1(C)CC(O)C2=C(O1)C(=O)c1ncccc1C2=O,O=C1C2=C(OCCC2)C(=O)c2ncccc21,19,259.26,0,3,1.27,387917,"1,4-benzoquinone"
O=C1c2ccccc2C(=O)c2c1nnn2Cc1cccc(Cl)c1,O=C1c2ccccc2C(=O)c2c1nnn2Cc1ccccc1,23,323.74,2,4,2.76,849731,"1,4-benzoquinone"
COc1cc2c(cc1OSc1cccc(F)c1)CC1c3cc4c(cc3CCN1C2)OS(=O)O4,O=S1Oc2cc3c(cc2O1)C1Cc2cc(OSc4ccccc4)ccc2CN1CC3,33,485.56,4,6,4.93,145042395,"1,2-benzoquinone"
[N-]=[N+]=NCC(=O)Nc1cc(OCc2ccccc2)c2c(c1)C(=O)c1cccc(OCc3ccccc3)c1C2=O,O=C1c2cccc(OCc3ccccc3)c2C(=O)c2c(OCc3ccccc3)cccc21,39,518.53,9,5,5.87,72944358,"1,4-naphthoquinone"
CCn1cnc2c1C(=O)C=CC2=O,O=C1C=CC(=O)c2[nH]cnc21,13,176.17,1,2,0.84,46203465,"1,4-benzoquinone"
COC(=O)c1cc2c(n1S(=O)(=O)c1ccc(C)cc1)C(=O)C(=O)c1[nH]cc(C(=O)OCc3ccccc3)c1-2,O=C(OCc1ccccc1)c1c[nH]c2c1-c1ccn(S(=O)(=O)c3ccccc3)c1C(=O)C2=O,38,532.53,6,5,3.55,386817,"1,2-benzoquinone"
CCN(CC)C(=S)SCC1=CC(=O)c2ccccc2C1=O,O=C1C=CC(=O)c2ccccc21,21,319.45,4,2,3.35,145960470,"1,4-benzoquinone"
Cc1ccc2c(c1CCC(=O)C(C)C)C(=O)C(=O)C(C(C)C)=C2,O=C1C=Cc2ccccc2C1=O,23,312.41,5,2,3.96,11771368,"1,2-benzoquinone"
CC(=O)Oc1cccc2c1C(=O)c1c(OC(C)=O)cc(C)cc1C2=O,O=C1c2ccccc2C(=O)c2ccccc21,25,338.32,2,3,2.62,270486,anthraquinone
CCCCCCCCCCCC1=C(O)C2=C(C(=O)C1=O)C(c1ccccc1)C1=C(CCCC1=O)N2,O=C1C=CC2=C(C1=O)C(c1ccccc1)C1=C(CCCC1=O)N2,35,475.63,11,4,6.52,71665977,"1,2-benzoquinone"
CCCCCCCOC1=CC(=O)C(=O)c2ccccc21,O=C1C=Cc2ccccc2C1=O,20,272.34,7,2,3.78,21831648,"1,2-naphthoquinone"
CC1=CC(=O)c2c(c(-c3ccc4c(c3O)C(=O)c3c(O)cc(C)cc3C4=O)c3cccc(O)c3c2O)C1=O,O=C1c2ccccc2C(=O)c2cc(-c3c4c(cc5ccccc35)C(=O)C=CC4=O)ccc21,38,506.47,1,6,4.74,12182448,"1,4-naphthoquinone"
CCOc1cc(C)cc2c1C(=O)C=C(c1c(C)cc3c(c1OCC)C(=O)C(NCCO)=CC3=O)C2=O,O=C1C=CC(=O)c2cc(C3=CC(=O)c4ccccc4C3=O)ccc21,36,489.52,8,4,3.41,44428739,"1,4-benzoquinone"
O=C1C(=O)c2ccccc2C(O)=C1C1(Nc2ncccn2)C(=O)c2ccccc2C1=O,O=C1C(=O)c2ccccc2C=C1C1(Nc2ncccn2)C(=O)c2ccccc2C1=O,31,411.37,3,5,2.44,154824440,"1,2-naphthoquinone"
CC1=C(CCCCCC(=O)N(CCNc2ccnc3cc(Cl)ccc23)C(C)C)C(=O)c2ccccc2C1=O,O=C(CCCCCC1=CC(=O)c2ccccc2C1=O)NCCNc1ccnc2ccccc12,38,532.08,11,4,6.88,24808331,"1,4-benzoquinone"
Nc1cc(S(=O)(=O)Oc2ccccc2)c(N)c2c1C(=O)c1ccccc1C2=O,O=C1c2ccccc2C(=O)c2cc(S(=O)(=O)Oc3ccccc3)ccc21,28,394.41,3,4,2.39,84219,"1,4-naphthoquinone"
O=C1c2ccccc2C(=O)c2c(NC(=O)C3CCCN3)csc21,O=C1c2ccccc2C(=O)c2c(NC(=O)C3CCCN3)csc21,23,326.38,2,4,2.21,53309383,"1,4-benzoquinone"
CC12CCC3C(=CCc4cc(O)ccc43)C1CCC2=O,O=C1CCC2C3=CCc4ccccc4C3CCC12,20,268.36,0,4,3.74,117592937,"1,2-naphthoquinone"
O=C1C(=O)c2ccccc2C(O)=C1C(NCc1ccccc1)c1ccccn1,O=C1C(=O)c2ccccc2C=C1C(NCc1ccccc1)c1ccccn1,28,370.41,5,4,3.65,127048261,"1,2-benzoquinone"
O=C1c2ccccc2C(=O)c2c1cn1c2Cc2ccccc2C1,O=C1c2ccccc2C(=O)c2c1cn1c2Cc2ccccc2C1,23,299.33,0,5,3.22,71772,"1,4-benzoquinone"
Cc1ccc(Sc2cc3c(c4nsnc24)C(=O)c2ccccc2C3=O)c(C)c1,O=C1c2ccccc2C(=O)c2c1cc(Sc1ccccc1)c1nsnc21,28,402.5,2,5,5.23,89872059,anthraquinone
O=C1c2ccccc2C(=O)c2c(NC(=O)c3c(F)cccc3F)cccc21,O=C(Nc1cccc2c1C(=O)c1ccccc1C2=O)c1ccccc1,27,363.32,2,4,3.99,4139281,anthraquinone
O=C1c2ccccc2C(=O)c2cc(-n3cnc4n[nH]c(Nc5ccccc5)c4c3=O)ccc21,O=C1c2ccccc2C(=O)c2cc(-n3cnc4n[nH]c(Nc5ccccc5)c4c3=O)ccc21,33,433.43,3,6,3.63,46205387,anthraquinone
CSc1ccc(SC(C2=C(O)c3ccccc3C(=O)C2=O)c2ccccc2)cc1,O=C1C(=O)c2ccccc2C=C1C(Sc1ccccc1)c1ccccc1,29,418.54,5,4,5.98,71569239,"1,2-benzoquinone"
COc1c(N2CC3CCCNC3C2)c(F)cc2c(=O)c(C(=O)C=CC3=CC(=O)C(=O)C=C3)cn(C3CC3)c12,O=C1C=CC(C=CC(=O)c2cn(C3CC3)c3cc(N4CC5CCCNC5C4)ccc3c2=O)=CC1=O,38,517.56,6,6,3.05,175170422,"1,2-benzoquinone"
[N-]=[N+]=NC1=C(N=[N+]=[N-])c2c(cccc2S(=O)(=O)OC2CCCCC2)C(=O)C1=O,O=C1C=Cc2c(cccc2S(=O)(=O)OC2CCCCC2)C1=O,28,402.39,5,3,3.78,19693450,"1,2-naphthoquinone"
c1cc2c(cc1C1OCC3C(c4ccc5c(c4)OCO5)OCC13)OCO2,c1cc2c(cc1C1OCC3C(c4ccc5c(c4)OCO5)OCC13)OCO2,26,354.36,2,6,3.22,117591540,"1,2-naphthoquinone"
CN1CCN(C2=C(NC(=O)c3ccccc3)C(=O)c3ccccc3C2=O)CC1,O=C(NC1=C(N2CCNCC2)C(=O)c2ccccc2C1=O)c1ccccc1,28,375.43,3,4,1.95,56928026,"1,4-naphthoquinone"
Cc1cc(=O)[nH]c2c1C(=O)c1c(C)cc(=O)n(C)c1C2=O,O=C1c2ccc(=O)[nH]c2C(=O)c2[nH]c(=O)ccc21,21,284.27,0,3,0.47,295934,"1,4-benzoquinone"
CC(=O)Oc1c2oc3cc(O)c(O)cc3c2c(OC(C)=O)c2oc3cc(O)c(O)cc3c12,c1ccc2c(c1)oc1cc3c(cc12)oc1ccccc13,32,438.34,2,5,4.16,382514,"1,4-benzoquinone"
CNC1=C(Cl)C(=O)c2ccccc2C1=O,O=C1C=CC(=O)c2ccccc21,15,221.64,1,2,1.74,260183,"1,4-naphthoquinone"
CN(C)C=C(C#N)C(=O)Nc1ccc2c(c1)C(=O)c1ccccc1C2=O,O=C1c2ccccc2C(=O)c2ccccc21,26,345.36,3,3,2.37,46205717,anthraquinone
Cc1cc(O)c2c3c(ccc2c1)C(=O)c1c(ccc(C2CC(O)C(O)C(C)O2)c1O)C3=O,O=C1c2cc(C3CCCCO3)ccc2C(=O)c2c1ccc1ccccc21,32,434.44,1,5,2.91,134724654,"1,4-benzoquinone"
CC(C(N)=O)N1CCc2c(oc3c2C(=O)C(=O)c2ccccc2-3)C1=O,O=C1C(=O)c2c(oc3c2CCNC3=O)-c2ccccc21,25,338.32,2,4,1.2,178317360,"1,2-benzoquinone"
COC1=CC(C2c3cc4c(cc3C(Nc3cncc5ccccc35)C3COC(=O)C23)OCO4)=CC(=O)C1=O,O=C1C=CC(C2c3cc4c(cc3C(Nc3cncc5ccccc35)C3COC(=O)C23)OCO4)=CC1=O,38,510.5,4,7,3.61,44584614,"1,2-benzoquinone"
CCCCCCCCCCCCCC1=C(O)C(NCCCCCC)=CC(=O)C1=O,O=C1C=CC=CC1=O,29,405.62,18,1,6.71,72705646,"1,2-benzoquinone"
O=C1C=C(OCCCCCCOc2ccc(OC3OC(CO)C(O)C(O)C3O)cc2)c2ccccc2C1=O,O=C1C=C(OCCCCCCOc2ccc(OC3CCCCO3)cc2)c2ccccc2C1=O,38,528.55,12,4,1.63,22899218,"1,2-naphthoquinone"
Cc1cccc2c3c(ccc12)C(=O)C1=C(OCC1C)C3=O,O=C1C2=C(OCC2)C(=O)c2c1ccc1ccccc21,21,278.31,0,4,3.45,89406,"1,4-benzoquinone"
O=C1c2ccccc2C(=O)c2ocnc21,O=C1c2ccccc2C(=O)c2ocnc21,15,199.16,0,3,1.45,12345234,"1,4-benzoquinone"
[C-]#[N+]c1c(C#N)c2c(c(C#N)c1[N+]#[C-])-c1nc(F)c(F)nc1C(=O)C2=O,O=C1C(=O)c2nccnc2-c2ccccc21,26,346.21,0,3,2.65,168118998,"1,2-benzoquinone"
CC(C)C1=C(O)C2=C(CC34CCCC(C)(C(=O)O3)C4C=C2)C(=O)C1=O,O=C1C=CC2=C(CC34CCCC(C(=O)O3)C4C=C2)C1=O,25,342.39,1,4,2.96,46187189,"1,2-benzoquinone"
CCOC(=O)C(C)(C)Oc1cc(O)c2c(c1)C(=O)c1cc(C)cc(O)c1C2=O,O=C1c2ccccc2C(=O)c2ccccc21,28,384.38,4,3,2.9,155526386,anthraquinone
CC1=C(CC(=O)c2ccccc2)C(=O)c2ccccc2C1=O,O=C(CC1=CC(=O)c2ccccc2C1=O)c1ccccc1,22,290.32,3,3,3.66,1473358,"1,4-benzoquinone"
O=C1C=c2cccc3c2=C(C1=O)c1c-3ccc2ccccc12,O=C1C=c2cccc3c2=C(C1=O)c1c-3ccc2ccccc12,22,282.3,0,5,1.95,129710737,"1,2-benzoquinone"
CCCC1CCOC2=C(S1)C(=O)C(=O)c1ccccc12,O=C1C(=O)c2ccccc2C2=C1SCCCO2,20,288.37,2,3,3.44,25263857,"1,2-naphthoquinone"
O=C1C(Cl)=C(N2CCCC2)C(=O)c2ccccc21,O=C1C=C(N2CCCC2)C(=O)c2ccccc21,18,261.71,1,3,2.61,621565,"1,4-benzoquinone"
O=C1C(Cl)=C(Sc2nnc3c4ccccc4c4ccccc4c3n2)C(=O)c2ccccc21,O=C1C=C(Sc2nnc3c4ccccc4c4ccccc4c3n2)C(=O)c2ccccc21,32,453.91,2,6,5.95,332061,"1,4-benzoquinone"
O=C1C=CC(=O)c2cnccc21,O=C1C=CC(=O)c2cnccc21,12,159.14,0,2,1.02,5766,"1,4-benzoquinone"
Cc1cc2c(cc1C)-c1oc(CN3CCOCC3)c(C)c1C(=O)C2=O,O=C1C(=O)c2cc(CN3CCOCC3)oc2-c2ccccc21,25,339.39,2,4,3.08,164615901,"1,2-benzoquinone"
CCC1(O)CC(OC2CC(N(C)C)C(O)C(C)O2)c2c(cc3c(c2O)C(=O)c2c(O)cccc2C3=O)C1O,O=C1c2ccccc2C(=O)c2cc3c(cc21)CCCC3OC1CCCCO1,38,527.57,4,5,1.94,91820262,anthraquinone
CC(=O)C1(O)Cc2c3c(c(O)c(O)c2C(OC2CC(N)C(O)C(C)O2)C1)C(=O)c1ccccc1C3=O,O=C1c2ccccc2C(=O)c2c1ccc1c2CCCC1OC1CCCCO1,36,497.5,3,5,1.02,44326937,anthraquinone
CN1CCC2(C)C3=CC(=O)C(=O)C=C3N(C)C12,O=C1C=C2NC3NCCC3C2=CC1=O,17,232.28,0,3,0.56,3080713,"1,2-benzoquinone"
CCOC(=O)c1c2c(n(-c3ccccc3)c1C)C=C(Br)C(=O)C2=O,O=C1C=Cc2c(ccn2-c2ccccc2)C1=O,24,388.22,3,3,3.46,2265751,"1,2-benzoquinone"
Cc1[nH]c2c(c1C(=O)N1CCC(N)C1)C(=O)c1c(c(O)c3ccccc3c1O)C2=O,O=C1c2cc3ccccc3cc2C(=O)c2c(C(=O)N3CCCC3)c[nH]c21,30,405.41,1,5,1.84,153151932,"1,4-naphthoquinone"
O=c1cc2c(=O)c3ccccc3c(=O)c-2cc1=O,O=c1cc2c(=O)c3ccccc3c(=O)c-2cc1=O,18,238.2,0,3,0.26,21709793,"1,2-benzoquinone"
O=C1c2cccnc2C(=O)c2c1c(C(=O)OCCN1CCCC1)c1c(F)cccn21,O=C1c2cccnc2C(=O)c2c1c(C(=O)OCCN1CCCC1)c1ccccn21,30,407.4,4,5,2.5,145959026,"1,4-benzoquinone"
O=C(O)c1cccc2ooc12,c1ccc2ooc2c1,11,152.1,1,2,1.72,18762124,"1,2-benzoquinone"
NCCCCC1NC(=O)C2(CSC3=C2C(=O)c2ccccc2C3=O)NC1=O,O=C1CNC(=O)C2(CSC3=C2C(=O)c2ccccc2C3=O)N1,27,385.45,4,4,0.55,16202717,"1,4-benzoquinone"
O=C1c2ccc(O)cc2C(=O)c2cc(O)ccc21,O=C1c2ccccc2C(=O)c2ccccc21,18,240.21,0,3,1.87,68445,"1,4-benzoquinone"
CC1=Cc2c(c(C)cc3c2C(C)CO3)C(=O)C1=O,O=C1C=Cc2c(ccc3c2CCO3)C1=O,18,242.27,0,3,2.66,3083888,"1,2-benzoquinone"
CC1OC2(C=CC1O)OC1=C(c3ccc(O)cc3)C(=O)C(=O)C(c3ccc(O)cc3)=C1O2,O=C1C(=O)C(c2ccccc2)=C2OC3(C=CCCO3)OC2=C1c1ccccc1,32,434.4,2,5,2.41,14426700,"1,2-benzoquinone"
O=C(O)c1cc(C(=O)O)c2c(n1)C(=O)C(=O)c1cc(C(=O)O)[nH]c1-2,O=C1C(=O)c2ncccc2-c2[nH]ccc21,24,330.21,3,3,0.55,1024,"1,2-benzoquinone"
Cc1ccc2c(c1O)C(=O)c1ccc(O)c(-c3c(O)ccc4c3C(=O)c3ccc(C)c(O)c3C4=O)c1C2=O,O=C1c2ccccc2C(=O)c2c1cccc2-c1cccc2c1C(=O)c1ccccc1C2=O,38,506.47,1,6,4.34,11677810,anthraquinone
CC(C)=CC1CC(C)C2CCC(C)C3=C2C1=C(C)C(=O)C3=O,O=C1C=C2CCCC3CCCC(=C23)C1=O,22,298.43,1,3,4.42,21778551,"1,2-benzoquinone"
Cc1cccc2c3c(ccc12)C1=C(C(=O)C3=O)C(C)CO1,O=C1C(=O)c2c(ccc3ccccc23)C2=C1CCO2,21,278.31,0,4,3.29,11425923,"1,2-benzoquinone"
O=C1C=CC=C(N=NC2=CC=CC(=O)C2=O)C1=O,O=C1C=CC=C(N=NC2=CC=CC(=O)C2=O)C1=O,18,242.19,2,2,0.62,146036163,"1,2-benzoquinone"
O=C1c2ccccc2C(=O)c2c(NCCN3CCCC3CCl)ccc(NCCN3CCCC3CCl)c21,O=C1c2ccccc2C(=O)c2c(NCCN3CCCC3)ccc(NCCN3CCCC3)c21,36,529.51,10,5,4.69,44417746,"1,4-benzoquinone"
Cc1cc(C)c(Sc2c(F)c(C#N)c(C#N)c3oc4c(C)cc(C)cc4c4cc(C)cc(C)c4oc23)c(C)c1,c1ccc(Sc2cccc3oc4ccccc4c4ccccc4oc23)cc1,39,534.66,2,5,9.65,144765438,"1,2-benzoquinone"
COc1cccc2c1C(=O)c1c(O)c3c(c(O)c1C2=O)C=C(C(C)=O)CC3OC1CC(N)CC(C)O1,O=C1c2ccccc2C(=O)c2cc3c(cc21)C=CCC3OC1CCCCO1,36,493.51,4,5,3.17,44363002,"1,4-benzoquinone"
O=C1C(=O)c2c(c(O)c3ccccc3c2O)-c2cccnc21,O=C1C(=O)c2ncccc2-c2cc3ccccc3cc21,22,291.26,0,4,2.69,135409439,"1,2-benzoquinone"
COc1ccc(-n2c3c(Cl)c(Cl)c(=O)c(=O)c=3[nH]c3ccc(OC)cc32)cc1,O=c1ccc2n(-c3ccccc3)c3ccccc3[nH]c=2c1=O,28,417.25,3,4,3.73,12156534,"1,2-benzoquinone"
O=C1c2cc(O)ccc2C(=O)c2c1ccc(O)c2O,O=C1c2ccccc2C(=O)c2ccccc21,19,256.21,0,3,1.58,65739,"1,4-benzoquinone"
Cc1cc2c(c3ccccc13)C(=O)C(=O)C1=C2OC(C)(C)CC1,O=C1C(=O)c2c(ccc3ccccc23)C2=C1CCCO2,23,306.36,0,4,4.21,25055024,"1,2-naphthoquinone"
CC(C)C(=O)OC1c2c(c3c(=O)c4cccc(O)c4c(=O)c=3c2=[N+]=[N-])C(O)C2OC12C,[N+]=c1c2c(c3c(=O)c4ccccc4c(=O)c1=3)CC1OC1C2,31,422.39,2,5,0.44,135744236,"1,4-benzoquinone"
CCCC=CC=CC1CC(O)C(O)C(=O)C1C=O,O=C1CCCCC1,18,252.31,5,1,1.02,117592584,"1,2-naphthoquinone"
O=C1C=Cc2ccc3cc4c(ccc5ccccc54)cc3c2C1=O,O=C1C=Cc2ccc3cc4c(ccc5ccccc54)cc3c2C1=O,24,308.34,0,5,4.92,147815,"1,2-naphthoquinone"
Cc1ccc2c(n1)C(=O)C=C(N1CC1)C2=O,O=C1C(N2CC2)=CC(=O)c2ncccc21,16,214.22,1,3,0.97,24853799,"1,4-benzoquinone"
Cc1ccc2c(c1)-c1cc(Br)ccc1C(=O)C2=O,O=C1C(=O)c2ccccc2-c2ccccc21,18,301.14,0,3,3.8,10542292,"1,2-benzoquinone"
Nc1ccccc1C(=O)OCCCCCCOc1cc(O)c2c(c1N)C(=O)c1ccccc1C2=O,O=C(OCCCCCCOc1ccc2c(c1)C(=O)c1ccccc1C2=O)c1ccccc1,35,474.51,9,4,4.13,118349,"1,4-naphthoquinone"
COc1cc2c3c(oc2c(C)c1O)C(=O)C(C)=CC3=O,O=C1C=CC(=O)c2c1oc1ccccc21,20,272.26,1,3,2.78,23634443,"1,4-benzoquinone"
CC(=O)N1CCN(C(=O)c2cccc(Cn3nnc4c3C(=O)c3ccccc3C4=O)c2)CC1,O=C1c2ccccc2C(=O)c2c1nnn2Cc1cccc(C(=O)N2CCNCC2)c1,33,443.46,3,5,1.41,122193594,"1,4-benzoquinone"
CCOC(=O)c1c(-c2cc(O)c3c(c2)C(=O)c2cccc(O)c2C3=O)nn(-c2cccc(F)c2)c1C(=O)OCC,O=C1c2ccccc2C(=O)c2cc(-c3ccn(-c4ccccc4)n3)ccc21,40,544.49,6,5,4.22,162652478,anthraquinone
CCC1=CC(=O)C(=O)C=C1OC,O=C1C=CC=CC1=O,12,166.18,2,1,1.0,85809821,"1,2-benzoquinone"
Cc1cc(=O)c2c(O)c3c(cc2o1)C(=O)C(=O)C(CN1CCCC1C(=O)O)=C3O,O=C1C(=O)c2cc3occc(=O)c3cc2C=C1CN1CCCC1,29,399.36,3,4,1.39,101790916,"1,2-naphthoquinone"
O=C1C(=O)c2ccccc2C2=C1SCC1(CCN(C(=O)c3nccnc3C(=O)O)CC1)O2,O=C1C(=O)c2ccccc2C2=C1SCC1(CCN(C(=O)c3cnccn3)CC1)O2,32,451.46,2,5,2.05,57661969,"1,2-naphthoquinone"
Cc1ccc(Cn2nnc3c2C(=O)c2ccccc2C3=O)cc1,O=C1c2ccccc2C(=O)c2c1nnn2Cc1ccccc1,23,303.32,2,4,2.41,849735,"1,4-naphthoquinone"
COC1=C(c2ccccc2)C(=O)C2=C(C1=O)c1ccccc1CO2,O=C1C=C(c2ccccc2)C(=O)C2=C1c1ccccc1CO2,24,318.33,2,4,3.14,3050396,"1,4-benzoquinone"
O=C1c2ccccc2C(=O)c2c(-c3ccccc3)noc21,O=C1c2ccccc2C(=O)c2c(-c3ccccc3)noc21,21,275.26,1,4,3.12,15185268,"1,4-benzoquinone"
O=C(O)CCCCCCCCCCCCC1C=CCC1,C1=CCCC1,20,280.45,13,1,5.72,117592411,"1,2-naphthoquinone"
CCOC(=O)NC1=C(N2CC2)C(=O)C(NC(=O)OCC)=C(N2CC2)C1=O,O=C1C=C(N2CC2)C(=O)C=C1N1CC1,26,364.36,6,3,-0.32,42616,"1,4-benzoquinone"
Cc1nnc(-c2cc3c(s2)C(=O)c2ccccc2C3=O)o1,O=C1c2ccccc2C(=O)c2sc(-c3nnco3)cc21,21,296.31,1,4,2.88,137632883,"1,4-benzoquinone"
CC1=C(CCCCC(=O)O)C(=O)c2ccccc2C1=O,O=C1C=CC(=O)c2ccccc21,20,272.3,5,2,3.03,10683588,"1,4-naphthoquinone"
CN(C1=C(NC(=O)c2ccccc2)C(=O)c2ccccc2C1=O)C1CCS(=O)(=O)C1,O=C(NC1=C(NC2CCS(=O)(=O)C2)C(=O)c2ccccc2C1=O)c1ccccc1,30,424.48,4,4,1.83,3342467,"1,4-benzoquinone"
Cc1cc(O)c2c(c1)C(=O)c1cc(O)c(CN3CCN(C)CC3)c(O)c1C2=O,O=C1c2ccccc2C(=O)c2cc(CN3CCNCC3)ccc21,28,382.42,2,4,1.63,155556305,anthraquinone
CCCCCCC1=C(O)C(c2c(CCCCC)cc(O)c(CCCCCC)c2O)=C(CCCCC)C(=O)C1=O,O=C1C=CC(c2ccccc2)=CC1=O,39,540.79,19,2,9.22,156021118,"1,2-benzoquinone"
O=C(O)CCCNc1cc(N2CCC3(CC2)OCCO3)c2noc3c2c1C(=O)c1ccccc1-3,O=C1c2ccccc2-c2onc3c(N4CCC5(CC4)OCCO5)ccc1c23,34,463.49,6,6,3.66,3239469,anthraquinone
O=c1c2[nH]cc[nH]c2c(=O)c2c(=O)n(Cc3cccc(-c4ccccc4F)c3)c(=O)c12,O=c1c2[nH]cc[nH]c2c(=O)c2c(=O)n(Cc3cccc(-c4ccccc4)c3)c(=O)c12,31,415.38,3,5,2.18,6096826,"1,4-benzoquinone"
O=C1C=C(N2CCCCC2)c2cc(N3CCCCC3)[nH]c(=O)c2C1=O,O=C1C=C(N2CCCCC2)c2cc(N3CCCCC3)[nH]c(=O)c2C1=O,25,341.41,2,4,1.96,13012638,"1,2-benzoquinone"
COC(=O)C1(C(=O)OC)Cc2c(c(-c3ccccc3)c3c(c2-c2ccccc2)C(=O)C=CC3=O)C1,O=C1C=CC(=O)c2c1c(-c1ccccc1)c1c(c2-c2ccccc2)CCC1,35,466.49,4,5,4.39,162656615,"1,4-naphthoquinone"
O=C1C(=O)c2ccccc2C(O)=C1CN1CCCC1,O=C1C(=O)c2ccccc2C=C1CN1CCCC1,19,257.29,2,3,1.82,20662777,"1,2-benzoquinone"
CC1=CCCC2C1(C)CCC(C)C2(C)CC1=C(O)C(NCCc2cnc[nH]2)=CC(=O)C1=O,O=C1C=C(NCCc2cnc[nH]2)C=C(CC2CCCC3C=CCCC32)C1=O,32,437.58,6,4,4.58,44586931,"1,2-benzoquinone"
O=C1C(=O)c2ccccc2C(O)=C1C(C1=C(O)c2ccccc2C(=O)C1=O)c1ccc(N(CCCl)CCCl)cc1,O=C1C(=O)c2ccccc2C=C1C(C1=Cc2ccccc2C(=O)C1=O)c1ccccc1,40,576.43,8,5,5.52,236238,"1,2-benzoquinone"
NC1=Cc2ccc3nc4ccccc4cc3c2C(=O)C1=O,O=C1C=Cc2ccc3nc4ccccc4cc3c2C1=O,21,274.28,0,4,2.45,129734590,"1,2-naphthoquinone"
CCOc1oc2c(c1C(=O)c1ccccc1)C(=O)C(=O)c1ccccc1-2,O=C1C(=O)c2c(C(=O)c3ccccc3)coc2-c2ccccc21,26,346.34,4,4,3.96,91743443,"1,2-naphthoquinone"
COC12C(COC(N)=O)C3=C(C(O)=C(C)C(=O)C3=O)N1CC1NC12,O=C1C=CC2=C(CC3C4NC4CN23)C1=O,24,335.32,3,4,-1.05,11727393,"1,2-benzoquinone"
O=C1C(=O)c2c(oc3c2CCN(CCO)C3)-c2ccccc21,O=C1C(=O)c2c(oc3c2CCNC3)-c2ccccc21,22,297.31,2,4,1.68,177658834,"1,2-benzoquinone"
CCc1c(C)cc2c(c1O)C(=O)C1=C(C2=O)C(C)(C)C(=O)C(C)(C(=O)OC)O1,O=C1COC2=C(C1)C(=O)c1ccccc1C2=O,28,386.4,2,3,2.45,16059788,"1,4-benzoquinone"
CCOC(=O)c1c(-c2cc(O)c3c(c2)C(=O)c2cccc(O)c2C3=O)nn(-c2cccc(C)c2)c1C(=O)OCC,O=C1c2ccccc2C(=O)c2cc(-c3ccn(-c4ccccc4)n3)ccc21,40,540.53,6,5,4.39,162658151,"1,4-naphthoquinone"
O=C1c2ccccc2C(=O)c2[nH]c(-c3cc[nH]c3)nc21,O=C1c2ccccc2C(=O)c2[nH]c(-c3cc[nH]c3)nc21,20,263.26,1,4,2.18,145991568,"1,4-naphthoquinone"
O=C1c2ccccc2C(=O)c2c(O)c(C(c3ccccc3F)N(CCCl)CCCl)cc(O)c21,O=C1c2ccccc2C(=O)c2cc(Cc3ccccc3)ccc21,33,488.34,7,4,4.88,122190522,"1,4-benzoquinone"
COC1=CC(=O)c2c(c(COC(=O)c3ccc(F)cc3)c(C)n2C)C1=O,O=C(OCc1c[nH]c2c1C(=O)C=CC2=O)c1ccccc1,26,357.34,4,3,2.74,10832157,"1,4-benzoquinone"
O=C(C=Cc1ccc(C=CC(=O)c2cccc3c2C(=O)c2ccccc2C3=O)cc1)c1ccc(F)cc1,O=C(C=Cc1ccc(C=CC(=O)c2cccc3c2C(=O)c2ccccc2C3=O)cc1)c1ccccc1,37,486.5,6,5,6.39,118719430,anthraquinone
CCc1ccc2c(c1C1=C(O)c3ccccc3C(=O)C1=O)C(=O)c1ccccc1C2=O,O=C1C(=O)c2ccccc2C=C1c1cccc2c1C(=O)c1ccccc1C2=O,31,408.41,2,5,4.22,135021665,"1,2-naphthoquinone"
NCCNCCNc1ccc(F)c2c1C(=O)c1c(O)ccc(O)c1C2=O,O=C1c2ccccc2C(=O)c2ccccc21,26,359.36,6,3,0.97,156018830,anthraquinone
Nc1ccc(NC2=C(Cl)C(=O)c3ccccc3C2=O)cc1,O=C1C=C(Nc2ccccc2)C(=O)c2ccccc21,21,298.73,2,3,3.21,626904,"1,4-benzoquinone"
O=c1ccc2oc3ccccc3oc=2c1=O,O=c1ccc2oc3ccccc3oc=2c1=O,16,214.18,0,3,1.47,142762505,"1,2-benzoquinone"
CC1=COC2=C(C)C(=O)C(=O)c3c(CCC(C)C)ccc1c32,O=C1C=C2OC=Cc3cccc(c32)C1=O,22,296.37,3,3,4.16,44406008,"1,2-benzoquinone"
COC(=O)c1c(NCc2ccc(OC)cc2)c(=O)c(=O)c2oc3cc(N(C)C)ccc3[nH]c1=2,O=c1c(NCc2ccccc2)cc2[nH]c3ccccc3oc=2c1=O,33,449.46,6,4,2.68,127025357,"1,2-benzoquinone"
Cc1c2ccccc2c(C)c2c1ccc1ooc12,c1ccc2cc3c(ccc4ooc43)cc2c1,18,236.27,0,4,4.95,129771259,"1,2-naphthoquinone"
O=C1c2ccsc2C(=O)c2ccsc21,O=C1c2ccsc2C(=O)c2ccsc21,14,220.27,0,3,2.59,288478,"1,4-benzoquinone"
O=C1c2ccccc2C(=O)c2c1cc(NCc1ccc(C(F)(F)F)cc1)c1nsnc21,O=C1c2ccccc2C(=O)c2c1cc(NCc1ccccc1)c1nsnc21,31,439.42,3,5,5.1,74223383,anthraquinone
O=C1C(=O)c2ccccc2C(O)=C1CCCCCCCCC1=C(O)c2ccccc2C(=O)C1=O,O=C1C(=O)c2ccccc2C=C1CCCCCCCCC1=Cc2ccccc2C(=O)C1=O,34,458.51,9,4,5.58,44332319,"1,2-benzoquinone"
CC(C)=CC1CC(C)c2c(O)cc(C)c3c2C1=C(C)C(=O)C3=O,O=C1C=C2CCCc3cccc(c32)C1=O,23,310.39,1,3,4.33,397069,"1,2-benzoquinone"
FC(F)(F)S1(C(F)(F)F)Oc2ccccc2O1,c1ccc2c(c1)OSO2,17,278.17,0,2,4.13,21730956,"1,2-benzoquinone"
CC(C)C1=CC2=C(CC3(O)CCCC(C)(C)C3CC2)C(=O)C1=O,O=C1C=CC2=C(CC3CCCCC3CC2)C1=O,23,316.44,1,3,3.76,11659688,"1,2-benzoquinone"
COCCOc1cc2ncnc(NC3=CC(=O)C(OC(CF)CF)=CC3=O)c2cc1OC,O=C1C=CC(=O)C(Nc2ncnc3ccccc23)=C1,32,449.41,11,3,2.32,11612103,"1,4-benzoquinone"
COC1=CC(=O)C(=O)c2ccccc21,O=C1C=Cc2ccccc2C1=O,14,188.18,1,2,1.44,594762,"1,2-benzoquinone"
O=C(CCN1CCNCC1)Nc1ccc2c(c1)C(=O)c1cc(NC(=O)CCN3CCNCC3)ccc1C2=O,O=C(CCN1CCNCC1)Nc1ccc2c(c1)C(=O)c1cc(NC(=O)CCN3CCNCC3)ccc1C2=O,38,518.62,8,5,0.93,44242845,"1,4-benzoquinone"
CCC(C)(C)C1CCC(CC2=C(O)c3ccccc3C(=O)C2=O)CC1,O=C1C(=O)c2ccccc2C=C1CC1CCCCC1,25,340.46,4,3,5.35,13175544,"1,2-naphthoquinone"
CC(C)(C)OC(=O)N1CCC(n2cc(-c3cccc4c3C(=O)c3ccccc3C4=O)cn2)CC1,O=C1c2ccccc2C(=O)c2c1cccc2-c1cnn(C2CCNCC2)c1,34,457.53,2,5,4.9,154697562,anthraquinone
COC12C(CO)C3=C(C(=O)C(C)=C(N)C3=O)N1CC1NC12,O=C1C=CC(=O)C2=C1CC1C3NC3CN21,21,291.31,2,4,-1.75,10424358,"1,4-benzoquinone"
O=C(Nc1ccccc1)c1ccc2c3c(onc13)-c1ccccc1C2=O,O=C(Nc1ccccc1)c1ccc2c3c(onc13)-c1ccccc1C2=O,26,340.34,2,5,4.29,915783,anthraquinone
O=C1C(Nc2ccc(-c3ccccn3)cc2)=CC(=O)c2ncncc21,O=C1C(Nc2ccc(-c3ccccn3)cc2)=CC(=O)c2ncncc21,25,328.33,3,4,2.91,139557466,"1,4-benzoquinone"
COC1=C(C(C)C)C(=O)C=C(COC(Cn2cncn2)c2ccc(F)cc2F)C1=O,O=C1C=CC(=O)C(COC(Cn2cncn2)c2ccccc2)=C1,30,417.41,8,3,2.95,101905290,"1,4-benzoquinone"
COC(=O)C=Cc1cccc(CNC2=CC(=O)c3ncccc3C2=O)c1,O=C1C(NCc2ccccc2)=CC(=O)c2ncccc21,26,348.36,5,3,2.32,145949863,"1,4-benzoquinone"
COC12C(COC(N)=O)C3=C(C(=O)C(C)=C(N)C3=O)N1CC1NC12,O=C1C=CC(=O)C2=C1CC1C3NC3CN21,24,334.33,3,4,-1.65,5746,"1,4-benzoquinone"
COC(=O)c1nc(-c2ccc3c(n2)C(=O)C(N)=CC3=O)c2[nH]c3ccccc3c2c1C,O=C1C=CC(=O)c2nc(-c3nccc4c3[nH]c3ccccc34)ccc21,31,412.41,2,5,3.09,10093081,"1,4-benzoquinone"
COc1cccc2c1C(=O)c1ccc3c(c1C2=O)C(=O)CC(C)(O)C3O,O=C1c2ccccc2C(=O)c2c1ccc1c2C(=O)CCC1,26,352.34,1,4,1.84,124116235,anthraquinone
O=C1C(Cl)=C(Cl)C(=O)c2c(O)ccc(O)c21,O=C1C=CC(=O)c2ccccc21,16,259.04,0,2,2.17,137321687,"1,4-benzoquinone"
Cc1cc2c(c3oc(C4(C5CO5)CO4)cc(=O)c13)C(=O)c1c(O)cccc1C2=O,O=C1c2ccccc2C(=O)c2c1ccc1c(=O)cc(C3(C4CO4)CO3)oc21,29,390.35,2,6,2.21,128448,"1,4-benzoquinone"
COc1cc(C(C2=C(O)c3ccccc3C(=O)C2=O)C2C(=O)c3ccccc3C(=O)C2O)cc(Br)c1O,O=C1C(=O)c2ccccc2C=C1C(c1ccccc1)C1CC(=O)c2ccccc2C1=O,37,563.36,4,5,4.04,44282090,"1,2-benzoquinone"
O=C1c2ccccc2C(=O)c2cc(OCC(O)CN3CCCCC3)ccc21,O=C1c2ccccc2C(=O)c2cc(OCCCN3CCCCC3)ccc21,27,365.43,5,4,2.69,3462291,anthraquinone
CN(C)CCC(=O)Nc1ccc(NC(=O)CCN(C)C)c2c1C(=O)c1ccccc1C2=O,O=C1c2ccccc2C(=O)c2ccccc21,32,436.51,8,3,2.24,146549,"1,4-benzoquinone"
CN(CCc1ccccc1)C(=O)c1cc(O)c2c(c1)C(=O)c1cccc(O)c1C2=O,O=C(NCCc1ccccc1)c1ccc2c(c1)C(=O)c1ccccc1C2=O,30,401.42,4,4,3.19,171785316,anthraquinone
O=C1c2ccccc2C(=O)c2c1[nH]c1ccccc21,O=C1c2ccccc2C(=O)c2c1[nH]c1ccccc21,19,247.25,0,4,2.94,11436556,"1,4-benzoquinone"
CC(C)=CC=CC1(C)CCC2=C(O1)C(CC=C(C)C)=C(C)C(=O)C2=O,O=C1C=CC2=C(CCCO2)C1=O,25,340.46,4,2,5.16,163004757,"1,2-benzoquinone"
COc1c(O)c(C)c(O)c2c1C(=O)c1c(cc(O)c3c1C(c1ccccc1)OC3=O)C2=O,O=C1c2ccccc2C(=O)c2c1ccc1c2C(c2ccccc2)OC1=O,32,432.38,2,5,3.16,101644030,anthraquinone
CC(C)=CCC(O)C1(C)c2c(O)cc3c(c2OC1C)C(O)=C(C)C(=O)C3=O,O=C1C=Cc2c(ccc3c2OCC3)C1=O,27,372.42,3,3,3.2,156582646,"1,2-benzoquinone"
Cc1cc(Nc2ccccc2)c2c(c1N)C(=O)c1ccccc1C2=O,O=C1c2ccccc2C(=O)c2c(Nc3ccccc3)cccc21,25,328.37,2,4,4.1,46228549,anthraquinone
Cc1ccc(SC2=C(Sc3ccc(C)cc3)C(=O)c3ccccc3C2=O)cc1,O=C1C(Sc2ccccc2)=C(Sc2ccccc2)C(=O)c2ccccc21,28,402.54,4,4,6.48,312601,"1,4-benzoquinone"
O=C1C(=O)c2ccc3ccccc3c2C=C1C(=O)c1ccccc1,O=C1C(=O)c2ccc3ccccc3c2C=C1C(=O)c1ccccc1,24,312.32,2,4,3.87,129647003,"1,2-naphthoquinone"
CC12CCC3C4=CC(=O)C(=O)C=C4CCC3C1CCC2O,O=C1C=C2CCC3C(CCC4CCCC43)C2=CC1=O,21,286.37,0,4,2.59,131769816,"1,2-benzoquinone"
Cc1ccc2c(c1)C(Cl)=CC(=O)C2=O,O=C1C=Cc2ccccc2C1=O,14,206.63,0,2,2.34,86073924,"1,2-benzoquinone"
CC1CCCN(c2cc(Nc3cccc(C(=O)O)c3)c3c4c(onc24)-c2ccccc2C3=O)C1,O=C1c2ccccc2-c2onc3c(N4CCCCC4)cc(Nc4ccccc4)c1c23,34,453.5,4,6,5.72,3281693,"1,4-benzoquinone"
O=C1C=CC2=C(Cc3ccccc3S2)C1=O,O=C1C=CC2=C(Cc3ccccc3S2)C1=O,16,228.27,0,3,2.3,129694250,"1,2-benzoquinone"
CC(=O)c1c2c(c(C)n1-c1ccccc1C(=O)O)C(=O)c1c(O)cccc1C2=O,O=C1c2ccccc2C(=O)c2cn(-c3ccccc3)cc21,29,389.36,3,4,3.17,11486064,"1,4-naphthoquinone"
O=C1C=C(Nc2ccc3ccccc3c2[N+](=O)[O-])c2ccccc2C1=O,O=C1C=C(Nc2ccc3ccccc3c2)c2ccccc2C1=O,26,344.33,3,4,3.97,420591,"1,2-benzoquinone"
O=C1c2cc(O)cc(O)c2C(=O)c2c1cc1c(c2O)C2CCOC2O1,O=C1c2ccccc2C(=O)c2cc3c(cc21)OC1OCCC31,25,340.29,0,5,1.8,107849,"1,4-benzoquinone"
Cc1c2c(cc(O)c1-c1cc(O)cc(=O)o1)C(=O)c1cc3cc(O)cc(O)c3c(O)c1C2=O,O=C1c2ccc(-c3cccc(=O)o3)cc2C(=O)c2cc3ccccc3cc21,33,446.37,1,5,3.07,101888872,anthraquinone
O=C1C(=O)c2ccccc2C(O)=C1C(C1=C(O)c2ccccc2C(=O)C1=O)c1ccccc1O,O=C1C(=O)c2ccccc2C=C1C(C1=Cc2ccccc2C(=O)C1=O)c1ccccc1,34,452.42,3,5,3.95,272650,"1,2-naphthoquinone"
Cc1ccc(C(O)c2cc(O)c3c(c2O)C(=O)c2ccccc2C3=O)s1,O=C1c2ccccc2C(=O)c2cc(Cc3cccs3)ccc21,26,366.39,2,4,3.32,141750621,anthraquinone
O=C1C(=O)c2ccccc2C2=C1SCC1(CCN(c3ccccn3)CC1)O2,O=C1C(=O)c2ccccc2C2=C1SCC1(CCN(c3ccccn3)CC1)O2,27,378.45,1,5,3.32,57661984,"1,2-naphthoquinone"
COc1cc(OC)c2c(c1)C(=O)c1cc(CN(CCO)CCO)cc(OC)c1C2=O,O=C1c2ccccc2C(=O)c2ccccc21,30,415.44,9,3,1.27,13970932,anthraquinone
CC(=O)Oc1nc2c(n1C)C(=O)C(C)=C(N1CC1)C2=O,O=C1C(N2CC2)=CC(=O)c2[nH]cnc21,20,275.26,2,3,0.31,44384435,"1,4-benzoquinone"
COc1ccc(C(=O)Nc2cccc3c2C(=O)c2cccc(NC(=O)c4ccc(OC)cc4)c2C3=O)cc1,O=C(Nc1cccc2c1C(=O)c1cccc(NC(=O)c3ccccc3)c1C2=O)c1ccccc1,38,506.51,6,5,4.98,20348215,anthraquinone
O=C1c2cccnc2C(=O)c2ncccc21,O=C1c2cccnc2C(=O)c2ncccc21,16,210.19,0,3,1.25,11063694,"1,4-benzoquinone"
O=C1C=C(NC(c2ccccc2)c2ccccc2)c2ccccc2C1=O,O=C1C=C(NC(c2ccccc2)c2ccccc2)c2ccccc2C1=O,26,339.39,4,4,4.17,14813024,"1,2-naphthoquinone"
COc1ccc(CNc2ccc(OS(=O)(=O)c3ccc(C)cc3)c3c2C(=O)c2ccccc2C3=O)cc1,O=C1c2ccccc2C(=O)c2c(OS(=O)(=O)c3ccccc3)ccc(NCc3ccccc3)c21,37,513.57,7,5,5.16,72546227,"1,4-benzoquinone"
O=C1C(=O)c2ccccc2C(O)=C1CCCc1ccc2c(c1)CCC2,O=C1C(=O)c2ccccc2C=C1CCCc1ccc2c(c1)CCC2,25,332.4,4,4,4.23,269020,"1,2-naphthoquinone"
O=C1C=C(Nc2nc(C(=O)O)cc(=O)[nH]2)c2ccccc2C1=O,O=C1C=C(Nc2nccc(=O)[nH]2)c2ccccc2C1=O,23,311.25,3,3,0.69,135451595,"1,2-benzoquinone"
O=C(CCN1CCCC1)Nc1cccc2c1C(=O)c1cccc(NC(=O)CCN3CCCC3)c1C2=O,O=C(CCN1CCCC1)Nc1cccc2c1C(=O)c1cccc(NC(=O)CCN3CCCC3)c1C2=O,36,488.59,8,5,3.31,10696358,"1,4-benzoquinone"
O=C1c2ccncc2C(=O)c2c1[nH]c1ccccc21,O=C1c2ccncc2C(=O)c2c1[nH]c1ccccc21,19,248.24,0,4,2.34,343549,"1,4-benzoquinone"
CC(C)NCC(=O)Nc1ccc2c(c1)C(=O)c1cc(NC(=O)CNC(C)C)ccc1C2=O,O=C1c2ccccc2C(=O)c2ccccc21,32,436.51,8,3,2.33,44568764,"1,4-benzoquinone"
CC1OC(OC2CC(O)(C(=O)CO)Cc3c2cc2c(c3O)C(=O)c3cccc(O)c3C2=O)CC(N)C1O,O=C1c2ccccc2C(=O)c2cc3c(cc21)CCCC3OC1CCCCO1,37,513.5,4,5,-0.01,13453504,anthraquinone
O=C1c2ccccc2C(=O)c2cc(S(=O)(=O)NC3CCC3)ccc21,O=C1c2ccccc2C(=O)c2cc(S(=O)(=O)NC3CCC3)ccc21,24,341.39,3,4,2.29,3870576,anthraquinone
COc1c(O)c(O)c2c(c1O)C(=O)c1cc(C)cc(OC3OC(CO)C(O)C(O)C3O)c1C2=O,O=C1c2ccccc2C(=O)c2c(OC3CCCCO3)cccc21,34,478.41,4,4,-0.93,163191035,anthraquinone
Cc1ccnc2c1-c1cccnc1C(=O)C2=O,O=C1C(=O)c2ncccc2-c2cccnc21,17,224.22,0,3,1.83,134986792,"1,2-benzoquinone"
O=C1C(Cl)=C(SCc2ccccc2)C(=O)c2ccccc21,O=C1C=C(SCc2ccccc2)C(=O)c2ccccc21,21,314.79,3,3,4.45,52589,"1,4-benzoquinone"
Cc1nc2c(n1C1CCCCC1)C(=O)c1ccccc1C2=O,O=C1c2ccccc2C(=O)c2c1ncn2C1CCCCC1,22,294.35,1,4,3.47,4065173,"1,4-benzoquinone"
CC1(C)OC2=C(C(=O)C(=O)c3ccccc32)C1O,O=C1C(=O)c2ccccc2C2=C1CCO2,18,244.25,0,3,1.33,44585376,"1,2-benzoquinone"
O=C1C=C(Oc2ccc(F)cc2)c2ccccc2C1=O,O=C1C=C(Oc2ccccc2)c2ccccc2C1=O,20,268.24,2,3,3.01,137635195,"1,2-benzoquinone"
CC(=O)Nc1ccc(S(=O)(=O)NC2=C(N3CCN(Cc4ccccc4)CC3)C(=O)c3ccccc3C2=O)cc1,O=C1C(NS(=O)(=O)c2ccccc2)=C(N2CCN(Cc3ccccc3)CC2)C(=O)c2ccccc21,39,544.63,7,5,3.03,3799497,"1,4-benzoquinone"
Cn1c2ccccc2c2ccc3c(c21)C(=O)C=CC3=O,O=C1C=CC(=O)c2c1ccc1c2[nH]c2ccccc21,20,261.28,0,4,3.27,261066,"1,4-benzoquinone"
Cc1cc2c(c3oc(C(C)O)cc13)C(=O)c1c(O)cccc1C2=O,O=C1c2ccccc2C(=O)c2c1ccc1ccoc21,24,322.32,1,4,3.28,122183440,anthraquinone
C=CC1=CC=CC(=O)C1=O,O=C1C=CC=CC1=O,10,134.13,1,1,0.81,129669616,"1,2-benzoquinone"
c1ccc(-c2c3ccccc3c(-c3ccccc3)c3c2ccc2ooc23)cc1,c1ccc(-c2c3ccccc3c(-c3ccccc3)c3c2ccc2ooc23)cc1,28,360.41,2,6,7.67,129698229,"1,2-naphthoquinone"
COc1ccccc1C(C1=C(O)c2ccccc2C(=O)C1=O)C1=C(O)c2ccccc2C(=O)C1=O,O=C1C(=O)c2ccccc2C=C1C(C1=Cc2ccccc2C(=O)C1=O)c1ccccc1,35,466.45,4,5,4.25,139221775,"1,2-naphthoquinone"
CC1=C(N2CC2)C(=O)C(Cl)=C(N2CC2)C1=O,O=C1C=C(N2CC2)C(=O)C=C1N1CC1,16,238.67,2,3,0.49,180320,"1,4-benzoquinone"
COc1ccc(NC2=C(N3CCCCC3)C(=O)c3ccccc3C2=O)cc1,O=C1C(Nc2ccccc2)=C(N2CCCCC2)C(=O)c2ccccc21,27,362.43,4,4,3.88,1389332,"1,4-benzoquinone"
O=C(O)CSc1cc(O)c2c(c1O)C(=O)c1ccccc1C2=O,O=C1c2ccccc2C(=O)c2ccccc21,23,330.32,3,3,2.05,24206299,"1,4-benzoquinone"
Cc1cccc2c3c(ccc12)-c1occ(CN2CCN(CCO)CC2)c1C(=O)C3=O,O=C1C(=O)c2c(ccc3ccccc23)-c2occ(CN3CCNCC3)c21,30,404.47,4,5,2.9,137645111,"1,2-benzoquinone"
CCOC(=O)c1ccc(CCC2=C(c3ccccc3)c3ccccc3C(=O)C2=O)cc1,O=C1C(=O)c2ccccc2C(c2ccccc2)=C1CCc1ccccc1,31,410.47,6,4,5.06,44301247,"1,2-benzoquinone"
CCc1nc2c([nH]1)C(=O)C(=O)c1cc(CCc3ccc(F)cc3)ccc1-2,O=C1C(=O)c2[nH]cnc2-c2ccc(CCc3ccccc3)cc21,26,348.38,4,4,3.94,157338846,"1,2-benzoquinone"
COC1=C2CC(C)CC(OC)C(O)C(C)C=C(C)C(OC(N)=O)C(OC)CCC=C(C)C(=O)NC(=CC1=O)C2=O,O=C1C=C2CCCCCCC=CCCCCC=CC(=O)NC(=C1)C2=O,40,562.66,4,2,2.63,15222269,"1,4-benzoquinone"
COCCCNS(=O)(=O)c1ccc(Oc2cc(O)c3c(c2N)C(=O)c2ccccc2C3=O)cc1,O=C1c2ccccc2C(=O)c2cc(Oc3ccccc3)ccc21,34,482.51,8,4,2.86,3018605,anthraquinone
Cc1ccc(S(=O)(=O)Oc2ccc(OCCOCCO)c3c2C(=O)c2ccccc2C3=O)cc1,O=C1c2ccccc2C(=O)c2c(OS(=O)(=O)c3ccccc3)cccc21,34,482.51,9,4,2.93,72546228,anthraquinone
Cc1cccc2c3c(ccc12)-c1oc2c(c1C(=O)C3=O)CCN(CCCn1ccnc1)C2,O=C1C(=O)c2c(ccc3ccccc23)-c2oc3c(c21)CCN(CCCn1ccnc1)C3,32,425.49,4,6,4.43,172443302,"1,2-benzoquinone"
O=C1C=C(Nc2ccccc2)C(=O)c2cnccc21,O=C1C=C(Nc2ccccc2)C(=O)c2cnccc21,19,250.26,2,3,2.46,10014990,"1,4-benzoquinone"
CC(=O)OC1CC(=O)C(C)C(C)(C=CC(C)=CCC2=C(O)C(Cl)=C(C)C(=O)C2=O)C1C,O=C1CCCC(C=CC=CCC2=CC=CC(=O)C2=O)C1,31,448.94,5,2,4.54,170990467,"1,2-benzoquinone"
Cc1c2c(cc3c1C(=O)C(=O)C(C(C)CO)=C3O)C(C)(C)CCC2,O=C1C=Cc2cc3c(cc2C1=O)CCCC3,24,328.41,2,3,3.27,389887,"1,2-benzoquinone"
O=C1C(=O)c2ccccc2C(O)=C1c1ccccc1[N+](=O)[O-],O=C1C(=O)c2ccccc2C=C1c1ccccc1,22,295.25,2,3,2.79,11415186,"1,2-benzoquinone"
CC(=O)CC1(C)Oc2c(C)c(O)c3c(c2C1=O)C(O)=C(C)C(=O)C3=O,O=C1C=Cc2c(ccc3c2C(=O)CO3)C1=O,25,344.32,2,3,2.07,99774,"1,2-naphthoquinone"
CC(=O)NC1=CC(=O)c2nonc2C1=O,O=C1C=CC(=O)c2nonc21,15,207.14,1,2,-0.53,610143,"1,4-benzoquinone"
CC(C)CC(C)NC1=CC(=O)C(Nc2ccccc2)=CC1=O,O=C1C=CC(=O)C(Nc2ccccc2)=C1,22,298.39,6,2,3.04,154926030,"1,4-benzoquinone"
O=C1C=C(NC(=O)C2CCCCC2)c2ncccc2C1=O,O=C1C=C(NC(=O)C2CCCCC2)c2ncccc2C1=O,21,284.31,2,3,1.88,363476,"1,2-benzoquinone"
Cc1ccc(-n2c(-c3ccc(F)cc3)nc3c2C(=O)c2ccccc2C3=O)cc1,O=C1c2ccccc2C(=O)c2c1nc(-c1ccccc1)n2-c1ccccc1,29,382.39,2,5,4.76,5103425,"1,4-naphthoquinone"
C=C1CCC2C(C)(C)CCCC2(C)C1CC1=C(O)C(=O)C=C(OC)C1=O,C=C1CCC2CCCCC2C1CC1=CC(=O)C=CC1=O,26,358.48,3,3,4.67,11187469,"1,4-benzoquinone"
Cc1cc(O)c2c(c1)C(C13Cc4cc(O)c5c(c4C1C=CC(=O)C3O)C(=O)c1c(O)ccc(O)c1C5=O)OC2=O,O=C1C=CC2c3c(ccc4c3C(=O)c3ccccc3C4=O)CC2(C2OC(=O)c3ccccc32)C1,40,540.48,1,7,2.63,139587365,anthraquinone
COc1ccc(OC)c(NC2=CC(=O)c3cnc4cccc(O)c4c3C2=O)c1,O=C1C=C(Nc2ccccc2)C(=O)c2c1cnc1ccccc21,28,376.37,4,4,3.33,136007849,"1,4-benzoquinone"
NC1CCN(C(=O)c2csc3c2C(=O)c2c(c(O)c4ccccc4c2O)C3=O)C1,O=C1c2cc3ccccc3cc2C(=O)c2c(C(=O)N3CCCC3)csc21,29,408.44,1,5,2.26,162662398,"1,4-naphthoquinone"
Cc1ccc(N(C)C2=CC(=O)C(=O)c3ccccc32)cc1,O=C1C=C(Nc2ccccc2)c2ccccc2C1=O,21,277.32,2,3,3.24,137643802,"1,2-benzoquinone"
COc1cccc(NCc2oc3c(c2C)C(=O)C(=O)c2ccccc2-3)c1,O=C1C(=O)c2cc(CNc3ccccc3)oc2-c2ccccc21,26,347.37,4,4,4.25,90682689,"1,2-benzoquinone"
CN1CCN(CCOC(=O)c2c3c(n4cccc(F)c24)C(=O)c2ncccc2C3=O)CC1,O=C1c2cccnc2C(=O)c2c1c(C(=O)OCCN1CCNCC1)c1ccccn21,32,436.44,4,5,1.65,145951464,"1,4-benzoquinone"
COC1=CC(=O)C2=C(CCc3cc(O)ccc32)C1=O,O=C1C=CC(=O)C2=C1CCc1ccccc12,19,256.26,1,3,1.77,10038025,"1,4-benzoquinone"
Cc1cc2c(cc1C)-c1oc(CN3CCN4CCCC4C3)c(C)c1C(=O)C2=O,O=C1C(=O)c2cc(CN3CCN4CCCC4C3)oc2-c2ccccc21,28,378.47,2,5,3.53,164615449,"1,2-benzoquinone"
Cc1cccc2c3c(ccc12)-c1occ(CN2CCC(O)CC2)c1C(=O)C3=O,O=C1C(=O)c2c(ccc3ccccc23)-c2occ(CN3CCCCC3)c21,28,375.42,2,5,3.74,137637835,"1,2-benzoquinone"
O=C1c2ccccc2C(=O)c2c1nnn2-c1ccc2[nH]ncc2c1,O=C1c2ccccc2C(=O)c2c1nnn2-c1ccc2[nH]ncc2c1,24,315.29,1,5,1.92,162664106,"1,4-naphthoquinone"
CCOC(=O)c1ccc2nc3c(nc2c1)C(=O)c1ccccc1C3=O,O=C1c2ccccc2C(=O)c2nc3ccccc3nc21,25,332.32,2,4,2.58,4372959,"1,4-benzoquinone"
O=C1C(=O)c2cc(Cl)ccc2-c2ccc(Cl)cc21,O=C1C(=O)c2ccccc2-c2ccccc21,18,277.11,0,3,4.04,265855,"1,2-benzoquinone"
O=C1c2ccccc2C(=O)c2c(OCCCCOc3ccccc3)cccc21,O=C1c2ccccc2C(=O)c2c(OCCCCOc3ccccc3)cccc21,28,372.42,7,4,4.7,42631250,"1,4-naphthoquinone"
O=C(CNC(=O)C1CCCN1)Nc1ccc2c(c1)C(=O)c1ccc(NC(=O)CNC(=O)C3CCCN3)cc1C2=O,O=C(CNC(=O)C1CCCN1)Nc1ccc2c(c1)C(=O)c1ccc(NC(=O)CNC(=O)C3CCCN3)cc1C2=O,40,546.58,8,5,0.08,25108397,anthraquinone
CC(C)CNc1cc(Nc2ccc(N3CCOCC3)cc2)c2c3c(onc13)-c1ccccc1C2=O,O=C1c2ccccc2-c2onc3ccc(Nc4ccc(N5CCOCC5)cc4)c1c23,35,468.56,6,6,5.69,171785319,anthraquinone
O=C1C=Cc2c(ccc3ccccc23)C1=O,O=C1C=Cc2c(ccc3ccccc23)C1=O,16,208.22,0,3,2.62,3080566,"1,2-benzoquinone"
COCCOc1cc2ncnc(NC3=CC(=O)C(N4CCCC4)=CC3=O)c2cc1OC,O=C1C=C(N2CCCC2)C(=O)C=C1Nc1ncnc2ccccc12,31,424.46,8,4,2.09,11553614,"1,4-benzoquinone"
Cc1cc(O)c2c(c1O)C(=O)c1cc(O)cc(O)c1C2=O,O=C1c2ccccc2C(=O)c2ccccc21,21,286.24,0,3,1.59,10150,"1,4-benzoquinone"
COC1=C(C)C(=O)C(C=C(CCCCCc2cccnc2)C(=O)O)=C(C)C1=O,O=C1C=CC(=O)C(C=CCCCCCc2cccnc2)=C1,28,383.44,9,2,3.58,9843006,"1,4-benzoquinone"
COC1=CC(=O)c2c(O)c3c(c(O)c2C1=O)OC1(Oc2c(cc4cc(C)oc(=O)c4c2O)CC1O)C3O,O=C1C=CC(=O)c2cc3c(cc21)CC1(CCc2cc4ccoc(=O)c4cc2O1)O3,37,510.41,1,6,1.25,5358914,"1,4-naphthoquinone"
CC1CN(CCCN2CCc3c(oc4c3C(=O)C(=O)c3ccccc3-4)C2=O)CCO1,O=C1C(=O)c2c(oc3c2CCN(CCCN2CCOCC2)C3=O)-c2ccccc21,30,408.45,4,5,2.43,178296350,"1,2-benzoquinone"
CCCCC(C1=C(C)C(=O)C(C)=C(C)C1=O)c1cccnc1,O=C1C=CC(=O)C(Cc2cccnc2)=C1,22,297.4,5,2,4.16,14277772,"1,4-benzoquinone"
CC(C)C1=Cc2ccc3c(c2C(=O)C1=O)CCCC3(C)C,O=C1C=Cc2ccc3c(c2C1=O)CCCC3,21,282.38,1,3,4.11,160142,"1,2-benzoquinone"
COCCOc1cc2ncnc(NC3=CC(=O)C(OC(CF)CF)=C(Cl)C3=O)c2cc1OC,O=C1C=CC(=O)C(Nc2ncnc3ccccc23)=C1,33,483.86,11,3,2.89,11569270,"1,4-benzoquinone"
Cc1cc(O)c2c(c1)C(=O)C=C(c1c(C)cc(O)c3c1C(=O)C=CC3=O)C2=O,O=C1C=C(c2cccc3c2C(=O)C=CC3=O)C(=O)c2ccccc21,28,374.35,1,4,3.11,16072922,"1,4-benzoquinone"
CC(C)(COC(=O)c1ccc2c(c1)OCO2)CC1=C(O)c2ccccc2C(=O)C1=O,O=C1C(=O)c2ccccc2C=C1CCCOC(=O)c1ccc2c(c1)OCO2,30,408.41,5,4,3.72,465430,"1,2-benzoquinone"
CCc1nsc2c1C(=O)c1c(O)cccc1C2=O,O=C1c2ccccc2C(=O)c2sncc21,18,259.29,1,3,2.19,156013664,"1,4-naphthoquinone"
C=CC=CC1=C(CCCC(O)C(C)(C)O)C(=O)C(=O)C(C(C)C)=C1,O=C1C=CC=CC1=O,24,332.44,8,1,3.06,129675182,"1,2-benzoquinone"
CC(C)=CCC1=CC(=O)c2ccccc2C1=O,O=C1C=CC(=O)c2ccccc21,17,226.28,2,2,3.35,97448,"1,4-benzoquinone"
CN1C(=O)C(O)(C2=C3OCOC3=CC(=O)C2=O)c2ccccc21,O=C1C=C2OCOC2=C(C2C(=O)Nc3ccccc32)C1=O,23,313.27,1,4,0.14,356485,"1,2-benzoquinone"
COc1cc2c(c(O)c1O)C(=O)c1c(cc(C)c(C(=O)O)c1O)C2=O,O=C1c2ccccc2C(=O)c2ccccc21,25,344.28,2,3,1.59,162899331,anthraquinone
COC12C(COC(N)=O)C3=C(C(=O)C4=C(Nc5ccccc5SC4)C3=O)N1CC1NC12,O=C1C2=C(C(=O)C3=C1Nc1ccccc1SC3)N1CC3NC3C1C2,31,440.48,3,6,0.59,10410980,"1,4-benzoquinone"
O=C1C(=O)c2ccc(-c3ccncc3)cc2C2=C1SCC1(CCN(C(=O)c3cccc(Cl)c3)CC1)O2,O=C1C(=O)c2ccc(-c3ccncc3)cc2C2=C1SCC1(CCN(C(=O)c3ccccc3)CC1)O2,36,517.01,2,6,5.27,57661854,"1,2-naphthoquinone"
Cc1cc(O)c2c(c1)C(=O)c1c(c(O)c(-c3cccnc3)c(O)c1-c1cccnc1)C2=O,O=C1c2ccccc2C(=O)c2c1cc(-c1cccnc1)cc2-c1cccnc1,32,424.41,2,5,4.01,137647506,anthraquinone
O=C1C(Nc2cccc(F)c2)=CC(=O)c2ncccc21,O=C1C(Nc2ccccc2)=CC(=O)c2ncccc21,20,268.25,2,3,2.6,10445727,"1,4-benzoquinone"
CCCCCCCCCC1=C(O)c2ccsc2C(=O)C1=O,O=C1C=Cc2ccsc2C1=O,21,306.43,8,2,4.92,44370295,"1,2-benzoquinone"
CC(=O)NC1=CC(=O)C(NCCN2CCCC2)=CC1=O,O=C1C=CC(=O)C(NCCN2CCCC2)=C1,20,277.32,5,2,-0.27,137653161,"1,4-benzoquinone"
O=C1CCN(C(=O)c2cc3c(o2)C(=O)c2ccccc2C3=O)CC1,O=C1CCN(C(=O)c2cc3c(o2)C(=O)c2ccccc2C3=O)CC1,24,323.3,1,4,1.86,155532309,"1,4-naphthoquinone"
O=C1CCN(c2cc(Nc3cccc(F)c3)c3c4c(onc24)-c2ccccc2C3=O)CC1,O=C1CCN(c2cc(Nc3ccccc3)c3c4c(onc24)-c2ccccc2C3=O)CC1,32,427.44,3,6,5.09,4256478,"1,4-naphthoquinone"
CCOC(C)CC1=C(O)C2=C(C(=O)C1=O)C1(C)CCC(C)=C(C)C1C(O)C2O,O=C1C=CC2=C(C1=O)C1CCC=CC1CC2,28,390.48,4,3,2.55,5316005,"1,2-benzoquinone"
O=C1C(=O)c2[nH]cc3c2C2=C1CNCCCN2C(C(=O)O)C3,O=C1C(=O)c2[nH]cc3c2C2=C1CNCCCN2CC3,22,301.3,1,4,-0.2,156582712,"1,2-benzoquinone"
O=C1CC2OC(c3cccc(O)c3)C3=C(C(=O)c4ccccc4C3=O)C2O1,O=C1CC2OC(c3ccccc3)C3=C(C(=O)c4ccccc4C3=O)C2O1,27,362.34,1,5,2.52,42618244,"1,4-benzoquinone"
CC1(C)OC2=C(CC1Sc1ccccc1)C(=O)C(=O)c1ccccc12,O=C1C(=O)c2ccccc2C2=C1CC(Sc1ccccc1)CO2,25,350.44,2,4,4.52,122187684,"1,2-benzoquinone"
CN(C)c1ccc(-c2nc3c4c(ccc3[nH]2)C(=O)c2ccccc2C4=O)cc1,O=C1c2ccccc2C(=O)c2c1ccc1[nH]c(-c3ccccc3)nc21,28,367.41,2,5,4.07,44251214,"1,4-benzoquinone"
NCCNCCNc1ccc(NCCNCCO)c2c1C(=O)c1c(O)ccc(O)c1C2=O,O=C1c2ccccc2C(=O)c2ccccc21,32,443.5,12,3,-0.17,44541200,"1,4-benzoquinone"
CCOc1ccc2c(c1F)C(=O)C(=O)c1c(F)cccc1-2,O=C1C(=O)c2ccccc2-c2ccccc21,21,288.25,2,3,3.41,68010588,"1,2-benzoquinone"
CC(C)C1=CC2=C(CC3=CCCC(C)(C)C3CC2)C(=O)C1=O,O=C1C=CC2=C(CC3=CCCCC3CC2)C1=O,22,298.43,1,3,4.56,163072299,"1,2-benzoquinone"
O=C1c2cccnc2C(=O)c2c1c(C(=O)OCCCN1CCCC1)c1ccccn21,O=C1c2cccnc2C(=O)c2c1c(C(=O)OCCCN1CCCC1)c1ccccn21,30,403.44,5,5,2.75,122188476,"1,4-benzoquinone"
NC1CCCCC1C1=C(O)c2ccccc2C(=O)C1=O,O=C1C(=O)c2ccccc2C=C1C1CCCCC1,20,271.32,1,3,2.24,134866731,"1,2-naphthoquinone"
COC(CN(C)CC1CSC2=C(O1)C(=O)C(=O)c1ccccc12)OC,O=C1C(=O)c2ccccc2C2=C1OCCS2,25,363.44,6,3,1.8,11992882,"1,2-naphthoquinone"
O=C1C(=O)c2ccccc2C=C1c1cc(F)ccc1F,O=C1C(=O)c2ccccc2C=C1c1ccccc1,20,270.23,1,3,3.27,142660985,"1,2-benzoquinone"
O=C1C(=O)c2ccccc2C2=C1C1CCC=CC1O2,O=C1C(=O)c2ccccc2C2=C1C1CCC=CC1O2,19,252.27,0,4,2.53,16745306,"1,2-naphthoquinone"
O=C(NCCN1CCOCC1)c1cc2c(o1)C(=O)c1ccccc1C2=O,O=C(NCCN1CCOCC1)c1cc2c(o1)C(=O)c1ccccc1C2=O,26,354.36,4,4,1.12,155512557,"1,4-naphthoquinone"
Cc1nc2c3c(ccc2s1)NC1=C(C(=O)C(=O)c2ccccc21)C3c1ccc2c(c1)OCO2,O=C1C(=O)c2ccccc2C2=C1C(c1ccc3c(c1)OCO3)c1c(ccc3scnc13)N2,33,452.49,1,7,5.07,139232717,"1,2-naphthoquinone"
O=C1C(=O)c2ccccc2C2=C1C1(C(=O)Nc3ccccc31)n1nnnc1N2,O=C1C(=O)c2ccccc2C2=C1C1(C(=O)Nc3ccccc31)n1nnnc1N2,28,370.33,0,6,0.97,155519418,"1,2-benzoquinone"
COc1cc2c(cc1OC)C1C(=O)c3ccc4c(c3OC1CO2)CC(C(C)C)O4,O=C1c2ccc3c(c2OC2COc4ccccc4C12)CCO3,29,396.44,3,5,3.78,117592333,"1,2-naphthoquinone"
CCCCCCCCCCCCCCCCNC(C1=C(O)c2ccccc2C(=O)C1=O)c1ccc(F)c(F)c1,O=C1C(=O)c2ccccc2C=C1Cc1ccccc1,39,539.71,18,3,8.81,137648367,"1,2-benzoquinone"
O=C1C=C(Sc2ccccc2)C(=O)c2ccccc21,O=C1C=C(Sc2ccccc2)C(=O)c2ccccc21,19,266.32,2,3,3.74,622329,"1,4-naphthoquinone"
CC1OC(c2ccc3c(c2O)C(=O)c2ccc4c(c2C3=O)C(=O)CC(C)(O)C4)CC(O)C1O,O=C1c2cc(C3CCCCO3)ccc2C(=O)c2c1ccc1c2C(=O)CCC1,33,452.46,1,5,1.62,443812,anthraquinone
O=C1C=Cc2cc3c(Nc4ccccc4)c4ccccc4cc3cc2C1=O,O=C1C=Cc2cc3c(Nc4ccccc4)c4ccccc4cc3cc2C1=O,27,349.39,2,5,5.52,129741376,"1,2-naphthoquinone"
CC1=CCC2C(C)(C)CCCC2(C)C1CC1=C(O)C(=O)C=CC1=O,O=C1C=CC(=O)C(CC2C=CCC3CCCCC23)=C1,24,328.45,2,3,4.7,11716891,"1,4-benzoquinone"
CC(=O)c1cccc2c1C(=O)c1c(O)c3c(c(O)c1C2=O)C1OC(=O)CC1OC3C,O=C1CC2OCc3cc4c(cc3C2O1)C(=O)c1ccccc1C4=O,30,408.36,1,5,2.52,101285695,anthraquinone
CC12CCCc3coc(c31)C(=O)c1cc3c(cc12)C(=O)C1=C(NCCS1(=O)=O)C3=O,O=C1C2=C(C(=O)c3cc4c(cc31)C(=O)c1occ3c1C4CCC3)S(=O)(=O)CCN2,30,423.45,0,6,2.07,11201041,"1,4-benzoquinone"
O=C1c2ccccc2C(=O)c2nc(-c3ccccc3)c(-c3ccccc3)nc21,O=C1c2ccccc2C(=O)c2nc(-c3ccccc3)c(-c3ccccc3)nc21,28,362.39,2,5,4.59,364074,"1,4-naphthoquinone"
COC1=C(C)C(=O)C2=C(C1=O)C(CO)N1C(C#N)C3C(=O)c4c(O)c(C)c(OC)c(O)c4C(C1C2)N3C,O=C1C=CC(=O)C2=C1CC1C3NC(CN1C2)C(=O)c1ccccc13,37,509.52,3,5,0.66,16105339,"1,4-benzoquinone"
O=C1C(=O)c2ccccc2C(O)=C1C(C1=C(O)c2ccccc2C(=O)C1=O)c1ccc(Cl)cc1,O=C1C(=O)c2ccccc2C=C1C(C1=Cc2ccccc2C(=O)C1=O)c1ccccc1,34,470.86,3,5,4.89,272648,"1,2-benzoquinone"
COc1cc2c(c(OC)c1)C(=O)C(=O)C(CC1(C)OCCCO1)=C2,O=C1C(=O)c2ccccc2C=C1CC1OCCCO1,24,332.35,4,3,2.4,372273,"1,2-benzoquinone"
O=C1C=C(C(c2ccccc2)(c2ccccc2)c2ccccc2)c2ccccc2C1=O,O=C1C=C(C(c2ccccc2)(c2ccccc2)c2ccccc2)c2ccccc2C1=O,31,400.48,4,5,5.87,85856957,"1,2-benzoquinone"
COc1ccc(-n2cc(COC3=CC(=O)c4ccccc4C3=O)nn2)cc1F,O=C1C=C(OCc2cn(-c3ccccc3)nn2)C(=O)c2ccccc21,28,379.35,5,4,2.89,168283997,"1,4-naphthoquinone"
C=CC(C)(C)C1=C(O)c2cccc(O)c2C(=O)C1=O,O=C1C=Cc2ccccc2C1=O,19,258.27,2,2,2.64,46885665,"1,2-benzoquinone"
O=C1C=C(O)C(C=Cc2cc(O)cc(=O)o2)=CC1=O,O=C1C=CC(C=Cc2cccc(=O)o2)=CC1=O,19,260.2,2,2,0.88,101316784,"1,2-benzoquinone"
O=C1C(=O)c2ccccc2C(O)=C1CCCc1ccc(Sc2ccccc2)cc1,O=C1C(=O)c2ccccc2C=C1CCCc1ccc(Sc2ccccc2)cc1,29,400.5,6,4,5.9,502610,"1,2-benzoquinone"
Cc1ccc(Nc2ccc(NCCCN(C)C)c3c2C(=O)c2ccccc2C3=O)cc1,O=C1c2ccccc2C(=O)c2c(Nc3ccccc3)cccc21,31,413.52,7,4,4.88,117621,anthraquinone
COc1cc(O)c(-c2c(C)cc(O)c3c2C(=O)c2cccc(O)c2C3=O)c(O)c1C(C)=O,O=C1c2ccccc2C(=O)c2c1cccc2-c1ccccc1,32,434.4,3,4,3.47,442753,"1,4-benzoquinone"
CCNc1cc(C#N)c(N)c2c1C(=O)c1ccccc1C2=O,O=C1c2ccccc2C(=O)c2ccccc21,22,291.31,2,3,2.35,112865,"1,4-benzoquinone"
O=c1c2ccccc2c(=O)c2c1oc1c(=O)c3ccccc3c(=O)c12,O=c1c2ccccc2c(=O)c2c1oc1c(=O)c3ccccc3c(=O)c12,25,328.28,0,5,2.21,630063,"1,4-benzoquinone"
O=C1C(=O)c2ccccc2C(C=C(c2ccc(Cl)cc2)c2ccc(Cl)cc2)=C1Cl,O=C1C=C(C=C(c2ccccc2)c2ccccc2)c2ccccc2C1=O,29,439.73,3,4,6.84,10836821,"1,2-benzoquinone"
O=C1C=CC=C(c2ccccc2-c2ccccc2)C1=O,O=C1C=CC=C(c2ccccc2-c2ccccc2)C1=O,20,260.29,2,3,3.45,129633851,"1,2-benzoquinone"
O=C1C(=O)c2ccccc2C(O)=C1C1CCCCCC1,O=C1C(=O)c2ccccc2C=C1C1CCCCCC1,20,270.33,1,3,3.69,44332497,"1,2-benzoquinone"
O=C1c2ccccc2C(=O)c2c(NCC3CO3)ccc(NCC3CO3)c21,O=C1c2ccccc2C(=O)c2c(NCC3CO3)ccc(NCC3CO3)c21,26,350.37,6,5,2.08,100214,"1,4-naphthoquinone"
O=C1C=C(OCCCC2CCCCC2)c2ccccc2C1=O,O=C1C=C(OCCCC2CCCCC2)c2ccccc2C1=O,22,298.38,5,3,4.17,22899212,"1,2-naphthoquinone"
CCCCCC(O)c1c(OC2OC(C(O)CO)C(O)C2O)cc2c(c1O)C(=O)c1c(O)cc(O)cc1C2=O,O=C1c2ccccc2C(=O)c2cc(OC3CCCO3)ccc21,38,534.51,9,4,0.37,101911086,"1,4-naphthoquinone"
O=C1c2c(O)ccc(NCCNCCO)c2C(=O)c2c(NCCNCCO)ccc(O)c21,O=C1c2ccccc2C(=O)c2ccccc21,32,444.49,12,3,-0.14,44541343,anthraquinone
CSc1ccc2c(c1)C(N1CCN(C)CC1)Cc1ccccc1S2,c1ccc2c(c1)CC(N1CCNCC1)c1ccccc1S2,24,356.56,2,4,4.4,117592697,"1,2-naphthoquinone"
CCN1CCN(C(=O)c2cc(O)c3c(c2)C(=O)c2cccc(O)c2C3=O)CC1,O=C1c2ccccc2C(=O)c2cc(C(=O)N3CCNCC3)ccc21,28,380.4,2,4,1.65,134157066,anthraquinone
C=CCC1(C)C(=O)Oc2c(O)c3c(c(C)c21)C(=O)C(=O)C(C(C)C)=C3O,O=C1Cc2cc3c(cc2O1)C=CC(=O)C3=O,26,356.37,3,3,3.14,13894313,"1,2-naphthoquinone"
O=C1C=C(N2CCOCC2)c2cc(N3CCOCC3)ncc2C1=O,O=C1C=C(N2CCOCC2)c2cc(N3CCOCC3)ncc2C1=O,24,329.36,2,4,0.36,363439,"1,2-benzoquinone"
Cc1cc(O)c2c(c1)C(=O)c1cc(O)c(C3OC(C)C(C)c4c(C)c(O)c(C(=O)O)c(O)c43)c(O)c1C2=O,O=C1c2ccccc2C(=O)c2cc(C3OCCc4ccccc43)ccc21,38,520.49,2,5,3.92,71467134,anthraquinone
Cc1ccccc1Cc1cccc2c(C3=C(O)C(=O)C=C(O)C3=O)c[nH]c12,O=C1C=CC(=O)C(c2c[nH]c3c(Cc4ccccc4)cccc23)=C1,27,359.38,3,4,3.93,11810495,"1,4-benzoquinone"
CN(C)c1ccc(N2C(=O)NC3(CSC4=C3C(=O)c3ncccc3C4=O)C2=O)cc1,O=C1C2=C(C(=O)c3ncccc31)C1(CS2)NC(=O)N(c2ccccc2)C1=O,30,420.45,2,5,2.02,25147712,"1,4-benzoquinone"
COc1ccc2c(c1O)C(=O)c1c3c(cc(O)c1C2=O)C12OC1(C(C)O)C(C#CC=CC#CC2O)N3,O=C1c2ccccc2C(=O)c2c1ccc1c2NC2C#CC=CC#CCC13OC23,36,485.45,2,6,0.96,121477750,"1,4-benzoquinone"
Cc1c(NC2=CC(=O)C(=O)c3ccccc32)c(=O)n(-c2ccccc2)n1C,O=C1C=C(Nc2c[nH]n(-c3ccccc3)c2=O)c2ccccc2C1=O,27,359.39,3,4,2.7,3092959,"1,2-naphthoquinone"
Cc1ccc(C(=O)Oc2cccc3c2C(=O)C=C(N2CC2)C3=O)cc1,O=C(Oc1cccc2c1C(=O)C=C(N1CC1)C2=O)c1ccccc1,25,333.34,3,4,2.79,14867508,"1,4-benzoquinone"
Nc1c(OCCOc2ccccc2)cc(O)c2c1C(=O)c1ccccc1C2=O,O=C1c2ccccc2C(=O)c2cc(OCCOc3ccccc3)ccc21,28,375.38,5,4,3.21,87107,"1,4-benzoquinone"
COC1=C(C(c2ccccc2)c2ccccc2)C=C(C(c2ccccc2)c2ccccc2)C(=O)C1=O,O=C1C=C(C(c2ccccc2)c2ccccc2)C=C(C(c2ccccc2)c2ccccc2)C1=O,36,470.57,7,5,6.63,11213563,"1,2-benzoquinone"
O=C1C(=O)c2c(O)cccc2C2=C1CCC(c1ccc(Br)cc1)O2,O=C1C(=O)c2ccccc2C2=C1CCC(c1ccccc1)O2,24,385.21,1,4,4.18,101959112,"1,2-benzoquinone"
CCc1c(C)cc2c(c1O)C(=O)c1c(O)cccc1C2=O,O=C1c2ccccc2C(=O)c2ccccc21,21,282.29,1,3,2.74,22833213,anthraquinone
O=C1C(=O)c2ccccc2C(O)=C1C=CCc1ccccc1,O=C1C(=O)c2ccccc2C=C1C=CCc1ccccc1,22,290.32,3,3,3.52,6477675,"1,2-benzoquinone"
O=C1C(=O)c2c(oc(=O)c3ccccc23)-c2ccccc21,O=C1C(=O)c2c(oc(=O)c3ccccc23)-c2ccccc21,21,276.25,0,4,2.84,401275,"1,2-benzoquinone"
NC1C2CN(c3nc4c(cc3F)c(=O)c(C(=O)O)cn4-c3ccc(F)cc3F)CC12,O=c1ccn(-c2ccccc2)c2nc(N3CC4CC4C3)ccc12,30,416.36,3,5,1.89,483950,"1,2-benzoquinone"
NC1CCCN(C(=O)c2cc3c(s2)C(=O)c2c(c(O)c4ccccc4c2O)C3=O)C1,O=C1c2cc3ccccc3cc2C(=O)c2sc(C(=O)N3CCCCC3)cc21,30,422.46,1,5,2.65,164609966,"1,4-naphthoquinone"
COC1=CC(=O)C(O)=C(C=C2C(C)CCC3C(C)(C)CCCC23C)C1=O,O=C1C=CC(=O)C(C=C2CCCC3CCCCC23)=C1,26,358.48,2,3,4.67,23424796,"1,4-benzoquinone"
C=CCC1=C(C(C)=O)c2ccccc2C(=O)C1=O,O=C1C=Cc2ccccc2C1=O,18,240.26,3,2,2.37,101103393,"1,2-benzoquinone"
[N-]=[N+]=NC1=C(N=[N+]=[N-])c2c(cccc2S(=O)(=O)ON2C(=O)c3ccccc3C2=O)C(=O)C1=O,O=C1C=Cc2c(cccc2S(=O)(=O)ON2C(=O)c3ccccc3C2=O)C1=O,33,465.36,5,4,2.66,23023054,"1,2-naphthoquinone"
O=C1c2ccccc2C(=O)c2c1ccc1c2[nH]c2ccccc21,O=C1c2ccccc2C(=O)c2c1ccc1c2[nH]c2ccccc21,23,297.31,0,5,4.1,24241,"1,4-benzoquinone"
Cc1cc(Br)c2c(c1N)C(=O)c1ccccc1C2=O,O=C1c2ccccc2C(=O)c2ccccc21,19,316.15,0,3,3.12,66480,"1,4-benzoquinone"
CC(C)=CCCC(C)C1=C(O)C(NCCc2c[nH]c3ccccc23)=C(C)C(=O)C1=O,O=C1C=CC(NCCc2c[nH]c3ccccc23)=CC1=O,30,406.53,8,3,4.92,66554421,"1,2-benzoquinone"
O=C1C(=O)c2ccccc2C(O)=C1c1c2ccccc2cc2ccccc12,O=C1C(=O)c2ccccc2C=C1c1c2ccccc2cc2ccccc12,27,350.37,1,5,5.18,101521266,"1,2-benzoquinone"
CCCCCCC(C)(C)C1=CC(=O)C2=C(OC(C)(C)c3cn(C)nc32)C1=O,O=C1C=CC(=O)C2=C1OCc1c[nH]nc12,27,370.49,6,3,4.47,76331611,"1,4-benzoquinone"
COC1=CC(=O)c2c(cc(OC)c(C(C)OC(C)=O)c2O)C1=O,O=C1C=CC(=O)c2ccccc21,23,320.3,4,2,1.93,15061191,"1,4-benzoquinone"
CC(=O)c1ccc(N=NN(C)C(=O)NCCC2=CC(=O)C(=O)C=C2)cc1,O=C(NCCC1=CC(=O)C(=O)C=C1)NN=Nc1ccccc1,26,354.37,6,2,2.55,44138647,"1,2-benzoquinone"
CCc1c(OC)cc2c(c1O)C(O)=C(C(C)c1c(OC)cc3c(c1O)C(=O)C=C(OC)C3=O)C(=O)C2=O,O=C1C(=O)c2ccccc2C=C1Cc1ccc2c(c1)C(=O)C=CC2=O,37,508.48,6,4,3.42,146684299,"1,2-benzoquinone"
CCOC(=O)C1=C(CC)c2ccc3cc(OC)ccc3c2C(=O)C1=O,O=C1C=Cc2ccc3ccccc3c2C1=O,25,338.36,4,3,3.34,129817920,"1,2-naphthoquinone"
CN1N=CCC2=C1c1ccccc1C(=O)C2=O,O=C1C(=O)c2ccccc2C2=C1CC=NN2,17,226.23,0,3,1.48,132563172,"1,2-naphthoquinone"
CCOC(=O)c1noc2c1C(=O)c1ccccc1C2=O,O=C1c2ccccc2C(=O)c2oncc21,20,271.23,2,3,1.63,15417166,"1,4-benzoquinone"
CCCCN(CC1=CC=C(F)C(=O)C1=O)C(=O)Cn1c(-c2ccccc2)ncc(N)c1=O,O=C(Cn1c(-c2ccccc2)nccc1=O)NCC1=CC=CC(=O)C1=O,32,438.46,8,3,2.05,21714087,"1,2-benzoquinone"
COc1c2c(c(O)c3c1C(OC1CC(N)C(O)C(C)O1)C(O)(C(=O)CO)CC3)C(=O)c1cccc(O)c1C2=O,O=C1c2ccccc2C(=O)c2cc3c(cc21)CCCC3OC1CCCCO1,39,543.53,5,5,0.0,126902,anthraquinone
O=C1C(=O)c2ccc3ccccc3c2-c2c1cccc2-c1ccc(F)cc1,O=C1C(=O)c2ccc3ccccc3c2-c2c1cccc2-c1ccccc1,27,352.36,1,5,5.69,11078675,"1,2-benzoquinone"
CC1(C2=CC(=O)C(=O)C=C2)OCCO1,O=C1C=CC(C2OCCO2)=CC1=O,14,194.19,1,2,0.38,11275564,"1,2-benzoquinone"
O=C1C=Cc2c(ccc3c2ccc2nc4ccccc4nc23)C1=O,O=C1C=Cc2c(ccc3c2ccc2nc4ccccc4nc23)C1=O,24,310.31,0,5,3.71,129793157,"1,2-naphthoquinone"
Cc1cccc(NC2=C(Cl)C(=O)c3ccccc3C2=O)c1,O=C1C=C(Nc2ccccc2)C(=O)c2ccccc21,21,297.74,2,3,3.94,2817459,"1,4-benzoquinone"
O=c1c2[nH]cc[nH]c2c(=O)c2c(=O)n(Cc3cccc(Br)c3)c(=O)c12,O=c1c2[nH]cc[nH]c2c(=O)c2c(=O)n(Cc3ccccc3)c(=O)c12,25,400.19,2,4,1.14,6096793,"1,4-benzoquinone"
N#Cc1c(F)c(Oc2ccccc2Cl)c2oc3ccccc3c3ccccc3oc2c1C#N,c1ccc(Oc2cccc3oc4ccccc4c4ccccc4oc23)cc1,33,454.84,2,5,7.78,144765431,"1,2-benzoquinone"
Cc1nc2c(c3c1C(=O)C(Nc1ccccc1)=CC3=O)c(=O)n(C)c(=O)n2C,O=C1C(Nc2ccccc2)=CC(=O)c2c1cnc1[nH]c(=O)[nH]c(=O)c21,28,376.37,2,4,1.32,45486499,"1,4-benzoquinone"
CC1=CC2=C(OCO2)C(=O)C1=O,O=C1C=CC2=C(OCO2)C1=O,12,166.13,0,2,0.3,12958474,"1,2-benzoquinone"
COc1cc(OC)c2nc3c(nc2c1)C(=O)c1cnncc1C3=O,O=C1c2cnncc2C(=O)c2nc3ccccc3nc21,24,322.28,2,4,1.21,16126390,"1,4-benzoquinone"
O=C1C(=O)c2ccccc2C2=C1OC(CN1CCC(O)CC1)CS2,O=C1C(=O)c2ccccc2C2=C1OC(CN1CCCCC1)CS2,24,345.42,2,4,1.71,11992881,"1,2-naphthoquinone"
Cc1nc2c([nH]1)C(=O)C(Cl)=C(Nc1ccc(F)cc1F)C2=O,O=C1C(Nc2ccccc2)=CC(=O)c2[nH]cnc21,22,323.69,2,3,2.94,44345213,"1,4-benzoquinone"
CC(C)=CCC(OC(=O)C=CC(=O)c1ccc(Cl)cc1)C1=CC(=O)c2c(O)ccc(O)c2C1=O,O=C(C=CC(=O)c1ccccc1)OCC1=CC(=O)c2ccccc2C1=O,34,480.9,7,3,4.76,155519705,"1,4-naphthoquinone"
COc1ccc(S(=O)(=O)Oc2cccc3c2C(=O)C=C(N2CC2)C3=O)cc1,O=C1C(N2CC2)=CC(=O)c2c(OS(=O)(=O)c3ccccc3)cccc21,27,385.4,5,4,2.04,14867498,"1,4-benzoquinone"
CC(=O)N(C1=C(O)c2ccccc2C(=O)C1=O)C1CCCCC1,O=C1C(=O)c2ccccc2C=C1NC1CCCCC1,23,313.35,2,3,2.86,776381,"1,2-benzoquinone"
O=C1C=Cc2c(ccc3c2sc2ccccc23)C1=O,O=C1C=Cc2c(ccc3c2sc2ccccc23)C1=O,19,264.3,0,4,3.83,11471050,"1,2-naphthoquinone"
CCC(=O)Nc1ccc2c(c1)C(=O)c1ccccc1C2=O,O=C1c2ccccc2C(=O)c2ccccc21,21,279.3,2,3,2.81,2871272,"1,4-benzoquinone"
O=C1C=C(NC(=O)c2ccc(Cl)cc2)c2ncccc2C1=O,O=C1C=C(NC(=O)c2ccccc2)c2ncccc2C1=O,22,312.71,2,3,2.27,363477,"1,2-benzoquinone"
Cc1cc2c(c(O)c1-c1c(C)cc(O)c3c1C(=O)C=CC3=O)C(=O)C=CC2=O,O=C1C=CC(=O)c2cc(-c3cccc4c3C(=O)C=CC4=O)ccc21,28,374.35,1,4,3.25,99298,"1,4-benzoquinone"
CC1=C(N2CC2)C(=O)c2nc3n(c2C1=O)CCC3OC(=O)c1ccccc1,O=C(OC1CCn2c1nc1c2C(=O)C=C(N2CC2)C1=O)c1ccccc1,27,363.37,3,5,2.15,10044240,"1,4-benzoquinone"
CSCCC(N)C(=O)NCCNc1ccc(NCCNC(=O)C(N)CCSC)c2c1C(=O)c1ccccc1C2=O,O=C1c2ccccc2C(=O)c2ccccc21,40,586.78,16,3,1.68,44456215,anthraquinone
COc1cc(OC)c2c(c1)C(=O)c1cc3c(c(O)c1C2=O)C(=O)OC3,O=C1OCc2cc3c(cc21)C(=O)c1ccccc1C3=O,25,340.29,2,4,1.86,14654201,anthraquinone
O=C1C(=O)c2ccccc2C2=C1C1(C(=O)Nc3ccc(Br)cc31)n1nnnc1N2,O=C1C(=O)c2ccccc2C2=C1C1(C(=O)Nc3ccccc31)n1nnnc1N2,29,449.22,0,6,1.73,155512971,"1,2-benzoquinone"
CC12CCC(O)C(O1)c1c(cc3c(c1O)C(=O)c1c(O)cc(O)cc1C3=O)O2,O=C1c2ccccc2C(=O)c2cc3c(cc21)OC1CCCC3O1,28,384.34,0,5,1.9,9864859,"1,4-naphthoquinone"
O=C1c2ccccc2C(=O)c2oc(C(=O)N3CCOCC3)cc21,O=C1c2ccccc2C(=O)c2oc(C(=O)N3CCOCC3)cc21,23,311.29,1,4,1.53,155521461,"1,4-naphthoquinone"
C=C(C)C1CCC(C)=CC1C1=C(O)C(NCCCC)=C(CCCCC)C(=O)C1=O,O=C1C=CC=C(C2C=CCCC2)C1=O,29,399.58,10,2,5.72,118465218,"1,2-benzoquinone"
O=C1c2cccc(O)c2C(=O)c2c(O)cc(CN3CCCC3)cc21,O=C1c2ccccc2C(=O)c2cc(CN3CCCC3)ccc21,24,323.35,2,4,2.47,147675,"1,4-naphthoquinone"
COc1cccc2c1C(=O)C(=O)C(C)=C2c1c(OC)cc(O)c2c1CC(C)NC2C,O=C1C=C(c2cccc3c2CCNC3)c2ccccc2C1=O,30,407.47,3,4,3.59,162649239,"1,2-benzoquinone"
CC(=O)Oc1ccccc1C(=O)OCCOC(=O)c1cc(O)c2c(c1)C(=O)c1cccc(O)c1C2=O,O=C(OCCOC(=O)c1ccc2c(c1)C(=O)c1ccccc1C2=O)c1ccccc1,36,490.42,6,4,2.81,70696998,anthraquinone
CC(=O)N(C1=C(N2CCOCC2)C(=O)c2ccccc2C1=O)c1ccc(F)c(F)c1,O=C1C(Nc2ccccc2)=C(N2CCOCC2)C(=O)c2ccccc21,30,412.39,3,4,2.94,2903123,"1,4-benzoquinone"
COC1=CC(=O)C(CCC(=O)c2ccc(OC)c(OC)c2)=C(OC)C1=O,O=C1C=CC(=O)C(CCC(=O)c2ccccc2)=C1,26,360.36,8,2,2.25,46938776,"1,4-benzoquinone"
CC1(C)CCC2=C(C1)c1ccccc1C(=O)C2=O,O=C1C(=O)c2ccccc2C2=C1CCCC2,18,240.3,0,3,3.42,57661827,"1,2-naphthoquinone"
O=C1C(=O)c2ccccc2C2=C1SCC1(CCN(C(=O)Cc3c(F)cccc3Cl)CC1)O2,O=C1C(=O)c2ccccc2C2=C1SCC1(CCN(C(=O)Cc3ccccc3)CC1)O2,32,471.94,2,5,4.28,23654792,"1,2-naphthoquinone"
CCCCCNC1=C(NC(=O)CCl)C(=O)C(=O)c2ccccc21,O=C1C=Cc2ccccc2C1=O,23,334.8,7,2,2.26,534481,"1,2-naphthoquinone"
O=C(Nc1ccc(C(F)(F)F)cn1)c1cc(O)c2c(c1)C(=O)c1cccc(O)c1C2=O,O=C(Nc1ccccn1)c1ccc2c(c1)C(=O)c1ccccc1C2=O,31,428.32,2,4,3.54,134135147,anthraquinone
Nc1ncnc2c1ncn2Cc1cc(O)c2c(c1)C(=O)c1cccc(O)c1C2=O,O=C1c2ccccc2C(=O)c2cc(Cn3cnc4cncnc43)ccc21,29,387.36,2,5,1.64,51039515,"1,4-naphthoquinone"
O=C1C=C(NCc2ccccn2)C(=O)c2ccccc21,O=C1C=C(NCc2ccccn2)C(=O)c2ccccc21,20,264.28,3,3,2.13,2755900,"1,4-benzoquinone"
CCCCCCCCCCCC1=C(O)C(Nc2ccc(OC)cc2)=CC(=O)C1=O,O=C1C=CC(Nc2ccccc2)=CC1=O,29,399.53,13,2,5.88,53492906,"1,2-benzoquinone"
O=C1c2ccccc2C(=O)c2c1ccc1[nH]c(SCCC(=O)N3CCCC3)nc21,O=C1c2ccccc2C(=O)c2c1ccc1[nH]c(SCCC(=O)N3CCCC3)nc21,29,405.48,4,5,3.44,53358194,anthraquinone
O=C1C(=O)C([n+]2cccc3ccccc32)=C([O-])C2=C1C1c3ccccc3C2c2ccccc21,O=C1C(=O)C2=C(C=C1[n+]1cccc3ccccc31)C1c3ccccc3C2c2ccccc21,33,427.46,1,8,3.4,13126081,"1,2-benzoquinone"
O=C(CCCCl)Nc1ccc2c(c1)C(=O)c1cc(NC(=O)CCCCl)ccc1C2=O,O=C1c2ccccc2C(=O)c2ccccc21,30,447.32,8,3,4.38,44242844,"1,4-benzoquinone"
COC1=CC(=O)c2c(COc3ccc(C(F)(F)F)cc3)c(C)n(C)c2C1=O,O=C1C=CC(=O)c2c(COc3ccccc3)c[nH]c21,27,379.33,4,3,3.84,23656776,"1,4-benzoquinone"
O=C1C=CC(=O)c2c(O)c(Oc3cccc(O)c3)c(Cl)c(O)c21,O=C1C=CC(=O)c2cc(Oc3ccccc3)ccc21,23,332.69,2,3,3.18,10314740,"1,4-benzoquinone"
C=C1C2=C(c3ccc(F)cc3C(=O)C2=O)N(c2ccccc2)N1C,C=C1NN(c2ccccc2)C2=C1C(=O)C(=O)c1ccccc12,24,320.32,1,4,3.18,167598022,"1,2-naphthoquinone"
O=C1C(=O)c2cc3ccccc3cc2-c2ccccc21,O=C1C(=O)c2cc3ccccc3cc2-c2ccccc21,20,258.28,0,4,3.89,29113,"1,2-benzoquinone"
COc1cc(C)cc2c1C(=O)c1c(cc(O)c(O)c1O)C2=O,O=C1c2ccccc2C(=O)c2ccccc21,22,300.27,1,3,1.9,11098600,"1,4-benzoquinone"
CC1=C2c3c(ccc(C)c3C(=O)C1=O)C(C)(O)CS2(=O)=O,O=C1C=C2c3c(cccc3C1=O)CCS2(=O)=O,21,306.34,0,3,1.13,135035579,"1,2-naphthoquinone"
CCc1nnc(NS(=O)(=O)c2ccc(NC3=CC(=O)C(=O)C=C3OC)cc2)s1,O=C1C=CC(Nc2ccc(S(=O)(=O)Nc3nncs3)cc2)=CC1=O,28,420.47,7,3,1.88,132179,"1,2-benzoquinone"
Cc1c(CNCCCCNC(=O)C=Cc2cccnc2)oc2c1C(=O)C(=O)c1c-2ccc2c1CCCC2(C)C,O=C(C=Cc1cccnc1)NCCCCNCc1cc2c(o1)-c1ccc3c(c1C(=O)C2=O)CCCC3,39,525.65,9,5,5.34,168276289,"1,2-benzoquinone"
CCCCCNCc1ccc2c(c1)C(=O)c1nccnc1C2=O,O=C1c2ccccc2C(=O)c2nccnc21,23,309.37,6,3,2.53,118713584,"1,4-benzoquinone"
COc1ccc2c(c1)NC(=O)C21C2=C(Nc3nnnn31)c1ccccc1C(=O)C2=O,O=C1C(=O)c2ccccc2C2=C1C1(C(=O)Nc3ccccc31)n1nnnc1N2,30,400.35,1,6,0.98,155537278,"1,2-benzoquinone"
O=C1C=C(C(=O)OCc2ccccc2)C=C(OCc2ccccc2)C1=O,O=C1C=C(C(=O)OCc2ccccc2)C=C(OCc2ccccc2)C1=O,26,348.35,6,3,2.91,101930643,"1,2-benzoquinone"
O=c1c(Br)c2c(Br)cc3cccc4ccc(c1=O)c2c43,O=c1cc2ccc3cccc4ccc(c1=O)c2c34,20,390.03,0,4,4.27,129647574,"1,2-naphthoquinone"
CN(C)CCCSc1nc2cc3c(cc2o1)C(=O)c1ccccc1C3=O,O=C1c2ccccc2C(=O)c2cc3ocnc3cc21,26,366.44,5,4,3.65,118715321,anthraquinone
COc1ccc2c(=O)c3oc4c5cc(OC)ccc5c(=O)c(=O)c4c3c(=O)c2c1,O=c1c(=O)c2c(oc3c(=O)c4ccccc4c(=O)c32)c2ccccc12,29,388.33,2,5,2.23,168298424,"1,2-benzoquinone"
CC1=CCCC2C1(C)CCC(C)C2(C)CC1=C(O)C(NCCc2ccccc2)=CC(=O)C1=O,O=C1C=C(NCCc2ccccc2)C=C(CC2CCCC3C=CCCC32)C1=O,33,447.62,6,4,5.86,45380090,"1,2-benzoquinone"
Cc1cc2c(cc1C)-c1oc(CN3CCC(CCNC(=O)C=Cc4cccnc4)CC3)c(C)c1C(=O)C2=O,O=C(C=Cc1cccnc1)NCCC1CCN(Cc2cc3c(o2)-c2ccccc2C(=O)C3=O)CC1,38,511.62,7,5,5.08,168287337,"1,2-benzoquinone"
CC(C)=CCCC(C)=CCC1=C(C)C(=O)c2ccccc2C1=O,O=C1C=CC(=O)c2ccccc21,23,308.42,5,2,5.46,5280374,"1,4-benzoquinone"
O=C1C=C(Nc2ccccc2O)c2ccccc2C1=O,O=C1C=C(Nc2ccccc2)c2ccccc2C1=O,20,265.27,2,3,2.61,1895705,"1,2-benzoquinone"
COC1=C(C)C(=O)c2c(cc(O)c3c2OC(C)C3(C)CCC=C(C)CO)C1=O,O=C1C=CC(=O)c2c1ccc1c2OCC1,28,386.44,5,3,3.45,6439388,"1,4-naphthoquinone"
CC(O)C12OC13c1cc(O)c4c(c1NC2C#CC=CC#CC3O)C(=O)c1ccccc1C4=O,O=C1c2ccccc2C(=O)c2c1ccc1c2NC2C#CC=CC#CCC13OC23,33,439.42,1,6,1.24,11655073,anthraquinone
O=C1c2ccccc2C(=O)c2c1cccc2[N+](=O)[O-],O=C1c2ccccc2C(=O)c2ccccc21,19,253.21,1,3,2.37,6704,"1,4-benzoquinone"
O=C1C=C(Nc2cnccn2)C(=O)c2ccccc21,O=C1C=C(Nc2cnccn2)C(=O)c2ccccc21,19,251.25,2,3,1.85,10083499,"1,4-naphthoquinone"
CC(=O)N(C)C1=C(N2CCCCCC2)C(=O)c2ccccc2C1=O,O=C1C=C(N2CCCCCC2)C(=O)c2ccccc21,24,326.4,2,3,2.63,624899,"1,4-benzoquinone"
O=C1C=C(Nc2ncn[nH]2)c2ccccc2C1=O,O=C1C=C(Nc2ncn[nH]2)c2ccccc2C1=O,18,240.22,2,3,1.02,276793,"1,2-benzoquinone"
CC1CC(C)CN(c2cc(NCCCC(=O)O)c3c4c(onc24)-c2ccccc2C3=O)C1,O=C1c2ccccc2-c2onc3c(N4CCCCC4)ccc1c23,32,433.51,6,5,4.8,15995636,"1,4-benzoquinone"
O=C(C=Cc1ccc2c(c1)OCO2)OCc1cc(O)c2c(c1)C(=O)c1cccc(O)c1C2=O,O=C(C=Cc1ccc2c(c1)OCO2)OCc1ccc2c(c1)C(=O)c1ccccc1C2=O,33,444.4,4,5,3.36,73054719,anthraquinone
Cn1c2c(c(=O)n(C)c1=O)C1(C(=O)Nc3ccccc31)C1=C(N2)c2ccccc2C(=O)C1=O,O=C1C(=O)c2ccccc2C2=C1C1(C(=O)Nc3ccccc31)c1c([nH]c(=O)[nH]c1=O)N2,33,440.42,0,6,0.92,139221309,"1,2-naphthoquinone"
CN(CCc1ccccn1)Cc1nc2c3c(ccc2[nH]1)C(=O)c1ccccc1C3=O,O=C1c2ccccc2C(=O)c2c1ccc1[nH]c(CNCCc3ccccn3)nc21,30,396.45,5,5,3.41,53372752,anthraquinone
COC1=C(OC)C(=O)C(Sc2ccc3ccccc3c2)=CC1=O,O=C1C=CC(=O)C(Sc2ccc3ccccc3c2)=C1,23,326.37,4,3,3.47,314728,"1,4-benzoquinone"
CCCCNCc1cc(O)c2c(c1)C(=O)c1cccc(O)c1C2=O,O=C1c2ccccc2C(=O)c2ccccc21,24,325.36,5,3,2.76,14563138,anthraquinone
O=c1c(-c2ccccc2C(F)(F)F)coc2ccc3ccc4ooc4c3c12,O=c1c(-c2ccccc2)coc2ccc3ccc4ooc4c3c12,27,370.28,1,5,5.97,148853647,"1,2-benzoquinone"
CNC(=O)OCc1cc2c(c3c1C1NC1C3)C(=O)c1ccccc1C2=O,O=C1c2ccccc2C(=O)c2c1ccc1c2CC2NC12,26,348.36,2,5,1.89,10450407,anthraquinone
CN1CCc2c(c3ccccc3n2Cc2ccccc2)C1,c1ccc(Cn2c3c(c4ccccc42)CNCC3)cc1,21,276.38,2,4,3.68,117591886,"1,2-naphthoquinone"
CCN(CC)c1ccc2c(c1)oc(=O)c1c3c(ccc12)C(=O)C=CC3=O,O=C1C=CC(=O)c2c1ccc1c2c(=O)oc2ccccc21,26,347.37,3,4,3.73,137631699,"1,4-benzoquinone"
O=C(Nc1cccc(O)c1)c1ccc(C=CC(=O)c2cccc3c2C(=O)c2ccccc2C3=O)cc1,O=C(Nc1ccccc1)c1ccc(C=CC(=O)c2cccc3c2C(=O)c2ccccc2C3=O)cc1,36,473.48,5,5,5.32,145983075,anthraquinone
Cc1ccccc1SCC1=C(O)c2ccccc2C(=O)C1=O,O=C1C(=O)c2ccccc2C=C1CSc1ccccc1,22,310.37,3,3,3.82,71569079,"1,2-benzoquinone"
O=C(CCc1ccccc1)Nc1ccc2c(c1)C(=O)c1cc(NC(=O)CCc3ccccc3)ccc1C2=O,O=C(CCc1ccccc1)Nc1ccc2c(c1)C(=O)c1cc(NC(=O)CCc3ccccc3)ccc1C2=O,38,502.57,8,5,5.6,44243460,"1,4-benzoquinone"
CC1CSC2=C(O1)c1cc(N3CCCCC3)ccc1C(=O)C2=O,O=C1C(=O)c2ccc(N3CCCCC3)cc2C2=C1SCCO2,23,329.42,1,4,3.26,25263859,"1,2-naphthoquinone"
O=C1c2ccccc2C(=O)c2c1ccc(C(=O)O)c2-c1ccc2ccccc2c1,O=C1c2ccccc2C(=O)c2c1cccc2-c1ccc2ccccc2c1,29,378.38,2,5,4.98,222760,"1,4-naphthoquinone"
[N-]=[N+]=NC1=C(OS(=O)(=O)N=[N+]=[N-])C(=O)C(=O)c2ccccc21,O=C1C=Cc2ccccc2C1=O,22,320.25,4,2,2.0,140354386,"1,2-benzoquinone"
c1ccc2oc3ccccc3ooc2c1,c1ccc2oc3ccccc3ooc2c1,15,200.19,0,3,3.9,20184165,"1,2-benzoquinone"
O=C(OC1Cc2c(O)cc(O)cc2OC1c1ccc(O)c(O)c1)c1cc(O)c(O)c(O)c1,O=C(OC1Cc2ccccc2OC1c1ccccc1)c1ccccc1,32,442.38,3,4,2.53,117595648,"1,2-naphthoquinone"
Nc1c(C(=O)c2ccccc2)c(C(=O)c2ccccc2)c2c3cccc4cccc(c5c(=O)c(=O)c(N)c1c25)c43,O=C(c1ccccc1)c1cc2cc(=O)c(=O)c3c4cccc5cccc(c(c1C(=O)c1ccccc1)c23)c54,40,520.54,4,7,5.52,129649035,"1,2-benzoquinone"
O=C1C=C(C(O)c2cccc3ccccc23)C(=O)c2ccccc21,O=C1C=C(Cc2cccc3ccccc23)C(=O)c2ccccc21,24,314.34,2,4,3.88,71652185,"1,4-naphthoquinone"
COc1ccc(-c2c3c(nc4n[nH]c(-c5ccc(Cl)cc5)c24)-c2ccccc2C(=O)C3=O)cc1,O=C1C(=O)c2c(nc3n[nH]c(-c4ccccc4)c3c2-c2ccccc2)-c2ccccc21,34,465.9,3,6,6.0,60147675,"1,2-benzoquinone"
CC1=CC(=O)c2c(COC(N)=O)c3n(c2C1=O)CC1C3N1C,O=C1C=CC(=O)c2c1cc1n2CC2NC12,22,301.3,2,4,0.78,71569698,"1,4-benzoquinone"
Cc1ccc(NC2=C(Cl)C(=O)c3[nH]c(C)nc3C2=O)cc1,O=C1C(Nc2ccccc2)=CC(=O)c2[nH]cnc21,21,301.73,2,3,2.97,44345386,"1,4-benzoquinone"
O=C1C(=O)c2c(F)c(F)c(F)c(F)c2-c2ccccc21,O=C1C(=O)c2ccccc2-c2ccccc21,20,280.18,0,3,3.29,129804329,"1,2-benzoquinone"
COc1nncc2c1-c1cc(F)ccc1C(=O)C2=O,O=C1C(=O)c2cnncc2-c2ccccc21,19,258.21,1,3,1.67,90733500,"1,2-benzoquinone"
O=C1C(Cl)=C(Nc2ccc(F)cc2)C(=O)c2ccccc21,O=C1C=C(Nc2ccccc2)C(=O)c2ccccc21,21,301.7,2,3,3.77,279563,"1,4-benzoquinone"
COc1cc2c(cc1OC)C(O)=C(C)C(=O)C2=O,O=C1C=Cc2ccccc2C1=O,18,248.23,2,2,1.76,57393807,"1,2-benzoquinone"
O=C1CCN(c2cc(Nc3ccc(C(=O)O)cc3)c3c4c(onc24)-c2ccccc2C3=O)CC1,O=C1CCN(c2cc(Nc3ccccc3)c3c4c(onc24)-c2ccccc2C3=O)CC1,34,453.45,4,6,4.65,5052527,"1,4-benzoquinone"
Cc1ccc2ccc3c(c2c1)C(=O)C(=O)C1=C3OC(C)C1,O=C1C(=O)c2c(ccc3ccccc23)C2=C1CCO2,21,278.31,0,4,3.43,24937852,"1,2-naphthoquinone"
COc1cc(C)cc2c1C(=O)C=C(c1c(C)cc3c(c1OC)C(=O)C(N)=CC3=O)C2=O,O=C1C=CC(=O)c2cc(C3=CC(=O)c4ccccc4C3=O)ccc21,31,417.42,3,4,3.0,25112029,"1,4-benzoquinone"
CC12CCC(OC1=O)c1c2cc(O)c2c1C(=O)c1oc(CO)cc1C2=O,O=C1c2ccoc2C(=O)c2c1ccc1c2C2CCC1C(=O)O2,26,354.31,1,6,1.9,162654186,"1,4-naphthoquinone"
COC12C(COC(N)=O)C3=C(C(=O)C(C)=C(OCCOc4ccccc4)C3=O)N1CC1NC12,O=C1C=C(OCCOc2ccccc2)C(=O)C2=C1N1CC3NC3C1C2,33,455.47,8,5,0.49,44313151,"1,4-benzoquinone"
O=C1c2ccccc2C(=O)c2c1ccc1[nH]c(CNCc3ccccc3C(F)(F)F)nc21,O=C1c2ccccc2C(=O)c2c1ccc1[nH]c(CNCc3ccccc3)nc21,32,435.41,4,5,4.65,53372104,anthraquinone
CCC1=Cc2c(O)c3c(c(O)c2C(OC2CC(N)C(O)C(C)O2)C1)C(=O)c1c(O)cccc1C3=O,O=C1c2ccccc2C(=O)c2cc3c(cc21)C=CCC3OC1CCCCO1,35,481.5,3,5,2.66,160308,"1,4-naphthoquinone"
O=C1C=C(Cl)C(Cl)=CC1=O,O=C1C=CC=CC1=O,10,176.99,0,1,1.38,87538,"1,2-benzoquinone"
CN1C(=O)N(C)C2(c3ccccc3)NN3C(=NC12c1ccccc1)SC1=C3C(=O)c2ccccc2C1=O,O=C1NC2(c3ccccc3)N=C3SC4=C(C(=O)c5ccccc5C4=O)N3NC2(c2ccccc2)N1,37,507.58,2,7,3.9,3797792,"1,4-benzoquinone"
COC1=C(C(C)C)C(=O)C=C(CC2(O)CCCCC2)C1=O,O=C1C=CC(=O)C(CC2CCCCC2)=C1,21,292.37,4,2,2.71,122183894,"1,4-benzoquinone"
COc1cc(OC(C)=O)c2c(c1O)C(=O)c1cc(C)c(O)cc1C2=O,O=C1c2ccccc2C(=O)c2ccccc21,25,342.3,2,3,2.12,59052030,"1,4-benzoquinone"
O=C1c2ccccc2C(=O)c2c1cc(Sc1cccs1)c1nsnc21,O=C1c2ccccc2C(=O)c2c1cc(Sc1cccs1)c1nsnc21,25,380.48,2,5,4.68,74223379,"1,4-naphthoquinone"
CCCCCC(OC)c1c(O)cc2c(c1O)C(=O)c1c(O)cc(OC)cc1C2=O,O=C1c2ccccc2C(=O)c2ccccc21,29,400.43,7,3,3.86,60199901,"1,4-benzoquinone"
O=C1C=C(NCc2cccnc2)C(=O)c2ccccc21,O=C1C=C(NCc2cccnc2)C(=O)c2ccccc21,20,264.28,3,3,2.13,2755721,"1,4-benzoquinone"
Cc1cc2c(cn1)C(=O)C(NCl)=CC2=O,O=C1C=CC(=O)c2cnccc21,15,222.63,1,2,1.4,46879288,"1,4-benzoquinone"
O=C1C=C(Nc2cccc3ccccc23)C(=O)c2ccccc21,O=C1C=C(Nc2cccc3ccccc23)C(=O)c2ccccc21,23,299.33,2,4,4.21,71582757,"1,4-naphthoquinone"
CC(O)C1(O)C2Nc3c(cc(O)c4c3C(=O)c3ccccc3C4=O)C1(O)C(O)c1cccc(O)c12,O=C1c2ccccc2C(=O)c2c1ccc1c2NC2CC1Cc1ccccc12,35,475.45,1,6,1.39,129903727,anthraquinone
COc1ccc(C2CC(C3=C(O)c4ccccc4C(=O)C3=O)Nc3[nH]c(=O)[nH]c(=O)c32)cc1,O=C1C(=O)c2ccccc2C=C1C1CC(c2ccccc2)c2c([nH]c(=O)[nH]c2=O)N1,33,445.43,3,5,2.12,137346360,"1,2-naphthoquinone"
O=C(C=Cc1ccccc1)OCC#CCOC1=C(Cl)C(=O)c2cccnc2C1=O,O=C(C=Cc1ccccc1)OCC#CCOC1=CC(=O)c2cccnc2C1=O,29,407.81,5,3,3.19,137643818,"1,4-benzoquinone"
COC(=O)Nc1nc2ccc(Sc3ccccc3)cc2[nH]1,c1ccc(Sc2ccc3nc[nH]c3c2)cc1,21,299.36,3,3,3.89,117592108,"1,2-naphthoquinone"
Nc1ccc2c(c1)-c1ccccc1C(=O)C2=O,O=C1C(=O)c2ccccc2-c2ccccc21,17,223.23,0,3,2.31,10582477,"1,2-benzoquinone"
O=c1c2ccccc2c(=O)c2c1ccc1[nH]c3ccccc3n(-c3ccccc3)c12,O=c1c2ccccc2c(=O)c2c1ccc1[nH]c3ccccc3n(-c3ccccc3)c12,30,388.43,1,6,5.14,236882,anthraquinone
COc1cccc2c1C(=O)C=C(Oc1ccc(F)cc1)C2=O,O=C1C=C(Oc2ccccc2)C(=O)c2ccccc21,22,298.27,3,3,3.18,122185474,"1,4-benzoquinone"
Cc1oc2c(c1C(=O)NCCn1ccnc1)C(=O)c1ccccc1C2=O,O=C(NCCn1ccnc1)c1coc2c1C(=O)c1ccccc1C2=O,26,349.35,4,4,1.99,145362859,"1,4-benzoquinone"
Cc1cc2c(cc1C)-c1oc(C(=O)NCc3ccc(F)cc3)c(C)c1C(=O)C2=O,O=C(NCc1ccccc1)c1cc2c(o1)-c1ccccc1C(=O)C2=O,29,391.4,3,4,4.32,145950869,"1,2-benzoquinone"
O=C(O)CCc1c(O)c(O)c2c(c1O)C(=O)C(=O)C(O)=C2O,O=C1C=Cc2ccccc2C1=O,22,310.21,3,2,0.37,154224592,"1,2-benzoquinone"
O=C1c2ccccc2C(=O)c2c1ccc1[nH]c(=S)[nH]c21,O=C1c2ccccc2C(=O)c2c1ccc1[nH]c(=S)[nH]c21,20,280.31,0,4,3.0,44251212,anthraquinone
O=C1C(=O)c2ccccc2C(O)=C1CCC(=O)c1ccccc1,O=C1C(=O)c2ccccc2C=C1CCC(=O)c1ccccc1,23,306.32,4,3,3.38,134974294,"1,2-naphthoquinone"
CN(C)c1cc(NCCN2CCCC2)c2c3c(onc13)-c1ccccc1C2=O,O=C1c2ccccc2-c2onc3ccc(NCCN4CCCC4)c1c23,28,376.46,5,5,3.61,20867976,"1,4-naphthoquinone"
CC1(C)OC1CC1=C(O)c2ccccc2C(=O)C1=O,O=C1C(=O)c2ccccc2C=C1CC1CO1,19,258.27,2,3,2.29,18945532,"1,2-naphthoquinone"
O=C1C(=O)c2ccccc2C2=C1CC1CCCOC1O2,O=C1C(=O)c2ccccc2C2=C1CC1CCCOC1O2,20,270.28,0,4,2.34,53327798,"1,2-benzoquinone"
COc1c(O)c(O)c2c(c1O)C(=O)c1cc(C)cc(O)c1C2=O,O=C1c2ccccc2C(=O)c2ccccc21,23,316.26,1,3,1.6,72742,"1,4-benzoquinone"
COc1cc(CC2c3cc4c(cc3CCN2CCCl)OS(=O)O4)cc(OC)c1OC,O=S1Oc2cc3c(cc2O1)C(Cc1ccccc1)NCC3,30,453.94,7,4,3.44,13680940,"1,2-benzoquinone"
CCCCCCCCCCOc1cc2c(=O)c(C(=O)OCC)c[nH]c2cc1OCC,O=c1cc[nH]c2ccccc12,30,417.55,14,2,5.62,157902084,"1,2-benzoquinone"
CCc1cccc2c1C=CC(=O)C2=O,O=C1C=Cc2ccccc2C1=O,14,186.21,1,2,2.03,12336404,"1,2-benzoquinone"
O=C1C(=O)c2cc(-c3ccc(C(=O)c4c(F)c(F)c(F)c(F)c4F)s3)sc2-c2sc(-c3cccs3)cc21,O=C(c1ccccc1)c1ccc(-c2cc3c(s2)-c2sc(-c4cccs4)cc2C(=O)C3=O)s1,37,578.59,4,6,8.24,89406124,"1,2-benzoquinone"
CCCN1C(=O)N(C)C(C(=O)OC)(C2=CC(=O)c3[nH]ccc3C2=O)C1=O,O=C1NC(=O)C(C2=CC(=O)c3[nH]ccc3C2=O)N1,26,359.34,4,3,0.54,24825246,"1,4-benzoquinone"
CCOC(=O)N(NC(=O)c1ccccc1)C1=C(N)c2ccccc2C(=O)C1=O,O=C1C(=O)c2ccccc2C=C1NNC(=O)c1ccccc1,28,379.37,3,3,1.88,10738476,"1,2-benzoquinone"
CC(C)N(CCOc1cc2oc3c(c2cc1Cl)C(=O)c1cccnc1C3=O)C(C)C,O=C1c2ncccc2C(=O)c2c1oc1ccccc21,30,426.9,6,4,4.75,44428918,"1,4-benzoquinone"
CC1=C2OC(C)(C)c3c(O)cc(C)c(c32)C(=O)C1=O,O=C1C=C2OCc3cccc(c32)C1=O,19,258.27,0,3,2.46,621021,"1,2-benzoquinone"
O=C1C=CC2=C(C1=O)c1cc3cc4ccccc4cc3cc1CC2,O=C1C=CC2=C(C1=O)c1cc3cc4ccccc4cc3cc1CC2,24,310.35,0,5,4.4,129708086,"1,2-benzoquinone"
O=C1C(c2ccccc2)=C(c2ccccc2)C(=O)c2ccccc21,O=C1C(c2ccccc2)=C(c2ccccc2)C(=O)c2ccccc21,24,310.35,2,4,4.68,555037,"1,4-naphthoquinone"
O=C1C=C(C2=C(O)c3ccccc3C(=O)C2=O)c2ccccc2C1=O,O=C1C=C(C2=Cc3ccccc3C(=O)C2=O)c2ccccc2C1=O,25,330.3,1,4,2.57,18987538,"1,2-naphthoquinone"
O=c1ccc2c(=O)c3ccc(-c4ccc5c(O)c6ccc(O)c(O)c6c(O)c5c4)cc3c(=O)c=2c1=O,O=c1ccc2c(=O)c3ccc(-c4ccc5cc6ccccc6cc5c4)cc3c(=O)c=2c1=O,36,478.41,1,6,2.68,412076,"1,2-benzoquinone"
CC1COC2=C1C(=O)C(=O)c1c2ccc2c1C(=O)CCC2(C)C,O=C1C(=O)c2c(ccc3c2C(=O)CCC3)C2=C1CCO2,23,310.35,0,4,3.08,9995530,"1,2-benzoquinone"
CC(=O)c1c(O)cc(O)c(-c2c(C)cc(O)c3c2C(=O)c2cccc(O)c2C3=O)c1O,O=C1c2ccccc2C(=O)c2c1cccc2-c1ccccc1,31,420.37,2,4,3.17,438991,"1,4-naphthoquinone"
COc1ccc(O)c2c1C(=O)c1ccc3c(c1C2=O)C(O)CC(C)C3,O=C1c2ccccc2C(=O)c2c1ccc1c2CCCC1,25,338.36,1,4,2.79,132244,"1,4-naphthoquinone"
O=C1C(=O)c2c(oc3c2CCN(CCCN2CCCCC2)C3=O)-c2ccccc21,O=C1C(=O)c2c(oc3c2CCN(CCCN2CCCCC2)C3=O)-c2ccccc21,29,392.46,4,5,3.2,178297398,"1,2-benzoquinone"
CN(C)CCNc1ccc(Cl)c2c1C(=O)c1c(NCCN(C)C)ccc(Cl)c1C2=O,O=C1c2ccccc2C(=O)c2ccccc21,30,449.38,8,3,3.72,13905022,anthraquinone
Cc1c(O)ccc2c1C(=O)c1ccccc1C2=O,O=C1c2ccccc2C(=O)c2ccccc21,18,238.24,0,3,2.48,11107397,anthraquinone
O=C1c2ccccc2C(=O)c2c1cccc2C1=CCNCC1,O=C1c2ccccc2C(=O)c2c1cccc2C1=CCNCC1,22,289.33,1,4,2.84,154697558,anthraquinone
O=C1C=C(C2=NC(=C3C=CN(O)C(F)=C3)NN=C2)C=C([N+](=O)[O-])C1=O,O=C1C=CC(C2=NC(=C3C=CNC=C3)NN=C2)=CC1=O,25,345.25,2,3,0.5,67037151,"1,2-benzoquinone"
O=C1C=Cc2cc3cc4cc5ccccc5cc4cc3cc2C1=O,O=C1C=Cc2cc3cc4cc5ccccc5cc4cc3cc2C1=O,24,308.34,0,5,4.92,86663268,"1,2-benzoquinone"
CC1(C)CCC2=C(O1)c1ccccc1C(=O)C2=O,O=C1C(=O)c2ccccc2C2=C1CCCO2,18,242.27,0,3,2.75,3885,"1,2-benzoquinone"
N#Cc1cc(Nc2ccccc2)c2c(c1N)C(=O)c1ccccc1C2=O,O=C1c2ccccc2C(=O)c2c(Nc3ccccc3)cccc21,26,339.35,2,4,3.66,122902,"1,4-benzoquinone"
Nc1ccnc2c1C(=O)c1c(-c3ccccc3[N+](=O)[O-])ccnc1C2=O,O=C1c2ncccc2C(=O)c2c(-c3ccccc3)ccnc21,26,346.3,2,4,2.41,11810125,"1,4-benzoquinone"
CC1CCCN(c2cc(Cc3ccc(C(=O)O)cc3)c3c4c(onc24)-c2ccccc2C3=O)C1,O=C1c2ccccc2-c2onc3c(N4CCCCC4)cc(Cc4ccccc4)c1c23,34,452.51,4,6,5.56,71461343,"1,4-benzoquinone"
O=C(CSc1cccc[n+]1[O-])Nc1cc2c(cc1Cl)C(=O)c1ccccc1C2=O,O=C(CSc1cccc[nH+]1)Nc1ccc2c(c1)C(=O)c1ccccc1C2=O,29,424.87,4,4,3.48,5162416,"1,4-benzoquinone"
COC1=C(C2=C(O)c3cccc(O)c3C(=O)C2=O)C(=O)c2cccc(O)c2C1=O,O=C1C(=O)c2ccccc2C=C1C1=CC(=O)c2ccccc2C1=O,29,392.32,2,4,2.11,633782,"1,2-naphthoquinone"
Cc1c2oc3c(C)cc(OC(=O)CC(C)C)c(C(C)C)c3oc-2c(C(C)C)c(=O)c1=O,O=c1cc2oc3ccccc3oc-2cc1=O,31,426.51,5,3,5.67,21576878,"1,2-benzoquinone"
COc1ccc2c(ccc3cc4c(cc32)-c2ccccc2C(=O)C4=O)c1OC,O=C1C(=O)c2cc3ccc4ccccc4c3cc2-c2ccccc21,28,368.39,2,5,5.06,10690369,"1,2-benzoquinone"
O=C1C(=O)c2cc3ccccc3cc2C=C1C1=Cc2cc3ccccc3cc2C(=O)C1=O,O=C1C(=O)c2cc3ccccc3cc2C=C1C1=Cc2cc3ccccc3cc2C(=O)C1=O,32,414.42,1,6,4.99,123887996,"1,2-naphthoquinone"
O=C1C=C(NCCCN2CCCC2=O)c2ccccc2C1=O,O=C1C=C(NCCCN2CCCC2=O)c2ccccc2C1=O,22,298.34,5,3,1.39,122196520,"1,2-benzoquinone"
O=C1C(=O)c2ccccc2C2=C1SCC1(CCN(S(=O)(=O)c3c(Cl)nc4sccn34)CC1)O2,O=C1C(=O)c2ccccc2C2=C1SCC1(CCN(S(=O)(=O)c3cnc4sccn34)CC1)O2,33,522.03,2,6,3.47,57661830,"1,2-naphthoquinone"
Cc1c(CN2CCN(C)CC2)oc2c1C(=O)C(=O)c1c-2ccc2c1CCCC2(C)C,O=C1C(=O)c2c(ccc3c2CCCC3)-c2oc(CN3CCNCC3)cc21,30,406.53,2,5,4.0,25097704,"1,2-naphthoquinone"
CN1CCN(c2ccc(S(=O)(=O)Nc3cc4c(c(O)c3O)C(=O)c3ccccc3C4=O)cc2)CC1,O=C1c2ccccc2C(=O)c2cc(NS(=O)(=O)c3ccc(N4CCNCC4)cc3)ccc21,35,493.54,4,5,2.43,162651265,anthraquinone
O=C1C=Cc2cc3c(O)c4ccccc4cc3cc2C1=O,O=C1C=Cc2cc3cc4ccccc4cc3cc2C1=O,21,274.27,0,4,3.48,21422906,"1,2-benzoquinone"
COC1=CC(=O)c2cc(-c3ccccc3)c3cc(O)c(OC)cc3c2C1=O,O=C1C=CC(=O)c2c1cc(-c1ccccc1)c1ccccc21,27,360.37,3,4,4.13,10021410,"1,4-benzoquinone"
CC(=O)OC1c2c(c3c(=O)c4cccc(O)c4c(=O)c=3c2=[N+]=[N-])C(O)C(OC(C)=O)C1(C)OC(C)=O,[N+]=c1c2c(c3c(=O)c4ccccc4c(=O)c1=3)CCCC2,36,496.43,3,4,-0.1,135514621,"1,4-benzoquinone"
O=c1c2ss[nH]c=2c2ccccc2c1=O,O=c1c2ss[nH]c=2c2ccccc2c1=O,15,235.29,0,3,1.74,12867979,"1,2-benzoquinone"
O=C1C(=O)c2ccccc2C2=C1SCC1(CCN(C(=O)Nc3ccc(F)cc3)CC1)O2,O=C1C(=O)c2ccccc2C2=C1SCC1(CCN(C(=O)Nc3ccccc3)CC1)O2,31,438.48,1,5,4.09,57661970,"1,2-benzoquinone"
CN1CCN(CCNC(=O)c2c3c(n4ccccc24)C(=O)c2ncccc2C3=O)CC1,O=C1c2cccnc2C(=O)c2c1c(C(=O)NCCN1CCNCC1)c1ccccn21,31,417.47,4,5,1.09,122188461,"1,4-benzoquinone"
O=C(NCc1cccc(F)c1)c1cc2c(o1)C(=O)c1ccccc1C2=O,O=C(NCc1ccccc1)c1cc2c(o1)C(=O)c1ccccc1C2=O,26,349.32,3,4,3.12,155527479,"1,4-naphthoquinone"
O=C1C(=O)c2c(c(O)c3ccccc3c2O)-c2ccccc21,O=C1C(=O)c2cc3ccccc3cc2-c2ccccc21,22,290.27,0,4,3.3,54563665,"1,2-naphthoquinone"
COC1=CC(=O)c2cc3c4c(cc(OC)c(OC)c4c2C1=O)CCN3C,O=C1C=CC(=O)c2c1cc1c3c(cccc23)CCN1,26,353.37,3,4,2.76,10689393,"1,4-benzoquinone"
CN(C)C(=Nc1ccc2c(c1)C(=O)c1ccc(N=C(C3CCC3)N(C)C)cc1C2=O)C1CCC1,O=C1c2ccc(N=CC3CCC3)cc2C(=O)c2ccc(N=CC3CCC3)cc21,34,456.59,4,5,5.25,53748775,anthraquinone
Cc1ccc2c3c(ccc2c1)C(=O)c1c(O)cccc1C3=O,O=C1c2ccccc2C(=O)c2c1ccc1ccccc21,22,288.3,0,4,3.63,91801307,anthraquinone
COc1ccc(C(=O)Oc2cccc3c2C(=O)C=C(N2CC2)C3=O)cc1,O=C(Oc1cccc2c1C(=O)C=C(N1CC1)C2=O)c1ccccc1,26,349.34,4,4,2.49,14867511,"1,4-benzoquinone"
O=C1C=C(NCCCN2CCCCC2)c2ccccc2C1=O,O=C1C=C(NCCCN2CCCCC2)c2ccccc2C1=O,22,298.39,5,3,2.26,44296066,"1,2-benzoquinone"
O=C1c2ccccc2-c2onc3ccc(NCCCn4ccnc4)c1c23,O=C1c2ccccc2-c2onc3ccc(NCCCn4ccnc4)c1c23,26,344.37,5,5,3.74,663844,"1,4-benzoquinone"
Cc1cc(=O)c2c(O)cc3c(c2o1)C(=O)c1c(O)cc(O)cc1C3=O,O=C1c2ccccc2C(=O)c2c1ccc1c(=O)ccoc21,25,338.27,0,4,1.99,9884262,"1,4-benzoquinone"
O=C1C(=O)c2c(ccc3ccccc23)C(O)=C1CCCC1CCCCC1,O=C1C(=O)c2c(ccc3ccccc23)C=C1CCCC1CCCCC1,26,348.44,4,4,5.62,44370243,"1,2-benzoquinone"
CC(N)Cc1c2ccoc2c(CO)c2ccoc12,c1cc2cc3occc3cc2o1,18,245.28,3,3,2.56,44431702,"1,4-benzoquinone"
COc1cc(O)c2c(c1)C(=O)c1cc(O)ccc1C2=O,O=C1c2ccccc2C(=O)c2ccccc21,20,270.24,1,3,1.88,163049183,anthraquinone
O=C1C=C(Cl)C(=O)c2c(O)cccc21,O=C1C=CC(=O)c2ccccc21,14,208.6,0,2,1.89,10856712,"1,4-benzoquinone"
CC(=O)c1cc2c(o1)C(=O)C(=O)c1ccccc1-2,O=C1C(=O)c2occc2-c2ccccc21,18,240.21,1,3,2.53,177653277,"1,2-benzoquinone"
Cc1cccc(Nc2cc(NCC(C)C)c3noc4c3c2C(=O)c2ccccc2-4)c1,O=C1c2ccccc2-c2onc3ccc(Nc4ccccc4)c1c23,30,397.48,5,5,6.16,5295232,anthraquinone
CCCCCCCCCCCC1=C(O)c2nc3ccccc3c(-c3ccc([N+](=O)[O-])cc3)c2C(=O)C1=O,O=C1C=Cc2nc3ccccc3c(-c3ccccc3)c2C1=O,37,500.6,12,4,7.77,171346262,"1,2-benzoquinone"
O=C(Oc1cccc2c1C(=O)C=C(N1CC1)C2=O)c1ccccc1,O=C(Oc1cccc2c1C(=O)C=C(N1CC1)C2=O)c1ccccc1,24,319.32,3,4,2.48,14867507,"1,4-benzoquinone"
O=C1C(=O)c2c(nc3ncccn23)-c2ccccc21,O=C1C(=O)c2c(nc3ncccn23)-c2ccccc21,19,249.23,0,4,1.78,15760733,"1,2-benzoquinone"
COC1C2=C(OC(C)(C)C1O)C(=O)c1ccccc1C2=O,O=C1C2=C(OCCC2)C(=O)c2ccccc21,21,288.3,1,3,1.5,24971371,"1,4-benzoquinone"
CC(=CCC1=C(O)C(NC(CO)C(=O)O)=CC(=O)C1=O)CCC1(C)CCC=C(C)C1C,O=C1C=CC=C(CC=CCCC2CC=CCC2)C1=O,31,431.53,9,2,3.37,71532909,"1,2-benzoquinone"
COC(=O)COc1ccc(Oc2cc(O)c3c(c2N)C(=O)c2ccccc2C3=O)cc1,O=C1c2ccccc2C(=O)c2cc(Oc3ccccc3)ccc21,31,419.39,5,4,3.09,104132,"1,4-benzoquinone"
Cc1ccc2c(c1)C(=O)c1ccc(C)cc1C2=O,O=C1c2ccccc2C(=O)c2ccccc21,18,236.27,0,3,3.08,346879,"1,4-naphthoquinone"
CCCSC1=CC(=O)C(=O)c2ccccc21,O=C1C=Cc2ccccc2C1=O,16,232.3,3,2,2.94,134936279,"1,2-naphthoquinone"
Cc1oc2c(c1C(=O)NC1CCNCC1)C(=O)c1c(c(O)c3ccccc3c1O)C2=O,O=C(NC1CCNCC1)c1coc2c1C(=O)c1cc3ccccc3cc1C2=O,31,420.42,2,5,2.41,137631204,"1,4-benzoquinone"
O=C(Nc1ccc(NC(=O)c2ccccc2)c2c1C(=O)c1ccccc1C2=O)c1ccccc1,O=C(Nc1ccc(NC(=O)c2ccccc2)c2c1C(=O)c1ccccc1C2=O)c1ccccc1,34,446.46,4,5,4.97,72731,"1,4-benzoquinone"
O=C1C(=O)c2ccccc2C(O)=C1C(Sc1ccc2ccccc2c1)c1ccccc1,O=C1C(=O)c2ccccc2C=C1C(Sc1ccc2ccccc2c1)c1ccccc1,31,422.51,4,5,6.41,71569394,"1,2-benzoquinone"
O=c1c2ccccc2c(=O)c2c1sc1c(=O)c3ccccc3c(=O)c12,O=c1c2ccccc2c(=O)c2c1sc1c(=O)c3ccccc3c(=O)c12,25,344.35,0,5,2.68,15154132,"1,4-benzoquinone"
COC12C(COC(N)=O)C3=C(C(=O)C(C)=C(OCC4CCC4)C3=O)N1CC1NC12,O=C1C=C(OCC2CCC2)C(=O)C2=C1N1CC3NC3C1C2,29,403.44,6,5,0.21,44293334,"1,4-benzoquinone"
O=C1C(=O)c2ccccc2C(O)=C1CN1CCCCC1,O=C1C(=O)c2ccccc2C=C1CN1CCCCC1,20,271.32,2,3,2.21,502599,"1,2-benzoquinone"
O=C1OCC(O)=C1C(C1=C(O)c2ccccc2C(=O)C1=O)c1ccccc1,O=C1OCC=C1C(C1=Cc2ccccc2C(=O)C1=O)c1ccccc1,27,362.34,3,4,2.87,155803481,"1,2-naphthoquinone"
Cn1c(N)c(C(C2=C(O)c3ccccc3C(=O)C2=O)c2ccc3ccccc3c2)c(=O)n(C)c1=O,O=C1C(=O)c2ccccc2C=C1C(c1ccc2ccccc2c1)c1c[nH]c(=O)[nH]c1=O,35,467.48,3,5,2.69,134694589,"1,2-naphthoquinone"
CCCCCCCCCCCCC1=C(Cl)C(=O)c2ccccc2C1=O,O=C1C=CC(=O)c2ccccc21,25,360.93,11,2,6.87,103050,"1,4-naphthoquinone"
CC1=CC(=O)C(C)=C(CCC(C)(O)CCCC(C)CCCC(C)CCCC(C)C)C1=O,O=C1C=CC(=O)C=C1,31,432.69,15,1,7.37,12444428,"1,4-benzoquinone"
O=C1C=C(OCCCCc2ccc(NC(=O)C(F)(F)F)cc2)c2ccccc2C1=O,O=C1C=C(OCCCCc2ccccc2)c2ccccc2C1=O,30,417.38,7,3,4.33,58930715,"1,2-benzoquinone"
O=C1c2ncccc2C(=O)c2sc(-c3ccncc3)nc21,O=C1c2ncccc2C(=O)c2sc(-c3ccncc3)nc21,21,293.31,1,4,2.38,145980172,"1,4-benzoquinone"
Cc1cc2c(o1)-c1c(c3ccccc3c(=O)n1CCCN1CCC(N3CCOCC3)CC1)C(=O)C2=O,O=C1C(=O)c2c(n(CCCN3CCC(N4CCOCC4)CC3)c(=O)c3ccccc23)-c2occc21,36,489.57,5,6,3.14,137654693,"1,2-benzoquinone"
O=C1C=Cc2ccc3ncccc3c2C1=O,O=C1C=Cc2ccc3ncccc3c2C1=O,16,209.2,0,3,2.01,19922456,"1,2-benzoquinone"
O=C1C=Cc2ccc3c(ccc4ccccc43)c2C1=O,O=C1C=Cc2ccc3c(ccc4ccccc43)c2C1=O,20,258.28,0,4,3.77,59730,"1,2-benzoquinone"
COC(=O)c1c(C)cc2c(c1O)C(=O)c1c(cc3c(c1O)C=CC(C)(C)O3)C2=O,O=C1c2ccccc2C(=O)c2cc3c(cc21)C=CCO3,29,394.38,1,4,3.15,24750385,"1,4-naphthoquinone"
Cc1cccc2c3c(ccc12)-c1oc2c(c1C(=O)C3=O)CCN(CCCN1CCOCC1)C2,O=C1C(=O)c2c(ccc3ccccc23)-c2oc3c(c21)CCN(CCCN1CCOCC1)C3,33,444.53,4,6,3.87,168006889,"1,2-benzoquinone"
CC(C)Cc1ccc2c(c1O)C(=O)c1c(O)cccc1C2=O,O=C1c2ccccc2C(=O)c2ccccc21,22,296.32,2,3,3.07,44287782,anthraquinone
CC(=O)Nc1c(C)cc(C)c2c1C(=O)C(=O)c1c(-c3ccc(F)cc3)csc1-2,O=C1C(=O)c2c(-c3ccccc3)csc2-c2ccccc21,28,393.44,2,4,5.18,11574716,"1,2-benzoquinone"
CN(C)c1ccc(Nc2ccc(O)c3ccc4c(c23)C(=O)C(=O)C=C4)cc1,O=C1C=Cc2ccc3cccc(Nc4ccccc4)c3c2C1=O,27,358.4,3,4,4.13,104344,"1,2-naphthoquinone"
CC1OC(OC23C(=O)C(O)C(C)(O)CC2(O)C=CC2=C3C(=O)c3cccc(O)c3C2=O)CCC1O,O=C1C2=C(C(=O)c3ccccc31)C1(OC3CCCCO3)C(=O)CCCC1C=C2,35,486.47,2,5,0.09,71450742,"1,4-naphthoquinone"
Fc1c(N2CCCC2)ccc2ooc12,c1cc2ooc2cc1N1CCCC1,14,195.19,1,3,2.77,144603216,"1,2-benzoquinone"
O=C1CN(CCN2CCCC2)C(=O)C2(CSC3=C2C(=O)c2ccccc2C3=O)N1,O=C1CN(CCN2CCCC2)C(=O)C2(CSC3=C2C(=O)c2ccccc2C3=O)N1,29,411.48,3,5,0.86,24865728,"1,4-benzoquinone"
NC(=O)c1cccc2c1C(=O)C=CC2=O,O=C1C=CC(=O)c2ccccc21,15,201.18,1,2,0.72,72725648,"1,4-naphthoquinone"
O=C1C=C(F)c2c(n(Cc3cccc(C(=O)N4CCN(C(=O)C5CCCC5)CC4)c3)c(=O)[nH]c2=O)C1=O,O=C1C=Cc2c(n(Cc3cccc(C(=O)N4CCN(C(=O)C5CCCC5)CC4)c3)c(=O)[nH]c2=O)C1=O,37,508.51,4,5,1.14,152077504,"1,2-benzoquinone"
CN1C(=O)NC2(CSC3=C2C(=O)c2ccccc2C3=O)C1=O,O=C1NC(=O)C2(CSC3=C2C(=O)c2ccccc2C3=O)N1,22,314.32,0,4,0.99,11151156,"1,4-benzoquinone"
COc1cc2c(NC3=CC(=O)C(OC(CF)CF)=CC3=O)ncnc2cc1OCC1CCN(C)CC1,O=C1C=CC(=O)C(Nc2ncnc3cc(OCC4CCNCC4)ccc23)=C1,36,502.52,10,4,3.01,11634758,"1,4-benzoquinone"
CC1(C)OC2=C(C(=O)C(=O)c3ccccc32)C(N=[N+]=[N-])C1Br,O=C1C(=O)c2ccccc2C2=C1CCCO2,22,362.18,1,3,3.41,134151954,"1,2-benzoquinone"
O=C1C=C(Nc2ccccc2)c2ccccc2C1=O,O=C1C=C(Nc2ccccc2)c2ccccc2C1=O,19,249.27,2,3,2.91,344131,"1,2-benzoquinone"
Cc1ccc2c(c1N)C(=O)c1ccccc1C2=O,O=C1c2ccccc2C(=O)c2ccccc21,18,237.26,0,3,2.35,6702,"1,4-benzoquinone"
O=C1c2ccccc2C(=O)c2c1cccc2-n1nnc2ccccc21,O=C1c2ccccc2C(=O)c2c1cccc2-n1nnc2ccccc21,25,325.33,1,5,3.2,255082,"1,4-naphthoquinone"
O=c1cc2c3ccccc3c-2cc1=O,O=c1cc2c3ccccc3c-2cc1=O,14,182.18,0,3,1.54,11030439,"1,2-benzoquinone"
CC(C)(O[N+](=O)[O-])C1CC2=C(O1)C(=O)c1ccccc1C2=O,O=C1C2=C(OCC2)C(=O)c2ccccc21,22,303.27,3,3,2.1,25110626,"1,4-benzoquinone"
COc1cccc2c1C(=O)C1=C(C(=O)CC(C)(C)O1)C2=O,O=C1CCOC2=C1C(=O)c1ccccc1C2=O,21,286.28,1,3,2.1,10684597,"1,4-naphthoquinone"
O=C1C(=O)c2ccccc2C2=C1SCC1(CCN(CC(O)COc3ccc(F)cc3)CC1)O2,O=C1C(=O)c2ccccc2C2=C1SCC1(CCN(CCCOc3ccccc3)CC1)O2,33,469.53,5,5,3.3,23654872,"1,2-benzoquinone"
O=C1C(=O)c2ccc(NC(=O)c3ccccc3C(F)(F)F)cc2-c2ccccc21,O=C(Nc1ccc2c(c1)-c1ccccc1C(=O)C2=O)c1ccccc1,29,395.34,2,4,5.0,10739445,"1,2-benzoquinone"
O=C1C(=O)c2c(c(-c3ccccc3)c3ccccc3c2-c2ccccc2)C=C1O,O=C1C=Cc2c(c(-c3ccccc3)c3ccccc3c2-c2ccccc2)C1=O,29,376.41,2,5,5.84,137280945,"1,2-naphthoquinone"
CC(Sc1nnc(NCc2ccccc2)s1)C(=O)Nc1ccc2c(c1)C(=O)c1ccccc1C2=O,O=C(CSc1nnc(NCc2ccccc2)s1)Nc1ccc2c(c1)C(=O)c1ccccc1C2=O,35,500.61,7,5,5.04,4260640,"1,4-benzoquinone"
COc1ccc(C(=O)COC2=C(C)C(=O)C(=O)c3ccccc32)cc1,O=C1C=C(OCC(=O)c2ccccc2)c2ccccc2C1=O,25,336.34,5,3,3.09,53376457,"1,2-benzoquinone"
CCc1cc(CC)c2c(c1NC(C)=O)C(=O)C(=O)c1c(-c3ccc(F)cc3)csc1-2,O=C1C(=O)c2c(-c3ccccc3)csc2-c2ccccc21,30,421.49,4,4,5.68,12172738,"1,2-naphthoquinone"
CCCC1=COC2=C(Cl)C(=O)C(=O)c3cccc1c32,O=C1C=C2OC=Cc3cccc(c32)C1=O,19,274.7,2,3,3.53,53376151,"1,2-benzoquinone"
CC(C)CCc1cc(F)cc2c(O)c(-c3nc4c(=O)c(=O)cc(OCC(N)=O)c=4s[nH]3)c(=O)[nH]c12,O=c1[nH]c2ccccc2cc1-c1nc2c(=O)c(=O)ccc=2s[nH]1,35,500.51,7,4,1.72,136427566,"1,2-benzoquinone"
O=C1C=C(C(=O)c2ccc(F)cc2)c2ccccc2C1=O,O=C1C=C(C(=O)c2ccccc2)c2ccccc2C1=O,21,280.25,2,3,2.86,101610113,"1,2-naphthoquinone"
Cc1cccc(OC2=C(Cl)C(=O)c3ccccc3C2=O)c1,O=C1C=C(Oc2ccccc2)C(=O)c2ccccc21,21,298.73,2,3,3.9,2817457,"1,4-naphthoquinone"
N#CC1=C(NCC(F)(F)C(F)(F)F)C(=O)C(=O)C(NC2=CCC2)=C1,O=C1C=CC=C(NC2=CCC2)C1=O,24,347.24,5,2,1.85,22413675,"1,2-benzoquinone"
COc1c(C)ccc2c1C(=O)c1ccc(O)cc1C2=O,O=C1c2ccccc2C(=O)c2ccccc21,20,268.27,1,3,2.48,44715573,"1,4-naphthoquinone"
Cc1oc2c(c1C(=O)NC1CCNC1)C(=O)c1c(c(O)c3ccccc3c1O)C2=O,O=C(NC1CCNC1)c1coc2c1C(=O)c1cc3ccccc3cc1C2=O,30,406.39,2,5,2.02,137631208,"1,4-benzoquinone"
O=C1c2c(O)ccc(Nc3ccccc3)c2C(=O)c2c(Nc3ccccc3)ccc(O)c21,O=C1c2cccc(Nc3ccccc3)c2C(=O)c2c(Nc3ccccc3)cccc21,32,422.44,4,5,5.36,166213,"1,4-naphthoquinone"
O=C1c2ccccc2C(=O)c2c1cc(N1CCCCC1)c1nsnc21,O=C1c2ccccc2C(=O)c2c1cc(N1CCCCC1)c1nsnc21,25,349.42,1,5,3.46,74223583,"1,4-naphthoquinone"
COc1ccc(C(=O)Nc2ccc(O)c3c2C(=O)c2c(O)ccc(NC(=O)c4ccc(OC)cc4)c2C3=O)cc1,O=C(Nc1cccc2c1C(=O)c1cccc(NC(=O)c3ccccc3)c1C2=O)c1ccccc1,40,538.51,6,5,4.4,76496,"1,4-naphthoquinone"
O=C(O)c1cccc2oc3cncc(n3)oc3c(C(=O)O)cccc3oc3cncc(n3)oc12,c1ccc2oc3cncc(n3)oc3ccccc3oc3cncc(n3)oc2c1,34,460.36,2,5,4.46,101581488,"1,2-benzoquinone"
CN(C1=CC(=O)C(=O)c2ccccc21)c1ccc(Cl)c(Cl)c1,O=C1C=C(Nc2ccccc2)c2ccccc2C1=O,22,332.19,2,3,4.24,145982632,"1,2-benzoquinone"
O=C1c2ccccc2-c2onc3c(N4CCN(c5ncccn5)CC4)cc(NCCN4CCCC4)c1c23,O=C1c2ccccc2-c2onc3c(N4CCN(c5ncccn5)CC4)cc(NCCN4CCCC4)c1c23,37,495.59,6,7,3.66,134135896,anthraquinone
C=C(C)CCCc1c(C)ccc2c1C(=O)C(=O)C(C(C)C)=C2,O=C1C=Cc2ccccc2C1=O,22,296.41,5,2,4.7,157301,"1,2-benzoquinone"
O=C1C(Oc2ccccc2)=C(Oc2ccccc2)C(=O)c2ccccc21,O=C1C(Oc2ccccc2)=C(Oc2ccccc2)C(=O)c2ccccc21,26,342.35,4,4,4.44,4343360,"1,4-naphthoquinone"
COc1ccc2c(c1)OCC1C2C2=C(OC1(C)C)C1=C(C(=O)C2=O)C2c3ccc(OC)cc3OCC2C(C)(C)O1,O=C1C(=O)C2=C(OCC3COc4ccccc4C23)C2=C1C1c3ccccc3OCC1CO2,40,544.6,2,7,4.87,25149236,"1,2-benzoquinone"
CC(=Nc1ccc2c(c1)C(=O)c1ccc(N=C(C)N3CCCCC3)cc1C2=O)N1CCCCC1,O=C1c2ccc(N=CN3CCCCC3)cc2C(=O)c2ccc(N=CN3CCCCC3)cc21,34,456.59,2,5,5.53,22767564,anthraquinone
NC(=O)Oc1sc2nc(C3=C4CCC(=C3)C(=O)C4=O)cc(C(F)(F)F)c2c1N,O=C1C(=O)C2=C(c3ccc4ccsc4n3)C=C1CC2,28,409.35,2,5,2.98,23134995,"1,2-benzoquinone"
O=C1C(=O)c2ccccc2C2=C1SCC1(CCN(CC(O)CN3CCOCC3)CC1)O2,O=C1C(=O)c2ccccc2C2=C1SCC1(CCN(CCCN3CCOCC3)CC1)O2,31,444.55,4,5,1.41,57661892,"1,2-naphthoquinone"
COC1=C(OC)C(=O)C(C)=CC1=O,O=C1C=CC(=O)C=C1,13,182.17,2,1,0.59,69068,"1,4-benzoquinone"
CC(=O)OC1c2c(c3c(=O)c4cccc(O)c4c(=O)c=3c2=[N+]=[N-])C(O)C(OC(C)=O)C1(C)O,[N+]=c1c2c(c3c(=O)c4ccccc4c(=O)c1=3)CCCC2,33,454.39,2,4,-0.67,135440049,"1,4-benzoquinone"
CC(C(=O)Nc1ccccc1)N1CCC2(CC1)CSC1=C(O2)c2ccccc2C(=O)C1=O,O=C(CN1CCC2(CC1)CSC1=C(O2)c2ccccc2C(=O)C1=O)Nc1ccccc1,32,448.54,3,5,3.75,57661860,"1,2-naphthoquinone"
COc1cccc2c1C(=O)c1c(O)c3c(c(O)c1C2=O)CC(C)(C(=O)CO)CC3OC1CC(N)C(O)C(C)O1,O=C1c2ccccc2C(=O)c2cc3c(cc21)CCCC3OC1CCCCO1,39,541.55,5,5,1.28,44563406,anthraquinone
Cc1nc2c([nH]1)C(=O)C(Cl)=C(Nc1ccc(F)c(F)c1F)C2=O,O=C1C(Nc2ccccc2)=CC(=O)c2[nH]cnc21,23,341.68,2,3,3.08,44345298,"1,4-benzoquinone"
COCCOc1cc2ncnc(NC3=CC(=O)C(N4CCOCC4)=CC3=O)c2cc1OC,O=C1C=C(N2CCOCC2)C(=O)C=C1Nc1ncnc2ccccc12,32,440.46,8,4,1.33,11590287,"1,4-benzoquinone"
O=C1C=Cc2c(c(-c3ccccc3)cn2S(=O)(=O)c2ccccc2)C1=O,O=C1C=Cc2c(c(-c3ccccc3)cn2S(=O)(=O)c2ccccc2)C1=O,26,363.39,3,4,3.17,132251303,"1,2-benzoquinone"
COC1=CC(=O)c2c(c(COc3cccnc3)c(C)n2C)C1=O,O=C1C=CC(=O)c2c(COc3cccnc3)c[nH]c21,23,312.32,4,3,2.22,23657120,"1,4-benzoquinone"
O=C1C(Cl)=C(Nc2cccc(O)c2)C(=O)c2cnccc21,O=C1C=C(Nc2ccccc2)C(=O)c2cnccc21,21,300.7,2,3,2.73,44422242,"1,4-benzoquinone"
O=C1C=Cc2cc(C(=O)c3ccccc3)ccc2C1=O,O=C1C=Cc2cc(C(=O)c3ccccc3)ccc2C1=O,20,262.26,2,3,2.7,10515600,"1,2-benzoquinone"
COc1cc2c(c(C=Cc3ccccc3)c1C(=O)O)C(=O)c1c(O)cccc1C2=O,O=C1c2ccccc2C(=O)c2c(C=Cc3ccccc3)cccc21,30,400.39,4,4,4.04,23661628,anthraquinone
O=C1c2ccccc2C(=O)c2c(-c3ccccc3)ccc(-c3ccccc3)c21,O=C1c2ccccc2C(=O)c2c(-c3ccccc3)ccc(-c3ccccc3)c21,28,360.41,2,5,5.8,333923,anthraquinone
CCOC(=O)COc1ccccc1C1=CC(=O)C(=O)c2ccccc21,O=C1C=C(c2ccccc2)c2ccccc2C1=O,25,336.34,5,3,2.83,44301148,"1,2-benzoquinone"
CC(C)C(=O)CC1=C(O)c2ccccc2C(=O)C1=O,O=C1C=Cc2ccccc2C1=O,19,258.27,3,2,2.34,70492859,"1,2-benzoquinone"
O=C1C(Sc2ccccc2)=C(Sc2ccccc2)C(=O)c2ccccc21,O=C1C(Sc2ccccc2)=C(Sc2ccccc2)C(=O)c2ccccc21,26,374.49,4,4,5.86,15890879,"1,4-naphthoquinone"
O=C1C(Cl)=C(N(C(=O)c2cccc(Cl)c2)C(=O)c2cccc(Cl)c2)C(=O)c2ccccc21,O=C1C=C(N(C(=O)c2ccccc2)C(=O)c2ccccc2)C(=O)c2ccccc21,32,484.72,3,4,5.81,71498481,"1,4-naphthoquinone"
CCN1CCN(c2cc(NCCN3CCCC3)c3c4c(onc24)-c2ccccc2C3=O)CC1,O=C1c2ccccc2-c2onc3c(N4CCNCC4)cc(NCCN4CCCC4)c1c23,33,445.57,6,6,3.69,134145804,anthraquinone
CC(C)c1nc2c(n1Cc1cccc(Cl)c1)C(=O)C(=O)c1ccccc1-2,O=C1C(=O)c2c(ncn2Cc2ccccc2)-c2ccccc21,26,364.83,3,4,4.75,159157164,"1,2-benzoquinone"
COc1cccc(Oc2c(O)c3c(c(O)c2Cl)C(=O)C=CC3=O)c1,O=C1C=CC(=O)c2cc(Oc3ccccc3)ccc21,24,346.72,3,3,3.49,11791909,"1,4-benzoquinone"
CCCCNC(=O)Oc1ccc2c(=O)c3sc4c(=O)c5ccccc5c(=O)c4c3c(=O)c2c1,O=c1c2ccccc2c(=O)c2c1sc1c(=O)c3ccccc3c(=O)c12,33,459.48,4,5,3.57,155538151,"1,4-naphthoquinone"
COc1cccc2c(O)c3c(=O)c(=O)c4cccc5c(=O)oc(c12)c3c54,O=c1oc2c3ccccc3cc3c(=O)c(=O)c4cccc1c4c32,26,346.29,1,5,2.56,11198778,"1,2-benzoquinone"
O=C1c2ccccc2C(=O)c2c1cc(Sc1cccc(Cl)c1)c1nsnc21,O=C1c2ccccc2C(=O)c2c1cc(Sc1ccccc1)c1nsnc21,27,408.89,2,5,5.27,74223111,"1,4-benzoquinone"
CC(C)C1=C(O)C2=C(C(=O)C1=O)C1(C)CCCC(C)(C)C1C(O)C2O,O=C1C=CC2=C(C1=O)C1CCCCC1CC2,25,348.44,1,3,2.47,13894262,"1,2-benzoquinone"
CC1=C(C)C(=O)C(C(CCCCCC(=O)O)c2ccc(Cl)cc2)=C(C)C1=O,O=C1C=CC(=O)C(Cc2ccccc2)=C1,27,388.89,8,2,5.26,15616467,"1,4-benzoquinone"
CCc1nc2c3c(ccc2[nH]1)C(=O)c1ccccc1C3=O,O=C1c2ccccc2C(=O)c2c1ccc1[nH]cnc21,21,276.3,1,4,2.9,44603286,"1,4-benzoquinone"
COc1cccc(CN(C)Cc2nc3c4c(ccc3[nH]2)C(=O)c2ccccc2C4=O)c1,O=C1c2ccccc2C(=O)c2c1ccc1[nH]c(CNCc3ccccc3)nc21,31,411.46,5,5,3.98,53372101,anthraquinone
COc1ccc2[nH]c3c(c2c1)C(=O)c1ccccc1C3=O,O=C1c2ccccc2C(=O)c2c1[nH]c1ccccc21,21,277.28,1,4,2.95,10923849,"1,4-benzoquinone"
CC(C)=CCC(OC(=O)CC1CC1)C1=CC(=O)c2c(O)ccc(O)c2C1=O,O=C(CC1CC1)OCC1=CC(=O)c2ccccc2C1=O,27,370.4,6,3,3.47,168296488,"1,4-naphthoquinone"
Cc1ccc2c(c1CCC1OC1(C)CO)C(=O)C(=O)C(C(C)C)=C2,O=C1C=Cc2cccc(CCC3CO3)c2C1=O,24,328.41,5,3,2.88,23633721,"1,2-naphthoquinone"
Nc1ccc(-c2ccc(Nc3cc(S(=O)(=O)O)c(N)c4c3C(=O)c3ccccc3C4=O)cc2)c(S(=O)(=O)O)c1,O=C1c2ccccc2C(=O)c2c(Nc3ccc(-c4ccccc4)cc3)cccc21,39,565.59,5,5,3.53,277277,"1,4-benzoquinone"
CCOC(=O)c1[nH]c2c(c1-c1ccccc1)-c1ccccc1C(=O)C2=O,O=C1C(=O)c2[nH]cc(-c3ccccc3)c2-c2ccccc21,26,345.35,3,4,3.9,13160422,"1,2-naphthoquinone"
CC(=O)c1c(C)cc2c(c1O)C(=O)c1c(O)cc(O)cc1C2=O,O=C1c2ccccc2C(=O)c2ccccc21,23,312.28,1,3,2.09,12742404,"1,4-naphthoquinone"
CCCCCCCCCCCC1=C(O)c2nc3ccccc3c(-c3ccsc3)c2C(=O)C1=O,O=C1C=Cc2nc3ccccc3c(-c3ccsc3)c2C1=O,33,461.63,11,4,7.92,171358606,"1,2-benzoquinone"
CC1=C(CC2=C(O)c3c(cc(O)c(C)c3O)C(=O)C2=O)CCC(C)(C)C1,O=C1C(=O)c2ccccc2C=C1CC1=CCCCC1,26,356.42,2,3,4.36,139584056,"1,2-benzoquinone"
O=c1ccc2c(ccc3sc4ccccc4[nH]c32)c1=O,O=c1ccc2c(ccc3sc4ccccc4[nH]c32)c1=O,20,279.32,0,4,3.26,139214027,"1,2-naphthoquinone"
Nc1cccc(Sc2cccc3c2C(=O)c2cccc(Sc4cccc(N)c4)c2C3=O)c1,O=C1c2cccc(Sc3ccccc3)c2C(=O)c2cccc(Sc3ccccc3)c21,32,454.58,4,5,5.93,10884932,anthraquinone
COC1=C(C)C(=O)c2c(c(COC(N)=O)c3n2CC2C3N2C)C1=O,O=C1C=CC(=O)c2c1cc1n2CC2NC12,24,331.33,3,4,0.75,27590,"1,4-benzoquinone"
CN1CCN(c2cc3c(c4nsnc24)C(=O)c2ccccc2C3=O)CC1,O=C1c2ccccc2C(=O)c2c1cc(N1CCNCC1)c1nsnc21,26,364.43,1,5,2.22,74223645,"1,4-naphthoquinone"
CC(C)OC(=O)c1cc(N)c2c(c1N)C(=O)c1ccccc1C2=O,O=C1c2ccccc2C(=O)c2ccccc21,24,324.34,2,3,2.19,116939,"1,4-naphthoquinone"
Nc1c(OCCOC(=O)Oc2ccccc2)cc(O)c2c1C(=O)c1ccccc1C2=O,O=C(OCCOc1ccc2c(c1)C(=O)c1ccccc1C2=O)Oc1ccccc1,31,419.39,5,4,3.34,119885,"1,4-benzoquinone"
O=C1c2ccccc2-c2onc3ccc(Oc4ccccc4)c1c23,O=C1c2ccccc2-c2onc3ccc(Oc4ccccc4)c1c23,24,313.31,2,5,4.83,776372,"1,4-benzoquinone"
COc1cc(N)c2c(c1N)C(=O)c1ccccc1C2=O,O=C1c2ccccc2C(=O)c2ccccc21,20,268.27,1,3,1.63,17885,"1,4-benzoquinone"
CC1(C)OC2=C(C(=O)C(=O)c3ccccc32)C(n2nncc2-c2ccccc2)C1Br,O=C1C(=O)c2ccccc2C2=C1C(n1nncc1-c1ccccc1)CCO2,30,464.32,2,5,4.24,132968980,"1,2-benzoquinone"
O=C1C=C(C2=CC(=O)c3cccc(O)c3C2=O)C(=O)c2c(O)cccc21,O=C1C=C(C2=CC(=O)c3ccccc3C2=O)C(=O)c2ccccc21,26,346.29,1,4,2.41,329584,"1,4-benzoquinone"
CCN(CC)CCCN1CCc2c(oc3c2C(=O)C(=O)c2ccccc2-3)C1=O,O=C1C(=O)c2c(oc3c2CCNC3=O)-c2ccccc21,28,380.44,6,4,3.06,178312541,"1,2-benzoquinone"
COc1cc(OC)c2c(c1)C(=O)C1=C(COC(C)(O)C1)C2=O,O=C1C2=C(COCC2)C(=O)c2ccccc21,22,304.3,2,3,1.51,44445721,"1,4-benzoquinone"
COc1cccc2c1C(=O)c1c(O)c3c(c(O)c1C2=O)CC(O)(C(C)=O)CC3O,O=C1c2ccccc2C(=O)c2cc3c(cc21)CCCC3,29,398.37,2,4,1.18,83843,"1,4-benzoquinone"
COC(=O)c1cc(C)nc2c1C(=O)C(=O)C=C2N1CCOCC1,O=C1C=C(N2CCOCC2)c2ncccc2C1=O,23,316.31,2,3,0.62,3101746,"1,2-benzoquinone"
CCCC12CC(OC(C)C1O)c1ccc3c(c1N2)C(=O)c1ccc2cc(C)ccc2c1C3=O,O=C1c2ccc3ccccc3c2C(=O)c2ccc3c(c21)NC1CCOC3C1,33,441.53,2,6,5.1,44445374,"1,4-benzoquinone"
CC1CCN(C2=CC(=O)C(=O)c3cccnc32)CC1,O=C1C=C(N2CCCCC2)c2ncccc2C1=O,19,256.3,1,3,1.92,363466,"1,2-benzoquinone"
O=C(CCl)Nc1ccc2c(c1)C(=O)c1ccccc1C2=O,O=C1c2ccccc2C(=O)c2ccccc21,21,299.71,2,3,2.64,3100887,"1,4-benzoquinone"
COC1=CC(=O)C(=O)c2c1coc2-c1cc(C)cc(OC)c1OC,O=C1C=Cc2coc(-c3ccccc3)c2C1=O,24,328.32,4,3,3.02,139590851,"1,2-benzoquinone"
CC(=O)NCCc1ccc(O)c(-c2c(O)c(O)c3c(c2O)C(=O)c2c(cc(O)c(C(=O)O)c2C(=O)O)C3=O)c1,O=C1c2ccccc2C(=O)c2cc(-c3ccccc3)ccc21,39,537.43,6,4,1.73,5491415,"1,4-benzoquinone"
COC12C(COC(N)=O)C3=C(C(=O)C(CSc4ncccn4)=C(N)C3=O)N1CC1NC12,O=C1C=C(CSc2ncccn2)C(=O)C2=C1CC1C3NC3CN21,31,444.47,6,5,-1.09,10433578,"1,4-benzoquinone"
O=C1C(=O)c2ccccc2C=C1C12CC3CC(CC(C3)C1)C2,O=C1C(=O)c2ccccc2C=C1C12CC3CC(CC(C3)C1)C2,22,292.38,1,6,4.05,155884546,"1,2-naphthoquinone"
CCCCCCc1ccc2c(c1O)C(=O)c1c(O)cccc1C2=O,O=C1c2ccccc2C(=O)c2ccccc21,24,324.38,5,3,4.0,44288136,anthraquinone
O=C1C(=O)c2c(cc(-c3ccc(Cl)cc3)c3ccc(Cl)cc23)-c2ccccc21,O=C1C(=O)c2c(cc(-c3ccccc3)c3ccccc23)-c2ccccc21,28,403.26,1,5,6.86,10501328,"1,2-benzoquinone"
O=C1C=c2cc3ccc4c5c(ccc4c3cc2=CC1)C(=O)C(=O)C=C5,O=C1C=c2cc3ccc4c5c(ccc4c3cc2=CC1)C(=O)C(=O)C=C5,25,324.34,0,5,2.31,129672049,"1,2-naphthoquinone"
O=C1C(=O)c2ccccc2C(O)=C1C(c1ccccc1O)N1CCCC1,O=C1C(=O)c2ccccc2C=C1C(c1ccccc1)N1CCCC1,26,349.39,3,4,3.26,168269645,"1,2-benzoquinone"
O=c1ccc2c(cc3ccc4cccc5c6ccccc6c2c3c45)c1=O,O=c1ccc2c(cc3ccc4cccc5c6ccccc6c2c3c45)c1=O,26,332.36,0,6,5.05,15418689,"1,2-naphthoquinone"
CC1(C)OC2=C(C(=O)c3ccccc3C2=O)C(NCc2ccccc2)C1O,O=C1C2=C(C(=O)c3ccccc31)C(NCc1ccccc1)CCO2,27,363.41,3,4,2.65,24824610,"1,4-benzoquinone"
CC1(C)OC2=C(C(=O)C(=O)c3ccccc32)C1n1cc(-c2ccc(Nc3ccccn3)c3nsnc23)nn1,O=C1C(=O)c2ccccc2C2=C1C(n1cc(-c3ccc(Nc4ccccn4)c4nsnc34)nn1)CO2,38,521.56,4,7,4.62,155558227,"1,2-benzoquinone"
Cc1ccc(CNC2=CC(=O)c3ccccc3C2=O)cc1,O=C1C=C(NCc2ccccc2)C(=O)c2ccccc21,21,277.32,3,3,3.05,11185003,"1,4-benzoquinone"
COC1=CC(=O)C(O)=C(CC2(C)C(C)CCC34CC3(C)CCCC24)C1=O,O=C1C=CC(=O)C(CC2CCCC34CC3CCCC24)=C1,26,358.48,3,4,4.5,71726092,"1,4-benzoquinone"
CC(=O)Nc1cccc2c(O)c3c(c(O)c12)C(=O)c1ccccc1C3=O,O=C1c2ccccc2C(=O)c2cc3ccccc3cc21,26,347.33,1,4,2.98,137321731,anthraquinone
Cc1cccc2c3c(ccc12)-c1oc2c(c1C(=O)C3=O)CCN(CCCN1CCN(C)CC1)C2,O=C1C(=O)c2c(ccc3ccccc23)-c2oc3c(c21)CCN(CCCN1CCNCC1)C3,34,457.57,4,6,3.78,172439661,"1,2-benzoquinone"
O=C1C(Cl)=C(Nc2nc(-c3ccc([N+](=O)[O-])cc3)cs2)C(=O)c2ccccc21,O=C1C=C(Nc2nc(-c3ccccc3)cs2)C(=O)c2ccccc21,28,411.83,4,4,4.66,155528570,"1,4-naphthoquinone"
O=C1c2ccccc2C(=O)c2c1ccc1c3ccccc3n(Cc3ccccc3)c21,O=C1c2ccccc2C(=O)c2c1ccc1c3ccccc3n(Cc3ccccc3)c21,30,387.44,2,6,5.62,361387,anthraquinone
O=C1C(=O)c2ccccc2C(O)=C1C(Nc1ccccc1)c1ccc([N+](=O)[O-])cc1,O=C1C(=O)c2ccccc2C=C1C(Nc1ccccc1)c1ccccc1,30,400.39,5,4,4.48,102262974,"1,2-naphthoquinone"
COc1cc(OC)cc(C2C3=C(Nc4nnnn42)c2ccccc2C(=O)C3=O)c1,O=C1C(=O)c2ccccc2C2=C1C(c1ccccc1)n1nnnc1N2,29,389.37,3,5,1.88,168276093,"1,2-benzoquinone"
CCN(CC)C(C)CN1c2ccccc2Sc2ccccc21,c1ccc2c(c1)Nc1ccccc1S2,22,312.48,5,3,5.02,117592272,"1,2-naphthoquinone"
O=C1C=C(N=Cc2ccc(O)cc2)c2ccccc2C1=O,O=C1C=C(N=Cc2ccccc2)c2ccccc2C1=O,21,277.28,2,3,2.62,136264389,"1,2-benzoquinone"
COC(=O)c1cc2c([nH]c3ccccc32)c(-c2ccc3c(n2)C(=O)C(NC(C)=O)=CC3=O)n1,O=C1C=CC(=O)c2nc(-c3nccc4c3[nH]c3ccccc34)ccc21,33,440.42,3,5,2.96,11662151,"1,4-benzoquinone"
Cc1cccc2c3c(ccc12)C1=C(C(=O)C3=O)C(CO)CO1,O=C1C(=O)c2c(ccc3ccccc23)C2=C1CCO2,22,294.31,1,4,2.26,162863926,"1,2-benzoquinone"
O=C1C(=O)c2ccccc2C(O)=C1CCCc1ccc(OCc2ccccc2)cc1,O=C1C(=O)c2ccccc2C=C1CCCc1ccc(OCc2ccccc2)cc1,30,398.46,7,4,5.32,270729,"1,2-naphthoquinone"
O=C1C=Cc2nccnc2C1=O,O=C1C=Cc2nccnc2C1=O,12,160.13,0,2,0.26,21467204,"1,2-benzoquinone"
O=C1c2ccccc2C(=O)c2c1cc(SCCc1ccccc1)c1nsnc21,O=C1c2ccccc2C(=O)c2c1cc(SCCc1ccccc1)c1nsnc21,28,402.5,4,5,4.8,89872118,"1,4-naphthoquinone"
C=CCN1CCN(Cc2nc3c4c(ccc3[nH]2)C(=O)c2ccccc2C4=O)CC1,O=C1c2ccccc2C(=O)c2c1ccc1[nH]c(CN3CCNCC3)nc21,29,386.46,4,5,2.64,53372365,anthraquinone
O=C1c2ccccc2C(=O)c2c1cccc2N1CCN(Cc2ccccc2)CC1,O=C1c2ccccc2C(=O)c2c1cccc2N1CCN(Cc2ccccc2)CC1,29,382.46,3,5,3.78,7071231,"1,4-benzoquinone"
O=C1C=C(OCc2ccccc2)c2ccccc2C1=O,O=C1C=C(OCc2ccccc2)c2ccccc2C1=O,20,264.28,3,3,3.01,13113865,"1,2-benzoquinone"
CCNCc1cc(OC)c2c(c1)C(=O)c1cc(OC)cc(OC)c1C2=O,O=C1c2ccccc2C(=O)c2ccccc21,26,355.39,6,3,2.6,14563125,"1,4-naphthoquinone"
Cc1ccc(C)c(-n2[nH]c3c4c(ccc3c2=O)C(=O)c2ccccc2C4=O)c1,O=C1c2ccccc2C(=O)c2c1ccc1c(=O)n(-c3ccccc3)[nH]c21,28,368.39,1,5,3.71,2847625,"1,4-benzoquinone"
CC(=O)c1cc(NC(=O)CCCCOC2=CC(=O)C(=O)c3ccccc32)cn1C,O=C(CCCCOC1=CC(=O)C(=O)c2ccccc21)Nc1cc[nH]c1,29,394.43,8,3,3.16,20600601,"1,2-naphthoquinone"
COc1cccc(C2=C(O)c3ccccc3C(=O)C2=O)c1,O=C1C(=O)c2ccccc2C=C1c1ccccc1,21,280.28,2,3,2.89,145988776,"1,2-benzoquinone"
O=C1C(=O)c2ccccc2C(O)=C1C(=Nc1ccccc1F)Nc1cccc(F)c1,O=C1C(=O)c2ccccc2C=C1C(=Nc1ccccc1)Nc1ccccc1,30,404.37,3,4,4.84,137277325,"1,2-naphthoquinone"
CC(c1ccccc1)N1CN(C(C)(C)C)CC2=C1c1ccccc1C(=O)C2=O,O=C1C(=O)c2ccccc2C2=C1CNCN2Cc1ccccc1,28,374.48,2,4,4.3,14813038,"1,2-naphthoquinone"
Cc1cnoc1NC1=CC(=O)C(=O)c2ccccc21,O=C1C=C(Nc2ccno2)c2ccccc2C1=O,19,254.24,2,3,2.2,384244,"1,2-benzoquinone"
O=C(Oc1cccc2c1C(=O)C=CC2=O)c1ccccc1,O=C(Oc1cccc2c1C(=O)C=CC2=O)c1ccccc1,21,278.26,2,3,2.84,2818249,"1,4-naphthoquinone"
COC1=CC(=O)C(C(=O)c2ccccc2)=CC1=O,O=C1C=CC(=O)C(C(=O)c2ccccc2)=C1,18,242.23,3,2,1.48,6710718,"1,4-benzoquinone"
Cc1cccc2c1[nH]c1c3c(ccc12)C(=O)C(=O)C=C3,O=C1C=Cc2c(ccc3c2[nH]c2ccccc23)C1=O,20,261.28,0,4,3.41,57351185,"1,2-naphthoquinone"
O=c1c(=O)c2c(ccc3nnc(=O)c32)c2cnncc12,O=c1c(=O)c2c(ccc3nnc(=O)c32)c2cnncc12,20,264.2,0,4,-0.32,129832789,"1,2-naphthoquinone"
CCCSC1=CC(=O)c2ccccc2C1=O,O=C1C=CC(=O)c2ccccc21,16,232.3,3,2,3.09,18364603,"1,4-naphthoquinone"
O=C(Nc1ccccc1)OCC1CSC2=C(O1)c1ccccc1C(=O)C2=O,O=C(Nc1ccccc1)OCC1CSC2=C(O1)c1ccccc1C(=O)C2=O,27,381.41,3,4,3.5,25263855,"1,2-naphthoquinone"
Cc1cc(O)c2c(c1)cc(O)c1c(=O)c3c(O)c4c(O)cc(=O)c(=O)c4cc3c(=O)c12,O=c1ccc2cc3c(=O)c4ccc5ccccc5c4c(=O)c3cc2c1=O,31,416.34,0,5,1.75,72941770,"1,2-naphthoquinone"
Cc1cc(=O)c2c(cc(O)c3c4c(O)cccc4c(=O)c32)c1=O,O=c1ccc(=O)c2c1ccc1c3ccccc3c(=O)c12,23,306.27,0,4,1.82,5747511,"1,4-benzoquinone"
CC1OC(OC2CCC(c3ccc4c(c3O)C(O)=C(CC(=O)O)C(=O)C4=O)OC2C)CCC1O,O=C1C=Cc2cc(C3CCC(OC4CCCCO4)CO3)ccc2C1=O,34,476.48,5,4,2.41,156580351,"1,2-benzoquinone"
CC1=CCc2c1cc1c(c2C)C(=O)c2ccccc2C1=O,O=C1c2ccccc2C(=O)c2cc3c(cc21)C=CC3,21,274.32,0,4,3.73,641675,"1,4-naphthoquinone"
COC1=CC(=O)C(=O)c2ccc(-c3ccc(C)cc3)cc21,O=C1C=Cc2cc(-c3ccccc3)ccc2C1=O,21,278.31,2,3,3.41,46178355,"1,2-naphthoquinone"
CCCC(=O)c1c(O)c(CNCCS(=O)(=O)O)c(O)c2c1C(=O)c1cc(OC)cc(O)c1C2=O,O=C1c2ccccc2C(=O)c2ccccc21,34,493.49,9,3,1.55,156015040,anthraquinone
O=C1C(Cl)=C(Nc2cccc3cccnc23)C(=O)c2ccccc21,O=C1C=C(Nc2cccc3cccnc23)C(=O)c2ccccc21,24,334.76,2,4,4.18,118710204,"1,4-naphthoquinone"
CC1(C)OC2=C(C(=O)C(=O)c3ccccc32)C1Nc1ccc(C(=O)C=Cc2ccc(-c3ccccc3)cc2)cc1,O=C1C(=O)c2ccccc2C2=C1C(Nc1ccc(C(=O)C=Cc3ccc(-c4ccccc4)cc3)cc1)CO2,40,525.6,6,6,7.02,122191549,"1,2-benzoquinone"
O=C1C(=O)c2ccccc2C(O)=C1C(NCCCCl)c1ccccc1,O=C1C(=O)c2ccccc2C=C1Cc1ccccc1,25,355.82,6,3,3.68,127048462,"1,2-benzoquinone"
COC1=C(OC)C(=O)C(CNC(=O)c2ccc(Oc3ccc(C(C)(C)C)cc3)cc2)=C(C)C1=O,O=C1C=CC(=O)C(CNC(=O)c2ccc(Oc3ccccc3)cc2)=C1,34,463.53,7,3,4.48,76308850,"1,4-benzoquinone"
Cc1ccc(C)n1-c1n[nH]c(Nc2ccccc2)c1C(=O)Nc1ccc2c(c1)C(=O)c1ccccc1C2=O,O=C1c2ccccc2C(=O)c2cc(NC(=O)c3c(-n4cccc4)n[nH]c3Nc3ccccc3)ccc21,38,501.55,5,6,5.59,46205716,anthraquinone
O=C(Cl)c1cccc2c1OS(=O)O2,O=S1Oc2ccccc2O1,13,218.62,1,2,1.42,12501541,"1,2-benzoquinone"
CCOc1cc2ncnc(NC3=CC(=O)C(OCc4ccccn4)=CC3=O)c2cc1NC(=O)C=CCN(C)C,O=C1C=C(OCc2ccccn2)C(=O)C=C1Nc1ncnc2ccccc12,39,528.57,11,4,3.03,44428891,"1,4-benzoquinone"
CCCCNC1=C([N+](=O)[O-])C(C2=C(O)c3ccccc3C(=O)C2=O)c2cc(Cl)ccc2O1,O=C1C(=O)c2ccccc2C=C1C1C=COc2ccccc21,32,454.87,6,4,4.39,129832065,"1,2-naphthoquinone"
O=C1C(Cl)=C(Nc2ccc3cn[nH]c3c2)C(=O)c2ccccc21,O=C1C=C(Nc2ccc3cn[nH]c3c2)C(=O)c2ccccc21,23,323.74,2,4,3.5,265940,"1,4-benzoquinone"
CC(=O)N1CCN(Cc2oc3c(c2C)C(=O)C(=O)c2ccccc2-3)CC1,O=C1C(=O)c2cc(CN3CCNCC3)oc2-c2ccccc21,26,352.39,2,4,2.3,90682681,"1,2-benzoquinone"
Cc1coc2c1C(=O)C(=O)c1c-2ccc2c1CCCC2,O=C1C(=O)c2c(ccc3c2CCCC3)-c2occc21,20,266.3,0,4,3.51,359850,"1,2-benzoquinone"
COc1ccc(O)c2c1C(=O)c1ccc3c(c1C2=O)C(O)CC(C)(O)C3,O=C1c2ccccc2C(=O)c2c1ccc1c2CCCC1,26,354.36,1,4,1.91,9928520,"1,4-naphthoquinone"
CC1(C)OC2=C(CC1Cl)C(=O)c1c(O)cc(O)cc1C2=O,O=C1C2=C(OCCC2)C(=O)c2ccccc21,21,308.72,0,3,2.54,73335002,"1,4-naphthoquinone"
O=C1C=C(NCC2CCCCC2)c2ccccc2C1=O,O=C1C=C(NCC2CCCCC2)c2ccccc2C1=O,20,269.34,3,3,2.96,10423214,"1,2-naphthoquinone"
Cc1ccc(S(=O)(=O)Oc2ccc(NCCc3ccccc3)c3c2C(=O)c2ccccc2C3=O)cc1,O=C1c2ccccc2C(=O)c2c(OS(=O)(=O)c3ccccc3)ccc(NCCc3ccccc3)c21,36,497.57,7,5,5.19,118707341,"1,4-benzoquinone"
CC(C)c1ccc2nc3c(nc2c1)C(=O)c1ccncc1C3=O,O=C1c2ccncc2C(=O)c2nc3ccccc3nc21,23,303.32,1,4,2.92,44422247,"1,4-benzoquinone"
COc1cc2c(cc1OC)-c1cc(OC)c(OC)cc1C(=O)C2=O,O=C1C(=O)c2ccccc2-c2ccccc21,24,328.32,4,3,2.77,10404209,"1,2-benzoquinone"
NC1CCN(Cc2c[nH]c3c2C(=O)c2c(c(O)c4ccccc4c2O)C3=O)CC1,O=C1c2cc3ccccc3cc2C(=O)c2c(CN3CCCCC3)c[nH]c21,29,391.43,2,5,2.28,137100900,"1,4-benzoquinone"
COC(=O)C(C)NC1=C(Cl)C(=O)C(NC(Cc2ccccc2)C(=O)OC)=C(Cl)C1=O,O=C1C=CC(=O)C(NCCc2ccccc2)=C1,30,455.29,8,2,1.56,46881831,"1,4-benzoquinone"
CC1=C(C)C(=O)c2ccccc2C1=O,O=C1C=CC(=O)c2ccccc21,14,186.21,0,2,2.4,16615,"1,4-benzoquinone"
CC1COC2=C1C(=O)C(=O)c1c2ccc2c1CCCC2(C)O,O=C1C(=O)c2c(ccc3c2CCCC3)C2=C1CCO2,22,298.34,0,4,2.37,129892199,"1,2-naphthoquinone"
COC(=O)C1=CC=CC(=O)C1=O,O=C1C=CC=CC1=O,12,166.13,1,1,-0.21,71329603,"1,2-benzoquinone"
O=C(c1ccc(C(F)(F)F)cc1)c1cc2c(s1)-c1sc(C(=O)C3C=CC(C(F)(F)F)=CC3)cc1C(=O)C2=O,O=C(c1ccccc1)c1cc2c(s1)-c1sc(C(=O)C3C=CC=CC3)cc1C(=O)C2=O,38,566.5,4,5,7.35,144528619,"1,2-benzoquinone"
CC(=O)C1(O)Cc2c(O)c3c(c(O)c2C(O)C1)C(=O)c1c(O)cccc1C3=O,O=C1c2ccccc2C(=O)c2cc3c(cc21)CCCC3,28,384.34,1,4,0.88,171197,"1,4-naphthoquinone"
CN(C)C(=O)c1ccc2c(c1[N+](=O)[O-])C(=O)c1ccccc1C2=O,O=C1c2ccccc2C(=O)c2ccccc21,24,324.29,2,3,2.07,3438280,"1,4-benzoquinone"
Cc1oc2c(c1C(=O)c1ccccc1)C(=O)C(=O)c1ccccc1-2,O=C1C(=O)c2c(C(=O)c3ccccc3)coc2-c2ccccc21,24,316.31,2,4,3.87,3816369,"1,2-benzoquinone"
N#Cc1sc2c(=O)c3ccccc3c(=O)c=2sc1C#N,O=c1c2sccsc=2c(=O)c2ccccc12,20,296.33,0,3,2.15,18771,"1,4-benzoquinone"
CC12CC(=O)c3c(cc(O)c4c3C(=O)c3cccc(O)c3C4=O)C1=Nc1cc(C(N)=O)ccc1O2,O=C1c2ccccc2C(=O)c2c1ccc1c2C(=O)CC2Oc3ccccc3N=C12,35,468.42,1,6,2.83,162931677,anthraquinone
COC(=O)c1cc2c3c(n1)C(=O)C(=O)C(Cl)=C3N(C)C2=O,O=C1C=C2NC(=O)c3ccnc(c32)C1=O,21,306.66,1,3,0.63,56946189,"1,2-benzoquinone"
Nc1c(Cl)c(OCCOc2ccccc2)c(N)c2c1C(=O)c1ccccc1C2=O,O=C1c2ccccc2C(=O)c2cc(OCCOc3ccccc3)ccc21,29,408.84,5,4,3.74,170490,"1,4-benzoquinone"
O=C1C=c2cc3cc4cc5ccccc5cc4cc3cc2=CC1=O,O=C1C=c2cc3cc4cc5ccccc5cc4cc3cc2=CC1=O,24,308.34,0,5,2.86,54225749,"1,2-benzoquinone"
CC(O)C1=Cc2ccc3c(c2C(=O)C1=O)CCCC3(C)C,O=C1C=Cc2ccc3c(c2C1=O)CCCC3,21,284.35,1,3,2.83,10902141,"1,2-benzoquinone"
O=C1C(=O)c2c(-c3ccccc3)cn(S(=O)(=O)c3ccccc3)c2C2=C1C1C=CC2CC1,O=C1C(=O)c2c(-c3ccccc3)cn(S(=O)(=O)c3ccccc3)c2C2=C1C1C=CC2CC1,32,441.51,3,7,4.51,132251354,"1,2-benzoquinone"
O=C1C=C(n2cc(CCCCl)nn2)C(=O)c2c(O)cccc21,O=C1C=C(n2ccnn2)C(=O)c2ccccc21,22,317.73,4,3,2.08,155518243,"1,4-naphthoquinone"
CCCCCCc1csc(-c2nc3c(s2)-c2sc(-c4cc(CCCCCC)cs4)nc2C(=O)C3=O)c1,O=C1C(=O)c2nc(-c3cccs3)sc2-c2sc(-c3cccs3)nc21,36,554.83,12,5,9.35,71260291,"1,2-benzoquinone"
O=C1c2ccccc2C(=O)c2oc(C(=O)N3CCCC3)cc21,O=C1c2ccccc2C(=O)c2oc(C(=O)N3CCCC3)cc21,22,295.29,1,4,2.29,155522110,"1,4-naphthoquinone"
Cc1ccc(CCCCC2=C(O)c3ccccc3C(=O)C2=O)cc1,O=C1C(=O)c2ccccc2C=C1CCCCc1ccccc1,24,320.39,5,3,4.44,502601,"1,2-benzoquinone"
CCc1nc2c([nH]1)C(=O)C(=O)c1cc(NCc3ccc(F)cc3)ccc1-2,O=C1C(=O)c2[nH]cnc2-c2ccc(NCc3ccccc3)cc21,26,349.37,4,4,3.77,118218527,"1,2-benzoquinone"
COc1cc2c(C)c3c(c(C)c2cc1C(C)(C)C)C(=O)C(=O)C(C(C)(C)C)=C3,O=C1C=Cc2cc3ccccc3cc2C1=O,28,378.51,1,3,5.96,15322964,"1,2-naphthoquinone"
COC1=C(C)C(=O)C2=C(C1=O)C(COC(C)=O)N1C(C#N)CN(C)CC1C2,O=C1C=CC(=O)C2=C1CC1CNCCN1C2,27,373.41,3,3,0.2,101892221,"1,4-benzoquinone"
CCCCCCCCCCCCCCCC(=O)OCC(C)(C)CC1=C(O)c2ccccc2C(=O)C1=O,O=C1C=Cc2ccccc2C1=O,36,498.7,18,2,8.16,45487278,"1,2-benzoquinone"
COc1ccc2c(=O)c3sc4c(=O)c5ccccc5c(=O)c4c3c(=O)c2c1,O=c1c2ccccc2c(=O)c2c1sc1c(=O)c3ccccc3c(=O)c12,27,374.37,1,5,2.69,118099458,"1,4-benzoquinone"
Cc1oc2c(c1C(=O)NC1CCCNC1)C(=O)c1c(c(O)c3ccccc3c1O)C2=O,O=C(NC1CCCNC1)c1coc2c1C(=O)c1cc3ccccc3cc1C2=O,31,420.42,2,5,2.41,137631195,"1,4-benzoquinone"
O=C1C(=O)c2c(oc3c2CCN(CCC(=O)N2CCCCC2)C3=O)-c2ccccc21,O=C1C(=O)c2c(oc3c2CCN(CCC(=O)N2CCCCC2)C3=O)-c2ccccc21,30,406.44,3,5,2.73,178303153,"1,2-benzoquinone"
CC(C)(C)C1CCC2C3=C(OC2C1)c1ccccc1C(=O)C3=O,O=C1C(=O)c2ccccc2C2=C1C1CCCCC1O2,23,310.39,0,4,4.02,13642483,"1,2-naphthoquinone"
O=C1c2ccccc2-c2onc3ccc(NCc4ccco4)c1c23,O=C1c2ccccc2-c2onc3ccc(NCc4ccco4)c1c23,24,316.32,3,5,4.24,659413,"1,4-benzoquinone"
O=C1c2ccc3cc(CCl)cc(O)c3c2C(=O)c2cccc(O)c21,O=C1c2ccccc2C(=O)c2c1ccc1ccccc21,24,338.75,1,4,3.77,379538,"1,4-naphthoquinone"
CCC1=CC(=O)C(N2CC2)=CC1=O,O=C1C=CC(=O)C(N2CC2)=C1,13,177.2,2,2,0.67,9989783,"1,4-benzoquinone"
CCCCCc1cc2ccc3c(O)c4c(cc3c2c(O)c1C(=O)O)C(=O)c1cc(O)cc(O)c1C4=O,O=C1c2ccccc2C(=O)c2cc3c(ccc4ccccc43)cc21,36,486.48,5,5,5.02,198787,"1,4-naphthoquinone"
CC1(C)C(=O)CCc2c1ccc1c2C(=O)C(=O)c2c(CO)coc2-1,O=C1CCc2c(ccc3c2C(=O)C(=O)c2ccoc2-3)C1,24,324.33,1,4,2.61,168269783,"1,2-benzoquinone"
CC(=O)N(C1=C(N2CCCC2)C(=O)c2ccccc2C1=O)c1ccc(F)cc1,O=C1C(Nc2ccccc2)=C(N2CCCC2)C(=O)c2ccccc21,28,378.4,3,4,3.57,4162928,"1,4-benzoquinone"
O=C1C(Nc2ccc(-c3ccccc3)cc2)=CC(=O)c2ncncc21,O=C1C(Nc2ccc(-c3ccccc3)cc2)=CC(=O)c2ncncc21,25,327.34,3,4,3.52,130427189,"1,4-benzoquinone"
CCCCCCOc1ccc(CCCNC2=CC(=O)C(=O)c3ccccc32)cc1,O=C1C=C(NCCCc2ccccc2)c2ccccc2C1=O,29,391.51,11,3,4.97,604500,"1,2-naphthoquinone"
CC1=C(CSC(=S)NCc2cccnc2)C(=O)c2ccccc2C1=O,O=C1C=C(CSC(=S)NCc2cccnc2)C(=O)c2ccccc21,25,368.48,4,3,3.59,145962348,"1,4-naphthoquinone"
O=C1c2ccccc2C(=O)c2c1nnn2-c1ccc2nc[nH]c2c1,O=C1c2ccccc2C(=O)c2c1nnn2-c1ccc2nc[nH]c2c1,24,315.29,1,5,1.92,162652170,"1,4-naphthoquinone"
Cc1cc2c(cc1C)-c1oc(CNc3ccc(CN4CCOCC4)cc3)c(C)c1C(=O)C2=O,O=C1C(=O)c2cc(CNc3ccc(CN4CCOCC4)cc3)oc2-c2ccccc21,33,444.53,5,5,4.7,145949436,"1,2-benzoquinone"
O=C(O)CCC1=CC(=O)C(=O)C=C1,O=C1C=CC=CC1=O,13,180.16,3,1,0.49,13760329,"1,2-benzoquinone"
CCOC(=O)c1cc2c(n1CC)C(=O)C(Oc1ccccc1)=CC2=O,O=C1C=C(Oc2ccccc2)C(=O)c2[nH]ccc21,25,339.35,5,3,3.03,118709288,"1,4-benzoquinone"
O=C1C(Cl)=C(N2CCCCC2)C(=O)c2ccccc21,O=C1C=C(N2CCCCC2)C(=O)c2ccccc21,19,275.74,1,3,3.0,707759,"1,4-benzoquinone"
CCn1cc(C(=O)O)c(=O)c2c1C(=O)C=C(Nc1ccc(F)c(Cl)c1)C2=O,O=C1C=C(Nc2ccccc2)C(=O)c2c1[nH]ccc2=O,27,390.75,4,3,2.73,25034357,"1,4-benzoquinone"
O=C1C(=O)c2ccccc2C(O)=C1C(CCc1ccccc1)C1=C(O)c2ccccc2C(=O)C1=O,O=C1C(=O)c2ccccc2C=C1C(CCc1ccccc1)C1=Cc2ccccc2C(=O)C1=O,35,464.47,5,5,4.7,272651,"1,2-benzoquinone"
Nc1c(S(=O)(=O)O)cc(Nc2cccc(S(=O)(=O)CCOS(=O)(=O)O)c2)c2c1C(=O)c1ccccc1C2=O,O=C1c2ccccc2C(=O)c2c(Nc3ccccc3)cccc21,38,582.59,8,4,1.63,17410,anthraquinone
CCc1ccc(N2C(=O)NC3(CSC4=C3C(=O)c3ncccc3C4=O)C2=O)cc1,O=C1C2=C(C(=O)c3ncccc31)C1(CS2)NC(=O)N(c2ccccc2)C1=O,29,405.44,2,5,2.52,25147710,"1,4-benzoquinone"
O=C(O)C1=CC(=CC=NC(CC2=CC(=O)C(=O)C=C2)C(=O)O)CC(C(=O)O)N1,O=C1C=CC(CCN=CC=C2C=CNCC2)=CC1=O,28,388.33,7,2,-0.12,137185894,"1,2-benzoquinone"
O=C1C(=O)c2ccccc2C2=C1CC(Cn1cc(C3CCCCC3)nn1)O2,O=C1C(=O)c2ccccc2C2=C1CC(Cn1cc(C3CCCCC3)nn1)O2,27,363.42,3,5,3.29,134146451,"1,2-benzoquinone"
N#Cc1c(N)oc2c3c(c(O)cc12)C(=O)c1ccccc1C3=O,O=C1c2ccccc2C(=O)c2c1ccc1ccoc21,23,304.26,0,4,2.37,2849150,"1,4-naphthoquinone"
O=C1c2cccc(O)c2C(=O)c2c(O)cc(C(=O)N3CCC(N4CCOCC4)CC3)cc21,O=C1c2ccccc2C(=O)c2cc(C(=O)N3CCC(N4CCOCC4)CC3)ccc21,32,436.46,2,5,1.81,134157575,anthraquinone
CC1=C(C)C(=O)c2c(OC(=O)c3ccccc3)ccc(OC(=O)c3ccccc3)c2C1=O,O=C(Oc1ccc(OC(=O)c2ccccc2)c2c1C(=O)C=CC2=O)c1ccccc1,32,426.42,4,4,4.84,308149,"1,4-naphthoquinone"
O=C1C(=O)c2ncncc2C(F)=C1F,O=C1C=Cc2cncnc2C1=O,14,196.11,0,2,0.85,156484074,"1,2-benzoquinone"
O=c1cc2ccc3cccc4c5ccccc5c(c1=O)c2c34,O=c1cc2ccc3cccc4c5ccccc5c(c1=O)c2c34,22,282.3,0,5,3.9,88407216,"1,2-benzoquinone"
COc1cc2c(c(OC)c1OC)C1CN(S(=O)(=O)c3ccc(C)cc3)C(CC2)C2=CC(=O)C(=O)C=C21,O=C1C=C2C(=CC1=O)C1CCc3ccccc3C2CN1S(=O)(=O)c1ccccc1,36,509.58,5,5,3.13,70681658,"1,2-benzoquinone"
O=C1C(=O)c2ccc(F)cc2-c2cnccc21,O=C1C(=O)c2ccncc2-c2ccccc21,17,227.19,0,3,2.27,90921330,"1,2-benzoquinone"
COc1ccc(-c2cn(S(=O)(=O)c3ccccc3)c3c2C(=O)C(=O)C=C3)cc1,O=C1C=Cc2c(c(-c3ccccc3)cn2S(=O)(=O)c2ccccc2)C1=O,28,393.42,4,4,3.18,132251295,"1,2-benzoquinone"
O=C1C(=O)c2ccc(-c3cccnc3)cc2C2=C1SCC1(CCNCC1)O2,O=C1C(=O)c2ccc(-c3cccnc3)cc2C2=C1SCC1(CCNCC1)O2,27,378.45,1,5,3.07,57661920,"1,2-naphthoquinone"
O=C1c2c(O)ccc(O)c2C(=O)c2c(NCCN3CCCCC3)ccc(NCCN3CCCCC3)c21,O=C1c2ccccc2C(=O)c2c(NCCN3CCCCC3)ccc(NCCN3CCCCC3)c21,36,492.62,8,5,3.67,153181,"1,4-naphthoquinone"
COc1ccc2c(c1)C(=O)C(=O)c1cc3c(cc1-2)OCO3,O=C1C(=O)c2cc3c(cc2-c2ccccc21)OCO3,21,282.25,1,4,2.47,134945884,"1,2-naphthoquinone"
O=C1C(Cl)=C(N2CCCCC2)C(=O)c2c(O)ccc(O)c21,O=C1C=C(N2CCCCC2)C(=O)c2ccccc21,21,307.73,1,3,2.41,142635551,"1,4-naphthoquinone"
O=C1C(=O)c2ccccc2C2=C1SCC1(CCC(N(C(=O)O)c3cccc(C(F)(F)F)c3)CC1)O2,O=C1C(=O)c2ccccc2C2=C1SCC1(CCC(Nc3ccccc3)CC1)O2,35,503.5,2,5,5.77,67439324,"1,2-benzoquinone"
COC(=O)c1cc2cc3c(c(O)c2c(=O)o1)OC1(CC3)CC2=C(O1)C(=O)c1c(O)c(OC)cc(OC)c1C2=O,O=C1C2=C(OC3(CCc4cc5ccoc(=O)c5cc4O3)C2)C(=O)c2ccccc21,39,536.45,3,6,2.78,5464074,"1,4-benzoquinone"
CCCc1cc(O)c2c(c1)C(=O)c1cc(O)cc(O)c1C2=O,O=C1c2ccccc2C(=O)c2ccccc21,22,298.29,2,3,2.53,23265983,anthraquinone
O=C1C=CC2=C(OCC3c4cc5c(cc4OC23)OCO5)C1=O,O=C1C=CC2=C(OCC3c4cc5c(cc4OC23)OCO5)C1=O,22,298.25,0,5,1.25,25267867,"1,2-benzoquinone"
O=c1c2ccccc2c(=O)c2c1c1c(=O)c3ccccc3c(=O)c1c1c(=O)c3ccccc3c(=O)c21,O=c1c2ccccc2c(=O)c2c1c1c(=O)c3ccccc3c(=O)c1c1c(=O)c3ccccc3c(=O)c21,36,468.42,0,7,3.08,225987,"1,4-naphthoquinone"
COc1cccc2c1-c1oc(C)cc1C(=O)C2=O,O=C1C(=O)c2ccoc2-c2ccccc21,18,242.23,1,3,2.64,164617601,"1,2-benzoquinone"
CNC1=C([N+](=O)[O-])C(C2=C(O)c3ccccc3C(=O)C2=O)c2cc(OC)ccc2O1,O=C1C(=O)c2ccccc2C=C1C1C=COc2ccccc21,30,408.37,4,4,2.57,129832073,"1,2-naphthoquinone"
COc1ccc2c(c1)COC1C2C2=C(OC1(C)C)C(=O)C1=C(OC(C)(C)C3COc4cc(OC)ccc4C13)C2=O,O=C1C2=C(C(=O)C3=C1C1c4ccccc4OCC1CO3)C1c3ccccc3COC1CO2,40,544.6,2,7,4.76,44590020,"1,4-benzoquinone"
Cn1c(F)nc2c1-c1ccccc1C(=O)C2=O,O=C1C(=O)c2nc[nH]c2-c2ccccc21,17,230.2,0,3,1.61,149989585,"1,2-naphthoquinone"
Cc1c(COC(=O)c2ccc(F)cc2)oc2c1C(=O)C(=O)c1c-2ccc2c(C)cccc12,O=C(OCc1cc2c(o1)-c1ccc3ccccc3c1C(=O)C2=O)c1ccccc1,32,428.42,3,5,5.59,118052800,"1,2-benzoquinone"
COc1ccc(C(=O)Nc2ccc3c(c2)C(=O)c2ccccc2C3=O)cc1OC,O=C(Nc1ccc2c(c1)C(=O)c1ccccc1C2=O)c1ccccc1,29,387.39,4,4,3.73,5185720,"1,4-benzoquinone"
O=C1c2ccccc2C(=O)c2c1ccc1[nH]c(-c3cccc4ccccc34)nc21,O=C1c2ccccc2C(=O)c2c1ccc1[nH]c(-c3cccc4ccccc34)nc21,29,374.4,1,6,5.16,46888030,anthraquinone
CC(C)C(=O)OCC(C)(C)CC1=C(O)c2ccccc2C(=O)C1=O,O=C1C=Cc2ccccc2C1=O,24,330.38,5,2,3.34,45487173,"1,2-benzoquinone"
O=C1c2ccccc2C(=O)c2c1nnn2-c1ccccc1,O=C1c2ccccc2C(=O)c2c1nnn2-c1ccccc1,21,275.27,1,4,2.04,230916,"1,4-benzoquinone"
CCCCC=CCCCCCCCCCCCCCC1=C(O)C(=O)C(C)=C(O)C1=O,O=C1C=CC(=O)C=C1,30,418.62,17,1,7.6,6383665,"1,4-benzoquinone"
O=C1C=c2cc[nH]c2=CC1=O,O=C1C=c2cc[nH]c2=CC1=O,11,147.13,0,2,-1.27,440728,"1,2-benzoquinone"
CC(C)C(=O)Oc1cccc2c1C(=O)c1c(OC(=O)C(C)C)cc(COC(=O)CN3CCOCC3)cc1C2=O,O=C(CN1CCOCC1)OCc1ccc2c(c1)C(=O)c1ccccc1C2=O,39,537.57,8,4,2.96,168272065,anthraquinone
Cc1cccc2c3c(ccc12)-c1oc2c(c1C(=O)C3=O)CCN(CCN1CCN(C)CC1)C2,O=C1C(=O)c2c(ccc3ccccc23)-c2oc3c(c21)CCN(CCN1CCNCC1)C3,33,443.55,3,6,3.39,172450872,"1,2-benzoquinone"
O=c1ccc(=O)c2c1c1[nH]c3ccccc3c1c1c(=O)[nH]c(=O)c21,O=c1ccc(=O)c2c1c1[nH]c3ccccc3c1c1c(=O)[nH]c(=O)c21,24,316.27,0,5,1.27,17759424,"1,4-benzoquinone"
O=C1C(=O)c2cc(Cn3cc(-c4ccccc4)nn3)oc2-c2ccccc21,O=C1C(=O)c2cc(Cn3cc(-c4ccccc4)nn3)oc2-c2ccccc21,27,355.35,3,5,3.63,177659122,"1,2-benzoquinone"
O=C1C(=O)c2c(cc([N+](=O)[O-])c([N+](=O)[O-])c2[N+](=O)[O-])-c2ccccc21,O=C1C(=O)c2ccccc2-c2ccccc21,25,343.21,3,3,2.46,129754590,"1,2-benzoquinone"
O=C1C(Cl)=C(Nc2ccc(F)cc2)C(=O)c2nc(-c3ccccn3)c(-c3ccccn3)nc21,O=C1C=C(Nc2ccccc2)C(=O)c2nc(-c3ccccn3)c(-c3ccccn3)nc21,33,457.85,4,5,4.68,44588129,"1,4-benzoquinone"
Cc1c(O)cc2c(c1O)C(=O)c1ccc(O)cc1C2=O,O=C1c2ccccc2C(=O)c2ccccc21,20,270.24,0,3,1.89,5319801,"1,4-benzoquinone"
O=C1CC2OC(c3cccs3)C3=C(C(=O)c4ccccc4C3=O)C2O1,O=C1CC2OC(c3cccs3)C3=C(C(=O)c4ccccc4C3=O)C2O1,25,352.37,1,5,2.88,42618238,"1,4-benzoquinone"
O=C1C(=O)c2ccccc2C(O)=C1C(c1ccc([N+](=O)[O-])cc1)c1c(-c2ccccc2)[nH]c2ccccc12,O=C1C(=O)c2ccccc2C=C1C(c1ccccc1)c1c(-c2ccccc2)[nH]c2ccccc12,38,500.51,5,6,6.61,132578551,"1,2-benzoquinone"
COc1cc2nc(N3CCN(C4=CC(=O)c5ccccc5C4=O)CC3)nc(N)c2cc1OC,O=C1C=C(N2CCN(c3ncc4ccccc4n3)CC2)C(=O)c2ccccc21,33,445.48,4,5,2.31,11751173,"1,4-benzoquinone"
CC12C(=O)c3cccc(O)c3C(=O)C1CC1=C2C(=O)c2c(O)cccc2C1=O,O=C1C2=C(C(=O)c3ccccc31)C1C(=O)c3ccccc3C(=O)C1C2,28,374.35,0,5,2.88,5276618,"1,4-benzoquinone"
O=C1C(=O)c2c(ccc3ccccc23)-c2ccoc21,O=C1C(=O)c2c(ccc3ccccc23)-c2ccoc21,19,248.24,0,4,3.48,162668163,"1,2-benzoquinone"
O=C1c2ccccc2C(=O)c2c1cccc2-c1cnn(C2CCNCC2)c1,O=C1c2ccccc2C(=O)c2c1cccc2-c1cnn(C2CCNCC2)c1,27,357.41,2,5,3.25,146026196,"1,4-benzoquinone"
COc1c(O)cc2c(c1O)C(=O)c1ccc(O)cc1C2=O,O=C1c2ccccc2C(=O)c2ccccc21,21,286.24,1,3,1.59,11659239,"1,4-benzoquinone"
CC1=CC(=O)C(=O)C(CCCCCCCCCCCCCCC2=C(O)C(=O)C=C(O)C2=O)=C1O,O=C1C=CC(=O)C(CCCCCCCCCCCCCCC2=CC=CC(=O)C2=O)=C1,34,472.58,15,2,5.76,101762594,"1,2-benzoquinone"
Cc1ccc(Sc2ccc(Nc3cc(S(=O)(=O)O)c(N)c4c3C(=O)c3ccccc3C4=O)cc2)cc1C,O=C1c2ccccc2C(=O)c2c(Nc3ccc(Sc4ccccc4)cc3)cccc21,37,530.63,5,5,5.8,132574707,anthraquinone
O=C1C(=O)c2nc(CCCC3CCCCC3)n(CCCCC3CCCCC3)c2-c2ccccc21,O=C1C(=O)c2nc(CCCC3CCCCC3)n(CCCCC3CCCCC3)c2-c2ccccc21,34,460.66,9,5,7.58,544520,"1,2-naphthoquinone"
NC1=CC(=O)c2ccc(-c3nc(CO)cc4c3[nH]c3ccccc34)nc2C1=O,O=C1C=CC(=O)c2nc(-c3nccc4c3[nH]c3ccccc34)ccc21,28,370.37,2,5,2.49,11372131,"1,4-benzoquinone"
CCCCC1=C(Br)c2nc3ccccn3c2C(=O)C1=O,O=C1C=Cc2nc3ccccn3c2C1=O,20,333.19,3,3,3.4,76312436,"1,2-benzoquinone"
CC1=C(O)c2ccc(C(=O)O)cc2C(=O)C1=O,O=C1C=Cc2ccccc2C1=O,17,232.19,1,2,1.44,12444391,"1,2-benzoquinone"
O=C1c2ccccc2C(=O)c2c1ccc1c(=O)c3ccccc3[nH]c21,O=C1c2ccccc2C(=O)c2c1ccc1c(=O)c3ccccc3[nH]c21,25,325.32,0,5,3.46,77114,"1,4-benzoquinone"
O=C1c2ccccc2-c2onc3c(Oc4ccccc4)cc(O)c1c23,O=C1c2ccccc2-c2onc3c(Oc4ccccc4)ccc1c23,25,329.31,2,5,4.54,2246180,"1,4-naphthoquinone"
CNc1ccc(NC)c2c1C(=O)c1ccccc1C2=O,O=C1c2ccccc2C(=O)c2ccccc21,20,266.3,2,3,2.55,17189,"1,4-benzoquinone"
Cc1oc2c(c1C(=O)N1CCNCC1C)C(=O)c1c(c(O)c3ccccc3c1O)C2=O,O=C1c2cc3ccccc3cc2C(=O)c2c(C(=O)N3CCNCC3)coc21,31,420.42,1,5,2.36,137631207,"1,4-benzoquinone"
CCN(CC)CCCn1c2c(c3ccccc3c1=O)C(=O)C(=O)c1cc(C)oc1-2,O=C1C(=O)c2c([nH]c(=O)c3ccccc23)-c2occc21,29,392.46,6,4,3.68,137645405,"1,2-benzoquinone"
CCC(C)C1C(=O)OC2c3cc(C)cc(O)c3C3=C(C(=O)c4c(OC5CC(O)C(O)C(C)O5)cccc4C3=O)N21,O=C1CN2C3=C(C(=O)c4cccc(OC5CCCCO5)c4C3=O)c3ccccc3C2O1,40,549.58,4,6,3.01,50986109,"1,4-benzoquinone"
O=C1C(=O)c2ccc(-c3ccccc3)cc2C2=C1SCC1(CCN(C(=O)Oc3cccc(C(F)(F)F)c3)CC1)O2,O=C1C(=O)c2ccc(-c3ccccc3)cc2C2=C1SCC1(CCN(C(=O)Oc3ccccc3)CC1)O2,40,565.57,2,6,6.6,57662014,"1,2-benzoquinone"
O=C1C(OCC#Cc2ccccc2)=C(OCC#Cc2ccccc2)C(=O)c2ncccc21,O=C1C(OCC#Cc2ccccc2)=C(OCC#Cc2ccccc2)C(=O)c2ncccc21,32,419.44,4,4,3.81,137654949,"1,4-benzoquinone"
O=C1c2ccccc2C(=O)c2c1cc(S(=O)(=O)N1CCNCC1)c(O)c2O,O=C1c2ccccc2C(=O)c2cc(S(=O)(=O)N3CCNCC3)ccc21,27,388.4,2,4,0.47,162678541,"1,4-benzoquinone"
COc1ccc(-c2cn(Cc3ccc4c(c3)C(=O)c3ccccc3C4=O)nn2)cc1,O=C1c2ccccc2C(=O)c2cc(Cn3cc(-c4ccccc4)nn3)ccc21,30,395.42,4,5,3.78,24789335,"1,4-benzoquinone"
CCN(CC)CCCC(C)Nc1c2ccc(Cl)cc2nc2ccc(OC)cc12,c1ccc2nc3ccccc3cc2c1,28,399.97,9,3,5.97,158104328,"1,2-benzoquinone"
CCCC1OC(C)=Cc2cc3c(c(O)c21)C(O)=C(Cl)C(=O)C3=O,O=C1C=Cc2cc3c(cc2C1=O)C=COC3,23,334.75,2,3,3.86,10359550,"1,2-benzoquinone"
NC(N)=NCCNc1c2c(c(N)c3sccc13)C(=O)c1ccccc1C2=O,O=C1c2ccccc2C(=O)c2cc3sccc3cc21,27,379.45,4,4,1.94,118713215,"1,4-benzoquinone"
COC1=C(OC)C(=O)c2c(cc3ccccc3c2O)C1=O,O=C1C=CC(=O)c2cc3ccccc3cc21,21,284.27,2,3,2.43,10636766,"1,4-naphthoquinone"
O=C(CCN1CCCCCC1)Nc1ccc2c(c1)C(=O)c1ccc(NC(=O)CCN3CCCCCC3)cc1C2=O,O=C(CCN1CCCCCC1)Nc1ccc2c(c1)C(=O)c1ccc(NC(=O)CCN3CCCCCC3)cc1C2=O,40,544.7,8,5,4.87,54450017,anthraquinone
CCOC(=O)C1=C(c2c(N)ccc3cc4ccccc4cc23)c2ccccc2C(=O)C1=O,O=C1C=C(c2cccc3cc4ccccc4cc23)c2ccccc2C1=O,32,421.45,3,5,4.71,154716677,"1,2-naphthoquinone"
O=C1C(Cl)=C(NCCN2CCOCC2)C(=O)c2ccccc21,O=C1C=C(NCCN2CCOCC2)C(=O)c2ccccc21,22,320.78,4,3,1.44,312589,"1,4-naphthoquinone"
CC(C)(C)C1=C2OCCN(CCO)C2=C(C(C)(C)C)C(=O)C1=O,O=C1C=C2NCCOC2=CC1=O,23,321.42,2,2,2.06,15445239,"1,2-benzoquinone"
O=C(CN1CCNCC1)Nc1ccc2c(c1)C(=O)c1cc(NC(=O)CN3CCNCC3)ccc1C2=O,O=C(CN1CCNCC1)Nc1ccc2c(c1)C(=O)c1cc(NC(=O)CN3CCNCC3)ccc1C2=O,36,490.56,6,5,0.15,44568763,"1,4-benzoquinone"
COC(=O)c1cc2cc3c(c(O)c2c(=O)o1)OC1(Cc2c(O)c4c(c(O)c2O1)C(=O)C(OC)=CC4=O)CC3O,O=C1C=CC(=O)c2cc3c(cc21)CC1(CCc2cc4ccoc(=O)c4cc2O1)O3,39,538.42,2,6,1.75,5377963,"1,4-benzoquinone"
O=C1C(=O)c2ccccc2C(O)=C1N1CCN(c2ccnc3cc(Cl)ccc23)CC1,O=C1C(=O)c2ccccc2C=C1N1CCN(c2ccnc3ccccc23)CC1,30,419.87,2,5,3.7,172442606,"1,2-benzoquinone"
O=C1C(=O)c2c(oc3c2CCN(CCCO)C3=O)-c2ccccc21,O=C1C(=O)c2c(oc3c2CCNC3=O)-c2ccccc21,24,325.32,3,4,1.71,178302166,"1,2-benzoquinone"
CC12CCC3C4=CC(=O)C(=O)C=C4CCC3C1CCC2=O,O=C1C=C2CCC3C(CCC4C(=O)CCC43)C2=CC1=O,21,284.35,0,4,2.8,148381,"1,2-benzoquinone"
CCN(CC)Cc1cc(O)c2c(c1)C(=O)c1cccc(O)c1C2=O,O=C1c2ccccc2C(=O)c2ccccc21,24,325.36,4,3,2.72,147665,"1,4-benzoquinone"
COC1=C(OC)C(=O)C=CC1=O,O=C1C=CC(=O)C=C1,12,168.15,2,1,0.2,76565,"1,4-benzoquinone"
CC1=NN(c2ccccc2)C(=O)C1C(C1=C(O)c2ccccc2C(=O)C1=O)c1ccc(F)cc1,O=C1C(=O)c2ccccc2C=C1C(c1ccccc1)C1C=NN(c2ccccc2)C1=O,34,454.46,4,5,4.68,60172892,"1,2-naphthoquinone"
COc1cc(O)c2c(c1)C(=O)c1cccc(O)c1C2=O,O=C1c2ccccc2C(=O)c2ccccc21,20,270.24,1,3,1.88,13412787,anthraquinone
CC(C)C1=CC2=C(C(=O)C1=O)C1=CC(=O)CC(C)(C)C1(C)C=C2,O=C1C=C2C3=C(C=CC(=O)C3=O)C=CC2CC1,23,310.39,1,3,3.52,14565522,"1,2-benzoquinone"
O=C(O)CCNc1ccc(NCCC(=O)O)c2c1C(=O)c1ccccc1C2=O,O=C1c2ccccc2C(=O)c2ccccc21,28,382.37,8,3,2.24,7514097,"1,4-benzoquinone"
O=C1C(=O)c2ccccc2C2=C1SCC1(CCN(S(=O)(=O)c3cccs3)CC1)O2,O=C1C(=O)c2ccccc2C2=C1SCC1(CCN(S(=O)(=O)c3cccs3)CC1)O2,29,447.56,2,5,3.17,57661843,"1,2-naphthoquinone"
O=C1C=CC=C(OCc2ccccc2)C1=O,O=C1C=CC=C(OCc2ccccc2)C1=O,16,214.22,3,2,1.8,42632586,"1,2-benzoquinone"
