smiles,ip,ea
Cn1c2c(c(=O)n(C)c1=O)C(c1ccc(F)cc1)CC(C1=C(O)c3ccccc3C(=O)C1=O)N2,5.92647,3.7543073
COc1cccc2c1C(=O)c1c(OC)cc(COC(=O)CCC(=O)O)cc1C2=O,6.4460516,3.6136692
C=CCc1ccc2c(c1OC)C(=O)c1c(OC)cccc1C2=O,6.2405543,3.4991107
Cc1cc(O)c2c(c1)C(=O)c1cc3c(c(O)c1C2=O)C=CC(C)(CCCC(C)(C)O)O3,6.017837,3.4645338
Cc1cc(O)c2c(c1)C(=O)c1c(O)cc(O)cc1C2=O,6.511738,3.4796135
O=C1c2cc(O)c(O)c(O)c2C(=O)c2cc(O)c(O)c(O)c21,6.3280888,3.4913857
O=C1C=C(N2CCCCC2)c2cc(N3CCCCC3)[nH]c(=O)c2C1=O,5.427127,3.6911738
COC1=CC(=O)c2c(cc(OC)c(C(C)OC(C)=O)c2O)C1=O,6.5964155,3.8429368
O=C1C(=O)c2ccccc2C(O)=C1CCO,6.50805,3.743231
CC1(C)OC2=C(C(=O)C(=O)c3ccccc32)C1Nc1ccc(Cl)c(Cl)c1,5.818999,3.789695
CCOCc1c(O)cc2c(c1OC)C(=O)c1ccccc1C2=O,6.423701,3.5351357
O=C1C=C(Nc2cccc(NC3=CC(=O)C(=O)c4ccccc43)n2)c2ccccc2C1=O,5.9782076,3.9903743
O=C1c2cccc(O)c2C(=O)c2c(O)cc(CNCCO)cc21,5.998938,3.616196
COc1cc(O)c2c(c1)C(=O)c1cc(C)cc(O)c1C2=O,6.4099803,3.5035903
O=C1c2ccc3c(=O)c4ccccc4[nH]c3c2C(=O)c2ccc3c(=O)c4ccccc4[nH]c3c21,5.671254,3.864168
Cc1ccc2c(n1)C(N1CCCCC1)=CC(=O)C2=O,5.870581,3.590141
Cc1ccnc2c1C(=O)c1nccc(N(C)C)c1C2=O,5.6569815,3.6326008
CC(C)=CCC1=C(OCC(=O)O)C(=O)c2ccccc2C1=O,6.2529125,3.8068862
C=CCC1=CC(=O)C(=O)C=C1,6.621792,4.0182276
CNc1ccc(Nc2ccc(OC)cc2)c2c1C(=O)c1ccccc1C2=O,5.2492013,3.3172765
O=C1C(Cl)=C(Nc2ccc(S(=O)(=O)Nc3nccs3)cc2)C(=O)c2ccccc21,6.1810822,3.9979765
O=C1C=Cc2cc3cc4ccc(O)c(O)c4cc3cc2C1=O,5.719853,3.8876722
CC(=O)OC1C(O)C(C)OC(Oc2cc(O)c3c(c2)C(=O)c2cc(C)cc(O)c2C3=O)C1O,6.4934306,3.5862134
Cc1c(COC(=O)c2ccc(F)cc2)oc2c1C(=O)C(=O)c1c-2ccc2c(C)cccc12,6.21971,3.7570739
CCCCc1ccc(N2C(=O)NC3(CSC4=C3C(=O)c3ncccc3C4=O)C2=O)cc1,6.2237105,4.3818493
O=C1C=C(c2ccccc2C(F)(F)F)c2ccccc2C1=O,6.6987767,3.9127183
COC(=O)c1c(C)cc2c(c1O)C(=O)c1c(cc(O)c(CC=C(C)C)c1O)C2=O,6.088742,3.6687763
CCN(CC)CCNc1cccc2c1C(=O)c1cccc(NCCN(CC)CC)c1C2=O,5.058877,3.2783542
O=C1c2ccccc2C(=O)c2c1ccc1[nH]c(-c3ccccc3)nc21,6.2736754,3.5212333
O=C1c2ccccc2C(=O)c2cc(OCC(O)CN3CCCCC3)ccc21,5.6561084,3.469574
O=C1C(=O)c2c(F)c(F)c(F)c(F)c2C(O)=C1F,7.6093473,4.7904677
NC(CCl)=NCCCNc1c2c(c(NCCCN=C(N)CCl)c3sccc13)C(=O)c1ccccc1C2=O,5.2621536,3.4165337
COc1cccc(C(C2=C(O)c3ccccc3C(=O)C2=O)c2c[nH]c3ccccc23)c1,5.482865,3.5847213
CCCCCc1cn(C2C3=C(OC2(C)C)c2ccccc2C(=O)C3=O)nn1,6.31744,3.8735893
COC1=C(C)C(=O)C(=O)c2cccnc21,6.5890694,3.9951363
O=C1C(=O)c2ccccc2C2=C1CCC1(CCCC1)O2,6.2857027,3.651758
O=C1c2cccc(Nc3ccccc3)c2C(=O)c2cccc(Nc3ccccc3)c21,5.3176756,3.4334466
Cc1cccc2c3c(ccc12)-c1oc2c(c1C(=O)C3=O)CCN(C(C)C(=O)N1CCOCC1)C2,5.5480247,3.6868873
CC1=C(O)c2c(c(C)cc3occ(C)c23)C(=O)C1=O,6.09838,3.50954
CC1(C)CCC2=C(O1)c1ccc([N+](=O)[O-])cc1C(=O)C2=O,6.7132435,4.1783752
COc1cc2c(c(O)c1OC)C(=O)c1c(cc(C)c(O)c1O)C2=O,6.2507095,3.5067627
CC(=O)N(C)C1=C(N2CCCCC2)C(=O)c2ccccc2C1=O,5.7237763,3.526747
O=C1C(Cl)=C(Nc2ccccc2)C(=O)c2ccccc21,6.102336,3.84941
Cc1coc2c1C(=O)C(=O)c1c-2ccc2c1C(OC(=O)c1cc(Cl)ccc1Cl)CCC2(C)C,6.2674656,3.776334
CC(C)CC1=C(Br)c2nc3ccccn3c2C(=O)C1=O,6.711007,4.1944904
CCC(O)CN1CCC2(CC1)CSC1=C(O2)c2ccccc2C(=O)C1=O,5.4993467,3.8125575
Cc1c2ccc(=O)c(=O)c2c(C)c2ccc(=O)c(=O)c12,6.4532285,4.2440763
O=C1C(=O)c2c(nc3ccccn23)-c2cc(F)ccc21,6.6514897,3.9409065
O=C1C(N2CCCCC2)=C(N2CCCCC2)C(=O)c2ccccc21,5.4399233,3.2918856
COC(=O)CCc1ccc(Oc2cc(O)c3c(c2N)C(=O)c2ccccc2C3=O)c(C)c1,5.8667736,3.4816914
COc1cc(NC2=CC(=O)C(=O)c3ccccc32)c(OC)cc1Cl,5.838193,3.63248
O=Cc1cccc(C2=C(NS(=O)(=O)c3ccccc3)C(=O)c3ccccc3C2=O)c1,6.6559196,3.9956806
CC(C)C1=Cc2ccc3c(c2C(=O)C1=O)C(O)CCC3(C)C,6.2417245,3.6475892
O=C1C=CC=C(N=Nc2ccccc2)C1=O,6.409599,4.2156324
O=C1C(=O)c2ccccc2C2=C1CC(Cn1cc(C3(O)CCCCC3)nn1)O2,6.2718124,3.8805854
O=C1C(=O)c2ccc(Br)cc2-c2ccccc21,6.7424283,3.9212773
CCCCCNC(=O)C(=O)Nc1ccc2c(c1)C(=O)c1ccccc1C2=O,6.442229,3.5753791
O=C1C(=O)c2c(C(=O)c3ccccc3)coc2C=C1Br,6.9794316,4.618994
CCN(CC)CCNc1nnc(NCCN(CC)CC)c2c1C(=O)c1ccccc1C2=O,5.278208,3.688638
O=C1C(=O)c2occc2-c2c1ccc1ccccc21,6.353753,3.8664284
N#Cc1cc2c3c(c1)c(=O)c(=O)c1cc(C#N)cc(c1-3)c(=O)c2=O,7.254704,5.0866613
CC(C)C1=C(F)C(F)=C(C(C)C)C(=O)C1=O,6.8190775,4.334582
CC(=O)Oc1ccc(O)c2c1C(=O)C=CC2=O,6.853241,4.018305
O=C1C(=O)c2ccccc2C(O)=C1C(Nc1ccccc1)c1ccc([N+](=O)[O-])cc1,5.790993,3.989952
CCCCN(CCCC)c1ccc2[nH]c3c4ccccc4c(=O)c(=O)c=3oc2c1,5.2789254,3.6663685
O=C1c2ccccc2C(=O)c2c1cc(NCc1ccccc1)c1nsnc21,6.092214,3.9602187
O=C1C=C(Nc2cnccn2)C(=O)c2ccccc21,6.2853107,3.7605994
Cc1coc2c1C(=O)C(=O)c1c-2ccc2c1CCC(O)C2(C)C,6.197647,3.5567198
COC1CC(C)(O)Cc2cc3c(c(O)c21)C(=O)c1c(O)cc2c(c1C3=O)OC1OC2(C)C(O)C(N(C)C)C1O,5.8196507,3.7348707
O=c1c2[nH]c3ccccc3oc=2c2ccccc2c1=O,5.9815426,3.7499275
Cc1noc(NC2=C(Br)C(=O)C(=O)c3ccccc32)c1C,6.4422755,4.086651
CCCc1cccc(C(=O)c2coc3c2C(=O)C(=O)C(F)=C3)c1,6.7167835,4.5356035
COc1cc(O)c2c(c1)C(=O)C1=C(CC(O)C(C)(O)C1O)C2=O,6.4177365,3.8365963
O=C1C(=O)C(c2ccc(F)cc2)=CC=C1F,6.877493,4.454916
O=C1C(=O)c2cc(Cl)sc2-c2sc(Cl)cc21,6.598467,4.248365
CC(=O)OC(CCC(C)=CCCc1ccc2c(c1)C(=O)C(C)=CC2=O)C(C)(O)CCC=C(C)C,5.741802,3.6233933
COC1=CC(=O)C(=O)C(CCCCCCCCCCO)=C1OC,6.3378205,4.0090823
CCCCCCCCCC(=O)OC1=C(C2CCC(c3ccc(Cl)cc3)CC2)C(=O)C(=O)c2ccccc21,6.0858197,3.8457177
O=C1C(=O)c2ccccc2C2=C1C(c1ccccc1)c1c(n[nH]c1-c1ccc([N+](=O)[O-])cc1)N2,6.0374784,3.874808
Cc1ccc(C2CC3=C(O2)c2ccccc2C(=O)C3=O)c(C)c1,6.1273065,3.7254782
CC1(C)OC2=C(CC1CN=[N+]=[N-])C(=O)C(=O)c1ccccc12,6.347037,3.7467368
COC1=C(C)C(=O)c2c(cc(O)c3c2OC(C)C3(C)C(O)CC=C(CO)CO)C1=O,6.106098,3.7342823
O=C1CC(O)C(C2=CC(=O)c3c(O)cccc3C2=O)O1,6.8001895,4.0664034
CC(O)c1c(O)cc2c(c1O)C(=O)c1c(O)cc(O)cc1C2=O,6.4471974,3.5576966
O=C(O)Cc1c2c(cc3ccccc13)C(=O)C(=O)C=C2,6.274924,3.929249
Cc1ccc(S(=O)(=O)Oc2ccc(NCCc3ccccc3)c3c2C(=O)c2ccccc2C3=O)cc1,5.910091,3.644757
O=C1C(c2ccc(O)c(O)c2)=C(O)C(=O)c2c1oc1cc(O)c(O)cc21,6.00512,3.9200034
CCOC(=O)C1=C(c2c(N)ccc3cc4ccccc4cc23)c2ccccc2C(=O)C1=O,5.4759235,3.870254
O=C1c2ccccc2C(=O)c2c1cccc2C1=CCN(C(=O)OCc2ccccc2)CC1,6.016208,3.4132905
CC1=CC(=O)c2ccc(CO)cc2C1=O,6.679943,3.747564
O=C(O)c1cc2c(cc1C(=O)O)C(=O)c1ccccc1C2=O,6.9089527,3.92465
CNC(=O)C(CC(C)C)N1CCc2c(oc3c2C(=O)C(=O)c2ccccc2-3)C1,5.880945,3.7071035
O=C1C=C(c2ccc(Cl)cc2)C(=O)c2ccccc21,6.514488,3.7789829
CCN(CC)Cc1nc2c3c(ccc2[nH]1)C(=O)c1ccccc1C3=O,5.746069,3.5221505
COc1cc(COC(C)=O)cc2c1C(=O)c1c(O)cc(O)cc1C2=O,6.5385156,3.5702896
O=C1C=CC(=O)c2c1ccc1c2ccc2ccccc21,6.129905,3.8211668
Cc1ccc(C(C2=C(O)c3ccccc3C(=O)C2=O)C2=C(O)c3ccccc3C(=O)C2=O)cc1,6.0396447,4.158325
COc1ccc(C(C2=C(O)c3ccccc3C(=O)C2=O)c2c(C)[nH]n(-c3ccccc3)c2=O)c(O)c1,5.6794744,3.6139612
O=C1C(=O)c2cc3c(cc2C(O)=C1[N+](=O)[O-])CCCC3,6.618909,4.314733
Cc1cc2c(cc1C)C(=O)c1cc(C)c(C)cc1C2=O,6.3529253,3.2534165
Cc1c(O)c2c(c(O)c1CBr)C(O)=C(Br)C(=O)C2=O,6.7240067,4.195929
Cc1cc(O)c2c(c1O)C(=O)c1c(O)c(O)cc(O)c1C2=O,6.271824,3.6127706
Nc1ccc(O)c2c1C(O)=CC(=O)C2=O,6.0885496,3.5929415
CC1=CC(=O)CC2(O)C3=C(C=CC12O)C(=O)c1c(O)cccc1C3=O,6.386125,4.0908046
COC(=O)c1ccccc1NC(=O)C(=O)C=C(O)c1ccccc1NC1=CC(=O)C(=O)c2ccccc21,5.9932675,3.8984485
CC(=O)NCCNc1ccc(NCCNC(C)=O)c2c1C(=O)c1ccncc1C2=O,5.5385566,3.6598518
COc1ccc2c(c1O)C(=O)c1c(ccc(C)c1O)C2=O,6.309027,3.5398242
Cc1cc2c(o1)-c1c(c3ccccc3c(=O)n1CCCn1ccnc1)C(=O)C2=O,6.0497336,3.9059005
Cc1coc2c1C(=O)C(=O)c1cccc(O)c1-2,6.4448395,3.657721
NC1=CC(=O)c2ccc(-c3nc(C(=O)OCCO)cc4c3[nH]c3ccccc34)nc2C1=O,5.877476,3.8648841
O=C(CCCl)Nc1ccc2c(c1NC(=O)CCCl)C(=O)c1ccccc1C2=O,6.336618,3.6788247
CC(=O)NC1=CC(=O)c2cc(OC3OC(C)C(O)C(O)C3O)c(C)cc2C1=O,6.497851,3.747773
COc1cc(C(=O)OCC(C)CC2=C(O)c3ccccc3C(=O)C2=O)c(O)c2ccccc12,5.881598,3.6914322
Cc1cc(O)c2c(c1)C(O)C13Cc4cc(O)c5c(c4C1C=CC(O)C3OC2=O)C(=O)c1cccc(O)c1C5=O,6.134618,3.5522814
O=c1ccc2c3cccc4ccc5cccc(c2c1=O)c5c43,5.8984876,3.8455906
COC(=O)c1c(OC)cc2c(c1C)C(=O)c1c(OC)cccc1C2=O,6.396664,3.6311376
O=C(CNC(=O)C1CCCN1)Nc1ccc2c(c1)C(=O)c1ccc(NC(=O)CNC(=O)C3CCCN3)cc1C2=O,5.782574,3.5483532
Cc1c(C(=O)O)c(O)cc2c1C(=O)c1c(O)c(C3OC(CO)C(O)C(O)C3O)c(O)c(O)c1C2=O,6.3550596,3.730565
COc1cc(OC)c2c(c1)C(=O)C(=O)C(CCC1CCCCC1)=C2O,6.035274,3.609541
O=C1C(=O)c2ccc(F)cc2-c2cc(F)ccc21,6.8713703,4.002744
COC12C(COC(N)=O)C3=C(C(=O)C(C)=C(Nc4ccc5[nH]ccc5c4)C3=O)N1CC1NC12,5.404095,3.5679376
O=C1C(=O)c2ccccc2C(O)=C1C(C1=C(O)c2ccccc2C(=O)C1=O)c1ccc(Cl)cc1,6.1132145,4.1818686
CC(C)=CC(=O)Oc1ccc2c(c1O)C(=O)c1ccccc1C2=O,6.4806232,3.648915
COC1=CC(=O)C(=O)C=C1C(C)(C)C,6.6712966,3.9314532
CC(=O)Oc1cc(C)cc2c1C(=O)c1c(OC(C)=O)cc(O)cc1C2=O,6.7868958,3.7605836
CC1=C2OC=C(C(C)C)c3ccc(C)c(c32)C(=O)C1=O,6.0526505,3.5575118
CCOC(=O)c1noc2c1C(=O)c1ccccc1C2=O,7.0861692,4.355823
O=C(Nc1cnccn1)c1ccc(CNC2=C(Cl)C(=O)c3ccccc3C2=O)cc1,6.1034584,3.9333954
O=C1C=C(Nc2cc(C(F)(F)F)ccc2Cl)c2ccccc2C1=O,6.313369,3.7501407
O=C1CC2OCC3=C(C(=O)c4ccccc4C3=O)C2O1,6.795832,4.056251
C=CCC=CCC=CCCCCCCCC1=C(OC)C(=O)C=C(OC)C1=O,5.886048,3.96661
COc1cc(NC2=CC(=O)c3ncncc3C2=O)cc(OC)c1OC,5.9074035,4.1501303
Cc1oc2c(c1C(=O)c1ccc(Cl)cc1)C(=O)C(=O)c1ccccc1-2,6.460772,3.9492488
CN(C)C(=O)N1CCc2c(oc3c2C(=O)C(=O)c2ccccc2-3)C1,6.0406117,3.6859345
O=C1CSC2=C1C(C(F)F)=C(OCc1ccccc1)C(=O)C2=O,6.581621,4.8115506
Cc1cccc2c3c(ccc12)-c1oc2c(c1C(=O)C3=O)CCN(CCCN1CCCC1)C2,5.1749215,3.6278293
CC(C)(C)c1ccc(S(=O)(=O)Nc2cc3c(c(O)c2O)C(=O)c2ccccc2C3=O)cc1,6.400768,3.5846899
O=C1C=C(C=C(c2ccccc2)c2ccccc2)c2ccccc2C1=O,6.153179,3.7564332
O=C1C=C(NS(=O)(=O)c2cccs2)C(=O)c2ccccc21,6.7944355,3.9745145
CC1=C(C)C(=O)C(C(=CCCCCC(=O)O)c2cccnc2)=C(C)C1=O,6.0898876,3.7200925
COC(=O)c1ccc2c(n1)C(=O)C=CC2=O,7.045477,4.262891
CC1=C(CC(C)C)c2[nH]c3ccccc3c2C(=O)C1=O,6.0869393,3.5066838
O=C1C(=O)c2ccccc2C(O)=C1C(Sc1ccc([N+](=O)[O-])cc1)c1ccccc1,6.0364814,4.13386
Cc1cccc2c1C(=O)C(=O)c1c-2nc2ccccn12,6.387894,3.6686869
O=C1C(=O)c2c(oc3c2CCN(CCCN2CCOCC2)C3=O)-c2ccccc21,5.620135,3.9266977
CN(C)c1ccc2[nH]c3cc(Nc4ccc(S(=O)(=O)O)cc4)c(=O)c(=O)c=3oc2c1,5.139475,3.6625903
COC1=CC(=O)c2ccc3cc(OC)c(OC)c(OC)c3c2C1=O,6.180022,3.8051775
COc1cccc2c1C(=O)c1ccc(C)c(O)c1C2=O,6.3582673,3.516933
COC(=O)C1(C)CCCC2(C)C3=C(C(O)=C(C(C)C)C(=O)C3=O)C(CO)C12,6.222977,3.7488275
O=C1c2ccccc2-c2onc3c(N4CCN(CCO)CC4)cc(N4CCN(C(=O)c5ccco5)CC4)c1c23,5.2126555,3.1285741
COc1c(O)c(C=O)c2c(c1C(C)C)C(=O)C(C)=CC2=O,6.5283475,3.860845
O=C1C(=O)c2nc(CNc3cccc(F)c3)oc2-c2ccccc21,6.0146194,3.9783976
Cc1coc2c1C(=O)C(=O)c1c-2ccc2c(C)c(O)ccc12,6.000186,3.6538575
CC(C)C1=C(O)C2=C(C(=O)C1=O)C1(C=O)CCCC(C)(C)C1CC2O,6.240811,3.9280918
COc1c(O)cc(O)c2c1C(=O)c1c(O)cccc1C2=O,6.4486127,3.5935178
O=C1C=C(Nc2ccccc2)C(=O)c2ccccc21,6.1027513,3.5536397
O=C1C(=O)c2ccccc2C2=C1OCCS2,6.0935965,3.8422534
CC(C)c1nc2c(s1)C(=O)C(=O)c1cc(CCCc3ccc(F)cc3)ccc1-2,6.2998815,3.9581883
CC(=O)c1cc2c(C)cc3c(c2o1)C(=O)c1c(O)cccc1C3=O,6.5346518,3.677343
CC(C)c1nc2c([nH]1)C(=O)C(=O)c1cc(F)ccc1-2,6.6495214,3.8468642
CCCCCN(CCCCC)CCCNC1=CC(=O)C(=O)c2ccccc21,5.542738,3.4660015
O=C1c2cccc(O)c2C(=O)c2c(O)ccc(O)c21,6.467146,3.6865592
CN(C)Cc1ccc2c(c1)C(=O)c1nccnc1C2=O,5.8808665,3.9925985
CC1(C)CC(O)C2=C(O1)C(=O)c1c(O)cccc1C2=O,6.5407534,3.816879
CC1=C(O)c2c(O)ccc(C)c2C(=O)C1=O,6.241429,3.5156178
O=C1C(=O)c2ccc3ccccc3c2C([N+](=O)[O-])=C1[N+](=O)[O-],7.162941,4.9583874
CCCCCCCCCCCC(=O)OC1CC2=C(OC1(C)C)c1ccccc1C(=O)C2=O,6.3050294,3.7365108
CC(C)=CCCC(C)=CCCC(C)=CCCC(C)=CCC1=C(O)C(=O)C=C(O)C1=O,5.464009,3.862602
O=C1C(Nc2cccc(Cl)c2)=C(Cl)C(=O)c2ncncc21,6.194131,4.407885
CCCc1cc(O)cc2c1C(=O)c1c(O)cc(O)cc1C2=O,6.4090953,3.4100337
O=C1c2ccccc2C(=O)c2c(OCCOCCO)ccc(OCCOCCO)c21,6.1910896,3.6399179
O=C1C(=O)c2ccccc2C=C1OC(C(F)(F)F)C(F)(F)S(=O)(=O)O,7.1796017,4.2896585
CCCCCCCCC1=C(O)c2c(OC)cc(OC)cc2C(=O)C1=O,6.131718,3.6017249
O=C1C(=O)c2c(C(=O)c3cccc(C(F)(F)F)c3)coc2C(Br)=C1Br,7.396267,5.0769405
O=C1C=C(OCCCCCNc2c3ccccc3nc3ccccc23)c2ccccc2C1=O,5.4182177,3.6981936
Cc1cccc2c3c(ccc12)-c1oc2c(c1C(=O)C3=O)CCN(CCO)C2,5.5948796,3.6929893
Cc1coc2c1C(=O)C(=O)c1c-2ccc2c1C=CCC2(C)C=O,6.1490827,3.6057649
CCOC(=O)C1=C(Cc2ccc(C)cc2)C(=O)c2ccccc2C1=O,6.3724813,3.953699
Cc1noc(NS(=O)(=O)c2ccc(NC3=C(Cl)C(=O)c4ccccc4C3=O)cc2)c1C,6.2885976,3.968607
O=C1C=C(Nc2ccc(F)c(F)c2F)C(=O)c2ccccc21,6.496147,3.7473004
O=C1C=C(CCc2ccccc2)c2ccccc2C1=O,6.2365794,3.7061753
O=C1C(=O)c2c(nc3ncnn3c2-c2cccc([N+](=O)[O-])c2)-c2ccccc21,6.9482512,4.422019
CC(C)(CO)C1CCC(C2=C(O)c3ccccc3C(=O)C2=O)CC1,6.051984,3.649649
CCNC(C)c1cc2c(o1)C(=O)c1ccccc1C2=O,6.0952697,3.725483
O=C1C(=O)c2ccccc2C(O)=C1C1CCC(c2ccccc2)CC1,6.079935,3.5775325
Nc1ccc(O)c2c1C(=O)c1c(Nc3ccccc3)ccc(O)c1C2=O,5.464264,3.454136
COC1=C(N)C(=O)c2c(ccnc2-c2cccc([N+](=O)[O-])c2)C1=O,6.2751904,4.1175227
O=C1C=C(Oc2ccccc2)C(Oc2ccccc2)=CC1=O,6.46345,4.2198186
CCCCCn1c(CN2CCCCC2)nc2c1-c1ccccc1C(=O)C2=O,5.831247,3.6090627
O=C(CC[N+](=O)[O-])OCC1OC(O)C(OC(=O)CC[N+](=O)[O-])C(OC(=O)CC[N+](=O)[O-])C1OC(=O)CC[N+](=O)[O-],7.5183077,4.141621
O=C1C(=O)c2ccccc2C(O)=C1c1cccc(F)c1,6.4817266,3.7704706
CN(C)CCCNCCC(=O)Nc1cccc2c1C(=O)c1c(NC(=O)CCNCCCN(C)C)cccc1C2=O,4.947744,3.5584369
O=C(NC1=C(Nc2ccc(F)cc2)C(=O)c2ccccc2C1=O)c1ccc(Cl)cc1,5.996376,3.7677975
COc1cccc2c1C(=O)c1c(OC)cc(CNCCO)cc1C2=O,5.902959,3.535679
NCCCNCCCCNCCCNCc1ccc(OC2=CC(=O)c3cc4ccccc4cc3C2=O)cc1,5.066372,3.8103604
CCCCOC(=O)c1ccc2c3c(onc13)-c1ccccc1C2=O,6.5847473,3.6900356
COc1ccc(C(=O)c2coc3c2C(=O)C(=O)c2ccccc2-3)cc1OC,6.1959543,4.0143933
CC(C)=CCCC(C)C1=C(Nc2ccccc2F)C(O)=C(C)C(=O)C1=O,5.709615,3.6642406
O=c1cc2c3ccccc3c-2cc1=O,6.4711924,3.9663029
O=C(O)CC1=C(O)c2ccccc2C(=O)C1=O,6.63361,3.8032162
O=C1C(=O)c2ccccc2C(O)=C1CCCO,6.4341445,3.7006264
COc1ccc2c(c1)C(=O)C(=O)C1=C2OC2(CCNCC2)CS1,5.575892,3.7933931
CC1=C(O)c2ccc3c(c2C(=O)C1=O)C=CC(C)(CCCC(C)(C)O)O3,5.974206,3.5674665
COc1c2c(c(OC)c3c1C(=O)C(=O)C=C3O)OCO2,6.5028377,3.7455273
CCCCCCCCCCCCCC1=C(O)c2ncccc2C(=O)C1=O,6.2151103,3.8962672
CC1=Cc2cc3ccccc3cc2C(=O)C1=O,6.255103,3.7833982
CC(=O)NC1=CC(=O)c2ccc(-c3nc(C(=O)OCCN(C)C)c(C)c4c3[nH]c3ccccc34)nc2C1=O,5.4707255,3.9207826
CCCC(O)c1cc(O)c2c(c1O)C(=O)c1ccccc1C2=O,6.3751345,3.6528957
COc1cc2c(cc1OC)C(=O)c1c(O)cc(O)cc1C2=O,6.3829618,3.4723876
O=C1c2ccccc2C(=O)c2c1ccc1[nH]c(SC(=O)N3CCCC3)nc21,6.1675706,3.581048
COc1ccc2nc3c(c(NCCCNC4=CC(=O)c5c(O)cccc5C4=O)c2c1)CCCC3,5.400811,3.3147426
COc1ccc(O)c2c1C(=O)c1ccc3c(c1C2=O)C(O)CC(C)(O)C3,6.239708,3.5788143
CCCCOC(=O)Oc1cc(C)cc2c1C(=O)c1c(OC(=O)OCCCC)cc(OCCC)cc1C2=O,6.6387067,3.7829173
O=C1C=C(Nc2ccc(Cc3ccncc3)cc2)c2ccccc2C1=O,5.674424,3.5949464
CN1CCN(CCCN2CCc3c(oc4c3C(=O)C(=O)c3ccccc3-4)C2=O)CC1,5.2784605,3.8776648
COc1ccc(C(=O)c2cc3c(s2)C(=O)c2c(O)cccc2C3=O)c(O)c1,6.3092446,4.004746
O=c1cc2[nH]c3cc(Cl)ccc3sc-2cc1=O,5.902349,3.785092
COC1=C(C)C(=O)c2c(C(C)C)cc(O)c(C=O)c2C1=O,6.506226,3.900233
CC1CC2=C(C(=O)c3c(O)cc(O)cc3C2=O)C(O)O1,6.6134224,3.8719842
CC(C)(C)c1cc2c3c(c1)c(=O)c(=O)c1cc(C(C)(C)C)cc(c1-3)c(=O)c2=O,6.5351386,4.4701757
CCCC(C)C(=O)NCC(C)(C)CC1=C(O)c2ccccc2C(=O)C1=O,6.1573243,3.6280658
Cc1cc2c(cc1C)C(=O)C(=O)C=C2,6.469015,3.7842896
CC1=C(CCCCC(=O)O)C(=O)c2c(O)cccc2C1=O,6.438298,3.6460164
COC(=O)c1c(O)cc2c(c1C)C(=O)c1c(O)cc(O)cc1C2=O,6.5458183,3.619074
O=C1C=Cc2cc(Cl)ccc2C1=O,6.727733,3.994381
Cc1c(C(=O)O)c(O)cc2c1C(=O)c1c(cc(O)c(O)c1O)C2=O,6.4362984,3.568393
CC(C)=CCCc1c(C)ccc2c1C(=O)C(=O)C=C2,5.9131536,3.730615
CC1(C)CCC(CC2=C(O)c3ccccc3C(=O)C2=O)CC1,6.1511016,3.639204
Nc1ccnc2c1C(=O)c1c(-c3ccccc3[N+](=O)[O-])ccnc1C2=O,6.27206,4.093939
CC(=O)c1cc2c(o1)-c1cccc(O)c1C(=O)C2=O,6.7308397,4.012348
CC(C)=CC1CC(C)C2CCC(C)C3=C2C1=C(C)C(=O)C3=O,5.8188715,3.62886
COC1=CC(C2c3cc4c(cc3C(Nc3ccc(Cl)cc3)C3COC(=O)C23)OCO4)=CC(=O)C1=O,5.549498,4.0734267
Nc1c(OCCO)cc(O)c2c1C(=O)c1ccccc1C2=O,6.013902,3.476934
Cc1ccc2c(c1O)C(=O)c1cccc(O)c1C2=O,6.4475565,3.5629332
CCCC(CCC)Oc1ccc(CCCC2=C(O)c3ccccc3C(=O)C2=O)cc1,5.934475,3.6135879
O=C(O)c1ccc2c(n1)C(=O)C1=C(NC=CS1(=O)=O)C2=O,6.934768,4.6068945
CCC1=CC(=O)C(N2CC2)=CC1=O,6.44545,3.740591
Cc1cc(O)c2c(c1)C(O)=C(C1=C(O)c3cc(C)cc(O)c3C(=O)C1=O)C(=O)C2=O,6.23984,4.2668633
CNc1c(C(=O)O)ccc2c1C(=O)c1ccccc1C2=O,6.1632986,3.5413501
Cc1oc2cc3c(C(=O)N4CCCCC4)c(C)oc3cc2c1C(=O)N1CCCCC1,5.760523,1.9673066
O=C1C=Cc2ccc([N+](=O)[O-])cc2C1=O,7.048558,4.3708344
O=C(O)CC(=O)OCCCCC=CC1=C(O)c2c(O)cccc2C(=O)C1=O,6.235312,3.6966538
CCN(CC)CCOc1ccc(OCCN(CC)CC)c2c1C(=O)c1ccccc1C2=O,5.285607,3.5924497
O=C1C(=O)c2c(cc(-c3ccccc3)c3ccccc23)-c2ccccc21,6.0384955,3.627636
O=C(NCc1cccs1)c1ccc(C=CC(=O)c2cccc3c2C(=O)c2ccccc2C3=O)cc1,6.049619,3.7816863
O=C1C(=O)c2ccc(NC(=O)c3ccccc3C(F)(F)F)cc2-c2ccccc21,6.595871,3.7076151
COc1ccc(OC)c2c1C(=O)c1ccccc1C2=O,6.3780985,3.5358858
NCC(=O)OCCOc1cccc2c1C(=O)c1c(OCCOC(=O)CN)cc(NC(=O)CCl)cc1C2=O,6.0625496,3.6625884
CCOc1ccc(-c2cc(O)c3c(c2N)C(=O)c2c(O)ccc(N)c2C3=O)cc1,5.4831314,3.4045053
O=C1C=C(O)C(=O)C=C1O,6.9798117,4.0421166
COc1cc(O)c2c(c1)C(=O)C1=C(C2=O)C(OCC2C(=O)CCC2C)OC(C)=C1,6.2620463,3.8260846
CC(=O)Oc1c2oc3cc(O)c(O)cc3c2c(OC(C)=O)c2oc3cc(O)c(O)cc3c12,5.978632,2.5426412
CC1CCN(C2=C(NS(=O)(=O)c3ccc(Br)cc3)C(=O)c3ccccc3C2=O)CC1,5.923897,3.867643
CCOC(=O)c1c2c(n(-c3ccccc3)c1C)C=C(Br)C(=O)C2=O,6.4535813,4.225304
COCCOc1cc(O)c2c(c1N)C(=O)c1ccccc1C2=O,5.989377,3.4648342
O=C(O)c1cccc2oc3cncc(n3)oc3c(C(=O)O)cccc3oc3cncc(n3)oc12,6.433284,3.3335636
O=Cc1cc2c(s1)C(=O)c1c(O)cccc1C2=O,6.782249,4.094529
Cc1cc2c(o1)-c1c(c3ccccc3c(=O)n1CCCN1CCOCC1)C(=O)C2=O,5.58602,3.912617
CC1=CC(c2cc(C)c(O)cc2C)=C(C)C(=O)C1=O,5.956183,3.7986553
CCCCCCCCCCC1=C(OC(C)=O)C(=O)c2ccccc2C1=O,6.476733,3.92035
CC(C)C1=C(O)c2ccccc2C(=O)C1=O,6.4051266,3.5848522
Cc1c2c(nn1S(=O)(=O)c1ccc(F)cc1)-c1ccccc1C(=O)C2=O,6.8389487,3.9898922
COCCOc1cc2ncnc(NC3=CC(=O)C(OCCOc4ccccc4)=CC3=O)c2cc1OC,5.87919,4.0360007
CCCNCC(=O)Nc1ccc2c(c1)C(=O)c1cc(NC(=O)CNCCC)ccc1C2=O,5.7283773,3.4590926
COC1=C(OC)C(=O)c2ccccc2C1=O,6.601259,3.8885798
CC1=C(SCCC(=O)O)C(=O)c2ccccc2C1=O,6.1641526,3.888111
Cc1ccc2c(n1)C(N(C)C)=CC(=O)C2=O,5.895355,3.5914526
COc1c(O)cc2c(c1O)C(=O)c1c(O)cccc1C2=O,6.4188514,3.5909498
Nc1nc2c(s1)=C(c1ccc(O)cc1)C(=O)C(=O)C=2c1ccc(O)cc1,5.757541,4.0043488
Cc1[nH]n(-c2ccccc2)c(=O)c1C(C1=C(O)c2ccccc2C(=O)C1=O)c1ccccc1F,5.9488664,3.6531518
CC(C)C1=Cc2cccc(-c3ccccc3)c2C(=O)C1=O,6.210395,3.6634293
CCOC(=O)c1c2c(n(CC(=O)c3ccc(Br)cc3)c1C)C(=O)C(=O)c1ccccc1-2,6.454349,3.823211
O=C1c2ccccc2C(=O)c2c1ccc1c(=O)c3ccccc3[nH]c21,6.08588,3.7156582
Cc1coc2c1C(=O)C(=O)c1c-2ccc2c(CO)cccc12,6.236632,3.671342
CC(CO)C1=C(N)c2ccc3c(c2C(=O)C1=O)CCCC3(C)C,5.9835787,3.3116796
CCCC(=O)c1c(C)cc2c(c1O)C(=O)c1c(O)cccc1C2=O,6.4318113,3.675049
CC(=O)CCC1=C(C)C(=O)C(=O)C(C)=C1O,6.351715,3.7408488
CC(=O)NC1=CC(=O)c2ccc(-c3nc(C(N)=O)cc4c3[nH]c3ccccc34)nc2C1=O,5.9896455,3.966313
O=C1C(Sc2ccccc2)=C(Sc2ccccc2)C(=O)c2ccccc21,5.983164,4.186736
CCC(C)CCC1=C(C)C(=O)C(=O)c2c1[nH]c1ccccc21,5.995164,3.5066123
Cc1ccc2c(n1)C(=O)C(=O)c1ncccc1-2,6.4777074,3.9249904
CC1OC2=C(C(=O)c3ccc(O)cc3C2=O)C1(C)C,6.5028763,3.611403
CCCCc1ccc(NC2=C(Cl)C(=O)c3ccccc3C2=O)cc1,5.9348197,3.8332741
Cc1cccc(NC2=C(NC(=O)c3ccccc3)C(=O)c3ccccc3C2=O)c1,5.8897247,3.7054346
CC1=C2OCC(C)(O)c3ccc(C)c(c32)C(=O)C1=O,6.303229,3.596573
CCc1ccc(-c2cn(C3COC4=C(Cl)C(=O)C(=O)c5cccc3c54)nn2)cc1,6.1935616,4.1259418
O=C1c2ccccc2C(=O)c2c1cc(NS(=O)(=O)c1ccc(Cl)cc1)c(O)c2O,6.47967,3.6695747
O=C(CCc1ccccc1)Nc1ccc2c(c1)C(=O)c1cc(NC(=O)CCc3ccccc3)ccc1C2=O,6.0725403,3.3980608
O=C1C(=O)c2ccc(Br)cc2C2=C1SCC1(CCN(C(=O)c3cccc(Cl)c3)CC1)O2,5.9024577,4.0666947
CC(=O)NC(CSC1=CC(=O)C(=O)c2ccccc21)C(=O)O,6.1401367,3.9749458
Cc1ccc2c(c1)C(O)=C(c1cc(C(C)(C)C)c(O)c(C(C)(C)C)c1)C(=O)C2=O,6.040857,3.5864632
O=C1C(=O)c2ccccc2C2=C1SCC(CN(C(=O)O)c1ccc(F)cc1)O2,5.9102874,3.9505308
O=C1c2ccccc2C(=O)c2[nH]c(-c3cnc[nH]3)nc21,6.417059,3.6468987
CCN(CC)CCCn1c2c(c3ccccc3c1=O)C(=O)C(=O)c1cc(C)oc1-2,5.581555,3.9013972
Cc1cc(C)c2c(c1)C(=O)C(=O)c1c(-c3ccc(C)c(C)c3)coc1-2,5.984591,3.6417031
COc1cccc2c1C(=O)c1c(O)cc(CN(CCO)CCO)cc1C2=O,5.779864,3.6252365
O=C1C(=O)c2ccccc2C2=C1SCC1(CCN(CC(O)c3ccccc3)CC1)O2,5.474959,3.8289254
O=C1C=C(c2ccccc2[N+](=O)[O-])c2ccccc2C1=O,6.784916,4.1640244
Cn1c2ccccc2c2ccc3c(c21)C(=O)C=CC3=O,5.844181,3.7011874
O=C1C(Cl)=C(N2CCN(c3ccccc3)CC2)C(=O)c2ccccc21,5.440421,3.820627
Cc1ccc2c(c1Cl)C(=O)c1ccccc1C2=O,6.530291,3.5986178
COc1c(C(C)=O)c(O)cc(O)c1-c1c(CO)cc(O)c2c1C(=O)c1cccc(O)c1C2=O,6.1448703,3.6171837
O=C1C(=O)c2sccc2-c2ccccc21,6.5930185,3.8571632
O=C1C=C(N2CC2)C(=O)C(c2ccccc2)=C1N1CC1,6.0523577,3.6769805
Cc1c[nH]c2c1C(=O)C(=O)c1c-2ccc2c1CCCC2(C)C,6.0078726,3.1932056
CCOC(=O)c1c2c(n(Cc3ccccc3)c1CNC(C)C)C(=O)C(=O)c1ccccc1-2,5.9485726,3.655828
CCCCCCC(C)C(=O)NCC(C)(C)CC1=C(O)c2ccccc2C(=O)C1=O,6.1234856,3.6213353
CCCc1onc(C)c1NC1=CC(=O)C(=O)c2ccccc21,6.214668,3.6328034
Nc1ccc(Nc2ccccc2)c2c1C(=O)c1ccccc1C2=O,5.4926233,3.373021
CCCCCCC(=O)NCC(C)(C)CC1=C(O)c2ccccc2C(=O)C1=O,6.150766,3.6298718
Cn1c(CO)c(CO)c2c1C(=O)C=C(N1CC1)C2=O,6.2575417,3.4513052
Cc1cc(=O)[nH]c2c1C(=O)c1c(C)cc(=O)n(C)c1C2=O,6.6560655,3.9105527
CCOC(=O)C1(NC(=O)CN)CSC2=C1C(=O)c1ccccc1C2=O,6.3019915,4.031165
CC(COc1ccc2c3c(oc2c1)C(=O)c1ncccc1C3=O)N(C)C,5.6351833,3.9800658
CC(=O)c1ccc(NC2=C(Cl)C(=O)c3ccccc3C2=O)cc1,6.1556735,3.839597
O=C1C(=O)c2ccccc2C(O)=C1C(C1=C(O)c2ccccc2C(=O)C1=O)c1ccccc1,6.1659293,4.1705666
[N-]=[N+]=NC1=C(S(=O)(=O)Oc2ccc(C(=O)c3ccc(O)cc3O)cc2)c2c(N=[N+]=[N-])cccc2C(=O)C1=O,6.5121794,4.630328
Cc1cc2c(c3oc(C4(C5CO5)CO4)cc(=O)c13)C(=O)c1c(O)cccc1C2=O,6.567141,3.992068
COc1cc2c(cc1O)C(=O)c1cc(C)ccc1C2=O,6.41404,3.3854806
CCCCCCNC(=S)NN=C(CC(=O)c1cccc2c1C(=O)c1ccccc1C2=O)C(=O)OCC,5.8987284,3.755007
COc1ccccc1NC(=O)C(=O)CC(=O)c1ccccc1NC1=CC(=O)C(=O)c2ccccc21,5.81208,3.8263123
CC(O)CNCCCOc1cc(O)c2c(c1)C(=O)c1ccccc1C2=O,5.872223,3.5212216
CC(C)=CCOC1=C(CC=C(C)C)C(=O)c2cccc(O)c2C1=O,5.8778253,3.7767198
O=C1C(=O)c2ccccc2C(O)=C1C(Nc1cccc(Cl)c1)c1ccccc1,5.7107368,3.7190816
COc1ccc(C2=C(NC(=O)c3cccc(Cl)c3)C(=O)c3ccccc3C2=O)cc1,6.1444464,3.7984772
O=C1C(=O)c2c(oc3c2CCN(C(CO)Cc2ccccc2)C3=O)-c2ccccc21,6.209945,3.9317272
O=C1c2ccc(O)cc2C(=O)c2ccc(O)cc21,6.55843,3.428416
O=C1C=CC=C(Nc2ccccc2)C1=O,6.046099,3.8487437
COc1ccc2nc3c(c(NCCNC4=CC(=O)c5ccccc5C4=O)c2c1)CCCC3,5.4821773,3.3421268
CC12CCCc3coc(c31)C(=O)c1cc3c(cc12)C(O)=C(Cl)C(=O)C3=O,6.396396,4.1928434
CCCc1ccc2c(c1O)C(=O)c1c(O)cccc1C2=O,6.3969426,3.5688736
CCCCSc1nc2c3c(ccc2[nH]1)C(=O)c1ccccc1C3=O,6.00166,3.5373833
COc1cc(C(=O)c2coc3c2C(=O)C(=O)c2ccccc2-3)cc(OC)c1OC,6.2004433,4.02701
CCCCCCCCC(O)CCCCCCCC1=C(O)c2ccccc2C(=O)C1=O,6.13287,3.6331546
CCC1(CC)CC2=C(O1)c1ccccc1C(=O)C2=O,6.36754,3.7220159
COC(=O)CCN1CCc2c(oc3c2C(=O)C(=O)c2ccccc2-3)C1=O,6.4840574,3.9718776
CCCCCCCCCCCCCCCC(F)C1=CC(=O)C(=O)c2ccccc21,6.277897,3.8483071
Cc1cc2c(o1)-c1c(c3ccccc3c(=O)n1CCO)C(=O)C2=O,6.4471927,3.927742
C=CC(C)(CO)c1c(O)cc2c(c1O)C(=O)C1=C(C2=O)C2CC(C)C(OC(=O)C(C)C)CC2C(C)(C)O1,6.2034235,3.6704416
O=C1c2cccc(Cl)c2C(=O)c2c1cccc2N1CCCC1,5.6663456,3.498345
Nc1cc([N+](=O)[O-])c(N)c2c1C(=O)c1ccccc1C2=O,6.177203,3.7336354
Cc1ccc2c(c1F)C(=O)C(=O)c1c-2ccc(C)c1F,6.5278397,3.8299315
COC(=O)C(NC1=C(C)C(=O)C(=O)C(C(C)CCC=C(C)C)=C1O)C(C)C,5.7834487,3.5982807
Cc1c(O)c2c(c(O)c1COC1CC(N)C(O)C(C)O1)C(=O)c1ccccc1C2=O,6.025073,3.5951457
Cc1ccc(CCCCOC2=CC(=O)C(=O)c3ccccc32)cc1,6.167742,3.74554
CC1(O)C(O)c2c(c3c(=O)c4cccc(O)c4c(=O)c=3c2=[N+]=[N-])C(O)C1O,6.408222,4.096506
O=C1C=C(N2CCCC2)c2cc(N3CCCC3)ncc2C1=O,5.627452,3.6277509
O=C1C=Cc2ccc3c(ccc4ccccc43)c2C1=O,6.0321174,3.8474648
CCCCCCC(C)(C)C1=CC(=O)C2=C(OC(C)(C)c3cn[nH]c32)C1=O,6.2303834,3.8738332
Cc1cccc2c3c(ccc12)-c1oc2c(c1C(=O)C3=O)CCN(CCN1CCCC1)C2,5.2298074,3.6594555
CC(=CCC1=C(C)C(=O)c2ccccc2C1=O)CCC=C(C)CNc1ccccc1,5.32096,3.4832892
COc1cc2c(cc1OC)CC(NCC1=CC(=O)C(=O)C=C1)CC2,5.6330585,3.9129343
Cc1c(O)c2c(c(O)c1Br)C(=O)C=CC2=O,6.757425,4.017176
C=C(C)CC1=CC(=O)C(=O)c2cccc(OC)c21,6.196086,3.6710594
O=C1C=Cc2c(ccc3c2ccc2cc4ccccc4cc23)C1=O,5.718793,3.8609755
O=C1C=C(Oc2ccc(Br)cc2Br)C(=O)c2cc3ccccc3cc21,6.5264807,4.1468706
CCc1cc(O)c2c3c(c(O)cc2c1)C(=O)c1c(O)cccc1C3=O,6.0826125,3.6095333
CNC(=O)CN1CCc2c(oc3c2C(=O)C(=O)c2ccccc2-3)C1,5.8895893,3.7181664
O=C1c2ccsc2C(=O)c2c(O)ccc(O)c21,6.5757346,3.8791585
CSC1=C(C=C(C)C(=O)O)C(=O)c2ccccc2C1=O,6.1742563,3.9539876
CC(=O)OC1C(C)OC(Oc2cc(O)c3c(c2)C(=O)c2cc(C)cc(O)c2C3=O)C(OC(C)=O)C1O,6.561266,3.58525
CCCCCCC1=C(O)C(=O)C(CCCCCC)=C(O)C1=O,6.3544035,3.8359616
O=C1OCC2=C1C(c1ccccc1)C1=C(N2)C(=O)c2ccccc2C1=O,6.2202206,3.7616787
CCCCCCCCC1=C(C)C(=O)c2ccccc2C1=O,6.3261585,3.5451198
Cc1ccc(Nc2ccc(O)c3c2C(=O)c2c(O)ccc(Nc4ccc(C)cc4)c2C3=O)cc1,5.1404343,3.4688613
CC=CCCC(=O)C1=C(C)C(=O)C(=O)C(C)=C1O,6.1816034,4.0064425
O=C1c2nccc(Cl)c2C(=O)c2c(-c3ccccc3NC(=O)C(F)(F)F)ccnc21,6.4552636,4.1792426
CCOC(=O)c1ccc(NC2=C(N3CCCCC3)C(=O)c3ccccc3C2=O)cc1,5.575503,3.433891
C=CS(=O)(=O)c1ccc(Nc2cc(S(=O)(=O)O)c(N)c3c2C(=O)c2ccccc2C3=O)cc1,6.0363083,3.8184824
COC1=CC(=O)c2c(c(COc3cccc([N+](=O)[O-])c3)c(C)n2C)C1=O,6.3495326,3.8268898
C=CCC1=C(C)C(=O)C(=O)c2ccccc21,6.2621694,3.6222522
CCN1CCN(C2=CC(=O)C(Nc3ncnc4cc(OCCOC)c(OC)cc34)=CC2=O)CC1,5.4949794,3.8094177
O=C1c2ccccc2C(=O)c2cc(Cl)c(Cl)cc21,6.717235,3.8324606
CNCCNc1c2c(c(NCCN=C(N)N)c3sccc13)C(=O)c1ccccc1C2=O,5.2249446,3.3905392
CC(=O)C1=C2OC=C(C)c3ccc(C)c(c32)C(=O)C1=O,6.12553,3.8409612
COc1ccc2c3c([nH]c2c1)C(=O)C=C(C)C3=O,6.1466985,3.5744288
O=C1c2ccccc2C(=O)c2c1ccc1[nH]c(CN3CCN(c4ccccc4)CC3)nc21,5.251781,3.4876633
CC(C)c1cc(=O)c2c(cc(O)c3c(=O)c4c(O)c(Br)ccc4c(=O)c32)c1=O,6.780032,4.343808
NCCC1=CC(=O)C(=O)C=C1N,6.150531,3.6147373
CC1NC2=CC(=O)C(=O)C=C2C1O,6.403595,3.7765322
CC(C)NC(=O)CN1CCN(CC2CSC3=C(O2)C(=O)C(=O)c2ccccc23)CC1,5.3413444,3.8617473
CC1=CC(=O)c2c([nH]c3ccccc23)C1=O,6.35366,3.5815594
CC(SC1=C(O)c2ccccc2C(=O)C1=O)C(=O)O,6.1885943,3.99617
COc1ccc(OC2=CC(=O)c3c(OC)cccc3C2=O)cc1,6.142277,3.8530946
Cc1cccc2c3c(ccc12)C(O)=C(C(C)C)C(=O)C3=O,6.061146,3.5342913
NCCCCCCNC(=O)COC1=CC(=O)c2c(O)cccc2C1=O,6.0534472,3.844088
CC(O)C1=CC(=O)c2ccccc2C1=O,6.725522,3.831077
COC1=C(C)C(=O)c2c(c(COC(N)=O)c3n2CC2C3N2C)C1=O,6.0589266,3.656208
CC1=CCCC2C(C)C(C)(CC3=C(O)C(N)=CC(=O)C3=O)CCC12C,5.7808623,3.4862928
O=C1c2ccccc2C(=O)c2oc(C(=O)N3CCCC3)cc21,6.5145235,3.890529
CC1(C)OC2=C(C(=O)C(=O)c3ccccc32)C1n1cc(-c2ccc(F)cc2)nn1,6.37637,3.9337199
O=C1c2cc3ccccc3cc2C(=O)c2cc3ccccc3cc21,6.1132092,3.635709
CC1=C(CCC(=O)O)C(=O)C(C)=C(Cc2cccnc2)C1=O,6.244893,3.7520688
O=C(NCc1ccccc1)C(=O)Nc1cccc2c1C(=O)c1ccccc1C2=O,6.383956,3.70651
CCc1ccc2c(O)c3c(cc2c1C(=O)OC)C(=O)c1c(O)ccc(O)c1C3=O,6.2615695,3.7685468
Cc1cccc2c3c(ccc12)-c1oc2c(c1C(=O)C3=O)CCN(CCCN1CCOCC1)C2,5.16733,3.6503735
Nc1cc(C(=O)O)c(N)c2c1C(=O)c1ccccc1C2=O,6.021693,3.4926534
CCOC(=O)c1c2c(n3ccc(NC(=O)CCN(C)C)cc13)C(=O)c1ncccc1C2=O,5.7276835,3.8340766
CN1CCc2c(c3ccccc3n2Cc2ccccc2)C1,5.2735577,1.4301798
COC1=CC(=O)c2c(O)c(OC)c(OC)c(O)c2C1=O,6.4455047,3.8635018
COc1cc(O)c2c(c1)C(=O)c1cc(CNCCCl)cc(O)c1C2=O,5.9548874,3.587576
COC1=CC(=O)c2c(ccc3ncnc(N)c23)C1=O,6.281769,3.886624
Cc1ccc(OC(=O)N2CCC3(CC2)CSC2=C(O3)c3ccccc3C(=O)C2=O)cn1,5.76213,3.8685129
O=C1c2ccccc2C(=O)c2c1nnn2-c1ccc(Cl)cc1,6.727861,4.073498
COC1=Cc2cc(OC)c(OC)c(OC)c2C(=O)C1=O,6.3500695,3.8756545
CC1=CC(=O)C=C(C)C1=O,6.764229,3.8833566
O=C1C(O)=C(c2ccccc2)C(=O)C(O)=C1c1ccccc1,6.4061184,3.8844612
CC(F)c1cc2c(o1)-c1cccc(O)c1C(=O)C2=O,6.681005,3.909843
O=C1c2ccccc2C(=O)c2cc(CO)ccc21,6.6161575,3.5764854
O=C(O)C1=CC(=O)C(=O)c2ccccc21,6.9154005,4.1225786
COc1c(O)cc2c(c1OC)C(=O)c1c(ccc(C)c1O)C2=O,6.3733153,3.4961014
O=C1C(=O)c2nc(CCCC3CCCCC3)n(CCCCC3CCCCC3)c2-c2ccccc21,6.04046,3.5001013
CC1C2=C(OC1(C)C)c1ccccc1C(=O)C2=O,6.4273047,3.6633267
CC1=C(Cc2ccc(C(C)(C)C)cc2)C(=O)c2ccccc2C1=O,6.1969585,3.524541
O=C1c2ccccc2C(=O)c2c1cc(Sc1ccccc1)c1nsnc21,6.256883,4.3638635
O=C1C(=O)c2c(nc3ccccn23)-c2cccc(Br)c21,6.617443,4.0082006
CN(CCN(C)C1=C(O)c2ccccc2C(=O)C1=O)Cc1ccccc1,5.406267,3.5281277
CCCCCC(O)c1c(O)cc2c(c1O)C(=O)c1c(cc(OC)c(Cl)c1O)C2=O,6.265009,3.7049704
CSc1ccc(Oc2cc(O)c3c(c2N)C(=O)c2ccccc2C3=O)cc1,5.554201,3.506494
CCOC(=O)C(C(C)=O)C1=C(Cl)C(=O)c2ccccc2C1=O,6.8724465,4.1297135
Nc1cc(Nc2cc(S(=O)(=O)O)c(N)c3c2C(=O)c2ccccc2C3=O)ccc1S(=O)(=O)O,5.770321,3.7867162
O=C1C(=O)c2c(nc3ccccn23)C(Br)=C1Br,7.09099,4.638308
O=C1C(=O)c2cc3cc4cc5ccccc5cc4cc3cc2C(F)=C1F,5.9332137,4.322043
O=C1C=Cc2c(ccc3c2ccc2nc4ccccc4nc23)C1=O,6.0202637,4.0428963
O=C1C(=O)c2cccnc2C(O)=C1CCCC1CCCCC1,6.1582603,3.9039946
COc1cccc2c1C(=O)c1c(O)c3c(c(O)c1C2=O)CC(O)(C(C)O)CC3O,6.2111964,3.6562603
CC(=O)c1c(O)cc(O)c(-c2c(C)cc(O)c3c2C(=O)c2cccc(O)c2C3=O)c1O,6.048185,3.5534825
COc1cc2c(c(O)c1CC=C(C)C)C(=O)c1c(O)cc(C)cc1C2=O,5.965032,3.4895391
CC(C)=CCOC1=CC(=O)c2ccccc2C1=O,6.281335,3.803348
C=C(C)CCCc1c(C)ccc2c1C(=O)C(OC(C)=O)=C(C(C)C)C2=O,6.205115,3.708768
O=C1C(=O)c2ccccc2C(O)=C1CCCc1ccc(S(=O)(=O)c2ccccc2)cc1,6.3402452,3.7529356
COC12C(COC(N)=O)C3=C(C(=O)C(C)=C(OCCOCCO)C3=O)N1CC1NC12,6.1492624,3.904097
COC1=C(C)C(=O)c2ccc3c(c2C1=O)C=CC(C)(CCCC(C)(C)O)O3,6.0420713,3.6564956
COc1cc2c(cc1CC1CCCNC1)C(=O)c1ccccc1C2=O,5.7700315,3.4143991
COc1cc(C)c2c3c1C(C)COC3=C(C)C(=O)C2=O,6.1679716,3.5343988
O=C1C=C(NCCc2ccccc2)C(=O)c2ccccc21,6.071403,3.4522386
CCCCOC(=O)c1cc2c([nH]c3ccccc32)c(-c2ccc3c(n2)C(=O)C(NC(=O)CCC)=CC3=O)n1,5.998345,4.0226827
Cc1ccc(NC2=C(Cl)C(=O)C(=O)c3cccnc32)cc1,5.9256816,4.0655713
COC1=C(C)C(=O)C2=C(CCc3cc(O)ccc3O2)C1=O,6.1274657,3.8903756
COC(=O)C1(O)Cc2c(O)c3c(c(O)c2C(OC2CC(N)C(O)C(C)O2)C1)C(=O)c1c(OC)cccc1C3=O,6.02893,3.724086
O=C1c2ccccc2C(=O)c2c1cc(NS(=O)(=O)c1ccc(Cl)s1)c(O)c2O,6.4770656,3.7757635
CC(=O)OC1CCc2c(ccc3c2C(=O)C(=O)c2c(CO)coc2-3)C1(C)C,6.3553658,3.7392313
CCCCCCCCCCCC1=C(O)C2=C(C(=O)C1=O)C(c1ccc(C)c(C)c1)c1ccccc1N2,5.6831126,3.5374086
CC(C)=CCc1c(Cl)cc(Cl)c2c(C3=C(O)C(=O)C=C(O)C3=O)c[nH]c12,5.6996245,3.8649302
COC(=O)C1(C)CCCc2c1ccc1c2C(=O)C(=O)c2c(C)coc2-1,6.3253183,3.6282918
COc1c2c(c(O)c3c1C(OC1CC(N)C(O)C(C)O1)C(O)(C(=O)CO)CC3)C(=O)c1cccc(O)c1C2=O,6.0767145,3.679818
O=C(Oc1cccc2c1C(=O)c1cccc(OC(=O)c3ccccc3)c1C2=O)c1ccccc1,6.6326175,3.9356112
COc1cc(O)c2c(O)c3c(cc2c1)C(=O)C(C)=CC3=O,6.0847774,3.7551274
CC(C)(C)OC(=O)NCCNC1=CC(=O)C(=O)c2ccccc21,6.1730037,3.5480223
O=C1C(=O)c2c(oc3c2CCN(C(=O)c2ccc(F)cc2)C3)-c2ccccc21,6.350663,3.7699816
CC(C)CNC(=O)c1cc(O)c2c(c1)C(=O)c1cccc(O)c1C2=O,6.3941355,3.7389784
COc1cc2c(c(OC)c1OC)C(=O)c1c(cc(C)c(O)c1OC)C2=O,6.3132215,3.4448986
Cc1cc2c(c(O)c1C(=O)O)C(=O)c1c(O)cc(O)cc1C2=O,6.604732,3.6779656
CC(O)C1C=CC2(OC3=C(c4ccc(O)cc4)C(=O)C(=O)C(c4ccc(O)cc4)=C3O2)O1,6.014589,4.1164417
COC1CCC(C2=C(O)c3ccccc3C(=O)C2=O)CC1,6.177472,3.629011
CN1CCN(c2cc(Nc3ccc(F)cc3)c3c4c(onc24)-c2ccccc2C3=O)CC1,5.188678,3.2126846
CC1(C)CCCc2c1ccc1c2C(=O)C(=O)C2=C1OCC2CO,6.2129297,3.6281657
O=C(CN1CCNCC1)Nc1ccc2c(c1)C(=O)c1cc(NC(=O)CN3CCNCC3)ccc1C2=O,5.1967587,3.499947
CCCCCCCCCCCC1=C(O)c2nc3ccccc3c(-c3ccc([N+](=O)[O-])cc3)c2C(=O)C1=O,6.1359434,4.1665196
[N-]=[N+]=NC1=Cc2c(cccc2S(=O)(=O)N=[N+]=[N-])C(=O)C1=O,7.12164,4.4990025
O=C1C(=O)c2ccccc2C(O)=C1c1ccccc1[N+](=O)[O-],6.6727104,4.0920215
COC(=O)c1ccc(-c2cc(N3CCCC(C)C3)c3noc4c3c2C(=O)c2ccccc2-4)cc1,5.7055373,3.2875779
O=C1C(=O)c2nc(CCc3ccc(F)cc3)oc2-c2ccccc21,6.4707227,3.9803665
NCCCCN1C(=O)NC2(CSC3=C2C(=O)c2ccccc2C3=O)C1=O,6.2255025,4.109236
Cc1coc2c1C(=O)C(=O)c1c-2ccc2c1CC(C)CC2,6.2258854,3.514462
Cc1ccc2c(c1)C(=O)C(=O)C1=C2OC(C)(C)CC1,6.362149,3.5975268
Nc1c(C2=CC(=O)C(=O)c3ccccc32)c(=O)[nH]c(=O)n1-c1ccccc1,6.245798,3.9922879
CCCCCCCCCCCC(NC(C)C)C1=C(O)c2ccccc2C(=O)C1=O,5.849729,3.6405897
O=C1c2cccc(SCCO)c2C(=O)c2cccc(SCCO)c21,5.713928,3.8051314
COc1ccc(NC2=CC(=O)c3ccccc3C2=O)cc1,5.8572974,3.5426147
CCCCC1=C(O)c2cc(C)ccc2C(=O)C1=O,6.3360767,3.6078095
Cc1ccccc1-c1ccc2c(c1)-c1cc(-c3ccccc3C(F)(F)F)ccc1C(=O)C2=O,6.1105886,3.7281678
Cc1ccc(C)c2c1C=C(C(C)(C)O)C(=O)C2=O,6.2544484,3.637498
O=C1C=C(N2CCCc3ccccc32)c2ccccc2C1=O,5.7640166,3.5756443
Cc1ccc2c(c1O)C(=O)C(=O)C(C(C)C)=C2,6.320675,3.6662674
C#CCCOC1=C(Cl)C(=O)c2cccnc2C1=O,6.656568,4.3492293
O=C(O)Cc1ccc(CNc2cc3c(c(O)c2O)C(=O)c2ccccc2C3=O)cc1,5.8229637,3.4132113
COC(=O)Nc1nc2ccc(Sc3ccccc3)cc2[nH]1,5.8548713,2.488596
O=C1C(=O)c2cccnc2-c2ncccc21,6.5629916,4.0978084
CCCCOCCn1c(=N)c2c(N)c3c(=O)c4ccccc4c(=O)c3c(N)c2c1=O,5.864706,3.6106837
O=C1C(=O)c2ccccc2C2=C1C(c1ccccc1)c1c(n[nH]c1-c1ccccc1)N2,5.9000297,3.5244412
COc1c(O)cc2c(c1OC)C(=O)c1ccc(C)cc1C2=O,6.43872,3.4300683
O=C(OCCCCN1CCN(CCO)CC1)c1cc(O)c2c(c1)C(=O)c1cccc(O)c1C2=O,5.4045715,3.8372169
CC(=O)Nc1c(C)cc(C)c2c1C(=O)C(=O)c1c(-c3ccccc3)csc1-2,6.0411777,3.7218957
O=C1C(=O)c2occc2-c2ccccc21,6.701452,3.8585036
COc1ccc(CSc2cccc3c2C(=O)c2cccc(SCc4ccc(OC)cc4)c2C3=O)cc1,5.368422,3.7466905
CNc1ccc(O)c2c1C(=O)c1c(O)ccc(NC)c1C2=O,5.4250164,3.2991664
O=c1[nH]c(=O)c2sc3c(=O)c4ccccc4c(=O)c3sc12,6.7566195,4.582111
Cc1c(CN2CCCCC2)oc2c1C(=O)C(=O)c1ccccc1-2,5.692201,3.6208243
CC(=O)CCNC(=O)CCCNC(=O)CCNC(=O)CCCCOC1=CC(=O)C(=O)c2ccccc21,6.042931,3.772461
CCOC(=O)c1ccc(NC2=C(Cl)C(=O)c3ccncc3C2=O)cc1,6.251455,4.154402
Cc1c(COC(N)=O)c2c(n1C)C(=O)C=C(N1CC1)C2=O,6.223875,3.3626976
O=C(O)CSCC(=O)N1CCC2(CC1)CSC1=C(O2)c2ccccc2C(=O)C1=O,5.727312,3.880208
COc1ccc(C(=O)OC2CCC(C)(C)c3ccc4c(c32)C(=O)C(=O)c2c(C)coc2-4)cc1,6.130206,3.651828
O=C1C(=O)c2ccccc2C(O)=C1SC1CCCCC1,5.99623,3.912394
Cc1nn(CCc2ccc(F)cc2)c2c1C(=O)C(=O)c1ccccc1-2,6.2214756,3.5711827
CCOC(=O)c1c2c(n(CC(=O)O)c1C)C(=O)C(=O)c1ccc(Br)cc1-2,6.6859465,3.922336
O=C1C=CC(=O)c2c1ccc1c2c(=O)[nH]c2ccccc21,6.3520246,4.033225
O=C1c2ccccc2C(=O)c2cc(S(=O)(=O)O)ccc21,6.908011,3.9581418
CC(C)OC1=CC(=O)C(=O)c2c(NS(=O)(=O)C(F)(F)F)cccc21,6.920948,4.0891814
COC(=O)C1(C)CC2=CC(=O)C(=O)C=C2N1,6.4707446,3.786514
O=C1C=Cc2ccc3ncccc3c2C1=O,6.350146,4.0080967
Nc1c(Br)cc(Br)c2c1C(=O)c1ccccc1C2=O,6.6298795,3.918113
O=C1C=Cc2c(ccc3c2ccc2nc4ccccc4cc23)C1=O,5.8808084,3.936832
O=C(O)COc1ccc(CC2=C(c3ccccc3)c3ccccc3C(=O)C2=O)cc1,6.0431824,3.7899246
CC1(C)OC2=C(CC1Br)C(=O)C(=O)c1ccccc12,6.592228,3.8423538
O=C1C(=O)c2cccc3c2C(=C1Cl)OC=C3c1ccc(F)cc1,6.3080597,4.117408
CCN(CC)CCCNC(=O)c1ccc2c(c1O)C(=O)c1ccccc1C2=O,5.6267443,3.7061753
O=C1c2ccccc2C(=O)c2n[nH]nc21,6.8348055,4.00991
CC1=C(SCCO)C(=O)c2c(F)c(F)c(F)c(F)c2C1=O,6.6617527,4.4991612
CCCCCCCCC=CCCCCCCCC(=O)Oc1cccc2c1C(=O)C=CC2=O,6.133218,3.8989968
CC(=O)OCC(C)C1=C(O)C2=C(C(=O)C1=O)C1(C)CCCC(C)(C)C1C(O)C2O,6.221636,3.858426
O=C1c2cc3oc4ccccc4c4ccccc4oc3cc2C(=O)N1c1ccc(F)cc1,6.0319986,3.5556931
O=C1C(=O)c2ccccc2C(O)=C1CN1CCN(c2ccccc2)CC1,5.3020096,3.639334
O=C1C(=O)c2nc(CN3CCOCC3)oc2-c2ccccc21,5.895425,4.016862
O=C1C(Cl)=C(NC(=O)c2ccccc2)C(=O)C(Cl)=C1NC(=O)c1ccccc1,6.727693,4.5318923
O=C1c2ccccc2C(=O)c2c(O)cc(Br)cc21,6.797759,3.8864217
CC(C)(Br)C1CC2=C(O1)c1ccccc1C(=O)C2=O,6.5987267,3.8431532
NCC1=CC(=O)c2ccccc2C1=O,6.4857078,3.711738
Cc1cc2c(c(O)c1O)C(=O)c1ccccc1C2=O,6.4208407,3.480116
CCC(=O)NC1=CC(=O)C(=O)c2ccccc21,6.6304502,3.7893338
CC1(C)OC2=C(C(=O)C(=O)c3ccccc32)C1Nc1ccc(C(=O)C=Cc2ccc(-c3ccccc3)cc2)cc1,5.533764,3.718404
CC(C)C(c1cc(O)c2c(c1O)C(=O)c1ccccc1C2=O)N(CCCl)CCCl,5.755411,3.720267
Cc1cc(O)c2c(c1)C(=O)c1ccc(O)cc1C2=O,6.51124,3.4438896
O=C1C=CC=C(CC=CC(c2noc3cc(F)ccc23)N2CCCCC2)C1=O,5.7015166,4.092318
COCCOc1cc2ncnc(NC3=CC(=O)C(N4CCOCC4)=CC3=O)c2cc1OC,5.7581143,3.7814782
CC1C=Cc2c(O)c3c(c(O)c2O1)C(=O)C(=O)C=C3O,6.1241436,3.6794107
CC(=O)OCc1c(O)cc2c(c1O)C(=O)c1ccccc1C2=O,6.6211596,3.571269
CC(=O)Nc1ccc(NC2=C(Cl)C(=O)c3ccccc3C2=O)cc1,5.8577576,3.8258312
Nc1ccc(O)c2c1C(=O)C=CC2=O,6.2354965,3.6414692
Cn1c2c(c(=O)n(C)c1=O)C(c1ccc([N+](=O)[O-])cc1)CC(C1=C(O)c3ccccc3C(=O)C1=O)N2,6.02398,4.0080905
NCCNc1ccc(NCCN)c2c1C(=O)c1ccccc1C2=O,5.410899,3.325686
Cc1ccc(-c2cn(C3C4=C(OC3(C)C)c3ccccc3C(=O)C4=O)nn2)cc1,6.219985,3.892119
Cn1cc(CCN)c2c1C(=O)C1=C(C2=O)S(=O)(=O)C=CN1,6.1050286,3.9508562
O=C(O)CC(NC(=O)C1CCCN(S(=O)(=O)c2cc3c(c(O)c2O)C(=O)c2ccccc2C3=O)C1)C(=O)O,6.4019694,3.8787134
COCCNC1=CC(=O)C(=O)c2ccccc21,6.147323,3.5266602
C=C1CCC2C(C)(C(=O)OC)CCCC2(C)C1CCc1ccc2c(c1)C(=O)C=C(C)C2=O,6.051253,3.5963264
COC12C(COC(N)=O)C3=C(C(=O)C(C)=C(OCC4CC4)C3=O)N1CC1NC12,6.18664,3.8861563
COc1ccc(-c2cc3c(c(C=CN(C)C)n2)C(=O)c2ccccc2C3=O)cc1,5.4562645,3.5648842
COC1=C(OC)C(=O)C(CC=C(C)CCC=C(C)C)=C(C)C1=O,5.770786,3.9206557
O=C1C(=O)c2cc3ccccc3cc2C=C1Cl,6.4192686,4.148633
CC1OC2CC(=O)OC2C2=C1C(=O)c1cc(C3CC(N(C)C)C(O)C(C)O3)ccc1C2=O,5.762611,4.022879
CCOC(=O)c1c(-c2cc(O)c3c(c2)C(=O)c2cccc(O)c2C3=O)nn(-c2ccccc2C)c1C(=O)OCC,6.449122,3.7970269
CC(C)C1=Cc2ccc3c(c2C(=O)C1=O)CC(C)(C)CC3,6.1839175,3.5389438
CC(=O)Nc1ccc(C(C2=C(O)c3ccccc3C(=O)C2=O)C2=C(O)c3ccccc3C(=O)C2=O)cc1,5.9007072,4.15103
COc1cc(O)c2c(c1O)C(=O)c1cc(O)c(C)c(O)c1C2=O,6.2493305,3.5644689
O=C(O)CCC(=O)OCc1cc2c(s1)C(=O)c1sccc1C2=O,6.7990108,4.0830135
CC(=O)N(C)c1ccc(Nc2cc(S(=O)(=O)O)c(N)c3c2C(=O)c2ccccc2C3=O)cc1,5.4885426,3.681005
COC(=O)C(OC)C1=CC(=O)C(=O)C(C)=C1O,6.777194,4.0938005
O=C1C(=O)c2ccccc2C=C1C12CC3CC(CC(C3)C1)C2,6.146339,3.7401736
CN1CCN(c2cc3c(c4nsnc24)C(=O)c2ccccc2C3=O)CC1,5.470377,3.956346
COc1ccc(Nc2cc(NCC(C)C)c3noc4c3c2C(=O)c2ccccc2-4)cc1,5.4202657,3.0757565
N#Cc1c(N)oc2c3c(c(O)cc12)C(=O)c1ccccc1C3=O,6.558075,3.7318392
CCCCCCCCCCCCC1=C(O)c2cccc(C)c2C(=O)C1=O,6.143413,3.5064178
CCNCC(=O)Nc1ccc2c(c1)C(=O)c1cc(NC(=O)CNCC)ccc1C2=O,5.7561154,3.4832082
CCOC1=C(Cl)C(=O)C(Nc2ncnc3cc(OCCOC)c(OC)cc23)=CC1=O,6.079857,4.2558527
CCC1(O)CC(O)c2c(O)c3c(c(O)c2C1C(=O)OC)C(=O)c1cccc(O)c1C3=O,6.3420763,3.785347
O=C(O)CCCCCC1=C(O)c2ccccc2C(=O)C1=O,6.3935566,3.6759605
O=C1c2cccc(O)c2C(=O)c2c(O)cc(O)cc21,6.5447187,3.5839999
O=C1C(=O)c2ccc3ccccc3c2-c2ccccc21,6.249619,3.6857822
O=C1C=C(c2c(O)ccc3ccccc23)c2ccccc2C1=O,5.9925365,3.7598584
COC1=CC(=O)c2c(c(COc3ccc([N+](=O)[O-])cc3OC)c(C)n2C)C1=O,6.2128224,3.805621
CC(C)C1=CC2=C(C(=O)C1=O)C1=CCC(OC(=O)c3ccccc3)C(C)(C)C1(C)C=C2,5.92733,3.8867524
Cc1[nH]n(-c2ccccc2)c(=O)c1C(C1=C(O)c2ccccc2C(=O)C1=O)c1ccccc1,5.9007287,3.6255107
COC1=CC(C2c3cc4c(cc3C(Nc3ccccc3)C3COC(=O)C23)OCO4)=CC(=O)C1=O,5.562833,4.0640135
COC(=O)c1cc(C(=O)OC)c2c(n1)C(=O)C(=O)c1[nH]cnc1-2,6.811607,4.313395
O=C1C(N2CC2)=CC(=O)c2c1nc1n2CCCCC1,6.345301,3.5311959
O=C1C=c2ccccc2=CC1=O,6.6849837,3.9947767
CC(C)C(=O)NCC(C)(C)CC1=C(O)c2ccccc2C(=O)C1=O,6.1925,3.6476223
CNc1ccc(Nc2ccccc2)c2c1C(=O)c1ccccc1C2=O,5.3527794,3.3371928
Cc1ccc(NC2=C(N3CCCCC3)C(=O)c3ccccc3C2=O)cc1,5.41778,3.391889
COc1cc2c(cc1OC)C(O)=C(c1cc(OC)c(OC)cc1[N+](=O)[O-])C(=O)C2=O,6.145245,4.0678735
CC(C)=CCc1c2c(c3occ(-c4ccc5c(c4)OS(C)(N=O)O5)c(=O)c3c1OS(=O)(=O)F)C=CC(C)(C)O2,5.1175385,3.4293437
CC(=O)c1cc2c(s1)C(=O)c1c(O)ccc(O)c1C2=O,6.683396,4.0395565
CCCC1CCC(COc2ccc3c(c2F)C(=O)C(=O)c2c-3ccc(OCC)c2F)CC1,6.1306252,3.9016333
COC1=CC(=O)C(c2coc3cc(O)cc(O)c3c2=O)=CC1=O,6.4754696,4.280245
CC=CC1=C(O)c2ccccc2C(=O)C1=O,6.1843796,3.6233969
COC1=CC(=O)C(O)=C(C=C2C(C)CCC3C(C)(C)CCCC23C)C1=O,6.0154743,3.8928666
CC(C)Nc1cc(N2CCN(Cc3ccc4c(c3)OCO4)CC2)c2noc3c2c1C(=O)c1ccccc1-3,5.150652,2.9754405
CCCCCCC1=C(Br)c2nc3ccccn3c2C(=O)C1=O,6.5810976,4.182678
COC1=C(N2CC2)C(=O)c2nc3n(c2C1=O)CCC3,6.2384133,3.6908758
Cc1cc(Cl)c2c(c1O)C(=O)C=CC2=O,6.626667,3.9203575
COC(=O)c1cc2c([nH]c3ccccc32)c(-c2ccc3c(n2)C(=O)C(NC(C)=O)=CC3=O)n1,6.050312,4.018311
O=C1C(=O)c2ccccc2C(Br)=C1Br,7.199299,4.549244
CC(=O)c1ccc2c(c1)C(=O)c1scc(C(C)=O)c1C2=O,6.8327065,4.1519556
O=C1c2ccccc2C(=O)c2c(O)c(NCCCN(CCO)CCO)cc(O)c21,5.427135,3.4894133
CCCN(CCC)CCC(=O)Nc1cccc2c1C(=O)c1c(NC(=O)CCN(CCC)CCC)cccc1C2=O,5.3093305,3.645219
C=C1CCCC2C1(C)CCC(C)C2(C)CC1=CC(=O)C=CC1=O,6.0108843,3.9069252
CC(C)c1nc2c3c(ccc2[nH]1)C(=O)c1ccccc1C3=O,6.309885,3.486371
Nc1cccc2c1C(=O)c1cccc(Cl)c1C2=O,6.171718,3.5402792
CC(=CCOc1cc(O)c2c(c1)C(=O)c1cc(C)cc(O)c1C2=O)CO,6.1133957,3.5269213
COc1cccc2c1C(=O)C(=O)c1c(C(=O)O)cc3c(c1-2)OCO3,6.4426594,3.7647758
CCCCCCCCCCCCn1c2nc(=O)[nH]c(=O)c-2cc2c1C(=O)C(=O)c1ccccc1-2,6.4113965,4.1457286
Cc1cc2c(c(O)c1C(=O)CCC(C)C)C(=O)c1c(O)cccc1C2=O,6.386382,3.674334
Nc1c(Br)c(Br)c(N)c2c1C(=O)c1ccccc1C2=O,6.2910495,3.7361507
C=C1CCCC2C1(C)CCC(C)C2(C)CC1=C(O)C(NCCC(=O)O)=CC(=O)C1=O,5.849666,3.5687711
Cc1cc2c(cc1O)C(=O)c1ccccc1C2=O,6.501084,3.422239
C=CCNC1=CC(=O)C(=O)c2ccccc21,6.1034036,3.4990935
CCC1=C(O)c2cc(Cl)ccc2C(=O)C1=O,6.5229936,3.7779024
COc1ccc2c(c1)C(=O)C(=O)C1=C2OC2(CCN(C(=O)Oc3cccc(C(F)(F)F)c3)CC2)CS1,5.989586,3.8986216
CC(=O)Nc1ccc(S(=O)(=O)n2cc(-c3ccccc3)c3c2C=CC(=O)C3=O)cc1,6.3150425,4.0426297
C=C(C)C1CC2=C(O1)c1cccc(OC)c1C(=O)C2=O,6.2613935,3.7234964
O=C(O)CNC(=O)CNS(=O)(=O)c1cc2c(c(O)c1O)C(=O)c1ccccc1C2=O,6.5899305,3.9065075
Cc1ccc(Nc2ccc(NC(C)C)c3c2C(=O)c2ccccc2C3=O)cc1,5.3394437,3.3498683
CCCCC=Cc1c(O)cc2c(c1O)C(=O)c1c(O)cc(O)cc1C2=O,6.127998,3.4854321
COC1=Cc2coc(C)c2C(=O)C1=O,6.528384,3.8979528
Cc1ccc(NC2=CC(=O)C(=O)c3ccc(Br)cc32)cc1,5.9956493,3.8442523
CC(C)C1=CC2=C(C(=O)C1=O)C13CCCC(C)(C)C1CC2OC3=O,6.3471637,4.0728745
COc1cccc2c1C(=O)c1c(O)c3c(c(O)c1C2=O)CC(O)(C(C)=O)CC3OC1OC(CO)C(O)C(O)C1N,6.024705,3.6713223
COC1=CC=C(C)C(=O)C1=O,6.5897903,4.030447
CC1(C)C=CC2=C(O1)c1ccccc1C(=O)C2=O,6.2937346,3.758948
O=C1C=C(c2ccccc2)C(=O)C(c2ccccc2)=C1,6.462432,3.9370751
CC(C)(C)OC1CCC(C2=C(O)c3ccccc3C(=O)C2=O)CC1,6.0928907,3.6221588
COCCOc1cc2ncnc(NC3=CC(=O)C(N4CCCC4)=CC3=O)c2cc1OC,5.7681646,3.719786
COC(=O)c1ccc2c3c1C(=O)C(=O)C(C)=C3OC=C2C,6.226836,3.8386998
CC(C)CCCCCCC1=C(O)c2ccccc2C(=O)C1=O,6.2701473,3.6365721
CC(NCCC(c1ccccc1)c1ccccc1)c1ccccc1,5.5450506,0.9361558
O=C(O)C=CC=Cc1cc(O)c2c(c1O)C(=O)C(=O)c1cc(O)c(C(=O)O)cc1-2,6.2035933,3.8013742
O=C1C=C(S(=O)(=O)O)c2cc(Br)ccc2C1=O,7.3795586,4.6983843
COc1cccc2c1C(=O)c1ccc3cc(C)cc(OC4OC(C(=O)O)C(O)C(O)C4O)c3c1C2=O,6.194767,3.6582427
CCCCCCCC1=Cc2cc3c(c(O)c2CO1)C(=O)C(=O)C(OC)=C3,6.001987,3.8231514
COc1ccc(-c2nc3c([nH]2)C(=O)c2ccccc2C3=O)cc1,6.3466325,3.639519
Cc1c2c(c(C(C)O)n1CCO)C(=O)c1cccc(O)c1C2=O,6.2742763,3.4099216
C=CC(C1=CC(=O)C(OC)=CC1=O)c1ccc(OC)cc1,6.126257,3.9391325
O=C1C(=O)c2cc3c(ccc4ccccc43)cc2-c2ccccc21,5.952024,3.6910696
O=C1C=C(O)c2cc(O)ccc2C1=O,6.611955,3.7361856
Cc1cc(NC2=CC(=O)C(=O)c3ccccc32)no1,6.376655,3.6974869
O=c1ccc2c(cc3ccc4cccc5ccc2c3c45)c1=O,5.8413415,3.8730378
COC(=O)CN1CCc2c(oc3c2C(=O)C(=O)c2ccccc2-3)C1=O,6.573143,3.9859579
O=C1C(=O)c2ccccc2C(O)=C1C(NCc1ccccc1)c1cc(Br)ccc1O,5.8614626,3.7391582
O=C1C2=C(C(=O)c3ncccc31)C1(CS2)NC(=O)N(c2ccc(N3CCOCC3)cc2)C1=O,5.4189806,4.3095884
Cc1ccc(N2C(=O)NC3(CSC4=C3C(=O)c3ncccc3C4=O)C2=O)cc1,6.279133,4.377863
CCC1(CC)C(=O)NC2=C1C(=O)C(=O)c1ccccc12,6.486566,3.8060534
CCN(CCCCCCNC1=CC(=O)C(NCCCCCCN(CC)Cc2cccs2)=CC1=O)Cc1cccs1,5.0045304,2.9235315
Cc1c(Cc2c(Cl)cccc2Cl)nc(SCc2ccc3c(c2)C(=O)c2ccccc2C3=O)[nH]c1=O,6.0079465,3.6367188
Cc1ccc(-c2coc3c2C(=O)C(=O)c2cc(C)cc(C)c2-3)cc1,6.0887575,3.642187
COc1cccc2c1C(=O)c1c(O)c3c(c(O)c1C2=O)CC(O)(C(O)CO)CC3,6.159186,3.5856402
COCCOc1cc2ncnc(NC3=CC(=O)C(Cl)=C(OC)C3=O)c2cc1OC,6.066745,4.2203836
O=C1c2ccccc2-c2onc3ccc(NCc4ccco4)c1c23,5.932546,3.2487547
COc1ccc2nc3c(c(NCCCNC4=CC(=O)c5ccccc5C4=O)c2c1)CCCC3,5.4003015,3.2709143
Cc1oc2c(c1C(=O)N1CCC(N)CC1)C(=O)c1c(c(O)c3ccccc3c1O)C2=O,5.7001257,3.8244922
O=C1C(=O)c2ccccc2C(O)=C1C1CC(c2ccccc2[N+](=O)[O-])c2c([nH]c(=O)[nH]c2=O)N1,6.114817,3.9969156
CCOc1c(O)c2c(c(O)c1CC)C(=O)C(=O)C([N+](=O)[O-])=C2O,6.621865,4.401543
C=C1CCCC23C4=C(CC2(C)C(C)CCC13C)C(=O)C(OC)=CC4=O,6.0285306,3.821111
Cc1cc2c(cc1C)-c1oc(C(=O)NCc3ccc(F)cc3)c(C)c1C(=O)C2=O,6.3180175,3.7251348
CCCCCCC(C)(C)C1=CC(=O)C2=C(OC(C)(C)c3cn(C)nc32)C1=O,6.144587,3.7455308
CCC1=COC2=C(C)C(=O)C(=O)c3c(C)ccc1c32,6.016416,3.535079
O=C(Nc1ccc(F)cc1)C1=C(O)c2ccccc2C(=O)C1=O,6.393604,3.9738796
O=C1c2ccccc2C(=O)c2sc(-c3ccncc3)nc21,6.5258017,4.0733705
O=C1C(=O)c2ccccc2C(O)=C1c1ccc([N+](=O)[O-])cc1,6.6605077,4.0465913
CC(C)n1cc2c(n1)C(=O)C(=O)c1cc(F)ccc1-2,6.6169405,3.8786607
COC1=CC(=O)C(O)=C(CC2(C)CCC3(C)C(C)=CCCC3C2C)C1=O,5.8561945,3.8646677
COc1cc(C(=O)OCC(C)CC2=C(O)c3ccccc3C(=O)C2=O)c(OC)c2ccccc12,5.905531,3.6775892
COc1cc2c(NC3=CC(=O)C(OCC#Cc4ccccc4)=CC3=O)ncnc2cc1OCCCN1CCCC1,5.4411054,3.9973028
COC1=CC(=O)C(=O)c2cnccc21,6.7002006,4.1233063
O=C1C(N2CC2)=CC(=O)c2c1[nH]c1c2CCC1O,6.2701316,3.4530897
O=C1C2=C(OC(c3ccccc3)C2)C(=O)c2ccccc21,6.4668064,3.8032174
CCN(CC)C(=O)c1cccc2c1C(=O)C(=O)C(C(C)C)=C2,6.2545066,3.7743692
O=C1C(=O)c2cc(C(F)(F)F)ccc2-c2ccc(C(F)(F)F)cc21,7.040824,4.0589886
O=C1C=C2c3c(cccc3-c3ccc4ccccc4c32)C1=O,6.1588645,3.8143597
C=C(C)CCCc1c(C)ccc2c1C(=O)C(=O)C(C(C)C)=C2,6.0085964,3.5573196
CC(=O)OC(C)c1cc2c(s1)C(=O)c1scc(C(C)OC(C)=O)c1C2=O,6.8679237,4.1165094
CCCSC(C1=C(O)c2ccccc2C(=O)C1=O)c1ccccc1,5.827896,3.7666302
NCCC(=O)Nc1csc2c1C(=O)c1ccccc1C2=O,6.2865953,3.7980177
O=C1C(Cl)=C(NCCCNc2c3c(nc4ccccc24)CCCC3)C(=O)c2ccccc21,5.42787,3.6267915
COc1cc(C2=NN(C)C3=C(C(=O)C(=O)c4ccccc43)C2c2ccc(O)c(OC)c2)ccc1O,5.416016,3.5072103
COc1c(F)c(F)c2c3c1c(=O)c(=O)c1c(F)c(F)c(F)c(c1-3)c(=O)c2=O,7.4822845,5.277726
CCCCCCCCCC(=CC1=C(C)C(=O)C(OC)=C(OC)C1=O)C(=O)O,6.333772,4.0534983
Cc1cc(O)c2c(c1)C(=O)C(c1c(C)cc3c(c1O)C(=O)C=CC3=O)=CC2=O,6.5799403,4.1994734
CCCCN(CC1=CC(=O)C(=O)c2ccccc21)C(C)=O,6.217078,3.7551758
CC1(C)CC(=O)C(C2=C(O)c3ccccc3C(=O)C2=O)C(=O)C1,6.5068984,3.8691707
C=C(C)C=CCc1c(C)ccc2c1C(=O)C(=O)C(C(C)C)=C2O,5.899208,3.4228122
Cc1nc2c([nH]1)C(=O)C(Cl)=C(Nc1ccc(Cl)cc1Cl)C2=O,6.1489625,3.8883986
CSC1=C(SC)C(=O)c2ncccc2C1=O,5.986683,4.242645
CN(CCO)CCNc1ccc(NCCN(C)CCO)c2c1C(=O)c1c(O)ccc(O)c1C2=O,5.045356,3.4293036
COC1=C(OC)C(=O)c2c(cc3c(nc(N)n3C)c2-c2ccc(OC)cc2)C1=O,5.616263,3.792098
O=C1c2ccccc2C(=O)c2c(Br)ccc(O)c21,6.730217,3.865764
O=C1C(=O)c2ccccc2C(O)=C1c1ccc(F)cc1,6.4503155,3.7530568
O=C1C(=O)c2c(O)c(O)cc(O)c2C(O)=C1O,6.27259,3.800292
O=C1c2ccccc2C(=O)c2c(O)c(C(O)c3ccc(Br)s3)cc(O)c21,6.3520184,3.827977
COC1CCC=C(C)C(=O)NC2=CC(=O)C(=O)C(=C2O)CC(C)CC(OC)C(O)C(C)C=C(C)C1OC(N)=O,5.9683194,3.7543335
[N-]=[N+]=Nc1cccc2c1C=CC(=O)C2=O,6.705964,4.0141945
O=C1C=C(Nc2cccc3ccccc23)C(=O)c2ccccc21,5.8328986,3.5365887
O=C1C=C(Cl)c2cccc(O)c2C1=O,6.7835684,4.074999
CC1=C(CSC(=S)N2CCOCC2)C(=O)c2ccccc2C1=O,5.764955,3.804065
CC(=O)N(C)C1=C(Cl)C(=O)c2ccccc2C1=O,6.583095,3.9961812
O=C1C(=O)c2cccc(Cl)c2C(O)=C1Cl,6.6926565,4.147326
O=C1c2cccc(NCCNCCO)c2C(=O)c2cccc(NCCNCCO)c21,5.2897596,3.3064928
CC1(C)CC(O)C2=C(O1)C(=O)c1ncccc1C2=O,6.5901685,4.0378375
O=C1C=C(Oc2ccc(Br)cc2Br)C(=O)c2ccccc21,6.8508124,4.1397448
CCOC(=O)N1CCN(CC2CSC3=C(O2)c2ccccc2C(=O)C3=O)CC1,5.585216,3.8840773
CC1OC2=C(C(=O)C(=O)c3c2ccc2c3CCCC2)C1(C)C,6.177542,3.4950757
N#Cc1sc2c(c1C(N)=O)C(=O)c1ccccc1C2=O,6.9934807,4.2047577
C=C(C)C1CC2=C(O1)C(=O)c1ccccc1C2=O,6.502335,3.7352636
COc1ccc2c(c1O)C(=O)c1c(cc(C)c(O)c1OC)C2=O,6.277489,3.4724216
Cc1cc2c(oc1=O)C(=O)c1c(O)cccc1C2=O,6.8263097,4.093068
COC(=O)c1cc2c(c(OC)c1)C(=O)C(=O)C(OC)=C2,6.626409,4.045929
CC(O)c1cc(O)c2c(c1O)C(=O)c1ccccc1C2=O,6.4814095,3.662468
O=C1C=C(c2ccc(Br)cc2)c2ccccc2C1=O,6.589906,3.9253564
CN(C)CCCNc1ccc(O)c2c1C(=O)c1ccccc1C2=O,5.404697,3.4093325
Cc1cc2c(c3oc(=O)c(-c4ccccc4)cc13)C(=O)c1c(OC(C)C)cccc1C2=O,6.267255,3.793111
CCOC(=O)OCCOc1cc(O)c2c(c1N)C(=O)c1ccccc1C2=O,6.1718245,3.4987617
O=C1C(=O)c2c(nc3ccccn23)-c2cc([N+](=O)[O-])ccc21,6.81623,4.2417026
O=C1C(=O)c2ccccc2C2=C1SCCCCN(C(=O)Oc1cccc(C(F)(F)F)c1)CCO2,5.9796586,3.8969617
COc1cc2c(NC3=CC(=O)C(OCc4ccccc4)=CC3=O)ncnc2cc1OCC1CCN(C)CC1,5.450685,3.9986377
Cc1ccccc1N=Cc1ccc(C=CC(=O)c2cccc3c2C(=O)c2ccccc2C3=O)cc1,5.8828883,3.7131422
CCOc1ccc(-c2cc(N)c3c(c2O)C(=O)c2c(N)ccc(O)c2C3=O)cc1,5.4737563,3.367037
O=C1C(=O)c2c([nH]cc(O)c2=O)-c2ncccc21,6.4355183,4.0808926
O=C1c2ccccc2C(=O)c2c(SBr)cccc21,6.6227255,3.8464873
CCCCC(CC)CNc1ccc(NCC(CC)CCCC)c2c1C(=O)c1c(O)ccc(O)c1C2=O,5.388048,3.2840347
O=C(OCOC1=CC(=O)C(=O)c2ccccc21)OCOC1=CC(=O)C(=O)c2ccccc21,6.9040165,4.512861
C=CS(=O)(=O)c1cccc(Nc2cc(S(=O)(=O)O)c(N)c3c2C(=O)c2ccccc2C3=O)c1,6.044982,3.8726914
CC(C)C1=CC2=C(C(=O)C1=O)C13CCCC(C)(C)C1C(O)C2OC3=O,6.410232,4.144166
CC(=O)N(C1=C(N2CCCC2)C(=O)c2ccccc2C1=O)c1ccc(F)cc1,5.8098483,3.6794913
CN(C)C1=CC(=O)c2c(O)cccc2C1=O,5.992054,3.4589972
O=C1C=C(c2ccc([N+](=O)[O-])cc2)c2c(c(-c3ccccc3)cn2S(=O)(=O)c2ccccc2)C1=O,6.5924788,4.356871
CCCCCCc1cc2c(C)cc3c(c2oc1=O)C(=O)c1c(O)cccc1C3=O,6.3799725,3.7649481
CCOc1c(C)cc(Cl)c2c1C(=O)C=CC2=O,6.585717,3.9005702
Cc1[nH]c2ccccc2c1C1=CC(=O)C(=O)c2ccccc21,5.731865,3.6683998
COc1cc(OC)c2c(c1)C(=O)c1cc3c(c(O)c1C2=O)C1C=COC1O3,6.202831,3.5201244
CC1=C(C)C(=O)C(CCCCC#CCCCC#CCO)=C(C)C1=O,5.923766,3.6115081
CCCCOc1ccc(N(C(C)=O)C2=C(N3CCOCC3)C(=O)c3ccccc3C2=O)cc1,5.6145806,3.6931539
Cc1cc(=O)oc2c1C=CC(=O)C2=O,6.8468523,4.291221
CCCN1C(=O)N(C)C(C(=O)OC)(C2=CC(=O)c3[nH]cc(CCNC(=O)CCc4ccccc4)c3C2=O)C1=O,6.289672,3.9211872
O=C1c2ccccc2C(=O)c2cc(Sc3ccccc3)ccc21,6.11526,3.6698482
CC1=CCCC2C1(C)CCC(C)C2(C)CC1=C(O)C(NCCS(=O)(=O)O)=CC(=O)C1=O,5.7708135,3.6332147
CC(C)(C)NC1=CC(=O)c2ccccc2C1=O,6.3119583,3.4668102
O=C1c2ccccc2C(=O)c2c1cccc2-c1cnn(C2CCNCC2)c1,5.6525617,3.4942083
O=C1C(=O)c2ccc(C(F)(F)F)cc2-c2cc(C(F)(F)F)ccc21,7.104784,4.041989
COc1ccc(N(C)C2=CC(=O)C(=O)c3ccccc32)cc1Cl,5.723122,3.6642027
CN(C)c1ccc(C2=CC(=O)C(=O)c3ccccc32)cc1,5.41191,3.696651
COc1cc(C)cc2c1C(=O)c1c(cc(O)c(Cl)c1O)C2=O,6.3987436,3.5880923
CC1(C)CCc2c(ccc3c2C(O)=CC(=O)C3=O)O1,6.280105,3.6251273
COc1cc(C2C3=C(COC3=O)NC3=C2C(=O)c2ccccc2C3=O)ccc1O,5.901361,3.7897859
O=C1C(=O)c2c(nc3ccccn23)C(Br)=C1CC(F)(F)F,7.012524,4.3878365
COc1ccc2c3c(oc2c1)C(=O)c1c(OC)ccc(OC)c1C3=O,6.187573,3.7362843
CCN(CC)CC(O)CNc1ccc(NCC2CO2)c2c1C(=O)c1ccccc1C2=O,5.2480354,3.3207288
COC1C=CC=C(C)C(=O)NC2=CC(=O)C(=O)C(=C2O)CC(C)CC(OC)C(O)C(C)C=C(C)C1OC(N)=O,5.889514,3.7949438
COC1=C(OC)C(=O)C(CC=C(C)CCC=C(C)CCC=C(C)C)=C(C)C1=O,5.5734215,3.9220672
COc1c2c(c(O)c3c1C(O)Cc1cc(CC(C)=O)c(C(=O)O)c(O)c1-3)C(=O)c1cccc(O)c1C2=O,6.1285515,3.691772
O=C1C=C(N2CCCC2)c2ccccc2C1=O,5.9702296,3.5270755
O=C1C(=O)c2c(oc3c2CCN(C(CO)Cc2ccc(O)cc2)C3=O)-c2ccccc21,6.0341887,3.9426682
COc1ccc(OC)c(NC2C3=C(OC2(C)C)c2ccc4c(C)cccc4c2C(=O)C3=O)c1,5.3908772,3.7250042
COC1=CC(=O)c2c(COc3ccccc3[N+](=O)[O-])c(C)n(C)c2C1=O,6.376996,3.803384
CC1=C2OC=C(C(F)(F)F)c3ccc(C)c(c32)C(=O)C1=O,6.480825,3.8629308
NC(Cc1c[nH]c2c1C=CC(=O)C2=O)C(=O)O,6.14631,3.65152
Cc1cc(-c2cc(N)c3c(c2O)C(=O)c2c(N)ccc(O)c2C3=O)ccc1O,5.4621468,3.3733752
CC1(C)OC2=C(C(=O)C(=O)c3ccccc32)C1Nc1ccc(Br)cc1Br,6.1499176,3.8707738
CC(=O)OC1CC(C)OC2(OC(CC(=O)O)CC3=C2C(=O)c2c(O)cccc2C3=O)C1O,6.6237707,3.9998293
Cc1cc(O)c2c(c1)C(=O)C(C1=CC(=O)c3cc(C)cc(O)c3C1=O)=CC2=O,6.5416675,4.3803883
O=C1C=C(c2cccc([N+](=O)[O-])c2)c2ccccc2C1=O,6.776903,4.17927
CCCC(=O)Nc1ccc2c(c1)C(=O)c1cc(NC(=O)CCC)ccc1C2=O,6.364956,3.4499905
Nc1ccc(-c2ccc(Nc3cc(S(=O)(=O)O)c(N)c4c3C(=O)c3ccccc3C4=O)cc2)c(S(=O)(=O)O)c1,5.4379582,3.7571354
COc1ccc(OC2=CC(=O)c3cccc(O)c3C2=O)cc1,6.214637,3.8904762
O=C1C(NCCO)=C(N2CC2)C(=O)C(NCCO)=C1N1CC1,5.6830897,3.470258
CC(O)c1cccc(Nc2ccc(O)c3c2C(=O)c2c([N+](=O)[O-])ccc(O)c2C3=O)c1,5.915467,4.0429173
O=C1C(=O)c2ccc(S(=O)(=O)O)cc2-c2ccccc21,6.858084,3.995586
CC(C)=CCCc1cc(O)c2c(c1O)C(=O)C=CC2=O,6.029051,3.8032343
CC(C)(C)c1ccc(Sc2cc3c(c4nsnc24)C(=O)c2ccccc2C3=O)cc1,6.1572976,4.344196
COC1=C(C=C(C)C(=O)O)C(=O)c2ccccc2C1=O,6.552764,3.8763487
Cc1ccc2c(c1-c1c(C)ccc3c1C(=O)c1ccccc1C3=O)C(=O)c1ccccc1C2=O,6.2829986,3.7247813
COc1ccc(O)c(C(=O)OCC(C)(C)CC2=C(O)c3ccccc3C(=O)C2=O)c1,6.124334,3.7004154
O=c1c(-c2ccccc2C(F)(F)F)coc2ccc3ccc4ooc4c3c12,6.4574146,3.1206415
CCN(CC)CCCn1c2cc(=O)c(=O)cc-2[nH]c2cc(C)ccc21,5.319772,3.4497225
CC(C)C1=C(O)C2=C(C(=O)C1=O)C13CCCC(C)(COC1O)C3CC2O,6.2053523,3.8700194
O=C1c2ccccc2-c2onc3c(N4CCCC4)cc(NCCN4CCCC4)c1c23,5.2568684,3.0617
O=C(c1cc(F)c(F)c(F)c1)c1cc2c(s1)-c1sc(C(=O)c3cc(F)c(F)c(F)c3)cc1C(=O)C2=O,7.257909,4.8665924
COC1=C(N)C(=O)c2c(ccnc2Cc2ccccc2)C1=O,6.0376844,3.819658
O=C1C(=O)c2ccccc2C2=C1CCC1(CCCCC1)O2,6.2357388,3.6356485
O=C1c2ccccc2-c2onc3ccc(N4CCCC4)c1c23,5.688831,3.29792
CC1COC2=C1C(=O)C(=O)c1c2ccc2c1CCCC2=O,6.3458266,3.7671034
COc1cc(C)cc(C(=O)O)c1C1=CC(=O)c2c(O)cccc2C1=O,6.3923945,3.8193712
CC1=CC2C3=C(C(=O)c4ccccc4C3=O)C3(O)c4ccccc4C(=O)C2(C=CC(C)(C)O)C3C1,6.033913,3.7812777
O=C1C(NCCNc2c3c(nc4ccccc24)CCCC3)=CC(=O)c2c(O)cccc21,5.5404334,3.4112644
COC1=CC(=O)c2c(O)c3c(c(O)c2C1=O)C=C(C)OC3O,6.1969104,3.8850822
COc1ccc(C(=O)c2cc3c(s2)C(=O)c2c(O)cccc2C3=O)cc1,6.353038,3.9927006
COC(=O)c1nnn(C2COC3=C(Br)C(=O)C(=O)c4cccc2c43)c1C(=O)OC,7.0552273,4.5802894
CC(C)(C)C1=CC(C(C#N)C#N)=C(C(C)(C)C)C(=O)C1=O,6.5483847,3.9515822
CC(C)=CCC(OC(=O)C=CC(=O)c1ccc(C)cc1)C1=CC(=O)c2c(O)ccc(O)c2C1=O,6.1083384,4.101017
CC(C)(C)OC(=O)NCCCNC(C1=C(O)c2ccccc2C(=O)C1=O)c1ccccc1,5.9010196,3.6889203
CC(C)C1=Cc2ccc3c(c2C(=O)C1=O)CCCC3(C)C,6.17229,3.5387573
C=C1CCCC(C)(C)C1CCc1ccc2c(c1)C(=O)C=C(OC)C2=O,6.064416,3.6631644
CC(=O)CC(C1=C(O)c2ccccc2C(=O)C1=O)c1ccccc1,6.232765,3.6896648
CCCCCCCCCCCCCCC1=C(OC)C(=O)C=C(OC)C1=O,6.2835855,3.982966
CC1=Cc2ccc3c(c2C(=O)C1=O)CCOC3,6.2953615,3.686659
O=C(O)c1cccc(NC2=C(Cl)C(=O)c3ccccc3C2=O)c1,6.2623057,3.909331
OCCN1CCN(CCCN2c3ccccc3Sc3ccc(C(F)(F)F)cc32)CC1,4.823151,1.3567615
CC(C)=CC1=C(O)c2ccccc2C(=O)C1=O,6.11482,3.5986443
Cc1cc(O)c2c(c1)C(=O)C1=C(C2=O)C(O)C(O)C(O)C1,6.522936,3.839619
O=C(Nc1ccc(Br)cc1)c1cc(O)c2c(c1)C(=O)c1cccc(O)c1C2=O,6.3738527,3.842072
CCCCCCCCCCCCCCCCCC1=C(O)c2ccccc2C(=O)C1=O,6.1583924,3.6120589
COC1=C(N2CC2)C(=O)C(OC)=C(N2CC2)C1=O,5.985591,3.8639576
C=C1C(C)CCCC1(C)CCC(C)=CCC1=C(O)C(NCCc2ccccc2)=CC(=O)C1=O,5.6413574,3.4405627
O=C(O)CNS(=O)(=O)c1cc2c(cc1O)C(=O)c1ccccc1C2=O,6.776695,3.8822122
CCN(CC)C(=O)CCSc1nc2c3c(ccc2[nH]1)C(=O)c1ccccc1C3=O,5.8830943,3.5456066
CCOC1=Cc2ccccc2C(=O)C1=O,6.6184826,3.8955114
Cc1ccc(NC2=C(C(C)C)C(=O)C(=O)c3c2ccc2c3CCCC2(C)C)cc1,5.664254,3.3387492
CC(=O)c1cc(NC(=O)CCCCOC2=CC(=O)C(=O)c3ccccc32)cn1C,6.0457277,3.7108686
Cc1c(C(=O)O)c(O)cc2cc3c(c(O)c12)C(=O)c1c(O)cc(O)cc1C3=O,6.232734,3.6766293
N#Cc1ccc(OCCCCCCOC2=CC(=O)C(=O)c3ccccc32)cc1,6.289062,3.8280227
C=CC1=CC=CC(=O)C1=O,6.613354,4.0505157
Cc1c(NC2=CC(=O)C(=O)c3ccccc32)c(=O)n(-c2ccccc2)n1C,5.78834,3.5921807
CCC1=C(O)c2cc(C)c(C)cc2C(=O)C1=O,6.2914677,3.557459
C=C(C)C(O)CC1=C(O)c2ccccc2C(=O)C1=O,6.285814,3.713791
CC(C)Nc1ccc(O)c2c1C(=O)c1c(O)ccc(N)c1C2=O,5.5868435,3.380321
O=C(CCl)Nc1ccc2c(c1NC(=O)c1ccco1)C(=O)c1ccccc1C2=O,6.4396706,3.711033
CC(C)(C)c1ccc(S(=O)(=O)c2cc3c(c4nsnc24)C(=O)c2ccccc2C3=O)cc1,6.532724,4.559387
N#CC1=C(C#N)C(=O)c2c(N)cccc2C1=O,6.7864733,4.488205
CC1Cn2c(nc3c2C(=O)C=CC3=O)-c2cccnc21,6.525304,3.8978617
CC1=C(Nc2ccccc2)C(=O)c2c(F)c(F)c(F)c(F)c2C1=O,6.3615155,4.123349
O=C1c2ccccc2C(=O)c2c1ccc1[nH]c(CN3CCCCCC3)nc21,5.7034802,3.4709551
Cc1ccc2c(c1Nc1ccccc1)C(=O)c1ccccc1C2=O,5.8100724,3.4220767
O=C1C(=O)c2ccccc2C2=C1OC(CN1CCN(c3ccc(F)cc3)CC1)CS2,5.1550636,3.842023
Nc1cccc(Nc2cc(S(=O)(=O)O)c(N)c3c2C(=O)c2ccccc2C3=O)c1,5.4240746,3.6538396
O=C1c2ccccc2C(=O)c2[nH]c(-c3ccccc3)nc21,6.602871,3.6625168
COC1=CC(=O)C2=C(CCc3ccccc3O2)C1=O,6.345554,3.9401727
CNC1=C(C)C(=O)c2ccccc2C1=O,6.041123,3.4181561
O=C1C=C(Br)c2ccccc2C1=O,6.9901757,4.2017446
COc1c2c(cc3c1C(O)=CC(=O)C3=O)OCO2,6.4544,3.7394025
CC1=CCCC2C1(C)CCC(C)C2(C)CC1=C(O)C(NCCc2ccccc2)=CC(=O)C1=O,5.613859,3.4111617
CC(C)=CCC1=C(O)c2ccccc2C(=O)C1=O,6.0678515,3.641871
O=C(O)CC(=O)NC1=C(O)c2ccccc2C(=O)C1=O,6.554457,3.8666103
COC1=CC(=O)c2ccc3cc(OC)c(OC)c(O)c3c2C1=O,6.105761,3.8140612
COc1ccc2cc(C(C)C(=O)OCCOC(=O)c3cc(O)c4c(c3)C(=O)c3cccc(O)c3C4=O)ccc2c1,5.8897367,3.784364
O=C1C=C(O)c2cccc(O)c2C1=O,6.643656,3.7796345
CCCCCCCC(=O)NCC(C)(C)CC1=C(O)c2ccccc2C(=O)C1=O,6.139869,3.6283524
O=C1C(=O)c2ccccc2C=C1c1ccc(F)cc1,6.5546575,3.8703797
O=C1C(=O)c2c(nc3n[nH]c(-c4ccc(Cl)cc4)c3c2-c2ccccc2)-c2ccccc21,6.112901,3.873297
CC(C)(C)OC(=O)N1CCC2(CC1)CSC1=C(O2)c2cc(N3CCOCC3)ccc2C(=O)C1=O,5.450375,3.763027
CCCCC1=C(C)C(=O)c2ccccc2C1=O,6.4566207,3.5718074
C=CC1(C)CCN1C1=CC(=O)C(=O)C=C1OC,6.0953474,3.7820346
CC(C)(C)c1ccc(C(C)(C)C)c2c1OS(=O)O2,6.308689,1.889305
c1cc2ccc3ccoc3c2o1,6.0648518,2.080052
O=C(Oc1cccc2c1C(=O)C=C(N1CC1)C2=O)c1ccccc1,6.3792973,3.81032
O=C1C(=O)c2cccnc2C(O)=C1Cl,6.742173,4.2732944
COC1=CC(=O)c2cc3c(cc2C1=O)C(=O)c1occ2c1C3(C)CCC2,6.4334555,4.0187545
CCCCCCCCCCCC1=C(O)C(=O)C2=C(OC(C)(C)C3COc4ccc(Cl)cc4C23)C1=O,6.065388,3.8108435
COc1cc2c(c(O)c1CCC(C)O)C(=O)C(=O)C(O)=C2O,6.2122893,3.777292
COc1cc(C(NCc2ccccn2)C2=C(O)c3ccccc3C(=O)C2=O)ccc1O,5.590984,3.7028673
CC1=CC2=C(CO1)C(=O)c1ccccc1C2=O,6.3701563,3.6590734
O=C1c2ccccc2C(=O)c2c1cc(S(=O)(=O)c1ccc(F)cc1)c1nsnc21,6.8202477,4.676878
COc1cc(O)c2c(c1)C(=O)c1cc(O)c(C(=O)O)c(C)c1C2=O,6.468477,3.5838847
CC(C)(C)C1=CC(=O)C(C(C)(C)C)=CC1=O,6.5423613,3.6396961
COc1cccc(NC2=CC(=O)c3ccccc3C2=O)c1,5.9400835,3.549529
CCOC(=O)C1=C(O)c2ccc(OC)cc2C(=O)C1=O,6.609171,4.016107
CC(C)(C)OC(=O)N1CCC2(CC1)CSC1=C(O2)c2cc(Br)ccc2C(=O)C1=O,6.0393486,4.079088
CC1=C(Cc2ccc(NC(=O)OC(C)(C)C)cc2)C(=O)c2ccccc2C1=O,6.152416,3.5914333
CC(=O)NC1=CC(=O)c2ccc(-c3nccc4c3[nH]c3ccccc34)nc2C1=O,5.837511,3.9314506
O=c1cc2ccc3cc4ccccc4c4ccc(c1=O)c2c34,5.845042,3.8759384
CC(NS(=O)(=O)c1cccc(Br)c1)C1=CC(=O)c2c(O)ccc(O)c2C1=O,6.502352,4.038278
CC(=O)OC(C)C1=C(O)C2=C(C(=O)C1=O)C1(C)CCCC(C)(C)C1CC2O,6.2191896,3.9441607
CC(=O)OCC(C)(O)C(CCc1c(C)ccc2c1C(=O)C(=O)C(C(C)C)=C2)OC(C)=O,6.2719145,3.5790844
O=c1c2[nH]cc[nH]c2c(=O)c2c(=O)n(Cc3cccc(C(F)(F)F)c3)c(=O)c12,5.9526863,4.282658
CC(C)Nc1cc2c(c3nsnc13)C(=O)c1ccccc1C2=O,6.145313,3.9808528
COc1cc(C)cc(C(=O)O)c1C1=C(O)c2cccc(O)c2C(=O)C1=O,6.2346754,3.7669075
COC12C(COC(N)=O)C3=C(C(=O)C(C)=C(Nc4ccccc4)C3=O)N1CC1NC12,5.832788,3.6149392
CC1(C)OC2=C(CC1CO)C(=O)C(=O)c1ccccc12,6.3789463,3.7038577
COc1cc2c(c(OC)c1O)C(=O)c1c(O)cccc1C2=O,6.394157,3.5415974
COc1cccc2c1C1=C(CCC(C)(C)O1)C(=O)C2=O,6.3135886,3.6318173
COc1cc(O)c2c(c1)C(=O)c1cc3c(c(OC)c1C2=O)C1CCOC1O3,6.3729734,3.571756
COc1cc2c(c(OC)c1O)C(=O)c1c(O)c(C)cc(O)c1C2=O,6.266183,3.5216355
Cn1c(COc2ccc(F)cc2)nc2c1C(=O)C(=O)c1ccccc1-2,6.315472,3.6371152
c1cc2c(cc1C1OCC3C(c4ccc5c(c4)OCO5)OCC13)OCO2,5.6634336,1.1064076
CCCCCCCCCCN1CCC2(CC1)CSC1=C(O2)c2ccccc2C(=O)C1=O,5.473872,3.818083
CCCCCCCCCCCCCCNC(C1=C(O)c2ccccc2C(=O)C1=O)c1ccccn1,5.811768,3.6813364
O=C1C=C(N=Cc2cccc(Br)c2)c2ccccc2C1=O,6.511061,3.860481
CCCc1ccc(N2C(=O)NC3(CSC4=C3C(=O)c3ncccc3C4=O)C2=O)cc1,6.2484245,4.3776546
O=C1C(=O)c2ccc3ccccc3c2-c2sccc21,6.2205234,3.8374968
CC(CC1=C(O)c2ccccc2C(=O)C1=O)C(F)(F)F,6.432307,3.731672
O=C1C=C(Oc2ccc(F)cc2F)C(=O)c2cc3ccccc3cc21,6.482457,4.012176
O=c1ccc2oc3ccccc3oc=2c1=O,6.4956875,4.0910945
CCCCC1=C(O)c2c(OC)cc(OC)cc2C(=O)C1=O,6.201673,3.6134877
CCN(CCCNc1cc2c(c(N)c1S(=O)(=O)O)C(=O)c1ccccc1C2=O)c1ccccc1,5.297105,3.5014768
O=C1c2cccc(O)c2C(=O)c2c(-c3ccncc3)noc21,6.516677,4.20473
CN1C2Cn3c4c(c(COC(N)=O)c3C21)C(=O)C=CC4=O,6.1622505,3.6897728
CC(C)=CCCC(C)C1=C(Nc2ccccc2)C(O)=C(C)C(=O)C1=O,5.611136,3.611455
O=C(NC1CCNCC1)c1cc2c(s1)C(=O)c1c(c(O)c3ccccc3c1O)C2=O,5.641785,3.9339852
NS(=O)(=O)c1ccc(NC2=CC(=O)c3ccccc3C2=O)cc1,6.3208947,3.6618512
COc1cc(OC)c2c(c1OC)C(=O)C(=O)C(C(C)=O)=C2O,6.3494043,3.9604347
COc1cc2c3c(oc2c(C)c1O)C(=O)C(C)=CC3=O,6.238685,3.8613522
CC1OC2=C(C(=O)C(=O)c3c2ccc2c3CCCC2(C)C)C1(C)C,6.1857257,3.4936397
CCN(CC)CC(O)CNc1ccc(NCC(O)CCl)c2c1C(=O)c1ccccc1C2=O,5.239839,3.318968
Cc1nc2c3c(ccc2s1)NC1=C(C(=O)C(=O)c2ccccc21)C3c1ccc(Br)cc1,5.6858563,3.6210208
CC1=Cc2ccc3c(c2C(=O)C1=O)CCCC3,6.2320347,3.5879574
O=C1C(Nc2ccc(F)cc2F)=CC(=O)c2ncccc21,6.412342,3.910825
Nc1ccc2c(c1)C(=O)C(=O)c1c-2nc2ccccn12,6.0549755,3.6121812
CC(=O)N(C)C1=C(N2CCCC2)C(=O)c2ccccc2C1=O,5.7745867,3.5482097
COc1cc(O)c2c(c1OC)C(=O)C(=O)C(C(C)=O)=C2O,6.395664,3.9735544
Nc1cc(Oc2ccccc2)c(O)c2c1C(=O)c1ccccc1C2=O,5.9675894,3.4657645
CC1=CCCC2C1(C)CCC(C)C2(C)CC1=CC(=O)C=C(NCCc2ccccc2)C1=O,5.666806,3.4732966
CC(O)(CC(=O)O)Cc1ccc2c(c1O)C(=O)c1cccc(O)c1C2=O,6.3968644,3.6381056
COc1cc2c(cc1OC)C(=O)c1c(O)c(C(=O)O)c(C)c(O)c1C2=O,6.390191,3.6699219
CC1=CC(=O)C(=O)C(CCCCCCCCCCCCCCC2=C(O)C(=O)C=C(O)C2=O)=C1O,6.2137594,4.3525286
Cc1c(CNc2cccc(F)c2)oc2c1C(=O)C(=O)c1ccccc1-2,5.818155,3.6061919
COc1c(C)cc2c(c1OC)C(=O)c1ccccc1C2=O,6.4476666,3.4658363
CC(C)C1=C(Sc2ccc(F)cc2)c2ccccc2C(=O)C1=O,6.116981,3.8512456
CC(=O)Oc1cccc2c1C(=O)c1c(OC(C)=O)cccc1C2=O,6.8472347,3.9161
Cc1cc2c(c3oc(-c4ccccc4)cc13)C(=O)c1c(OC(C)C)cccc1C2=O,6.1651506,3.52455
CC(C)CN1CCC2(CC1)CSC1=C(O2)c2ccccc2C(=O)C1=O,5.5088882,3.803344
O=C(O)CCC(=O)C1=CC=C(c2ccc3c(c2)C(F)(F)C3(F)F)C(=O)C1=O,7.056041,4.632277
CCN(CC)CCC(=O)Nc1cccc2c1C(=O)c1ccccc1C2=O,5.6603117,3.6220734
Cc1coc2c1C(=O)C(=O)c1c-2ccc2c1C=CCC2(C)C,6.124977,3.505675
COC1=C(OC)C(=O)C(CNC(=O)c2ccc(Oc3ccc(C(C)(C)C)cc3)cc2)=C(C)C1=O,6.0152087,4.0308366
O=C1C(OCC#CCCl)=C(OCC#CCCl)C(=O)c2ncccc21,6.257332,4.207175
O=C1C(=O)c2ccccc2C(O)=C1Sc1ncc[nH]1,5.9802423,3.9447627
Cc1cccc(CCc2cccc(CCC3=C(O)C(=O)C=C(O)C3=O)c2)c1,6.029812,3.8431754
CC(C)(C)C1=CC(=O)C=C(C(C)(C)C)C1=O,6.5103917,3.6510444
COC12C(COC(N)=O)C3=C(C(=O)C4=C(Nc5ccccc5SC4)C3=O)N1CC1NC12,5.565038,3.6197963
O=C1c2cc(CO)ccc2C(=O)c2c(O)cccc21,6.5680223,3.621434
O=C1c2ccccc2C(=O)c2c1cc(OC1OC(CO)C(O)C(O)C1O)c(CO)c2O,6.446756,3.6919565
NCCCCCNCc1ccc(OC2=CC(=O)c3cc4ccccc4cc3C2=O)cc1,5.493433,3.8730645
CC(c1cc2c(o1)C(=O)c1ccccc1C2=O)N(CCO)CCO,5.851369,3.8043652
CCCCCC1CC(=O)NC2=C1C(=O)C(=O)c1ccccc12,6.2998686,3.732623
CC(C)(C)C1=CC(=O)C(N2CCOCC2)=CC1=O,6.0914474,3.5707898
Nc1c2c(cc3ccccc13)C(=O)C(=O)C=C2,5.9020724,3.736577
COc1cc(OC(C)=O)c2c(c1OC(C)=O)C(=O)c1cc(C)c(O)cc1C2=O,6.652454,3.7730727
COc1c2c(cc3c1C(=O)c1ccccc1C3=O)OC(C)(C)OC2,6.394194,3.5241883
CC(=O)c1ccc2c(c1O)C(=O)c1c(O)cc(O)cc1C2=O,6.583491,3.7439303
O=C1CC(c2ccco2)C2=C(N1)c1ccccc1C(=O)C2=O,6.333895,3.7905579
CC(O)c1cc(O)c2c(c1O)C(O)=CC(=O)C2=O,6.4985104,3.781497
CCOC(=O)c1cc2c(n1CC)C(=O)C(Oc1ccccc1)=CC2=O,6.5420103,3.8832455
CCCCN(CC1=CC(=O)C(=O)c2ccccc21)C(=O)CCC(=O)N1CCOCC1,5.9756627,3.7572563
Cc1ccnc2c1C(=O)C(=O)C=C2N1CCCC1,5.91043,3.6045468
C=CCC=CCC=CCCCCCCCC1=C(O)C(=O)C=C(OC)C1=O,5.906579,3.9111595
COc1ccc2c(c1)C(=O)C(=O)C1=C2OC2(CCN(C(=O)c3cccc(Cl)c3)CC2)CS1,5.7711735,3.8310223
O=C1C=CC=C([N+](=O)[O-])C1=O,7.4806156,4.846089
CC(=O)Oc1cc(C)c(Cl)c2c1C(=O)C=CC2=O,6.7965927,4.0416045
O=C1C(=O)c2c(nc3ccccn23)-c2ccncc21,6.484129,4.0423365
COc1ccc(S(=O)(=O)NC(C)C2=CC(=O)c3c(O)ccc(O)c3C2=O)c(OC)c1,6.1877694,3.8995771
O=C(O)CNC(=O)c1ccc2c(c1)-c1ccccc1C(=O)C2=O,6.6183395,3.832752
O=C1C(=O)c2ccc3ccccc3c2C=C1C(=O)c1ccccc1,6.3238487,4.146071
Cc1cc(Br)c2c(c1N)C(=O)c1ccccc1C2=O,6.2588444,3.5707161
Nc1ccc(-c2ccc(-n3nnc4c3C(=O)c3ccccc3C4=O)cc2)cc1,5.7572308,3.9417431
COC1CCC2CC3=C(OC2O1)c1ccccc1C(=O)C3=O,6.45229,3.8077047
Cc1ccc2c(c1[N+](=O)[O-])C(=O)c1ccccc1C2=O,6.866604,3.9772005
Cc1cc(O)c2c(c1)C1OC(=O)C(CO)N1C1=C2C(=O)c2cccc(OC3CC(O)C(O)C(C)O3)c2C1=O,6.11616,3.9274156
O=C(O)C1=Cc2cc3c4c(c2C(=O)C1=O)CCN4CCC3,5.6718693,3.8876605
COc1ccccc1NCc1nc2c(o1)-c1ccccc1C(=O)C2=O,5.7185535,3.9681456
CCCCCCCNC(C1=C(O)c2ccccc2C(=O)C1=O)c1ccccc1O,5.7847633,3.6626995
Cc1ccc(N(C)C2=CC(=O)C(=O)c3ccccc32)cc1,5.72121,3.6311343
Nc1ccc(NCCNCCO)c2c1C(=O)c1c(O)ccc(O)c1C2=O,5.4168334,3.425825
COc1ccc(S(=O)(=O)Oc2cccc3c2C(=O)C=C(N2CC2)C3=O)cc1,6.265629,3.8779466
O=C1C(=O)c2ccccc2C(O)=C1C1CCC(COc2ccc(Cl)cc2)CC1,5.953866,3.628889
CC(=O)OCCC1c2c(cc3c(c2O)C(=O)c2c(O)cc(O)cc2C3=O)OC1O,6.4684734,3.5949082
COc1ccc2c(c1)C(=O)C(Br)=C(C1=C(O)c3ccccc3C(=O)C1=O)C2=O,6.613226,4.634609
Cc1cc2c(NCCN=C(N)N)c3c(c(NCCN=C(N)N)c2o1)C(=O)c1ccccc1C3=O,5.263217,3.2915356
O=C1c2ccccc2C(=O)c2c1ccc1[nH]c(SCC(=O)N3CCOCC3)nc21,5.8989778,3.5741324
CCN1CCN(C(=O)c2cc(O)c3c(c2)C(=O)c2cccc(O)c2C3=O)CC1,5.687178,3.7693474
CC(=O)c1cccc(NC2=C(Cl)C(=O)c3ccccc3C2=O)c1,6.1672635,3.8635347
O=C(OCCCCCN1CCN(CCO)CC1)c1cc(O)c2c(c1)C(=O)c1cccc(O)c1C2=O,5.3978605,3.8331466
O=C1C=Cc2ccc3nc4ccccc4nc3c2C1=O,6.2456017,4.137626
CCN(CC)CCCNC(=O)c1ccc(NC(=O)c2ccc3c(c2)C(=O)c2ccccc2C3=O)cc1,5.5077877,3.7172582
CC(C)N(C)CC(=O)OCc1cc(O)c2c(c1)C(=O)c1cccc(O)c1C2=O,5.840921,3.683823
CC(=O)NC1=C(N(C)C2CCS(=O)(=O)C2)C(=O)c2ccccc2C1=O,5.924397,3.7135394
O=C(CCN1CCCC1)Nc1ccc2c(c1)C(=O)c1cc(NC(=O)CCN3CCCC3)ccc1C2=O,5.334297,3.4767256
COC1C2=C(C(=O)C(=O)C(C(C)C)=C2)C2(C)CCCC(C)(C)C2C1O,6.128419,3.8385816
CC(C)(C)C1=CC(=O)C(=O)C=C1O,6.695951,3.898196
CN(C)c1ccc(C2=Cc3ccccc3C(=O)C2=O)cc1,5.410499,3.7075233
O=C1C=C(O)C(C=Cc2cc(O)cc(=O)o2)=CC1=O,6.653566,4.0940137
Nc1[nH]nc(Nc2ccccc2)c1C(=O)Nc1ccc2c(c1)C(=O)c1ccccc1C2=O,5.620457,3.4530015
Cc1ccc(NC2=CC(=O)C(=O)c3ccccc32)c(C)c1,5.851719,3.5683634
CC(C)c1ccc2c(c1)CCC1C(C)(C(N)=O)CCCC21C,5.844544,1.1090624
CC1(C)OC2=C(CC1OC(=O)c1ccc(C#N)cc1)C(=O)C(=O)c1ccccc12,6.59722,3.8874621
O=C1CSC2=C1C(C(F)F)=C(Oc1cc(F)cc(Cl)c1)C(=O)C2=O,6.7788386,4.9210663
CC(=O)Oc1ccc2c(c1)C(=O)c1ccccc1C2=O,6.7873383,3.6606061
CC(C)NCC(O)COC1=CC(=O)C(=O)c2ccccc21,5.979876,3.8044224
CC(C)(C)C1=C2OCCOC2=C(C(C)(C)C)C(=O)C1=O,6.34327,3.558876
O=C1C(=O)c2ccccc2C(O)=C1CC1=C(O)c2ccccc2C(=O)C1=O,6.3723555,4.1743393
O=C1C(=O)c2cc(-c3ccccc3F)ccc2-c2ccccc21,6.3904195,3.690446
CC1=CCCC2C1(C)CCC(C)C2(C)CC1=C(O)C(NCCC(C)C)=CC(=O)C1=O,5.6868577,3.4466105
CCN(CCCCCCNC1=CC(=O)C(NCCCCCCN(CC)Cc2ccco2)=CC1=O)Cc1ccco1,5.083519,2.653528
Nc1c(S(=O)(=O)O)cc(Br)c2c1C(=O)c1ccccc1C2=O,6.7355146,3.9711828
CC1=C(C2=C(C)C(=O)c3c([nH]c4ccccc34)C2=O)C(=O)c2[nH]c3ccccc3c2C1=O,5.965496,4.021435
CCCCCNc1ccc(NCC(CC)CCCC)c2c1C(=O)c1ccccc1C2=O,5.440734,3.2132487
CCC1(O)Cc2c(O)c3c(c(O)c2C(OC2CC(N)C(O)C(C)O2)C1)C(=O)c1c(OC)cccc1C3=O,5.911972,3.6436274
COc1c([N+](=O)[O-])cc2c(c1[N+](=O)[O-])C(=O)c1ccccc1C2=O,7.1914434,4.609828
C=C1CCC2C(C)(C(=O)OC)CCCC2(C)C1Cc1c(C)ccc2c1C(=O)C=CC2=O,6.0508313,3.6596904
CCN(CC)CCOc1cccc2c1C(=O)c1c(OCCN(CC)CC)cccc1C2=O,5.288069,3.595181
CCCCCCCNC(C1=C(O)c2ccccc2C(=O)C1=O)c1ccc(F)c(F)c1,5.948956,3.7417798
COc1cc(OC)cc(Oc2c(O)c3c(c(O)c2Cl)C(=O)C=CC3=O)c1,6.1585093,3.9648056
NC1=C(c2ccccc2)C(=O)c2ccccc2C1=O,6.234566,3.494958
CS(=O)(=O)N1CC=C(c2cccc3c2C(=O)c2ccccc2C3=O)CC1,6.0948277,3.4711041
Cc1cc2c(c3oc(CCCC#N)cc13)C(=O)c1c(O)cccc1C2=O,6.283093,3.5524397
CN(C)CCCCNc1ccc(NCCCCN(C)C)c2c1C(=O)c1c(O)ccc(O)c1C2=O,4.9130063,3.2768767
COc1ccccc1-c1ccc2c(c1)C(=O)C(=O)c1ccccc1-2,6.0761733,3.645176
O=C1C(=O)c2cc3cc(Cl)ccc3cc2C=C1Cl,6.4253035,4.1893883
O=C1C(=O)c2c(Cl)c(Cl)c(Cl)c(Cl)c2C(O)=C1Cl,6.8055606,4.48268
CCCCCCCC(=O)OCC1(CC2=C(O)c3ccccc3C(=O)C2=O)CCCCC1,6.203334,3.666789
CC(F)(F)c1nc2c([nH]1)C(=O)C(=O)c1ccccc1-2,6.817191,3.85446
Cc1cc2c(cc1C)C(=O)C(Br)=C(N)C2=O,6.51246,3.8114538
CN(C)CCOc1cc2oc3c(c2c2ccccc12)C(=O)c1ccccc1C3=O,5.545955,3.752134
O=C1C=Cc2c(ccc3c2sc2ccccc23)C1=O,5.9963293,3.9670467
Cc1coc2c1C(=O)C(=O)c1c-2ccc2c1CCCC2(C)C=O,6.254644,3.5708566
CNC1=C(Br)C(=O)c2c(ccnc2Cc2ccccc2)C1=O,6.142561,4.0678077
CCOC(=O)c1c(-c2cc(O)c3c(c2)C(=O)c2cccc(O)c2C3=O)nn(-c2ccccc2)c1C(=O)OCC,6.5364275,3.8176389
Cc1cc2c(cc1C)-c1oc(CN3CCCCC3)c(C)c1C(=O)C2=O,5.6375628,3.5480373
CCOC(=O)C(=O)CC(C1=C(O)c2ccccc2C(=O)C1=O)c1ccc(C(F)(F)F)cc1,6.613045,4.000071
COC1=Cc2ccccc2C(=O)C1=O,6.6183157,3.8842134
CC1=C(Cl)C(=O)c2ccccc2C1=O,6.7583027,3.956761
COc1cc(O)c2c(c1)C(=O)c1cc(C)ncc1C2=O,6.399643,3.6873689
COc1cccc2c1C(=O)c1c(O)c3c(c(O)c1C2=O)C=C(C(C)=O)CC3OC1CC(N)CC(C)O1,5.8187184,3.7098794
CC(C)C1=CC(=O)C(C2(C)CCCC(C)(C)C2CC=O)=CC1=O,6.248942,3.7761512
O=C1C=Cc2cc3ccccc3cc2C1=O,6.338039,3.8967752
CC(C)=CCc1c(O)cc2c(c1O)C(=O)c1c(O)cc(C)cc1C2=O,6.0105515,3.4746535
Cc1nc2c(nc1C)-c1c(c3c(n1Cc1ccccc1)C(=O)CCC3)C(=O)C2=O,6.195787,3.7875373
COc1cccc(Nc2ccc(N)c3c2C(=O)c2ccccc2C3=O)c1,5.414517,3.3585107
CCN(CC)CCC(=O)Nc1ccc(O)c2c1C(=O)c1c(O)ccc(O)c1C2=O,5.59404,3.7655416
O=C1C(=O)c2ccccc2C2=C1SCC1(CCCN(C(=O)Oc3cccc(C(F)(F)F)c3)C1)O2,6.095714,3.9300454
COC(=O)c1c2c(n3ccccc13)C(=O)c1cccc(O)c1C2=O,6.4950633,3.7013302
CCc1nc2c(n1C)C(=O)C(=O)c1cc(F)ccc1-2,6.5726614,3.7568338
COc1nn(-c2ccccc2)c2c1C(=O)C(=O)c1cc(F)ccc1-2,6.5589504,3.892214
CNC1=C([N+](=O)[O-])C(C2=C(O)c3ccccc3C(=O)C2=O)c2cc([N+](=O)[O-])ccc2O1,6.2694244,4.1866016
Cc1cc(O)c2c(c1O)C(=O)c1ccccc1C2=O,6.417575,3.565123
COC(=O)C1=C(O)c2ccccc2C(=O)C1=O,6.7974057,4.074058
COC1=C(F)C(=O)c2c(F)c(F)c(F)c(F)c2C1=O,7.6675453,4.8823752
CC(C)n1nnc2c1C(=O)c1cnncc1C2=O,6.88966,4.5414686
Cc1cccc(C2CC(=O)NC3=C2C(=O)C(=O)c2ccccc23)c1,6.1847477,3.774206
O=C1c2ccccc2C(=O)c2c(-c3ccccc3)nsc21,6.6031914,4.087514
CCOC1=CC2=C(C(=O)C(Cl)=CC2=O)C2CN(S(=O)(=O)c3ccc(C)cc3)C(c3ccccc3)C12,6.241795,4.291404
C=C1C2=C(C(=O)C(Br)=C(C(C)C)C2=O)C2(C)CCCC(C)(C)C12O,6.282865,4.1329737
O=C1C=C2OCC(O)(c3ccccc3)c3cccc(c32)C1=O,6.444126,3.843333
CC1=CCC2C(C)(C)CCCC2(C)C1CC1=CC(=O)C=CC1=O,5.9424534,3.8606436
O=C1C=C(Cc2ccccc2)c2ccccc2C1=O,6.3272185,3.7353513
O=C(O)c1cc2c([nH]1)-c1cc(C(=O)O)c(C(=O)O)nc1C(=O)C2=O,7.086709,4.1464634
O=C(Nc1ccccc1F)c1ccc(C=CC(=O)c2cccc3c2C(=O)c2ccccc2C3=O)cc1,6.268589,3.7921572
O=S1Oc2ccccc2O1,6.4445863,2.6372466
CCCC(F)C1=C(OC)C(OC)=C(C(F)CCC)C(=O)C1=O,6.5618167,4.2882986
O=C(O)CCCNc1cc(N2CCN(C(=O)c3ccco3)CC2)c2noc3c2c1C(=O)c1ccccc1-3,5.5723033,3.1277447
C=CC(C)(C)c1[nH]c2ccccc2c1C1=C(O)C(CC=C(C)C)=C(c2c[nH]c3ccccc23)C(=O)C1=O,5.1857033,3.5913029
COc1ccc(Nc2cc(N3CCN(C)CC3)c3noc4c3c2C(=O)c2ccccc2-4)cc1,5.0549946,3.1258798
CCN(CC)CCNC(=O)c1ccc2c(c1O)C(=O)c1ccccc1C2=O,5.694364,3.717691
CC(=O)C1=C(O)c2cc(C)c(O)cc2C(=O)C1=O,6.4646654,3.9608068
C=CC=CC1=C(CCCC(O)C(C)(C)O)C(=O)C(=O)C(C(C)C)=C1,5.984869,3.7461994
O=C1C(=O)c2ccccc2C(O)=C1C(c1ccc(Cl)cc1)c1c(O)c2ccccc2oc1=O,6.098397,3.8572671
O=C1c2ccccc2C(=O)c2c(O)c(C(c3ccc(Br)cc3)N(CCCl)CCCl)cc(O)c21,5.7769003,3.7964592
CC(=O)c1cc2c(s1)C(=O)c1c(ccc(CO)c1O)C2=O,6.7260036,4.031607
CC(=CCCC(C)=CCC1=CC(=O)C(C)=CC1=O)CCC=C(C)CCC(O)C(C)(C)O,5.62349,3.8327532
O=C1C(=O)c2nc(-c3ccc(C(=O)c4c(F)c(F)c(F)c(F)c4F)s3)sc2-c2sc(-c3cccs3)nc21,6.7775655,4.9746504
CC1=CC(C)=C(F)C(=O)C1=O,6.817491,4.2357802
O=C1C(=O)c2ccccc2C(O)=C1Cc1ccc(OCCOc2ccc(Cl)cc2)cc1,5.7998905,3.6829648
COc1ccc(NC2=C(Cl)C(=O)c3ccccc3C2=O)cc1,5.85111,3.8395011
NCCc1c[nH]c2c1C(=O)C(=O)C=C2SCC(N)C(=O)N(CC(=O)O)C(=O)CCC(N)C(=O)O,5.698029,3.8438532
O=C1C=C(N2CCCCC2)c2cnccc2C1=O,5.913762,3.7603252
O=C(c1cccc2ooc12)C(O)c1ccccc1,6.397982,2.2174883
C=C(CCC=C(C)C(=O)OCC(C)(C)CC1=C(O)c2ccccc2C(=O)C1=O)C(C)=O,6.2400603,3.6661873
CC(C)(COC(=O)c1ccc2ccccc2c1)CC1=C(O)c2ccccc2C(=O)C1=O,6.031331,3.7031622
COC1=CC(=O)C(=O)C(CCCCCCCCCCCO)=C1OC,6.3167944,4.0066276
CC(C)=CCC(OC(=O)CCCOc1ccc(Cl)cc1C)C1=CC(=O)c2c(O)ccc(O)c2C1=O,5.7940874,3.9300327
Nc1cc(S(=O)(=O)c2ccccc2)c(N)c2c1C(=O)c1ccccc1C2=O,6.0601997,3.635686
COC1=CC(=O)C(O)=C(C)C1=O,6.7700434,3.963459
CN(C)c1cc2c(c(N(C)C)c1)C(=O)c1ccccc1C2=O,5.273209,3.1682127
O=C1C(=O)c2c(ccc3ccccc23)-c2ccoc21,6.3835783,3.8180273
Nc1ccc(Nc2ccc(C(=O)O)cc2)c2c1C(=O)c1ccccc1C2=O,5.577165,3.423488
COCCCNC(=O)c1ccc2c3c(onc13)-c1ccccc1C2=O,6.341203,3.615426
O=c1c2[nH]cc[nH]c2c(=O)c2c(=O)n(Cc3ccccc3Br)c(=O)c12,5.8603725,4.277119
O=C1C(Nc2ccc(C(F)(F)F)cc2)=CC(=O)c2ncccc21,6.3559203,3.8572161
O=C1c2ccccc2C(=O)c2c1ccc1nc3n(c21)CCS3,6.0826335,3.5895996
Cc1cc2c3c(c1)c(=O)c(=O)c1c([N+](=O)[O-])c(C)cc(c1-3)c(=O)c2=O,6.979054,4.798971
CCOc1oc2c(c1C(=O)c1ccccc1)C(=O)C(=O)c1ccccc1-2,6.6270347,4.0202236
CC1=C(O)c2ccccc2C(=O)C1=O,6.5033984,3.6663508
CCCC(=O)N(C(=O)CCC)C1=C(Cl)C(=O)c2ccccc2C1=O,6.8056087,4.274794
c1ccc2cc3cc4cc5c(ccc6ooc65)cc4cc3cc2c1,5.5723133,2.7130136
O=C1C=C(Nc2ccc(C(=O)CC(=O)C(=O)Nc3cccc(C(F)(F)F)c3)cc2)c2ccccc2C1=O,6.1258016,3.8909125
CCc1ccc(Sc2c(N)c3c(c(N)c2Sc2ccc(CC)cc2)C(=O)c2ccccc2C3=O)cc1,5.500138,3.448365
Cc1cc2c(c3oc(=O)c(CCCC#N)cc13)C(=O)c1c(OC(C)C)cccc1C2=O,6.387241,3.8135366
CCN(CC)CCNC1=C(Cl)C(=O)c2ccccc2C1=O,5.635741,3.8073552
O=C(Cc1ccccc1)c1cc2c(s1)C(=O)c1c(O)cccc1C2=O,6.4658003,3.992673
NC1=C(NC(=O)c2ccccc2)C(=O)c2ccccc2C1=O,6.23748,3.6233468
COc1ccc2c(c1)-c1c(ccc3ccc4ccc5ccccc5c4c13)C(=O)C2=O,5.6273947,3.636233
COc1cccc2c1C(=O)c1sc(C(=O)c3cccnc3)cc1C2=O,6.4256377,4.132511
Cc1ccc2c(c1C(=O)CCC(C)(C)O)C(=O)C(=O)C(C(C)C)=C2,6.253577,3.7315328
CCCCCC1=CC(=O)C(CC=C(C)CCC=C(C)C)=C(O)C1=O,5.820622,3.821735
Cc1ccc2c(c1CCCC(C)C)C(=O)C(=O)C(C(C)C)=C2O,6.1398454,3.4398842
COC(=O)C1=C(C)CC(=O)c2c1cc1c(c2O)C(=O)c2c(O)cccc2C1=O,6.3691053,3.9274137
O=C(Nc1ccccc1)c1ccc2c3c(onc13)-c1ccccc1C2=O,6.2525635,3.630533
Cc1cc2c(cc1C)C(O)=C(c1cc(C(C)(C)C)c(O)c(C(C)(C)C)c1)C(=O)C2=O,5.9882655,3.5612555
O=C1C(=O)c2ccccc2C2=C1SCC1(CCN(C3CCCCC3)CC1)O2,5.428596,3.8069637
O=C1C(Nc2ccc(Br)cc2)=C(NS(=O)(=O)c2ccccc2)C(=O)c2ccccc21,6.1900434,3.8676333
CCCCNC(=O)c1cc(N)c2c(c1N)C(=O)c1ccccc1C2=O,5.8503685,3.4364014
CC1(C)CCOC2=C1C(=O)C(=O)c1ccccc12,6.363002,3.5575573
Cc1coc2c1C(=O)C(=O)c1c-2ccc2c1CCC(OCCO)C2(C)C,6.1452694,3.5841184
CC1=CC(=O)C(=O)C(O)=C1,6.7136073,3.9606838
CC1=CC(=O)C(C)=C(C)C1=O,6.631663,3.7239177
O=C1C(Cl)=C(N2CCCCC2)C(=O)c2ccccc21,5.9330754,3.7363448
CCc1c(O)c(O)c2c(c1O)C(O)=CC(=O)C2=O,6.312186,3.7432103
COc1cc(CBr)cc2c1C(=O)c1c(O)cccc1C2=O,6.624892,3.7075548
COC(=O)c1c(C)c2c(c(C)c1O)OC(=O)c1c(C)c(Cl)c(O)c(Cl)c1O2,6.2843637,2.93476
COc1cc2c(c(O)c1CO)C(=O)c1ccccc1C2=O,6.459563,3.5907488
Cc1cccc2c3c(ccc12)C1=C(C(=O)C3=O)C(CO)CO1,6.131497,3.736604
CCCCCCCCCCCCNC(C1=C(O)c2ccccc2C(=O)C1=O)c1ccccn1,5.816527,3.6838243
Nc1[nH]c(=O)[nH]c(=O)c1C1=CC(=O)C(=O)c2ccccc21,6.4079094,3.9507554
CCCCCC(O)(CCCCC)CCCCCCCCC1=C(O)c2ccccc2C(=O)C1=O,6.053931,3.6074126
O=C(NC1(C(=O)NCc2ccc(Cl)cc2)CSC2=C1C(=O)c1ccccc1C2=O)c1ccc(Cl)cc1,6.1940975,4.04918
O=C1C(=O)c2cc3cn[nH]c3nc2-c2ccccc21,6.5035424,3.8958752
O=C1c2cccc(S(=O)(=O)O)c2C(=O)c2c1cccc2S(=O)(=O)O,7.188217,4.3740954
O=C1C=Cc2ccc(S(=O)(=O)O)cc2C1=O,6.9771185,4.2141194
COc1cc(O)c2c(c1)C(=O)c1cc3c(c(O)c1C2=O)C(OC1CC(OC)C(O)C(C)O1)C(OC)C(C)(O)C3=O,6.2994657,3.9503012
O=C1C(=O)c2cccc3c2C(=C1Cl)OCC3(O)Cc1ccccc1,6.335801,4.0892825
CC(C)=CC1Oc2c(c3c(c4ccccc24)OC(C)(C)C=C3)C2=C1C(=O)c1ccccc1C2=O,5.607265,3.5798082
Cc1ccc2c(c1)-c1cc(C)ccc1C(=O)C2=O,6.383166,3.5308254
CN(C)CCNc1ccc(NCCN2CCC(Cl)C2)c2c1C(=O)c1c(O)ccc(O)c1C2=O,5.0657835,3.3953867
O=C1C(=O)c2cc(S(=O)(=O)O)ccc2-c2ccccc21,6.819261,4.00837
Cc1ccc2c(c1)oc1c3oc4cc(C)ccc4c3c(F)c(F)c21,6.1268697,2.503265
CC1CN1C1=CC(=O)c2c(c(CO)c(-c3ccccc3)n2C)C1=O,6.03839,3.4249663
CC(=O)NC1=CC(=O)C(NC(C(=O)O)C(C)C)=CC1=O,6.5015526,3.7255106
CC12CCCc3coc(c31)C(=O)c1cc3c(cc12)C(=O)C(=O)C(Cl)=C3O,6.4317355,4.1577926
CCCCOC(=O)c1cc2c([nH]c3ccc(F)cc32)c(-c2ccc3c(n2)C(=O)C(NC(C)=O)=CC3=O)n1,6.157937,4.0406966
COC1=C(C)C(=O)c2c(cc(O)c3c2OC(C)C3(C)CCC=C(C)CO)C1=O,5.9873233,3.7118754
COc1ccc(NCCCCN)c2c1C(=O)c1ccccc1C2=O,5.613628,3.3983526
COCCOc1cc2ncnc(NC3=CC(=O)C(OCc4c(F)c(F)c(F)c(F)c4F)=CC3=O)c2cc1OC,6.314548,4.2908587
CC(=O)OC1CCc2c1[nH]c1c2C(=O)C=C(N2CC2)C1=O,6.3457174,3.463718
CN(C)c1cc[n+](C2=C([O-])c3ccccc3C(=O)C2=O)cc1,5.445671,3.7323186
O=C1c2ccccc2C(=O)c2ncccc21,6.6737056,3.8102834
O=C1C=C(C(O)=C(O)C(O)C(O)C(O)C(O)CO)C=C(O)C1=O,6.247105,4.11655
Cc1ccc2c(c1)oc1c2ccc2c3cc(F)c(F)cc3oc21,6.1059284,2.6674657
NCCNCCNc1ccc(NCCNCCN)c2c1C(=O)c1c(O)ccc(O)c1C2=O,5.1216116,3.4143252
CC1=C(O)c2c(O)c(Cl)c(Cl)c(O)c2C(=O)C1=O,6.434339,3.853481
CC(=O)OC1CC(C)OC2(OC3CC(=O)OC3C3=C2C(=O)c2c(O)cccc2C3=O)C1O,6.784848,4.233512
COc1ccnc2c1C(=O)c1c(-c3ccccc3NC(=O)C(F)(F)F)ccnc1C2=O,6.3763075,4.04664
COC1=CC(=O)C(OC)=C(CCCCCCCCCCO)C1=O,6.3526344,4.0176473
C=C1C2=C(C(=O)C(C)=C(N)C2=O)N2CC3C(N3C)C12O,5.921544,3.5715256
Cc1ccc(N2CCOCC2)c2c1C(=O)c1ccccc1C2=O,5.5848217,3.309093
CC(=O)OCC1OC(OC2=CC(=O)c3cccc(O)c3C2=O)C(OC(C)=O)C(OC(C)=O)C1OC(C)=O,6.87531,3.9949274
O=C1C=CC(c2ccccc2)=CC1=O,6.6303205,4.087242
COc1cccc(NC2=CC(=O)c3ncncc3C2=O)c1,6.0041184,4.126981
O=C1C=C(Nc2ccc(O)cc2)c2ccccc2C1=O,5.8432,3.6184556
COc1c(C)c(OC)c(OC)c2c1C=CC(=O)C2=O,6.349798,3.8514645
O=C1c2ccccc2C(=O)c2c1cnc1ccc(Cl)cc21,6.4593153,3.9124272
CC1=C(O)C2=C(C(=O)C1=O)C(CO)N1C(C#N)C3CC4C(C1C2N1CCOC41)N3C,5.6162453,3.8353617
O=C1c2ccccc2C(=O)c2[nH]c(-c3cc[nH]c3)nc21,6.2102,3.617375
O=C(CN1CCCC1)OCc1cc(O)c2c(c1)C(=O)c1cccc(O)c1C2=O,5.8899956,3.665421
COCCNc1cc(N2CCN(C3CCCCC3)CC2)c2noc3c2c1C(=O)c1ccccc1-3,5.212396,3.014299
CC1=CC(=O)C(=O)C2=C1OC1(C2)C(C)CCC2C3(C)CCC(O)C(C)(C)C3CCC21C,5.965309,3.8370965
C=C1CCCc2c1ccc1c2C(=O)C(=O)C(C(C)C)=C1,6.005826,3.5407777
CN1CCN(CCC(=O)Nc2ccc3c(c2)C(=O)c2cc(NC(=O)CCN4CCN(C)CC4)ccc2C3=O)CC1,4.831113,3.4384882
Cc1cc(O)c2c(c1O)C(=O)c1c(O)cc(C)c(O)c1C2=O,6.242351,3.594614
O=C(NC1CCNC1)c1csc2c1C(=O)c1c(c(O)c3ccccc3c1O)C2=O,5.726109,3.9622395
CC(C)NC(=O)CN1CCN(CC2CSC3=C(O2)c2ccccc2C(=O)C3=O)CC1,5.3514943,3.8559558
Cc1ccc(SC2=C(Cl)C(=O)c3[nH]c(-c4ccccc4)nc3C2=O)cc1,6.2508583,4.2990685
COC(=O)C1c2cc3c(c(O)c2CCC1(C)O)C(=O)c1c(O)cccc1C3=O,6.4046254,3.6607134
O=C1C(Cl)=C(OCC#CCCl)C(=O)c2ncccc21,6.5773187,4.3629346
COc1c(O)c(C)c(O)c2c1C(=O)c1c(cc(O)c3c1C(c1ccccc1)OC3=O)C2=O,6.3882074,3.8339102
O=C1C(=O)c2cc3ccccc3cc2C(Cl)=C1Cl,6.499921,4.290068
O=C1C(=O)c2cc(Br)ccc2C(O)=C1[N+](=O)[O-],7.275331,4.6611185
COc1c(C)c2c(n(C)c1=O)C(=O)c1ccccc1C2=O,6.495305,3.6403248
O=C1C(=O)c2cccc3c2C(=C1Cl)OCC3n1cc(-c2ccc(Cl)cc2)nn1,6.2774925,4.1594944
CN(C)C(=Nc1ccc2c(c1)C(=O)c1ccc(N=C(C3CC3)N(C)C)cc1C2=O)C1CC1,5.5004816,3.3225834
Cc1cccc2c3c(ccc12)-c1occ(CN(C)C)c1C(=O)C3=O,5.6452265,3.6743143
NCCNC(=O)c1cc2c(NCCN)c3c(c(NCCN)c2o1)C(=O)c1ccccc1C3=O,5.4118695,3.4483852
CC(=O)OCCCCC(C1=C(C)C(=O)C(C)=C(C)C1=O)c1cccnc1,6.1628695,3.645355
COc1cccc2c1C(=O)c1c(O)c3c(c(O)c1C2=O)CC(O)(C(C)=O)CC3OC1CC(N(C)C)C(O)C(C)O1,5.6739573,3.6499577
O=C1C=C(OCCCCCCOc2ccc(OC3OC(CO)C(O)C(O)C3O)cc2)c2ccccc2C1=O,6.0597,3.820944
O=C1C=C(OCCCCCCOc2ccccc2)c2ccccc2C1=O,6.1549463,3.7707698
CC(=O)C=CC=C(C)C(=O)OCC(C)(C)CC1=C(O)c2ccccc2C(=O)C1=O,6.2765784,3.712844
O=C1C(=O)c2ccccc2C(O)=C1CCCCCCCCCCO,6.235323,3.6546333
CC1=CC(=O)C(N(CCCl)CCCl)=CC1=O,6.1993594,3.7462442
O=C1c2ccccc2C(=O)c2c1oc1c3c(ccc21)OCN(CCCn1ccnc1)C3,5.6379967,3.681844
Nc1c(Cl)cc(O)c2c1C(=O)c1ccccc1C2=O,6.2058344,3.5752482
COC1=CC(=O)C(c2coc3cc(O)ccc3c2=O)=CC1=O,6.508011,4.279728
CC(C)(C)c1cc(C2=C(O)c3cc4c(cc3C(=O)C2=O)C(C)(C)CCC4(C)C)cc(C(C)(C)C)c1O,5.9891806,3.5636845
CCOC(=O)c1cnc2c(c1)C(=O)c1c(-c3ccccc3NC(=O)C(F)(F)F)ccnc1C2=O,6.607695,4.2686434
COC1=CC(=O)C(=O)C(CC2(C)C3=C(CCC2C)C(C)(C)CCC3)=C1OC,5.8807545,3.8958154
O=C1C(=O)c2cc(Cl)ccc2C(O)=C1CCCCC1CCCCC1,6.119591,3.7502003
O=C1C=C(O)c2ccc(=O)[nH]c2C1=O,6.883433,3.9974349
Cc1cc2c(cc1C)-c1oc(C(=O)N3CCN(Cc4ccccc4)CC3)c(C)c1C(=O)C2=O,5.664362,3.7023265
O=C1c2ccccc2C(=O)c2c1cc(S(=O)(=O)N1CCNCC1)c(O)c2O,5.9503775,3.8386855
CC(C)c1c(C(C)(C)C)c(C(C)(C)C)c2ooc2c1C(C)C,6.1224804,0.650646
CCc1nc(-c2cc3c(s2)C(=O)c2ccccc2C3=O)no1,6.8555346,3.9974785
CC1=Cc2c(c(C=O)c(O)c(O)c2C(C)C)C(=O)C1=O,6.360926,3.9618254
O=C1C=CC(=O)c2c1ncn2CC1CN1C(c1ccccc1)(c1ccccc1)c1ccccc1,5.9662075,3.8591895
COc1cc2nc(N3CCCC(NC4=CC(=O)c5ccccc5C4=O)C3)nc(N)c2cc1OC,5.615241,3.3512728
O=C1c2ccccc2C(=O)c2c(O)c(C(O)c3ccc(OC(F)(F)F)cc3)cc(O)c21,6.424403,3.746704
Cc1ccc(OC2=CC(=O)c3ccccc3C2=O)c(C)c1,6.297915,3.8088098
CC(=O)NC1=CC(=O)c2ccc(-c3nc(C(=O)OCCN(C)C)cc4c3[nH]c3ccccc34)nc2C1=O,5.501722,3.9750476
COC1=CC(=O)c2c(c(COC(N)=O)c(C)n2C)C1=O,6.4521894,3.5197067
CCCCCCCCCCCc1c2oc3ccc(C)cc3[nH]c-2cc(=O)c1=O,5.949483,3.4752336
CC(C)COc1cccc2c1C(=O)c1c(OCC(C)C)cc(NC(=O)CBr)cc1C2=O,6.4179907,3.6529334
CNCCNc1c2c(c(NCCNC)c3oc(C(C)(C)C)cc13)C(=O)c1ccccc1C2=O,5.2388835,3.2862926
COC(=O)c1ccc2c(c1)C=CC(=O)C2=O,6.8641515,4.0807934
Cc1cccn2c3c(nc12)-c1ncccc1C(=O)C3=O,6.4306054,3.9262152
O=C1c2ccccc2C(=O)c2c1cccc2C1=CCNCC1,5.6702976,3.385569
CC1=C2OCC(O)(C(F)(F)F)c3ccc(C)c(c32)C(=O)C1=O,6.4629984,3.7087255
COc1cccc(NCc2oc3c(c2C)C(=O)C(=O)c2cc(C)c(C)cc2-3)c1,5.534875,3.5083244
O=C1C=C(OCc2ccccc2)c2ccccc2C1=O,6.47357,3.8249035
O=C1C(Nc2ccc(N3CCOCC3)cc2)=CC(=O)c2ncncc21,5.3526473,4.0309258
O=C1C(=O)c2c(O)ccc(O)c2C(O)=C1Cl,6.5126653,4.0169826
COc1ccc(-c2cn(S(=O)(=O)c3ccccc3)c3c2C(=O)C(=O)C=C3)cc1,6.238811,4.051218
COc1cc(O)c2c(c1O)C(=O)C(=O)C=C2O,6.370771,3.7435362
CC(C)=CCCC(C)C1CCC(C)C2=C1C(O)=C(C)C(=O)C2=O,5.832409,3.6650531
CCCCCCCCC1=C(O)C(=O)C=C(O)C1=O,6.4913716,3.9004097
CCCCCCCCCCCCSC1=C(O)c2ccccc2C(=O)C1=O,5.893519,3.9288702
Cc1cc(C)c2c(c1)C(=O)C(=O)c1c(-c3ccc(Cl)cc3)coc1-2,6.1749134,3.6919165
O=C(O)c1cccc2ooc12,6.6208925,2.3093553
COC1=CC(C2c3cc4c(cc3C(Nc3ccc(C(F)(F)F)cc3)C3COC(=O)C23)OCO4)=CC(=O)C1=O,5.72097,4.1135097
O=C1C(Nc2ccc(F)cc2F)=C(N2CCCCC2)C(=O)c2ccccc21,5.6239076,3.5240068
CCOCCCNS(=O)(=O)c1ccc(Sc2cc(O)c3c(c2N)C(=O)c2ccccc2C3=O)cc1,5.761262,3.7123199
COC1=CC(=O)C(=O)c2oc3c(c21)COc1cc(OC)ccc1-3,6.153097,3.9811354
CC(C)C1=Cc2ccc3c(c2C(=O)C1=O)CCC(O)C3(C)O,6.245708,3.6538665
CC(C)(C)OC(=O)N1CCC(CC(=O)N2CCC3(CC2)CSC2=C(O3)c3ccccc3C(=O)C2=O)CC1,5.820264,3.81953
CC1(C)OC2=C(CC1OC(=O)CC(=O)O)C(=O)C(=O)c1ccccc12,6.6033998,3.8371096
O=c1c(=O)c2c(oc3c(=O)c4ccccc4c(=O)c32)c2ccccc12,6.742293,4.488312
O=C1C=C(c2cccc(Cl)c2O)C=C(Cl)C1=O,6.5251775,4.335281
COC1=C(Nc2ccc(C)cc2)C(=O)c2ccccc2C1=O,5.842227,3.6606472
O=C1C=C(O)c2cccc(NC(=O)C(F)(F)F)c2C1=O,6.826358,3.9522195
O=C1C(=O)c2ccc(-c3ccccc3)cc2C2=C1SCC1(CCN(C(=O)Oc3cccc(C(F)(F)F)c3)CC1)O2,5.9180183,3.961029
Cc1coc2c1C(=O)C(=O)c1c-2ccc2c1CCC(C(=O)Oc1ccccc1)C2(C)C,6.2020354,3.5816019
O=C1C=C(NCCN2CCOCC2)c2ccccc2C1=O,5.6182733,3.5623944
O=C1C=CC(=O)C2=C1CCCC2,6.6468,3.8394964
CC(=O)CC1=C(C#N)c2ccccc2C(=O)C1=O,6.8790045,4.2118673
O=C1C(=O)c2ccccc2C(O)=C1C(Sc1ccc(Cl)cc1)c1ccc([N+](=O)[O-])cc1,6.0060024,4.0974374
NC1CCCN(c2nc3c(n2Cc2ccccc2C(F)(F)F)C(=O)c2ccccc2C3=O)C1,6.0308943,3.3795805
NCCCNCCCCNCc1ccc(OC2=CC(=O)c3cc4ccccc4cc3C2=O)cc1,5.2830944,3.8535476
O=C1C=C(C(O)CCc2ccccc2)C(=O)c2ccccc21,6.3373327,3.804874
O=C(Nc1cccc2c1C(=O)c1ccccc1C2=O)C(=O)NC1CCCCC1,6.305279,3.656808
O=C1c2ccccc2C(=O)c2c1nnn2Cc1ccccc1,6.651115,3.9992833
O=C1C=CC=C(OCc2ccccc2)C1=O,6.5136714,4.165241
Cc1ccc2c(c1CCC(O)C(C)(C)O)C(=O)C(=O)C(C(C)C)=C2,6.1225467,3.586158
O=C(Nc1ccc2c(=O)c3sc4c(=O)c5ccc(NC(=O)C(F)(F)F)cc5c(=O)c4c3c(=O)c2c1)C(F)(F)F,6.9787955,4.6399164
O=C1C=C2Cc3cc4ccccc4c4ccc(c2c34)C1=O,5.9605885,3.7811193
Cc1nn(-c2ccccc2)c2nc3c(c(-c4ccc([N+](=O)[O-])cc4)c12)C(=O)C(=O)c1ccccc1-3,6.3073006,4.0616274
CC(C)OCCCNC1=C(Cl)C(=O)c2ccccc2C1=O,6.093893,3.7909222
COc1ccc(OC)c(NC2=CC(=O)c3cnc4cccc(O)c4c3C2=O)c1,5.695324,3.819519
O=C1c2ccccc2-c2onc3ccc(N4CCOCC4)c1c23,5.685646,3.3345912
O=C1C2=C(C(=O)c3ncccc31)C1(CS2)NC(=O)N(c2ccc([N+](=O)[O-])cc2)C1=O,6.791164,4.619458
CC(=CCC1=C(C)C(=O)c2ccccc2C1=O)CCC=C(C)Cc1cccc(C)c1,5.628463,3.511815
CC(=O)C(C(C)=O)C1=C(Cl)C(=O)C(=O)c2ccccc21,6.6476345,4.103537
COc1cccc(CC(=O)OC2CCC(C)(C)c3ccc4c(c32)C(=O)C(=O)c2c(C)coc2-4)c1,6.060592,3.646522
O=C(O)CCC1=C(Br)C(=O)c2ccccc2C1=O,6.913144,4.1594753
Cc1coc2c1C(=O)C(=O)c1c-2ccc2c1CCC(O)C2(C)CO,6.2016644,3.6003768
Cc1ccc2ccc3c(c2c1)C(=O)C(=O)C1=C3OC(C)C1,6.1708326,3.7063487
Cc1c2c(c(C)c3c(O)c(O)ccc13)C=CC(=O)C2=O,5.77048,3.7260783
COC1=CC(C2c3cc4c(cc3C(Nc3cccc([N+](=O)[O-])c3)C3COC(=O)C23)OCO4)=CC(=O)C1=O,5.7502317,4.29166
O=C1c2ccccc2C(=O)c2cc(S(=O)(=O)NC3CCC3)ccc21,6.4544015,3.8093178
COc1c(CC(=O)c2cc3c(cc2O)OC(C)(C)C(O)C3)ccc2c1C=CC(C)(C)O2,5.563659,1.2635293
CC(=O)N(C1=C(N(C)C)C(=O)c2ccccc2C1=O)c1cccc(O)c1,5.666977,3.610271
CC(=O)Oc1ccc2c(c1OC(C)=O)C(=O)c1ccccc1C2=O,6.9221315,3.8647046
O=C1C2=C(C(=O)c3ccccc31)C(O)(S(=O)(=O)O)C(O)(S(=O)(=O)O)C1N=CC=CC21,6.8847413,4.3313
Cc1ccc2c(c1)C(=O)C(=O)c1cc(C(F)(F)F)ccc1-2,6.68872,3.800326
COC1=C(OC)C(=O)C(C2COc3cc(O)ccc3C2)=CC1=O,6.031769,4.066832
COc1ccc2c(c1)OCC1C2C2=C(OC1(C)C)c1ccccc1C(=O)C2=O,5.9759965,3.625906
COC1=C(Nc2cccc(C(F)(F)F)c2)C(=O)c2ccccc2C1=O,6.1885004,3.7571764
O=C1C(=O)c2cc3ccc4ccccc4c3cc2-c2ccccc21,5.929939,3.6933773
O=C1C(=O)c2ccccc2C2=C1SCC1(CCN(C(=O)NS(=O)(=O)c3ccc(F)cc3)CC1)O2,6.1420054,4.0089655
COc1cc2c(cc1OC)C(O)=CC(=O)C2=O,6.3774815,3.738455
CC1=C2OCCc3ccc(C)c(c32)C(=O)C1=O,6.2321215,3.5055003
CCN(C)CCC(=O)Nc1cccc2c1C(=O)c1c(NC(=O)CCN(C)CC)cccc1C2=O,5.2812004,3.6708724
COC1=C(OC)C(=O)c2c(O)c3c(c(O)c2C1=O)OCO3,6.388411,3.9160526
CC1OC(OC2CC(C)(O)Cc3cc4c(c(O)c32)C(=O)c2c(O)cccc2C4=O)C(O)C(O)C1O,6.3149643,3.653502
CC(C)(C)OC(=O)NCCCNC(C1=C(O)c2ccccc2C(=O)C1=O)c1ccccc1O,5.8274894,3.6834664
CCc1cccc2nc3c(nc12)C(=O)c1cnncc1C3=O,6.4699597,4.5003233
CC1(C)OC2=C(C(=O)c3ccccc3C2=O)C1n1cc(-c2ccccc2)nn1,6.405805,3.9025025
Cc1cccc2c3c(ccc12)-c1occ(CN2CCCC2)c1C(=O)C3=O,5.5657334,3.7051291
CCCCCCCCCCCC1=C(O)C2=C(C(=O)C1=O)C(c1ccsc1)c1ccccc1N2,5.724762,3.5983422
COc1cc(NC2=CC(=O)c3ccccc3C2=O)cc(OC)c1OC,5.849893,3.572196
COc1cccc2c1C(=O)C(=O)c1ccccc1-2,6.417986,3.618032
CC1=C(C)C(=O)C(C(c2ccccc2)c2cccnc2)=C(C)C1=O,6.0860853,3.6571586
CC1CCC=C(CN2CCC3(CC2)CSC2=C(O3)c3ccccc3C(=O)C2=O)C=C1F,5.3586016,3.6815252
O=C1c2ccccc2C(=O)c2c(-c3ccncc3)noc21,6.5542107,4.1775656
COC1=CC(=O)c2c(O)cccc2C1=O,6.7027617,3.840649
CN1N=C(c2ccc(O)cc2)C(c2ccc(O)cc2)C2=C1c1ccccc1C(=O)C2=O,5.5741787,3.5029788
O=C1c2ccccc2C(=O)c2c(NCCO)cccc21,5.983801,3.4129133
CCN(CC)Cc1cc(O)c2c(c1)C(=O)c1cc(OC)cc(O)c1C2=O,5.723324,3.5905058
COc1cc(C)c(Cl)c2c1C(=O)C=CC2=O,6.555398,3.8753264
O=C1C(=O)c2ccccc2C(O)=C1CCCc1ccc(C2CCCCC2)cc1,5.9995904,3.5795538
CC1=C(N2CC2)C(=O)C(CO)=C(N2CC2)C1=O,6.0392323,3.7109504
CC(=O)CCC1COc2cc3c(c(O)c21)C(=O)c1c(O)cc(O)cc1C3=O,6.2873006,3.485614
CCC(C)C=C(C)C1=Cc2cc3c(c(O)c2CO1)C(=O)C(=O)C(OC)=C3,5.880881,3.7695932
CC(C)C1=CC2=C(CC34CCCC(C)(C)C3CC2O4)C(=O)C1=O,6.160885,3.920352
CCC(C)C(=O)C(C)C1=CC(=O)C2=C(OC3(C)CCC4OC(C(C)(C)O)CCC4(C)C3C2)C1=O,6.146845,3.9084089
CC(=O)Nc1ccc(OC2=CC(=O)c3ccccc3C2=O)cc1,6.2314816,3.8467615
COC(=O)C1c2cc3c(c(O)c2C(OC2CC(N(C)C)C(O)C(C)O2)CC1(C)O)C(=O)c1c(O)cccc1C3=O,5.7728224,3.7448554
Cc1ccc2c(c1O)C(=O)c1ccc(OC3OC(COC4OCC(O)C(O)C4O)C(O)C(O)C3O)c(O)c1C2=O,6.3237786,3.6346574
COC(=O)C1(C)CCCc2c1ccc1c2C(=O)C(=O)C2=C1OCC2C,6.309395,3.6496024
CC(=O)OCC(C)C1=C(O)C2=C(C(=O)C1=O)C1(C)CCCC(C)(C)C1CC2OC(C)=O,6.251936,3.8591528
CC(C)(C=O)C1=CC(=O)c2ccccc2C1=O,6.693713,3.826675
CC(=O)Oc1cccc2c1C(=O)c1c(OC(C)=O)cc(C)cc1C2=O,6.791179,3.830556
CC1(C)CCCC2(C)C1CCC1(C)C3=CC(=O)C(=O)c4[nH]cc(c43)CC12,5.9073324,3.478306
COC1=CC(=O)c2cc3c4c(cc(OC)c(OC)c4c2C1=O)CCN3C,5.4655595,3.5502043
O=C1c2ccc(N=CN3CCCCC3)cc2C(=O)c2ccc(N=CN3CCCCC3)cc21,5.3656197,3.26307
COc1ccc2c(c1OC)-c1c(ccc(OC)c1OC)C(=O)C2=O,6.112087,3.6552212
COC1=C(O)c2c(O)cc(C)c(OC)c2C(=O)C1=O,6.219097,3.7855923
CC(=O)C(C(C)=O)C1=C(Cl)C(=O)C(=O)c2c(C(=O)c3ccc(C)cc3)coc21,6.532905,4.457074
O=C1c2ccccc2C(=O)c2c(OCCCCOc3ccccc3)cccc21,6.0860567,3.5087175
O=C1C=C(Oc2ccccc2)C(=O)c2cc3ccccc3cc21,6.280052,3.912956
CCCNC1=C(N(C(C)=O)c2ccc(C)cc2)C(=O)c2ccccc2C1=O,5.8326087,3.6144376
O=C1C(O)=C(c2c[nH]c3ccccc23)C(=O)C(O)=C1c1c[nH]c2ccccc12,5.390666,3.6837935
O=C1c2ccccc2C(=O)c2c(Cl)cccc21,6.6439056,3.7037027
COC(=O)C(Cc1ccc(O)cc1)N1CCc2c(oc3c2C(=O)C(=O)c2ccccc2-3)C1=O,6.1566057,3.9930313
Cc1ccc2c(n1)C(=O)C=C(N1CC1)C2=O,6.3086185,3.7055435
NC(=O)CCC(=O)Nc1cccc2c1C(=O)C(=O)c1c(-c3ccc(Cl)cc3)coc1-2,6.150454,3.8399847
CCc1nc2c([nH]1)C(=O)C(=O)c1cc(CCc3ccc(F)cc3)ccc1-2,6.2551,3.5963573
O=C1C(=O)c2ccccc2C(O)=C1CCCCCCCCCCSCCCl,5.771273,3.697271
CCCCNc1ccc(NCCCC)c2c1C(=O)c1ccccc1C2=O,5.4647903,3.255315
CC1=CC(=O)C(=O)c2ccccc21,6.563916,3.6988857
O=C(Nc1ccc2c(c1)C(=O)c1ccccc1C2=O)c1cccc([N+](=O)[O-])c1,6.691833,3.9068496
COCCOc1cc2ncnc(NC3=CC(=O)C(OCc4cccnc4)=CC3=O)c2cc1OC,5.927282,4.0845313
NS(=O)(=O)c1cccc2c1C(=O)C=C(Nc1ccccc1N1CCNCC1)C2=O,5.296023,3.809856
CCC1(O)COC2=C(C)C(=O)C(=O)c3c(C)ccc1c32,6.2579875,3.605722
Cc1ccc(C2CCC3=C(O2)c2ccccc2C(=O)C3=O)cc1,6.196406,3.6821692
O=C1C(Nc2cccc(C(F)(F)F)c2)=C(N2CCOCC2)C(=O)c2ccccc21,5.6641955,3.5765934
Cc1c(CNNc2ccc(F)cc2)oc2c1C(=O)C(=O)c1ccccc1-2,5.6121387,3.6037314
CC1(C)OC2=C(C(=O)C(=O)c3ccccc32)C(O)C1Br,6.6603622,3.9796674
COc1cc(O)c2c(c1)C(=O)c1cc3c(c(O)c1C2=O)C(=O)OC(C)C3,6.518357,3.7558694
CS(=O)C1=C(N)c2c(CO)c[nH]c2C(=O)C1=O,6.0966463,3.6828327
COc1cccc2c1C(=O)c1c(O)c3c(c(O)c1C2=O)CC(O)(C=O)CC3OC1CC(N)C(O)C(C)O1,5.970625,3.710093
COc1cccc(C(C2=C(O)c3ccccc3C(=O)C2=O)C2=C(O)c3ccccc3C(=O)C2=O)c1,5.9716926,4.165493
O=C1c2ccccc2C(=O)c2c1cccc2N1CCN(Cc2ccccc2)CC1,5.380537,3.3853607
Cc1cccc(COC2=CC(=O)C(=O)c3ccccc32)c1,6.3372374,3.7958803
O=C1C=C(N=CC=Cc2ccccc2)c2ccccc2C1=O,6.0858736,3.752601
Cc1nc2c3c(ccc2[nH]1)C(=O)c1ccccc1C3=O,6.1741915,3.4763322
Cc1c(O)cc2c(c1O)C(=O)c1c(cc3cc(O)cc(CC(=O)CC(C)O)c3c1O)C2=O,5.9854393,3.599634
O=C1C=C(O)c2c(cnc3c2NC(C(=O)O)CC3O)C1=O,6.2845335,3.8885732
CC(C)(C)c1ccc(C2CCN(C3=CC(=O)C(=O)c4ccccc43)CC2)cc1,5.749796,3.4367294
COc1cc(OC)c2c(c1)C(=O)c1cc(OC)c3c(=O)cc(C)oc3c1C2=O,6.337122,3.8130963
COC(=O)c1ccnc2c1C(=O)C(=O)c1ccccc1-2,6.716683,4.0708475
O=C1c2ccccc2C(=O)c2c(NCCN3CCOCC3)ccc(NCCNCCO)c21,5.1425705,3.3361259
CCOC(C)CC1=C(O)C2=C(C(=O)C1=O)C1(C)CCC(C)=C(C)C1C(O)C2O,5.7571807,3.879107
COc1cc(OC)c2c(c1)C(=O)C1=C(C2=O)C(C)OC(C)C1,6.3141866,3.6942463
CCCOc1cccc2c1C(=O)c1c(OCCC)cc(NC(=O)CBr)cc1C2=O,6.376216,3.635771
O=C(OCCCCCCN1CCOCC1)c1cc(O)c2c(c1)C(=O)c1cccc(O)c1C2=O,5.7044134,3.8333576
Cc1cc2c(o1)-c1c(c3ccccc3c(=O)n1CCCCCN(C)C)C(=O)C2=O,5.607546,3.8622622
COc1cc(C(=O)Oc2cccc3c2C(=O)C=C(N2CC2)C3=O)cc(OC)c1OC,6.045676,3.819316
Cc1c(O)c(O)cc2c1C(=O)c1c(O)cccc1C2=O,6.3335576,3.4238307
CCN(CC)C1=CC(=O)C(=O)c2cccnc21,5.9937787,3.7789428
Cc1c(CN(CCNC(=O)C=Cc2cccnc2)C(C)C)oc2c1C(=O)C(=O)c1c-2ccc2c1CCCC2(C)C,5.488822,3.5707963
O=C1C(=O)c2ccccc2C(O)=C1Nc1ccc(F)cc1,5.947079,3.6544347
COc1cc2c(NC3=CC(=O)C(OCc4ccco4)=CC3=O)ncnc2cc1OCCCN1CCCC1,5.5201116,3.9914036
O=C1c2c(O)ccc(O)c2C(=O)c2c(O)c(O)cc(O)c21,6.335163,3.683876
CN(C)S(=O)(=O)c1ccc(Nc2ccc(O)c3c2C(=O)c2c([N+](=O)[O-])ccc(O)c2C3=O)cc1,5.966827,4.078675
COC1=C(O)c2c(OC)c3c(c(O)c2C(=O)C1=O)C(C)OC(C)C3,6.199961,3.8269186
COc1cc(C)cc2c1C(=O)c1c(cc(O)c(O)c1O)C2=O,6.309993,3.444916
COC(=O)c1cccc(Nc2cc(N3CCCCCC3)c3noc4c3c2C(=O)c2ccccc2-4)c1,5.4040475,3.2093654
O=C1C(=O)c2c(ccc3cc(S(=O)(=O)O)ccc23)-c2ccccc21,6.5717907,3.8685236
CCCCCCCN(CC1=C(O)c2ccccc2C(=O)C1=O)Cc1ccccc1,5.751361,3.6525946
O=C1c2ccccc2C(=O)c2c1ccc1[nH]c(CN3CCN(Cc4ccccc4)CC3)nc21,5.389874,3.5068657
Nc1cccc2c1C(=O)c1c(N)cccc1C2=O,5.8392024,3.275902
CCCCCC(OC)c1c(O)cc2c(c1O)C(=O)c1c(O)cc(OC)cc1C2=O,6.2307944,3.5624087
Cc1ccc(C2CCC3=C(O2)c2ccccc2C(=O)C3=O)c(C)c1,6.080123,3.6495638
O=C1C(=O)c2ccccc2C(O)=C1c1c([N+](=O)[O-])c2n(c1-c1ccc(F)cc1)CCCCN2,5.738964,3.8090892
CCOc1c(O)cc(C)c2c1C(=O)C(=O)C1=C2OC(C)C1(C)CO,6.204064,3.6877425
COC1=C(C(C)C)C(=O)c2c(O)cc3c(c2C1=O)C=CC(=O)C3(C)C,6.2495303,3.8098202
CNC(=O)C(C)N1CCc2c(oc3c2C(=O)C(=O)c2ccccc2-3)C1=O,6.3124943,3.927507
Cc1cc2c(cc1C)-c1oc(CN3CCC(N4CCCCC4)CC3)c(C)c1C(=O)C2=O,5.2042246,3.481278
CCCCNCCC(=O)Nc1ccc2c(c1)C(=O)c1cc(NC(=O)CCNCCCC)ccc1C2=O,5.5686283,3.439561
NCCC(=O)NCC(=O)Nc1ccc2c(c1)C(=O)c1ccc(NC(=O)CNC(=O)CCN)cc1C2=O,5.903984,3.6017027
CC(=CCC1=CC(=O)c2ccccc2C1=O)CCCC(C)CCCC(C)CCCC(C)C,5.9814,3.659333
COc1ccc(C(=O)c2coc3c2C(=O)C(=O)C=C3Br)cc1,6.6610036,4.553553
Cc1ccccc1NC1=C(Cl)C(=O)c2ccccc2C1=O,6.0383625,3.822833
CC(=O)NCCCCCNc1ccc(NCCN(C)C)c2c1C(=O)c1ccccc1C2=O,5.214325,3.2551165
O=C(O)Cc1ccc(CNc2cc3c(c(O)c2O)C(=O)c2ccccc2C3=O)cc1C(=O)O,5.896598,3.4586084
CC(C)C1=C(O)C2=C(C(=O)C1=O)C13CCCC(C)(C)C1C(OC3=O)C2O,6.417399,4.0471983
O=C1C=C(Nc2ccccc2O)c2ccccc2C1=O,5.9122643,3.6222997
COc1cc(OC(C)=O)c2c(c1O)C(=O)c1cc(C)c(O)cc1C2=O,6.453838,3.6247594
O=C1C(=O)c2c(C(=O)c3cccs3)coc2-c2ccccc21,6.518896,4.114275
[N-]=[N+]=NC1=C(N=[N+]=[N-])c2c(cccc2S(=O)(=O)Oc2ccc(C(=O)c3ccc(O)cc3O)c(O)c2)C(=O)C1=O,6.472565,4.506426
O=C1c2ccccc2C(=O)c2c(Cl)ccc(Cl)c21,6.6326785,3.8409836
C=CC(F)=CC=C(C)N(C)Cc1nc2c(o1)-c1ccccc1C(=O)C2=O,5.679558,3.9860065
O=c1c(=O)c2cc(O)cc3ccc4cccc1c4c32,6.1623936,3.79535
CCOC1CCC2CC3=C(OC2O1)c1ccccc1C(=O)C3=O,6.4123316,3.8099773
O=CCC1=C(O)c2ccccc2C(=O)C1=O,6.6342497,3.8622303
COC(C)c1c(O)cc2c(c1O)C(=O)c1c(O)cc(O)cc1C2=O,6.3744855,3.5619419
C=CCC1=C(OC)c2ccccc2C(=O)C1=O,6.427065,3.7418962
COC1=C(N)C(=O)c2c(ccnc2-c2ccccc2)C1=O,6.097801,3.804943
CC1=CC(=O)c2[nH]c3ccccc3c2C1=O,6.361372,3.576453
Nc1c(NC(=O)c2ccccc2)ccc2c1C(=O)c1ccccc1C2=O,6.0923357,3.4015315
COC(=O)CCCC(=O)Nc1ccc2c(c1)-c1ccccc1C(=O)C2=O,6.410528,3.641752
CN1CCN(C2=C(NS(=O)(=O)c3cccs3)C(=O)c3ccccc3C2=O)CC1,5.5609174,3.8537939
O=C(O)c1cc(O)c2c(c1)C(=O)c1cccc(OC3OC(CO)C(O)C(O)C3O)c1C2=O,6.5409603,3.9223232
CC1=COC2=C(C)C(=O)C(=O)c3c(CCC(C)C)ccc1c32,5.97372,3.5619767
O=C1c2ccccc2C(=O)c2c(O)c(CN(CCCl)CCCl)cc(O)c21,5.8090043,3.6972218
COC(=O)c1cc2cc3c(c(O)c2c(=O)o1)OC1(CC3)CC2=C(O1)C(=O)c1c(O)c(OC)cc(OC)c1C2=O,6.249787,4.135944
Cc1c(O)cc2c(c1O)C(=O)c1ccccc1C2=O,6.4407806,3.488806
COc1cccc2c1C(=O)C1=C(C2=O)c2c(O)cc(C)cc2C(O)C1O,6.196555,3.785
O=c1c(O)c2c3c(O)c(O)cc4cccc(c5c(O)c(O)c(O)c(c1=O)c52)c43,5.584113,3.8495216
O=C1c2ccccc2C(=O)c2c1ccc1[nH]c(-c3ccc(OCCCn4cnnn4)cc3)nc21,6.09021,3.8180528
COC(=O)c1ccc2c(c1)C(=O)C(=O)C=C2,6.8433356,4.07468
CC1=CC(=O)C(=O)c2cc(C)c(C)cc21,6.327081,3.585328
O=C1C=c2cc(C(=O)O)[nH]c2=CC1=O,6.79501,3.9601355
O=C1C(=O)c2c(oc3c2CCN(C(=O)c2ccc(C(F)(F)F)cc2)C3)-c2ccccc21,6.4737363,3.782489
CC(=O)CCC1=C(C)C(=O)c2ccccc2C1=O,6.4724836,3.6214442
Cc1coc2c1C(=O)C(=O)c1c-2ccc2c1C(OC(=O)Cc1cccc(F)c1)CCC2(C)C,6.3036737,3.6616068
CC(C)(C)C(=O)OC1=CC(=O)C(=O)c2ccccc21,6.791181,3.9973297
O=C1C(=O)c2ccccc2C=C1CC(=O)c1ccccc1,6.537224,3.9046955
O=C1C(=O)c2ccccc2C2=C1SCC1(CCN(CCOc3ccc(Cl)cc3)CC1)O2,5.3814216,3.8484752
COc1cccc2c1C(=O)c1cccc(O)c1C2=O,6.4601116,3.587106
O=C1c2c(O)ccc(NCCNCCO)c2C(=O)c2c(NCCNCCO)ccc(O)c21,5.231761,3.3905656
O=C1c2ccccc2C(=O)c2cc(O)c(O)cc21,6.5283747,3.452606
COC1=C(Nc2ccccc2)C(=O)c2ccccc2C1=O,5.957529,3.6772513
Cc1cccc(Nc2cccc3c2C(=O)C(=O)C=C3)c1C,5.659737,3.731352
O=C1C(=O)c2ccc(-c3ccccc3C(F)(F)F)cc2C2=C1SCC1(CCN(C(=O)O)CC1)O2,5.955606,3.9557033
CC1=C(N=CN(C)C)C(=O)c2c(COC(N)=O)c3n(c2C1=O)CC(N)C3O,5.8555703,3.5164788
O=C1C=Cc2[nH]cnc2C1=O,6.6110754,3.9222023
O=C1C(=O)c2ncoc2-c2ccccc21,6.7933326,4.1196136
Cc1nc2c([nH]1)C(=O)C(Cl)=C(Nc1ccc(F)c(F)c1F)C2=O,6.4624405,3.9674313
O=C1c2ccc(O)cc2C(=O)c2c1ccc(CO)c2O,6.517693,3.5600157
Cc1ccc(Nc2ccc(Nc3ccc(C)cc3)c3c2C(=O)c2cccc(O)c2C3=O)cc1,5.172897,3.4256446
C=C1C(C)CCCC1(C)CCC(C)=CCC1=C(O)C(NC(C(=O)O)C(C)C)=CC(=O)C1=O,5.788421,3.6181054
CC(C)(C)OC(=O)NCCCNC(C1=C(O)c2ccccc2C(=O)C1=O)c1cccc(O)c1,5.8141875,3.7039924
CN(C)CCn1c2c(c3c4ccccc4c(O)cc31)C(=O)c1ccccc1C2=O,5.3700786,3.4451463
Cc1nn(-c2ccc(Cl)cc2)c2nc3c(nc12)C(=O)C(=O)c1ccccc1-3,6.3747478,3.9900715
O=C1C(=O)c2ccccc2C(O)=C1C1=CCCCC1,6.0444694,3.5563383
CCCC(=O)CCC1=C(O)c2c(cc(OC)c(OC)c2O)C(=O)C1=O,6.162438,3.7048883
CC1(C)OC2=C(C(=O)C(=O)c3ccccc32)C1Nc1cc(-c2ccccc2)nn1-c1ccc(Br)cc1,5.796208,3.7857752
O=C1C(=O)c2ccccc2C2=C1SCC1(CCN(CC(O)COc3ccccc3)CC1)O2,5.4062676,3.8342955
Cc1ccc(NC2=C(Cl)C(=O)c3ccccc3C2=O)cc1,5.9708166,3.8330138
O=C1c2c(O)ccc(O)c2C(=O)c2c(NCCN3CC3)ccc(NCCN3CC3)c21,5.1467934,3.477076
CC12CCCCC1=C(O)C(=O)c1cc3c(cc12)C(=O)C1=C(C3=O)S(=O)(=O)CCN1,6.1948853,4.253985
Cc1ccc2c(c1)C(=O)c1nccnc1C2=O,6.605873,3.9829245
CCCN(C)C(=O)c1ccc(-c2cc(C3=C(N4CC4)C(=O)C=C(N4CC4)C3=O)no2)s1,5.948532,3.9867353
COC(=O)c1c2c(n(C)c1Cc1ccccc1)-c1ccccc1C(=O)C2=O,6.246207,3.5979753
COCCOc1cc2ncnc(NC3=CC(=O)C=C(Br)C3=O)c2cc1OC,6.190506,4.296874
COCCOc1cc2ncnc(NC3=CC(=O)C(C)=CC3=O)c2cc1OC,6.0610895,3.8823075
O=C1C=C(NCc2ccccc2)C(=O)c2ccccc21,6.18202,3.4793606
CCCCCC(=O)NCC(C)(C)CC1=C(O)c2ccccc2C(=O)C1=O,6.1690936,3.632551
CC(C)=CCC1=CC(=O)C(=O)C(C)=C1O,6.129967,3.7936273
CC12CCC3C4=CC(=O)C(=O)C=C4CCC3C1CCC2=O,6.2192717,3.8384297
Cc1csc(-c2cn(C)c3c2C(=O)C(N)=CC3=O)n1,6.101696,3.421983
CC(C)NC1=CC(=O)c2ccccc2C1=O,6.2595363,3.4655135
CC1CC(C)CN(c2cc(NCCCC(=O)O)c3c4c(onc24)-c2ccccc2C3=O)C1,5.5297894,3.000793
O=C1C(Cl)=C(Oc2ccccc2)C(=O)c2ccccc21,6.599182,4.149655
O=C1C=C(N2CCCC2)c2ncccc2C1=O,6.011392,3.740151
O=C1C(=O)c2cccc([N+](=O)[O-])c2-c2ccc([N+](=O)[O-])cc21,7.242636,4.6118364
O=C1C(=O)c2ccccc2C2=C1SCC1(CCN(CC(O)COc3ccc(C(=O)O)cc3)CC1)O2,5.4469476,3.8767068
O=C1C2=C(C(=O)c3ccccc31)C1Oc3ccc([N+](=O)[O-])cc3C1CO2,6.6626406,4.11255
CCCCCCCCCCCCn1c2nc(=O)n(C)c(=O)c-2cc2c1C(=O)C(=O)c1ccccc1-2,6.357701,4.1661725
O=C1C=Cc2c(Br)cccc2C1=O,6.878048,4.166285
COCCOc1cc2ncnc(NC3=CC(=O)C(OCC(F)F)=CC3=O)c2cc1OC,6.1710706,4.0986314
COC1=CC(=O)C=C(Cc2ccccc2)C1=O,6.509778,3.9934232
O=C1C(=O)c2c(oc3c2CCN(C(=O)c2ccc(Cl)cc2)C3)-c2ccccc21,6.2644095,3.7476156
CCNc1ccc(NCC)c2c1C(=O)c1ccccc1C2=O,5.509341,3.2897997
O=C(O)Cc1ccc(CNC(=O)Nc2cc3c(c(O)c2O)C(=O)c2ccccc2C3=O)cc1C(=O)O,6.2420454,3.5564148
COC(=O)CC(C1=C(O)c2ccccc2C(=O)C1=O)c1cccc(OC(F)F)c1,6.3745522,3.8190098
C=CCOc1cccc2c1C(=O)C(=O)C1=C2OC(C)C1,6.3002367,3.7472153
Cc1noc(Cc2c3ccoc3c(CC(C)N)c3ccoc23)n1,5.832883,1.866201
CC(C)(Cl)CCC1=C(O)c2ccccc2C(=O)C1=O,6.3948317,3.6836226
O=C1c2c(O)ccc(O)c2C(=O)c2c(F)c(F)c(F)c(F)c21,7.0590487,4.2899647
O=C1c2ccccc2C(=O)c2c1ccc1c(=O)n(-c3ccc(Cl)cc3)sc21,6.2969193,4.0349317
O=C(CN1CCN(c2ccc(F)cc2)CC1)OCc1cc(O)c2c(c1)C(=O)c1cccc(O)c1C2=O,5.3963075,3.6696517
COc1ccc(-c2coc3c(OC)c(O)ccc3c2=O)cc1,5.9470067,2.6766567
CCC(C)(C)C1=C(Br)c2nc3ccccn3c2C(=O)C1=O,6.580594,4.070485
CC1(C2=C(O)c3ccccc3C(=O)C2=O)CCCCCC1,6.181349,3.543545
COc1ccc2c(c1)C1=C(SCC3(CCNCC3)O1)C(=O)C2=O,5.57737,3.787231
O=c1c(=O)c2ccc(-c3ccccc3)c3c2-c2c1cccc2c(=O)c3=O,6.5182686,4.5297246
Cc1cccc2c3c(ccc12)-c1oc2c(c1C(=O)C3=O)CCN(CCCN1CCC(O)C1)C2,5.2088065,3.639592
COc1ncnc2c1-c1cc(F)ccc1C(=O)C2=O,6.862427,4.2144113
O=C(O)c1cccc(Nc2cc(N3CCCCCC3)c3noc4c3c2C(=O)c2ccccc2-4)c1,5.4035473,3.181557
O=C1C(O)=C(c2csc3ccccc23)C(=O)C(O)=C1c1ccccc1,6.0667734,3.9405465
CC(C)=CCC1=CC(=O)C=C(C)C1=O,6.2524137,3.821253
CCCCn1nnc2c1C(=O)c1cnncc1C2=O,6.828768,4.565194
CC(=O)Oc1cccc2c1C(=O)C(=O)C=C2C,6.6615686,3.8406796
CNC1=C([N+](=O)[O-])C(C2=C(O)c3ccccc3C(=O)C2=O)c2cc(Br)cc(Br)c2O1,6.3050685,4.1363816
NC1CCN(C(=O)c2csc3c2C(=O)c2c(c(O)c4ccccc4c2O)C3=O)C1,5.8391166,3.963575
Nc1ncnc2c1nc(S(=O)(=O)O)n2CCOc1cccc2ccccc12,6.0667496,2.930195
CC1=C2OCC(F)c3ccc(C)c(c32)C(=O)C1=O,6.4642706,3.6678274
COc1cc2c(c(OC)c1CO)C(=O)c1ccccc1C2=O,6.4739947,3.5538504
CC1=C(c2ccccc2)c2ccc(C)cc2C(=O)C1=O,6.2715816,3.656758
CSc1ccc(SC(C2=C(O)c3ccccc3C(=O)C2=O)c2ccc([N+](=O)[O-])cc2)cc1,5.610064,4.08185
CN(C)C1=CC(=O)C(N(C)C)=CC1=O,5.746404,3.3046536
COC12C(COC(N)=O)C3=C(C(=O)C(C)=C(OCCO)C3=O)N1CC1NC12,6.200877,3.8806856
O=C1C(=O)c2ccccc2C2=C1SCC1(CCN(CC(O)CN3CCOCC3)CC1)O2,5.1991262,3.800722
Cc1ccc(Nc2cccc3c2C(=O)c2c(Nc4ccc(C)cc4)cccc2C3=O)cc1,5.1984663,3.3834844
O=C1C(=O)c2ccccc2C(O)=C1CCCC1CC=CCC1,5.9600463,3.5971086
Cc1ccc2c(c1)C(=O)c1cccc(O)c1C2=O,6.527868,3.5040812
O=C1C=C(F)c2c(n(Cc3cccc(C(=O)N4CCN(C(=O)C5CCC5)CC4)c3)c(=O)[nH]c2=O)C1=O,6.339666,4.600134
COc1cc2c(c(OC)c1OC)C(=O)c1c(cc(C)c(O)c1O)C2=O,6.295929,3.476579
O=c1c(=O)c2nc3c(=O)c4nc5c(nc4c(=O)c3nc2c2ccccc12)c(=O)c(=O)c1ccccc15,6.7211914,6.0564346
O=C1C=CC(=O)c2c(O)c(N3CCOCC3)c(Cl)c(O)c21,5.7530975,3.8354466
CC12CCCc3coc(c31)C(=O)c1cc3c(cc12)C(=O)C1=C(NCCS1(=O)=O)C3=O,6.3872695,4.2505436
COC1=C(Nc2ccc(F)c(C(F)(F)F)c2)C(=O)c2ccccc2C1=O,6.277741,3.81287
CN1CCCN(c2cc(NCCN3CCCCC3)c3c4c(onc24)-c2ccccc2C3=O)CC1,4.9426126,2.9681962
COC1=CC(=O)C(O)=C(CCCCCCCC=CCCCCCCCC2=C(O)C(=O)C=C(OC)C2=O)C1=O,6.0148244,4.532644
O=C1C(=O)c2ccccc2C(O)=C1C(c1ccc(F)cc1)c1c[nH]c2ccccc12,5.629252,3.6085744
COC(=O)C1(C(=O)OC)Cc2c(c(-c3ccc(F)cc3)c3c(c2-c2ccc(F)cc2)C(=O)C=CC3=O)C1,6.4410763,3.8906455
CC(C)c1nc2c([nH]1)C(=O)C(=O)c1ccccc1-2,6.5245643,3.675422
O=C1C(=O)C(c2ccc(O)cc2)=C2OC3(C=CCO3)OC2=C1c1ccc(O)cc1,6.0156717,4.06717
CC(=O)Oc1cc(OC(C)=O)c2c(c1)C(=O)c1c(C(=O)O)ccc(OC(C)=O)c1C2=O,7.1594667,4.140833
COc1cccc2c1C(=O)c1ccc3c(c1C2=O)C(O)CC(C)C3O,6.317091,3.6218688
O=C1C=C(NC(Cc2ccccc2)C(=O)Nc2ccc(C(F)(F)F)cc2)C(=O)c2ccccc21,6.1388187,3.5858307
Nc1cc(Sc2ccccc2)c(N)c2c1C(=O)c1c(O)ccc(O)c1C2=O,5.5902314,3.553461
CN(C)CCNc1ccc(NCCN2CCCC2CCl)c2c1C(=O)c1c(O)ccc(O)c1C2=O,5.041277,3.3980207
CCc1nnc(-c2cc3c(s2)C(=O)c2ccccc2C3=O)o1,6.785217,4.1059265
CCN(CC)CCC(=O)Nc1ccc2c(c1)C(=O)c1cc(NC(=O)CCN(CC)CC)ccc1C2=O,5.318122,3.4960637
CC(O)c1cc2c(o1)C(=O)c1ccccc1C2=O,6.747429,3.8313012
NC1CCCN(C(=O)c2csc3c2C(=O)c2c(c(O)c4ccccc4c2O)C3=O)C1,5.7751856,3.9551702
Nc1cccc2c(=O)c3c(sc4c(=O)c5cccc(N)c5c(=O)c43)c(=O)c12,5.7640486,4.1771674
Cc1ccc(Nc2cc(Br)c(N)c3c2C(=O)c2ccccc2C3=O)cc1,5.6300583,3.5959344
O=C1c2cccnc2C(=O)c2sc(-c3cscn3)nc21,6.6407657,4.3658814
COC(=O)c1c(OCCN2CCCC2)c2ccccc2c2oc3c(c12)C(=O)c1ccccc1C3=O,5.662823,3.936204
O=C1C=C(NC(=O)c2ccccc2)c2ccccc2C1=O,6.571973,3.8106024
O=C1c2ccccc2C(=O)c2c(Br)cccc21,6.783123,3.8422287
CC1(C)OC2=C(C(=O)C(=O)c3ccccc32)C1Sc1ccc(Cl)cc1,5.958234,3.8897073
COc1c(O)c2c(c3c1OC1(O)C3(O)OC(C)C1(C)C)C(=O)C(C)=CC2=O,6.514131,3.8435845
O=C1C(Cl)=C(SCc2ccccc2)C(=O)c2ccccc21,6.1867595,4.203826
Nc1c(S(=O)(=O)O)cc(Nc2ccc(F)cc2C(=O)O)c2c1C(=O)c1ccccc1C2=O,6.103748,3.7840009
Cc1coc2c1C(=O)C(=O)c1cc(C(C)C)ccc1-2,6.4204364,3.6142848
Cc1c(C(=O)N2CCC(N)C2)c2c(n1C)C(=O)c1c(c(O)c3ccccc3c1O)C2=O,5.6835985,3.4528055
O=C1c2ccncc2C(=O)c2c(-c3ccc(OCCN4CCOCC4)cc3)noc21,5.6626782,4.3432174
Cc1[nH]nc2c1C1(C(=O)Nc3ccc(F)cc31)C1=C(O2)c2ccccc2C(=O)C1=O,6.216976,3.8202994
[N-]=[N+]=NC1=CC(=O)c2ccccc2C1=O,6.888859,4.0322914
Cc1cc2c(NCCNCCO)c3c(c(NCCNCCO)c2o1)C(=O)c1ccccc1C3=O,5.2212696,3.341854
NC1CCN(C(=O)c2csc3c2C(=O)c2c(c(O)c4ccccc4c2O)C3=O)CC1,5.7276945,3.9486053
O=C1c2ccccc2C(=O)c2c1ccc1[nH]c(CN3CCN(c4ccccc4F)CC3)nc21,5.360495,3.5150545
Cc1cc(O)c2c(c1)C(=O)c1cc(O)c(-c3c(O)cc4c(O)c5c(cc4c3O)CC(C)(O)CC5=O)c(O)c1C2=O,5.708374,3.5700626
CN(C)S(=O)(=O)N1CCC2(CC1)CSC1=C(O2)c2ccccc2C(=O)C1=O,5.8340163,3.8615038
Cc1ccc(NC2=CC(=O)c3sc(C)nc3C2=O)cc1,6.038528,3.8649902
COc1cc(C(NCc2ccccc2)C2=C(O)c3ccccc3C(=O)C2=O)ccc1O,5.6525335,3.7004724
Cc1[nH]nc2c1C1(C(=O)Nc3c(C(F)(F)F)cccc31)C1=C(O2)c2ccccc2C(=O)C1=O,6.354703,3.8813643
Cc1cc(O)c2c(c1)C(=O)C=C(C1=C(O)c3c(O)cc(C)cc3C(=O)C1=O)C2=O,6.322107,4.302325
CCCCCCCCCCCC1=CC(=O)C(O)=C(O)C1=O,6.403548,3.9158993
CC(C)(C)OC(=O)NN(C(=O)OC(C)(C)C)C1=C(N)c2ccccc2C(=O)C1=O,6.3315125,3.7981608
Cc1cc(O)c2c(c1)CC(O)c1c(O)c3c(c(O)c1-2)C(=O)C=CC3=O,6.008637,3.8504043
N#Cc1ccc(C2=C(O)c3ccccc3C(=O)C2=O)cc1,6.5367885,3.81037
O=C1c2cccc(O)c2C(=O)c2c(O)cccc21,6.5649157,3.6449971
COc1ccc2c(c1OC)C(=O)c1c3c(c(CO)c(O)c1C2=O)C(=O)OC3,6.51614,3.8874981
[N-]=[N+]=NC1=C(OS(=O)(=O)N=[N+]=[N-])C(=O)C(=O)c2ccccc21,7.128202,4.498226
CC(C)=CCC1=C(O)C(c2ccccc2)=CC(=O)C1=O,6.063318,3.8664083
COC1OC(C(=O)N(C)CCN(C)C)=CC2=C1C(=O)c1ccccc1C2=O,5.703562,4.026779
O=C1c2cccc(O)c2C(=O)c2ccoc21,6.772849,3.8512442
CCOc1ccc2c(c1F)C(=O)C(=O)c1c(F)cccc1-2,6.607369,3.9461975
COc1cc(-n2c(-c3ccccc3C)nc3c4ccccc4c4ccccc4c32)cc(C)c1OC,5.45661,2.5050616
CCCCCCCCCCCCNC(C)C1=C(O)c2ccccc2C(=O)C1=O,5.831387,3.5965135
COc1cccc2c1C(=O)c1c(O)c3c(c(O)c1C2=O)CC(O)(C(=O)CO)CC3OC1CC(N)C(O)C(C)O1,5.9754753,3.6915514
O=C1C(Nc2ccc(C(F)(F)F)cc2)=C(Cl)C(=O)c2c1cccc2[N+](=O)[O-],6.5951104,4.3905897
CCCC1=C(O)c2c(cc(C3C(=O)Nc4cccc(O)c43)c(O)c2OC)C(=O)C1=O,5.97097,3.6741428
C=C1C(C)CCCC1(C)CCC=CCC1=C(O)C(NCCC(C)C)=CC(=O)C1=O,5.7741313,3.4855535
Cc1cc2c(c(C)n1)C(=O)c1c(O)cccc1C2=O,6.35505,3.5672002
NC(N)=NCCCNc1c2c(c(NCCN=C(N)N)c3ccsc13)C(=O)c1ccccc1C2=O,5.2128444,3.367827
O=C1C=C(Oc2ccc(Br)cc2)c2ccccc2C1=O,6.6247683,3.9718912
O=C1C(=O)c2ccccc2C2=C1CC(Cn1cc(COC3CCCCO3)nn1)O2,6.219345,3.929608
Cc1ccc(S(=O)(=O)Oc2ccc(NCc3ccc(N)cc3)c3c2C(=O)c2ccccc2C3=O)cc1,5.4781027,3.631147
C#CCNC1=C(C)C(=O)C2=C(C1=O)C(COC(N)=O)C1(OC)C3NC3CN21,5.9568553,3.555438
COC(=O)C(Cc1c[nH]c2ccccc12)NC1=C(C)C(=O)C(=O)C(C(C)CCC=C(C)C)=C1O,5.32015,3.5315504
CCCN(CCC)C(=O)CSc1nc2c3c(ccc2[nH]1)C(=O)c1ccccc1C3=O,5.9373865,3.5327132
CCCCc1cc2c(C)cc3c(c2oc1=O)C(=O)c1c(OC(C)C)cccc1C3=O,6.354966,3.756763
COc1ccccc1C(=O)OCC(C)CC1=C(O)c2ccccc2C(=O)C1=O,6.2566776,3.679397
Cc1cc(CCC#N)ccc1Oc1c(N)c2c(c(N)c1Cl)C(=O)c1ccccc1C2=O,5.7712336,3.4879131
CC1=C2OCC(F)(F)c3ccc(C)c(c32)C(=O)C1=O,6.5669746,3.7621646
CCCNc1cc(Nc2cccc(C)c2)c2c3c(onc13)-c1ccccc1C2=O,5.501206,3.0990014
CC1(C)OC2=C(C(=O)C(=O)c3ccccc32)C1Nc1cccc(Br)c1,5.9897666,3.7730107
NCCCCCNc1ccc(F)c2c1C(=O)c1c(O)ccc(O)c1C2=O,5.675616,3.6225524
CN(C)CCNC1=CC(=O)c2oc(-c3ccccc3)nc2C1=O,5.8006516,3.9663763
CC1=C(C(=O)O)CCC2(C)C3=C(CCC12)C(=O)C(C(C)C)=CC3=O,6.1586437,3.6263118
CCc1cnc2c(c1)C(=O)c1ncc(CC)cc1C2=O,6.5827007,3.8809407
O=C1C=C(O)c2c(ccc3ccccc23)C1=O,6.367646,3.8028266
O=C(Nc1ccc(NC(=O)c2ccccc2)c2c1C(=O)c1ccccc1C2=O)c1ccccc1,6.271769,3.728821
COC(=O)c1cc2c(n1S(=O)(=O)c1ccc(C)cc1)C(=O)C(=O)c1[nH]cc(C(=O)OCc3ccccc3)c1-2,6.635589,4.1653695
COc1cccc2c1C(=O)c1c(O)c3c(c(O)c1C2=O)CC(O)(C(C)=O)CC3OC1OC(C)C(O)C(N)C1O,6.005987,3.6550949
COc1ccc2c3c(nc(OC)c2c1OC)-c1cc2c(cc1C(=O)C3=O)OCO2,6.0932527,3.78885
CC1=C(CSC(=S)N2CC(C)OC(C)C2)C(=O)c2ccccc2C1=O,5.7822037,3.7976909
O=C1C=C(Nc2ccc(F)cc2)C(Nc2ccc(F)cc2)=CC1=O,5.8356166,3.6945872
O=C1c2ccccc2C(=O)c2c(NCCN3CCNCC3)ccc(NCCN3CCNCC3)c21,4.806387,3.3059711
COC1=CC(=O)C(OC)=CC1=O,6.852824,4.1005683
O=C1c2cc(CO)cc(O)c2C(=O)c2cc(O)cc(O)c21,6.556752,3.5884671
COc1oc2c(c1OC)C(=O)C(=O)c1ccccc1-2,6.676258,3.8168037
CC(C)C1=Cc2ccc3c(c2C(=O)C1=O)NCCCC3(C)C,5.7683544,3.4032547
CCN(CC)c1ccc(OS(=O)(=O)c2ccc(C)cc2)c2c1C(=O)c1ccccc1C2=O,5.773892,3.6710677
Cn1c2c(c(CO)c1C1CC1)C(=O)C(N1CC1)=CC2=O,6.178669,3.389623
CC(=O)OC1c2c(c3c(=O)c4cccc(O)c4c(=O)c=3c2=[N+]=[N-])C(O)C(OC(C)=O)C1(C)OC(=O)C(C)C,6.5712614,4.1141105
O=C1C=C(c2c(O)ccc3ccc(O)cc23)c2ccc(O)cc2C1=O,5.826494,3.7649436
COC1=C(OC)C(=O)C(=O)C=C1,6.667469,4.140399
O=C1C(=O)c2c(nc3ccccn23)-c2c(F)cccc21,6.6352324,3.9184976
O=C1C(=O)c2ccccc2C2=C1C1(C(=O)Nc3c(Cl)cccc31)n1nnnc1N2,6.5589843,4.09496
O=C1c2ccccc2C(=O)c2c(NCCNCCO)ccc(NCCNCCO)c21,5.253112,3.331347
CC(C)(O)C1OC2=C(C(=O)c3ccccc3C2=O)C1O,6.639748,3.9345024
O=C1C(O)=C(O)C(=O)C(O)=C1O,6.777398,4.0782547
CC1=C2OC=C(C#N)c3ccc(C)c(c32)C(=O)C1=O,6.4996614,3.9206095
CCOC(=O)C1CCCN(C(=O)c2c(C)oc3c2C(=O)c2ccccc2C3=O)C1,6.4509726,3.7731094
C=C(C)CCC1=C(O)c2ccccc2C(=O)C1=O,6.213631,3.6461022
CCCCCCc1cc2c(C)cc3c(c2o1)C(=O)c1c(OC(C)C)cccc1C3=O,6.1701617,3.483711
CCOC(=O)C(CC(=O)c1cccc2c1C(=O)c1ccccc1C2=O)=NNC(=S)NC1CCCCC1,5.8618107,3.7482648
O=C1C=C(F)c2c(n(Cc3cccc(C(=O)N4CCN(C(=O)C5CCCC5)CC4)c3)c(=O)[nH]c2=O)C1=O,6.3057375,4.5928264
O=C1C=CC(=O)C(C2=C3C(=O)N(CCc4ccccc4)CC(=O)N3CCC2)=C1,6.1701183,4.084238
CNC(=O)C(C)N1CCc2c(oc3c2C(=O)C(=O)c2ccccc2-3)C1,5.8188643,3.729861
O=C(Nc1ccc(O)cc1)c1ccc(C=CC(=O)c2cccc3c2C(=O)c2ccccc2C3=O)cc1,5.931718,3.7648587
CC1=C(O)c2cc(C)ccc2C(=O)C1=O,6.397242,3.6059606
O=C1c2ccccc2C(=O)c2c(O)c(Cc3ccccc3)cc(O)c21,6.2411556,3.5664358
CCCSCC1=C(O)c2ccccc2C(=O)C1=O,5.896628,3.7694635
CCCc1ccc2c(c1O)C(=O)c1c(OC)cccc1C2=O,6.319048,3.5231054
CC1(C)CCC2=C(O1)C(=O)c1ccccc1C2=O,6.53252,3.6315014
NS(=O)(=O)c1ccc2c(c1)C(=O)C(=O)C=C2NS(=O)(=O)c1ccc2ccc(O)c(O)c2c1,6.1152205,4.1502447
Cc1cc2c(n1C)C(=O)C=C(N1CC1)C2=O,6.164654,3.298006
Cc1cc2c(cc1C)-c1oc(CNc3ccc(F)c(Cl)c3)c(C)c1C(=O)C2=O,5.737605,3.5696719
Nc1ccc(O)c2c1C(=O)c1c(O)cc(-c3ccc(O)cc3)c(N)c1C2=O,5.5141754,3.4273458
Cc1ccc(NC2=C(C(C)C)C(=O)C(=O)c3ccccc32)cc1,5.735708,3.4843764
Nc1cccc(-c2ccc(-n3nnc4c3C(=O)c3ccccc3C4=O)cc2)c1,5.8088346,3.9424183
O=C1c2c(O)cccc2C(=O)c2c1c(O)cc1nc(N3CCN(CCO)CC3)sc21,5.551113,3.8230188
CC(=O)Oc1ccc(O)c2c1C(=O)c1ccccc1C2=O,6.705205,3.782192
COc1cc2c(cc1OC)C(=O)c1c(ccc(C)c1O)C2=O,6.299682,3.4639492
O=C1c2cc(CO)cc(O)c2C(=O)c2c(OC3OC(CO)C(O)C(O)C3O)cccc21,6.4223375,3.748973
C=C1C(=O)OC2C1CCC(C)=CCCC1(C)OC21,5.9696703,2.223021
CC(O)CCCC(O)c1c(O)cc2c(c1O)C(=O)c1c(O)cc(O)cc1C2=O,6.312288,3.5619738
Cc1cccc2c3c(ccc12)-c1occ(CN2CCN(C)CC2)c1C(=O)C3=O,5.213931,3.6839654
Nc1ccc(Nc2cc(S(=O)(=O)O)c(N)c3c2C(=O)c2ccccc2C3=O)cc1,5.353193,3.6423106
Cc1cccc(Nc2cc(S(=O)(=O)O)c(N)c3c2C(=O)c2ccccc2C3=O)c1,5.7277303,3.6803389
O=Cc1ccc2c(c1O)C(=O)c1ccccc1C2=O,6.7393947,3.8518183
COC1=C(OC)C(=O)C(CN(C)C(=O)c2ccc(Oc3ccc(C(C)(C)C)cc3)cc2)=C(C)C1=O,5.935757,3.970893
CCc1c(OC)cc2c(c1O)C(O)=C(C(C)c1c(OC)cc3c(c1O)C(=O)C=C(OC)C3=O)C(=O)C2=O,6.03654,4.11258
O=C1C(Nc2ccc(Br)cc2)=CC(=O)c2ncccc21,6.244289,3.8619797
COc1cc(OC)c2c(c1)C1=C(CC(C)O1)C(=O)C2=O,6.3384976,3.7049658
CC1=CCCC2C1(C)CCC(C)C2(C)CC1=C(O)C(NCCc2c[nH]c3ccccc23)=CC(=O)C1=O,5.2287807,3.329194
CC(=O)N1CCN(Cc2oc3c(c2C)C(=O)C(=O)c2ccccc2-3)CC1,5.7179623,3.6588378
COc1cc(O)c2c(c1)C(=O)c1cc(C)c(OC3OC(COC(C)=O)C(O)C(O)C3O)cc1C2=O,6.414367,3.4980671
CC1=C(O)C(C2=C(CCc3ccccc3)C(=O)C(=O)C(C)=C2O)=C(CCc2ccccc2)C(=O)C1=O,5.9368734,4.4810114
CCN(CC)CCNc1ccc(NCCN(CC)CC)c2c1C(=O)c1ccccc1C2=O,5.0215535,3.3108487
Cc1ccc(NCc2oc3c(c2C)C(=O)C(=O)c2ccccc2-3)cc1,5.585223,3.5800564
O=C1C(=O)c2ccccc2C(O)=C1C(Sc1ccc(O)cc1)c1ccccc1,5.777095,3.8133397
O=C1C=Cc2[nH]c3ccccc3c2C1=O,6.2080584,3.7056549
CCN(CC)C(=O)Cc1ccc(Cn2nnc3c2C(=O)c2ccccc2C3=O)cc1,6.3117256,3.9727864
COc1cc(O)c2c(c1)C(=O)c1cc(C(=O)O)cc(O)c1C2=O,6.608244,3.795695
CCCCCCC=CCCCCCCCCCC1=C(O)C(=O)C=C(OC)C1=O,6.0811877,3.918715
CSc1c(C(=O)Nc2ccc(Br)cc2)ccc2c1C(=O)c1ccccc1C2=O,6.056819,3.8521364
Cc1cc2c(NCCN(C)C)c3c(c(NCCN(C)C)c2o1)C(=O)c1ccccc1C3=O,5.036146,3.2860093
CCC(Oc1ccccc1)C(=O)OC(CC=C(C)C)C1=CC(=O)c2c(O)ccc(O)c2C1=O,5.9391546,3.969458
O=C(Nc1cccc2c1C(=O)C(=O)C=C2c1ccccc1)OCc1ccccc1,6.2845464,3.8519194
COC(=O)c1c(C)ccc2c(O)c3c(cc12)C(=O)c1cccc(O)c1C3=O,6.3195696,3.7368324
COC(=O)c1c2c(n(C)c1C1CC1)C(=O)C=C(N1CC1)C2=O,6.3135223,3.5801961
N#CNC(N)=NC1=CC(=O)C(=O)c2ccccc21,6.3274984,3.821016
CCN(CCNC(=O)C=Cc1cccnc1)Cc1oc2c(c1C)C(=O)C(=O)c1c-2ccc2c1CCCC2(C)C,5.509733,3.5628397
N#Cc1ccc(CN2CCC3(CC2)CSC2=C(O3)c3ccccc3C(=O)C2=O)cc1,5.538846,3.8645508
COc1ccc2c(c1)C(=O)C(=O)c1c(OC)ccc(OC)c1-2,6.1312456,3.5702467
CCN(CC)CCOc1c(C(=O)OC)c2c3c(oc2c2ccccc12)C(=O)c1ccccc1C3=O,5.6374373,3.9473414
O=C1C(C2=C(N3CC3)C(=O)c3ccccc3C2=O)=C(N2CC2)C(=O)c2ccccc21,5.91386,4.149788
COC1=C(c2cc(C(C)(C)C)c(O)c(C(C)(C)C)c2)c2ccccc2C(=O)C1=O,6.0366325,3.7683175
N#CC1=C(C#N)C(=O)C=CC1=O,7.7014937,5.0783186
CCOC1CC2C(C)(C)CCCC2(C)C2=C1C(O)=C(C(C)C)C(=O)C2=O,6.063688,3.7116485
O=C1C=Cc2cc(S(=O)(=O)O)ccc2C1=O,7.005134,4.2269845
CNC1=C([N+](=O)[O-])C(C2=C(O)c3ccccc3C(=O)C2=O)c2cc(Cl)ccc2O1,6.0282664,3.9431148
CC1=CC(=O)c2ccc(C)c(Cl)c2C1=O,6.589889,3.7672565
O=c1c(Cl)c2c(Cl)ccc3c4cccc5cccc(c(c1=O)c23)c54,6.0084114,4.060717
CC1(C)OC2=C(CC1OC(=O)c1ccc(Br)cc1)C(=O)C(=O)c1ccccc12,6.51801,3.922285
O=C1c2ccccc2C(=O)c2c(NCCNCCO)nnc(NCCNCCO)c21,5.554815,3.6963625
O=C1C(=O)c2ccccc2C(O)=C1C(Sc1ccc(Cl)cc1)c1ccccc1,5.865037,3.829135
C=CCNC1=C(N2CCCCC2)C(=O)c2ccccc2C1=O,5.544575,3.3206825
COC(=O)c1ccc2c(c1N=[N+]=[N-])C(S(=O)(=O)Cl)=C(N=[N+]=[N-])C(=O)C2=O,7.316536,4.978492
COC(=O)C(Cc1ccc(O)cc1)N1CCc2c(oc3c2C(=O)C(=O)c2ccccc2-3)C1,5.744606,3.7330081
CNCC(=O)Nc1ccc(NC(=O)CNC)c2c1C(=O)c1ccccc1C2=O,5.686204,3.66298
CCCC1OC2CC(=O)OC2C2=C1C(=O)c1ccccc1C2=O,6.6500893,4.0426073
O=C(O)c1cccc(NC2=C(n3nnc4ccccc43)C(=O)c3ccccc3C2=O)c1,6.102271,3.9673889
NC1=C(N)C(=O)C(N)=C(N)C1=O,5.8442135,3.279426
O=C(O)c1cc2oc3ccccc3c3ccccc3oc2cc1C(=O)Nc1ccc(Cl)cc1,5.83118,2.5312219
CC(C)CNc1cc(NC2CC2)c2c3c(onc13)-c1ccccc1C2=O,5.642619,3.079438
COC1=C(C)C(=O)C(=O)c2ccccc21,6.5301285,3.7612607
COc1c(Cl)c(O)cc2c1C(=O)c1c(O)cc(COC(C)=O)cc1C2=O,6.606154,3.716518
Nc1cccc2c1C(=O)c1c(N)ccc(N)c1C2=O,5.546799,3.1993155
COc1cccc(C2=C(O)c3ccccc3C(=O)C2=O)c1,6.18081,3.6599975
CC(C)CC(c1cc(O)c2c(c1O)C(=O)c1ccccc1C2=O)N(CCCl)CCCl,5.7480106,3.7093995
CC1=C2SCC(C)c3ccc(C)c(c32)C(=O)C1=O,5.7890806,3.5957277
CCN(CC)C(=O)c1cc2c(o1)C(=O)c1ccccc1C2=O,6.5410643,3.9107802
O=C1C(=O)c2ccccc2C2=C1C(c1ccc3c(c1)OCO3)c1c(ccc3ccccc13)O2,5.672443,3.6910753
Cc1ccc(C(=O)Nc2c(NC(=O)CN3CCOCC3)ccc3c2C(=O)c2ccccc2C3=O)cc1,5.6916265,3.6456327
COC1=C(C)C(=O)C2=C(C1=O)C(COC(N)=O)C1(OC)C3NC3CN21,6.1907945,3.8265579
O=C1C(=O)c2ccccc2C2=C1SCC1(CCN(CC3CCCO3)CC1)O2,5.476961,3.8258731
Cc1nc2c([nH]1)C(=O)C(Cl)=C(Nc1ccc(C(F)(F)F)cc1)C2=O,6.3253136,3.8690255
COc1cc(O)c2c(c1)C(=O)c1cc(CBr)cc(O)c1C2=O,6.5925264,3.6974678
O=C1C(=O)c2c(oc3c2CCN(CCCO)C3=O)-c2ccccc21,6.3858523,3.9231002
COc1ccc2c(c1)C(=O)C(=O)C1=C2OC(C)(C)C(O)C1,6.3372803,3.7284188
CN(C)c1ccc(C(C2=C(O)c3ccccc3C(=O)C2=O)C2=C(O)c3ccccc3C(=O)C2=O)cc1,5.151573,4.087928
NCCc1c[nH]c2c(O)c3c(c(O)c12)C(=O)c1ccccc1C3=O,5.5902586,3.5118868
CC1=CC(=O)C(C(C)(C)CC(=O)N2CCN(c3cc4c(cc3F)c(=O)c(C(=O)O)cn4C3CC3)CC2)=C(C)C1=O,5.544791,3.8839529
COc1c(N2CC3CCCNC3C2)c(F)cc2c(=O)c(C(=O)C=CC3=CC(=O)C(=O)C=C3)cn(C3CC3)c12,5.303254,4.19259
O=C1C(=O)c2cc(N(c3ccc(CCCCO)cc3)c3ccc(CCCCO)cc3)ccc2-c2ccccc21,5.415289,3.62191
Cc1ccc2c(c1)C(=O)c1cc(O)cc(O)c1C2=O,6.5164165,3.4428208
O=c1c(=O)c2c(F)c(F)c(F)c3c2-c2c1c(F)c(F)c(F)c2c(=O)c3=O,7.744774,5.45973
O=C1C(=O)c2ncncc2C(F)=C1F,7.3884344,4.998228
COC(=O)COC1=CC(=O)C(=O)c2ccccc21,6.7905483,3.9380138
CC(=O)c1cccc2c1C(=O)c1c(C(C)=O)cc(C(=O)O)cc1C2=O,6.8447676,4.0415587
COc1ccc(NC2=C(O)c3ccccc3C(=O)C2=O)cc1,5.6672826,3.6149344
CCN1CCN(Cc2nc3c4c(ccc3[nH]2)C(=O)c2ccccc2C4=O)CC1,5.391085,3.5268278
Cc1cccc(OC(=O)N2CCC3(CC2)CSC2=C(O3)c3cc(F)ccc3C(=O)C2=O)c1,5.9189153,4.003897
CC(C)=CCCC1(C)C=Cc2c(ccc3c2C(=O)C(=O)C(C2=C(Cl)C(=O)c4ccccc4C2=O)=C3O)O1,5.650317,4.472324
CC(COC(=O)c1ccc2ccccc2c1)CC1=C(O)c2ccccc2C(=O)C1=O,6.0455933,3.7014682
CC(N)Cc1c2ccoc2c(Br)c2ccoc12,5.909504,2.2391932
Cc1cccc(NC2=C(NCCO)C(=O)c3ccccc3C2=O)c1,5.612318,3.4537084
O=C(Nc1cccc2c1C(=O)c1ccccc1C2=O)c1ccccc1Cl,6.391987,3.6589699
OC(c1cc(C(F)(F)F)nc2c(C(F)(F)F)cccc12)C1CCCCN1,6.055641,2.7544131
O=C(O)c1ccc([N+](=O)[O-])c2c1C(=O)c1ccccc1C2=O,7.0922227,4.2713304
COCCOCCOCCOCCOCCOc1ccc2c(c1)oc1c2ccc2c3cc(F)c(F)cc3oc21,5.76007,1.975607
O=C1c2ccc(Cl)cc2C(=O)c2cc(Cl)ccc21,6.7092505,3.8421402
CC(=O)N(C1=C(N(C)C)C(=O)c2ccccc2C1=O)c1cccc(Br)c1,5.8336177,3.691348
C=CCSc1nc2c3c(ccc2[nH]1)C(=O)c1ccccc1C3=O,6.0054274,3.5597425
CCCCCCCCCCCCCCC1=C(O)C(=O)C=C(OC)C1=O,6.3067493,3.9264183
Cc1ccc2c(c1C(=O)CC1CC1C)C(=O)C(=O)C(C(C)C)=C2,6.269444,3.7689915
O=C1C(=O)c2ccccc2C2=C1SCC1(CCN(C3CCCC3O)CC1)O2,5.485109,3.8183405
O=C1c2cccc(O)c2C(=O)c2c(O)cc(CN(CCCl)CCCl)cc21,5.839562,3.6943867
O=C1C=C(S(=O)(=O)O)c2ccccc2C1=O,7.1251574,4.407522
CC(c1cc2c(o1)C(=O)c1ccccc1C2=O)N1CCN(C)CC1,5.400197,3.7433214
O=C1C(=O)C(F)=C(F)C=C1F,7.885189,5.171874
O=C1C(=O)c2ccc3ccccc3c2-c2c1cccc2-c1ccc(F)cc1,6.0769787,3.722057
[NH3+]C(CC1=CC(=O)C(=O)C=C1)C(=O)[O-],6.7139206,4.1235323
COC1=CC(=O)c2c(c(COC(=O)c3ccc(F)cc3)cn2C)C1=O,6.5598235,3.6761932
COC(=O)C(Cc1ccccc1)Oc1ccc2c(c1)C(=O)C(=O)C=C2c1ccccc1,6.2129054,3.8644905
C=CC(C)(C)C1=C(O)c2c(O)cccc2C(=O)C1=O,6.228883,3.59013
O=C1C(=O)c2c(nc3cc(Cl)ccn23)-c2cccc([N+](=O)[O-])c21,6.7583103,4.3282213
COc1nncc2c1-c1cc(F)ccc1C(=O)C2=O,6.8482323,4.3003573
CCCn1c(O)c(C2=CC(=O)c3[nH]cc(CCN)c3C2=O)n(C)c1=O,6.0465903,3.493632
CCCCCC(OC1OC(C(O)CO)C(O)C1O)c1c(O)cc2c(c1O)C(=O)c1c(O)cc(O)cc1C2=O,6.3048306,3.5402625
O=C1C=C(O)C(C2CCCCC2)=CC1=O,6.4817276,3.877133
COc1cc(O)c(C(=O)c2ccccc2)c(OC)c1,6.1414266,2.425784
CC1(C)CCc2ccc3c(c2C1)C(=O)C(=O)C(F)=C3,6.4057865,4.043492
COC1=CC(=O)C(=O)c2c1coc2-c1cc(C)cc(OC)c1OC,6.156499,3.9396555
NCCNCCOCCOc1cccc2c1C(=O)c1ccccc1C2=O,5.6860104,3.5826664
Nc1c(Br)cc(O)c2c1C(=O)c1ccccc1C2=O,6.4062014,3.7097921
Nc1ccc(O)c2c1C(=O)c1c(O)cc(Br)c(N)c1C2=O,5.936675,3.6269324
O=C1C(=O)c2c(O)cccc2C2=C1CCC(c1ccc(Br)cc1)O2,6.362987,3.7683597
C=CCOC(=O)c1cc(C(=O)OCC=C)c2c(n1)C(=O)C(=O)c1cc(C(=O)OCC=C)[nH]c1-2,6.7436805,4.1973395
O=C1c2ccccc2C(=O)c2c1cc(Sc1cccc(Cl)c1)c1nsnc21,6.223173,4.3793807
CC1(C)OC2=C(C(=O)C(=O)c3ccccc32)C1Nc1ccc([N+](=O)[O-])cc1,6.0646944,3.919185
Nc1ccc(NC2CCCCC2)c2c1C(=O)c1ccccc1C2=O,5.536703,3.2904189
CC(=O)NC1=CC(=O)c2ccc(C)nc2C1=O,6.660714,3.8358872
COC1=CC(=O)C(C)=C(CC=C(C)CCC=C(C)C)C1=O,5.7959957,3.8144796
COC(=O)c1c(OCCN2CCCCC2)c2ccccc2c2oc3c(c12)C(=O)c1ccccc1C3=O,5.602826,3.9151409
COc1cc2c(c(OC)c1C)C(=O)c1ccccc1C2=O,6.373541,3.4551928
CN(C)CCOc1ccc2c3c(oc2c1)C(=O)c1ccccc1C3=O,5.696269,3.7338488
O=C1C=C(NC(=O)c2ccc(Cl)cc2)c2ncccc2C1=O,6.5564923,4.042556
O=C1C=C(NS(=O)(=O)c2ccc(Br)cc2)C(=O)c2ccccc21,6.8774223,4.0622315
O=C1c2ccccc2C(=O)c2c1ccc1[nH]c(SCCCCCBr)nc21,6.0484824,3.5859618
O=C1C(=O)c2ccccc2C(O)=C1CN1CC2CCC1CC2,5.703129,3.6632628
FC(F)(F)c1ccccc1-c1nc2c3cccnc3c3ncccc3c2[nH]1,5.9368854,3.165725
COC1C(OC2c3c(cc4c(c3O)C(=O)c3c(O)cccc3C4=O)C(=O)C(C)(O)C2OC)OC(C)C(O)C1O,6.3941865,3.984512
COc1ccc(NCc2oc3c(c2C)C(=O)C(=O)c2cc(C)c(C)cc2-3)cc1,5.4632573,3.5083923
CCCCOC1OC(=O)c2c1cc1c(c2O)-c2c(O)c3c(c(OC)c2CC1)C(=O)c1c(cc(O)c(C)c1O)C3=O,6.1446915,3.659957
O=C1C=CC(=O)c2cc(O)ccc21,6.7684402,3.7849293
COc1ccc(-c2cc(O)c3c(c2)C(=O)c2ccccc2C3=O)cc1,6.0745397,3.588767
COC1=C(N2CCOCC2)C(=O)c2ccccc2C1=O,5.866798,3.6569085
O=C1C=CC(=O)c2c(O)ccc(O)c21,6.676769,3.883665
O=C1C=Cc2c(OS(=O)(=O)Cl)cccc2C1=O,7.0090528,4.2415347
O=C1C(=O)c2ccccc2C(O)=C1c1c([N+](=O)[O-])c2n(c1-c1ccc(F)cc1)CCCN2,5.7702403,3.8168764
O=c1c2ccccc2c(=O)c2cc3c(=O)c4ccccc4c(=O)c3cc12,6.6858835,4.245338
CCCCCCCCCCCCCCCCCC(=O)NCC(C)(C)CC1=C(O)c2ccccc2C(=O)C1=O,6.088066,3.5757406
CN=C(C)Nc1ccc2c(c1)C(=O)c1ccc(NC(C)=NC)cc1C2=O,5.4572735,3.3470964
CC(C)(C)OC(=O)CNC(=O)c1ccc2c(c1)-c1ccccc1C(=O)C2=O,6.5723534,3.82217
CC(C)C1=CC(=O)C2=C(CCC3C(C)(CO)C(=O)CCC23C)C1=O,6.223354,3.6931288
CCCCCCCCCCCCCC1=C(OC)C(=O)C=C(OC)C1=O,6.301996,3.9859278
CCCCCCCCOC(=O)c1cc2c([nH]c3ccccc32)c(-c2ccc3c(n2)C(=O)C(NC(C)=O)=CC3=O)n1,5.954365,4.0132375
O=C1C(=O)c2cc(-c3ccc4c(c3)OCO4)ccc2-c2ccccc21,6.014826,3.639808
[N-]=[N+]=NC1=C(N=[N+]=[N-])c2cc([N+](=O)[O-])ccc2C(=O)C1=O,7.1393695,4.665212
O=C1c2c(O)ccc(O)c2C(=O)c2c(NCCN(CCO)CCO)ccc(NCCN(CCO)CCO)c21,5.0911965,3.4715393
COc1ccc(CNC2=C([N+](=O)[O-])C(C3=C(O)c4ccccc4C(=O)C3=O)c3ccccc3O2)cc1,5.8046837,3.9481947
O=c1c2[nH]cc[nH]c2c(=O)c2c(=O)n(Cc3cccc(Br)c3)c(=O)c12,5.8711057,4.240666
Cc1cccc(SC2C3=C(OC2(C)C)c2ccccc2C(=O)C3=O)c1,5.916264,3.8502667
COC1=C(C)C(=O)c2cccc(O)c2C1=O,6.5446258,3.7882073
CC(C)(C)C1=CC(Cl)=C(C(C)(C)C)C(=O)C1=O,6.420824,3.876792
CC(C)=CCCc1c(O)c2c(c(O)c1Cl)C(=O)c1ccccc1C2=O,5.982425,3.6876044
CCCCN(CCCC)CCCNC(=O)CCCCC1=C(C)C(=O)c2cccc(O)c2C1=O,5.624057,3.5760467
O=C1C=Cc2ccc3cc4ccccc4cc3c2C1=O,6.0129914,3.8362367
c1ccc2c(c1)OS1(O2)Oc2ccccc2O1,4.6809506,1.1417804
CC(=O)OCC1OC(OC(CC=C(C)C)C2=CC(=O)c3c(O)ccc(O)c3C2=O)C(OC(C)=O)C1OC(C)=O,6.228006,3.930692
COc1ccccc1C(=O)C=Cc1ccc(C=CC(=O)c2cccc3c2C(=O)c2ccccc2C3=O)cc1,6.06539,3.7465801
Clc1ccc2ooc2c1Cl,6.458064,2.1678138
CCCCCCCCCCC(=O)OCC(C)(C)CC1=C(O)c2ccccc2C(=O)C1=O,6.266596,3.6595988
O=C1C(=O)c2ccccc2C(O)=C1C(NCc1ccccn1)c1ccc(F)c(F)c1,5.894075,3.7609503
CC(=O)Oc1cc(O)cc2c1C(=O)c1c(O)cc(C)cc1C2=O,6.637073,3.6290488
COc1oc2c(c1OC)C(=O)C(=O)c1cccc(O)c1-2,6.603375,3.784555
CC(C)=CCCC(C)=CCCC(C)=CCC1=C(O)c2cc(C)c(C)cc2C(=O)C1=O,5.4586477,3.57674
CCCCCCCCCCCC1=C(O)C(Nc2ccccc2)=CC(=O)C1=O,5.9535575,3.681218
CC1=C(CCCCCC(=O)N(CCNc2ccnc3cc(Cl)ccc23)C(C)C)C(=O)c2ccccc2C1=O,5.5017047,3.5699568
COC1=C(C(C)(C)C)C(=O)C(=O)C(C(C)(C)C)=C1,6.342497,3.6511743
CCCCOc1ccc2c(c1)C(=O)C(=O)C1=C2NC(=O)C1(C)C,6.3435926,3.7821724
CCN(C)Cc1nc2c3c(ccc2[nH]1)C(=O)c1ccccc1C3=O,5.752733,3.5081842
COc1cc(O)c2c(c1)C(=O)c1c(O)cc(C)cc1C2=O,6.4290333,3.4864144
COc1ccnc2c1C(=O)c1c(-c3ccccc3[N+](=O)[O-])ccnc1C2=O,6.5636997,4.254191
COc1c(O)c(OC)c2c(c1OC)C(=O)c1ccccc1C2=O,6.464823,3.5317674
CCc1ccc2c(c1)C(=O)C1=C(CCCC1)C2=O,6.399907,3.503002
COc1cccc(Cn2c(=O)c3c(=O)c4[nH]cc[nH]c4c(=O)c3c2=O)c1OC,5.636882,4.2109156
COc1c(O)c(O)c2c(c1OC)C(=O)c1ccccc1C2=O,6.425969,3.5680082
CC1=C(Br)C(=O)c2ccccc2C1=O,6.9152975,4.0965443
CCOC(=O)c1c(-c2ccccc2)[nH]c(-c2ccccc2)c1C1=C(O)c2ccccc2C(=O)C1=O,6.1145215,3.7043252
[N-]=[N+]=NCCOc1cccc2c1C(=O)c1c(OCCN=[N+]=[N-])cc(NC(=O)CCl)cc1C2=O,6.2729015,3.741978
Cc1cccc2c3c(ccc12)-c1occ(CN2CCC(CO)C2)c1C(=O)C3=O,5.602035,3.7197363
COc1cccc2c1C(=O)C(=O)C(C1=C(O)c3cccc(OC)c3C(=O)C1=O)=C2O,6.1439657,4.2884665
Cn1c(CCc2ccc(F)cc2)nc2c1C(=O)C(=O)c1ccccc1-2,6.305182,3.5577793
CC(C)(C1=CC(=O)C(=O)C=C1)C1=CC(=O)C(=O)C=C1,6.831503,4.729639
CCC(C)CC(C)C1=Cc2cc3c(c(O)c2CO1)C(=O)C(=O)C(OC)=C3,6.032226,3.8307881
CCC(C)c1nc2c3c(ccc2[nH]1)C(=O)c1ccccc1C3=O,6.2853312,3.4819834
CC(C)CC(NC(=O)C(F)(F)F)C(=O)OC1CC2=C(OC1(C)C)c1ccccc1C(=O)C2=O,6.566669,3.8622046
CN1C(=O)N(C)C2(c3ccccc3)NN3C(=NC12c1ccccc1)SC1=C3C(=O)c2ccccc2C1=O,6.090659,3.83578
CC1OC(OC2CC(O)(C(C)O)Cc3c(O)c4c(c(O)c32)C(=O)c2ccccc2C4=O)CC(N)C1O,5.9847484,3.6581223
COc1ccc(NC2=C(N3CCCCC3)C(=O)c3ccccc3C2=O)cc1,5.3575644,3.395365
O=C1C(=O)c2cc(C(F)(F)F)ccc2-c2ccccc21,6.8090076,3.8656907
O=S(=O)(F)Oc1cccc2c1OS(O)(O)O2,5.634029,2.732748
O=C1c2ccc(O)c(O)c2C(=O)c2c(O)ccc(O)c21,6.3754935,3.6376789
O=C1c2ccccc2C(=O)c2cc(CCl)ccc21,6.639773,3.6033247
CCc1cccc2c1C=CC(=O)C2=O,6.5341325,3.8247845
CC12CCC(O1)C(C)(C)C2CCc1ccc2c(c1)C(=O)C=CC2=O,6.2265196,3.7090816
COc1cccc2c1C(=O)c1c(O)ccc([N+](=O)[O-])c1C2=O,6.7634816,4.090147
O=C(C=Cc1ccc(C=Nc2cccc(C(F)(F)F)c2)cc1)c1cccc2c1C(=O)c1ccccc1C2=O,6.134946,3.776675
O=C1c2ccccc2C(=O)c2cc(CO)c(O)cc21,6.5563364,3.528514
Cc1ccc2c(c1)C(=O)C(=O)C(CCC(C)C)=C2O,6.3094063,3.6064217
O=C1c2cccc(O)c2C(=O)c2c(O)cc(C(=O)N3CCN(c4nccs4)CC3)cc21,5.879735,3.7573996
Cc1c(O)c(C(=O)CC(C)C)c2c(c1O)C(=O)c1cccc(O)c1C2=O,6.434803,3.6714702
COC(=O)Cc1ccc(OCC(O)CN2CCC3(CC2)CSC2=C(O3)c3ccccc3C(=O)C2=O)cc1,5.4130235,3.8774302
COc1cccc2cc3c(cc12)C(=O)C(=O)C=C3,6.131252,3.8738365
Cc1cc(=O)c2ccc3c(c2o1)C(=O)c1c(O)cccc1C3=O,6.5508566,3.9174519
CC(C)(C)OC(=O)CCCCOC1=CC(=O)C(=O)c2ccccc21,6.569413,3.7998798
O=C1c2ccccc2C(=O)c2c1cc(N1CCCC1)c1nsnc21,5.83975,3.9443574
Cc1cccc2c3c(ccc12)C1=C(C(=O)C3=O)C(C)CO1,6.125095,3.6454415
CC(C)OC(=O)c1cc2c(o1)C(=O)c1ccccc1C2=O,6.928621,4.0284414
CC(O)(CO)C1CC2=C(O1)c1ccccc1C(=O)C2=O,6.4424076,3.8097816
Cc1ccc(C)c2c1C(=O)c1ccccc1C2=O,6.330377,3.3232856
CN(C)S(=O)(=O)c1ccc2c(c1)C(=O)C(=O)C=C2,6.6002526,4.0949554
Cc1ccc2c(c1CCC(=O)NCCCCCC(=O)Nc1ccccc1N)C(=O)C(=O)C(C(C)C)=C2,5.5060263,3.519514
O=C(O)C1=CC(=O)C(=O)C=C1,7.17871,4.451497
O=C1C2=C(C(=O)c3ccccc31)C1(CS2)NC(=O)C(Cc2ccc(O)cc2)NC1=O,6.148734,4.0405927
O=C1C(Oc2ccc(O)cc2)=C(Cl)C(=O)c2ncccc21,6.3591514,4.370348
CC(C)(COC(=O)c1cc(O)ccc1O)CC1=C(O)c2ccccc2C(=O)C1=O,6.1797233,3.7248576
O=C1C(=O)c2ccc(Br)nc2-c2nc(Br)ccc21,6.992753,4.507603
COc1cc(O)c2c(c1)C(=O)c1ccccc1C2=O,6.4968877,3.5352736
CC1=CCCC2C1(C)CCC(C)C2(C)CC1=C(O)C(N)=CC(=O)C1=O,5.7734404,3.4882665
CC(C)=CCC1=C(O)c2c(cc3c(CC=C(C)C)c(C)cc(O)c3c2O)C(=O)C1=O,5.4494796,3.6548665
CCCCCCNC1=CC(=O)C(=O)c2ccc(C)nc21,6.0452156,3.5693111
NC(=O)CC1OC(=O)Cc2cc3c(c(O)c21)C(=O)c1c(O)cccc1C3=O,6.5111938,3.6847324
CCCCCCCCC=CCCCCCCCC1=C(O)c2ccccc2C(=O)C1=O,5.9708586,3.621726
O=C1C=CC2=C(OCC3c4cc5c(cc4OC23)OCO5)C1=O,6.083643,4.0805106
CCc1cnc2c(c1)C(=O)c1cc(CC)cnc1C2=O,6.559027,3.8672945
COc1ccc2c(c1OC)C(=O)c1ccc(C=C(C)CC(=O)O)c(O)c1C2=O,6.047043,3.5761855
CC(C)(O)c1cc2c(o1)C(=O)c1ccccc1C2=O,6.7129135,3.7981615
O=C1C=Cc2c(ccc3ccccc23)C1=O,6.3750324,3.9113374
CCC1=C(O)c2c(O)c(O)c(CC)c(O)c2C(=O)C1=O,6.2259126,3.59502
CCc1cc(CC)c2c(c1NC(C)=O)C(=O)C(=O)c1c(-c3ccc(F)cc3)csc1-2,6.1087155,3.7625315
COc1c2c(c(O)c3c1C(=O)c1c(cc(O)c(C)c1O)C3=O)-c1c(cc3c(c1O)C(=O)N1CCCNC31)CC2,5.6830063,3.45573
O=C1c2ccccc2C(=O)c2c(O)c(NCCCNCCO)cc(O)c21,5.5188,3.464827
O=S1Oc2c(O)ccc(O)c2O1,6.254206,2.5041935
CC1(C)SC2=C(C(C#N)=C(Oc3cc(F)cc(Cl)c3)C(=O)C2=O)C1O,6.523798,4.7552824
O=C(O)c1cc(OCc2ccccc2)c2c(c1)C(=O)c1cccc(OCc3ccccc3)c1C2=O,6.250374,3.7792473
CC(C)=CCCC(C)=CCC1=C(CC=C(C)CCC=C(C)C)C(=O)c2ccccc2C1=O,5.3873386,3.5587125
COCCCNS(=O)(=O)c1ccc(Oc2cc(O)c3c(c2N)C(=O)c2ccccc2C3=O)cc1,5.9706063,3.5514848
COC1=CC(C2c3cc4c(cc3C(Nc3ccc([N+](=O)[O-])cc3)C3COC(=O)C23)OCO4)=CC(=O)C1=O,5.7421536,4.220487
CN1CCc2cccc3c4c(cc1c23)C=CC(=O)C4=O,5.4321833,3.649022
CC1=CCCC2C1(C)CCC(C)C2(C)CC1=CC(=O)C=C(O)C1=O,5.877891,3.8131945
Cn1c(C=CCO)cc2c1C(=O)C=C(N1CC1)C2=O,6.053561,3.3446982
CN(C)C(=O)c1cc(C(=O)N(C)C)c2c(n1)C(=O)C(=O)c1cc(C(=O)N(C)C)[nH]c1-2,5.9137106,3.956435
COC1=C(c2c[nH]c3ccccc23)C(=O)C(OC)=C(c2c[nH]c3ccccc23)C1=O,5.385564,3.758924
CC=C1NC(=O)C2=C1C(O)=C(C=CCCC)C(=O)C2=O,6.1514688,4.05366
O=C1c2ccccc2C(=O)c2c(NCCCN(CCCl)CCCl)cccc21,5.4797344,3.4453676
[NH3+]C(CSC1=CC(CC([NH3+])C(=O)[O-])=CC(=O)C1=O)C(=O)[O-],6.1972976,4.2886896
CCNC1=CC(=O)c2ccccc2C1=O,6.2880044,3.4652107
O=C1C(=O)c2ccccc2C2=C1SCC1(CCCNCC1)O2,5.569836,3.7846854
O=C1C=C(N2CCN(c3ccc([N+](=O)[O-])cc3)CC2)c2ccccc2C1=O,5.4991946,3.8141835
COc1cc(O)c2c(c1)C(=O)C1=C(C2=O)C(OC)OC(C)=C1,6.359521,3.8008704
O=C1C(=O)c2ccccc2C2=C1SCC1(CCCCC1)O2,5.966763,3.8092046
COc1cc(OC)c2c(c1)C(=O)c1cc(C)cc(O)c1C2=O,6.354004,3.4567106
CC(C)=CCCC1(C)C=Cc2c(ccc3c2C(=O)C(=O)C=C3O)O1,5.7549233,3.6789684
CCCCCNC1=C(NC(=O)CCl)C(=O)C(=O)c2ccccc21,5.9543805,3.7129083
Cc1ccc(CC2=C(O)c3ccccc3C(=O)C2=O)o1,6.206111,3.6350994
O=C1C=Cc2ccc3c(c2C1=O)Cc1ccccc1O3,6.1237597,3.770842
COc1cc(C2CC(=O)NC3=C2C(=O)C(=O)c2ccccc23)ccc1O,5.95579,3.806288
CC1=CC(=O)c2c(ccc(-c3ccc4c(c3O)C(=O)C=C(C)C4=O)c2O)C1=O,6.4432435,4.2242875
O=C1C=C(OCC2CCCCC2)c2ccccc2C1=O,6.3928757,3.7886872
COC1=C(N)C(=O)c2c(ccnc2-c2ccc(N)cc2)C1=O,5.6081395,3.7560525
O=C1c2c(O)cc(CO)cc2C(=O)c2c(O)c(O)cc(O)c21,6.416232,3.654806
NCCCN1C2=CC(=O)C(=O)c3[nH]cc(c32)CC1C(=O)O,5.8313694,3.412685
O=C1c2ccccc2C(=O)c2c1cccc2N1CCCC1,5.679019,3.3596182
CC(C)CNCC(=O)Nc1ccc2c(c1)C(=O)c1cc(NC(=O)CNCC(C)C)ccc1C2=O,5.7234006,3.4328988
CC(=O)OC1C(Oc2cc(O)c3c(c2)C(=O)c2cc(C)cc(O)c2C3=O)OC(C)C(O)C1OC(C)=O,6.5595317,3.579124
O=C1c2ccccc2C(=O)c2oc(C(=O)N3CCCCC3)cc21,6.409794,3.8638272
O=C1c2c(O)ccc(O)c2C(=O)c2c(NCCCCO)ccc(NCCCCO)c21,5.454003,3.4066508
COc1ccc(NCc2oc3c(c2C)C(=O)C(=O)c2ccccc2-3)cc1,5.5085278,3.5889404
CCCCC1=C(F)C(F)=C(CCCC)C(=O)C1=O,6.831574,4.517545
CNC1=CC(=O)c2ccncc2C1=O,6.252265,3.7691183
C=CCC1CC2=C(OC1(C)C)c1ccccc1C(=O)C2=O,6.2432237,3.662053
CC1=C(CCC(=O)O)C(=O)c2ccccc2C1=O,6.591636,3.6543639
COc1cccc(OC2=C(Cl)C(=O)c3c(OC(C)=O)ccc(OC(C)=O)c3C2=O)c1,6.507139,4.4355316
O=C(c1ccccc1)c1coc2c1C(=O)c1ccccc1C2=O,6.73132,4.0302515
CCN1CCN(C2=C(N(C)C(C)=O)C(=O)c3ccccc3C2=O)CC1,5.499609,3.6441588
Nc1ccc(NC2=CC(=O)C(=O)c3ccccc32)cc1,5.4949875,3.562583
CCOc1ccc(N(C(C)=O)C2=C(N3CCN(C)CC3)C(=O)c3ccccc3C2=O)cc1,5.319299,3.704822
O=C1C(N2CC2)=CC(=O)c2c1nc1n2CCC1,6.4266133,3.576747
CN1CCN(c2ccc(S(=O)(=O)Nc3cc4c(c(O)c3O)C(=O)c3ccccc3C4=O)cc2)CC1,5.2447834,3.5910091
O=C1C=CC2=C(C1=O)c1cc3cc4ccccc4cc3cc1CC2,5.6287565,3.800047
CNC1=CC(=O)c2c(O)c3c(c(O)c2C1=O)CC(C)(O)C(O)C3O,6.0691195,3.5749087
CCCC(=O)NC1=C(Cl)C(=O)c2ccccc2C1=O,6.715537,4.042892
CC(C)=CCCc1cc(O)c2c(c1O)C(=O)c1ccccc1C2=O,5.9579926,3.5778556
CCCCC1=CC(=O)C(=O)c2ccccc21,6.4432,3.7135487
CCC(O)(CC)C(=O)C1=CC(=O)C(=O)c2c1ccc1ccc(C(=O)C(O)(CC)CC)cc21,6.245126,4.113988
Cc1cc(O)c2c(c1)C(=O)c1c(O)ccc(O)c1C2=O,6.4174957,3.5994358
CCOC(=O)c1cc2c([nH]1)C=CC(=O)C2=O,6.79335,3.875659
CC1CC2=C(S1)c1ccccc1C(=O)C2=O,6.1489677,3.786993
CN1CCc2cccc3c2C1=CC(=O)C3=O,5.8866024,3.4127707
CCc1nc2c(o1)C(=O)C=C(NCCN(C)C)C2=O,5.8208637,3.8898997
Cn1c2c(c(=O)n(C)c1=O)C(c1ccccc1)CC(C1=C(O)c3ccccc3C(=O)C1=O)N2,5.8866425,3.744463
N#Cc1c(F)c(F)c(C#N)c2oc3ccc4ccccc4c3c3c(ccc4ccccc43)oc12,5.975025,3.5396852
CC(C)(C)OC(=O)N1CCC(O)(CSC2=CC(=O)C(=O)c3ccc(F)cc32)CC1,6.0246353,4.1258454
COC(=O)C(=O)N1CCC2(CC1)CSC1=C(O2)c2ccccc2C(=O)C1=O,6.029877,3.9350374
O=C1c2cccc(O)c2C(=O)c2c1ccc(C(c1ccccc1)N(CCCl)CCCl)c2O,5.759973,3.720396
CC1=CCCC2C1(C)CCC(C)C2(C)CC1=C(O)C(NCCc2cnc[nH]2)=CC(=O)C1=O,5.4997377,3.4669368
Cc1c(O)cc2c(c1O)C(=O)c1ccc(O)c(O)c1C2=O,6.336175,3.4867578
CC(=O)Nc1cc2c(cc1Cl)C(=O)c1ccccc1C2=O,6.5710506,3.6745212
O=C1c2ccccc2C(=O)c2c(O)c(C(O)c3ccc(Cl)cc3Cl)cc(O)c21,6.261546,3.7037647
O=C1c2cccc(O)c2C(=O)c2c1ccc(O)c2O,6.4649153,3.589125
O=C(CN1CCCCC1)Nc1ccc2c(c1)C(=O)c1cc(NC(=O)CN3CCCCC3)ccc1C2=O,5.3972087,3.4352772
O=C1C=C(Nc2cnc3ccccc3c2)c2ccccc2C1=O,5.817639,3.678242
O=C1C=C(N2CCC3(CC2)CSC2=C(O3)c3ccccc3C(=O)C2=O)c2ccccc2C1=O,5.5224695,4.0582767
CCOC(=O)c1ccc2nc3c(nc2c1)C(=O)c1ccccc1C3=O,6.676122,4.128664
CCCC(=O)C1=Cc2ccccc2C(=O)C1=O,6.6658425,4.106958
CC(C)=CCCC(C)=CCCC(C)=CCc1cccc2c(C3=C(O)C(=O)C=C(O)C3=O)c[nH]c12,5.2345357,3.7739174
O=c1c2[nH]cc[nH]c2c(=O)c2c(=O)n(Cc3ccc(F)cc3)c(=O)c12,5.837206,4.222567
O=C1C=C2OCC(O)(c3ccc(F)cc3)c3cccc(c32)C1=O,6.4983654,3.8718047
O=C1C(=O)c2c(Br)cc3c(c2-c2cc(Br)ccc21)OCO3,6.742322,4.0998087
C=C(C)c1cc2c(=O)c3c(O)cc4c(c3oc2c2c1C(=O)C(OC)=CC2=O)C=CC(C)(C)O4,5.8959002,3.9291346
COc1cc(C)c2c3c1C(C)(C)OC3=C(C)C(=O)C2=O,6.237172,3.568043
O=C1C(O)=C(c2ccc(O)cc2)C(=O)C(O)=C1c1ccccc1,6.226038,3.8993185
COc1cc(OC)cc(C2CC(=O)NC3=C2C(=O)C(=O)c2ccccc23)c1,6.0022106,3.7771814
O=C1C=C(N2CCOCC2)c2cnccc2C1=O,5.9718494,3.8191915
CCOC(=O)c1cc2c(o1)C(=O)c1ccccc1C2=O,6.955284,4.030198
O=C1C(=O)c2ccccc2C(O)=C1C1CCCCCC1,6.198787,3.576424
CC1CC2=C(C(=O)c3c(O)cccc3C2=O)C(C)O1,6.47523,3.778132
CCC1(O)Cc2c(O)c3c(c(O)c2C(O)C1)C(=O)c1c(OC)cccc1C3=O,6.184426,3.6287863
O=C1C=Cc2c(ccc3cc4ccc5ccccc5c4cc23)C1=O,5.7375813,3.8542116
COc1ccc(SC2=CC(=O)C(=O)c3c(-c4ccccc4)cn(S(=O)(=O)c4ccccc4)c32)cc1,6.0228753,4.2472997
Cc1cc(O)c2c3c(ccc2c1)C(=O)c1c(ccc(C2CC(O)C(OC4CCC(O)C(C)O4)C(C)O2)c1O)C3=O,5.947639,3.6617842
CCCCCc1ccc2c(c1O)C(=O)c1c(OC)cccc1C2=O,6.2765856,3.5159333
CNC(=O)C(C)N1CCc2c(oc3c2C(=O)C(=O)c2c-3ccc3c(C)cccc23)C1,5.5940723,3.7078474
CC(C)=CC=Cc1ccc2c(c1)C(=O)c1ccccc1C2=O,5.9076047,3.4284086
CCCCCC1C(=O)OC(C)C(NC(=O)c2cccc(NC=O)c2O)C(=O)OC(C)C1OC(=O)CC(C)C,6.218928,2.6894765
CC(C)C=CC1=C(O)c2ccccc2C(=O)C1=O,6.2272205,3.6440923
O=C1C(=O)c2ccccc2C=C1[N+](=O)[O-],7.1051,4.5253935
CCOC(=O)C(CC(=O)c1cccc2c1C(=O)c1ccccc1C2=O)=NNC(=S)Nc1ccc(C)cc1,5.727299,3.779107
O=C1c2cccc([N+](=O)[O-])c2C(=O)c2cccc(Cl)c21,6.933761,4.2205977
O=C1c2ccccc2C(=O)c2c1cc(N1CCN(c3ccccn3)CC1)c1nsnc21,5.5230846,3.9441426
CCOC(=O)CC1COC2=C(C)C(=O)C(=O)c3c(C)ccc1c32,6.306052,3.5621855
Cc1ccc(C=CC(=O)c2ccc(NC3C4=C(OC3(C)C)c3ccccc3C(=O)C4=O)cc2)cc1,5.646761,3.7473636
CC(C)=CCOc1cc(C)c2c(c1C(C)C)C=C(C)C(=O)C2=O,5.86131,3.5905151
COc1c2c(c(O)c3c1C(=O)c1c(cc(O)c(C)c1O)C3=O)-c1c(cc3cnn(CC(=O)O)c(=O)c3c1O)CC2,6.0080047,3.818849
COc1ccc(CCN(C)C)c(C2=Cc3[nH]cc(CCNC(=O)OC(C)(C)C)c3C(=O)C2=O)c1OC,5.46247,3.4879723
NCCCCCOC1=CC(=O)C(=O)c2ccccc21,6.138406,3.7850578
Nc1c(C=NN=Cc2ccc3c(c2N)C(=O)c2ccccc2C3=O)ccc2c1C(=O)c1ccccc1C2=O,5.6170535,3.7764316
Cc1c2c(c3cc4ccccc4cc3c1C)C=CC(=O)C2=O,5.7476773,3.7028272
Cc1cccc(Nc2cc(NCC(C)C)c3noc4c3c2C(=O)c2ccccc2-4)c1,5.5098963,3.0767546
COc1ccc(C2CC3=C(O2)c2ccccc2C(=O)C3=O)cc1,6.1155844,3.764272
C#CC1(O)CCC2C3CCC4=Cc5oncc5CC4(C)C3CCC21C,5.8627057,1.6141417
CC1=C(O)c2c(c(C)cc3c2C(C)CO3)C(=O)C1=O,6.180384,3.4674964
COc1c2c(c(O)c3c1C(=O)C(=O)C(C)=C3O)OCO2,6.3280883,3.6367629
CC(C)C1=CC(=O)C2=C(CCC3C(C)(C)CCCC23C)C1=O,6.1571884,3.629291
CC1=C(C)C(=O)C(=O)C=C1,6.545974,3.8333867
O=C1c2ccccc2C(=O)c2c1nnn2-c1ccc(Cl)c(F)c1,6.8548594,4.1507277
CCCCCCCCOC(=O)c1ccc2c(n1)C(=O)C1=C(C2=O)S(=O)(=O)CCN1,6.5459685,4.3698416
COC1=CC(=O)c2c(O)c3c(c(O)c2C1=O)OC1(Oc2c(cc4cc(C)oc(=O)c4c2O)C(O)C1O)C3O,6.3572884,4.04842
CNc1ccc(O)c2c1C(=O)c1c(O)ccc(N(C)C)c1C2=O,5.320823,3.252173
O=C1C(=O)c2ccccc2C(O)=C1C1CC2CCC1C2,6.2072644,3.6423454
CCCCNC(=O)Oc1ccc2c(=O)c3sc4c(=O)c5ccccc5c(=O)c4c3c(=O)c2c1,6.55529,4.4733715
N#Cc1ccc(C2=CC(=O)c3ccccc3C2=O)cc1,6.7398605,3.8691664
CCOC(=O)c1c2c(n(C)c1CN1CCOCC1)C(=O)C(=O)c1ccc(Br)cc1-2,5.834745,3.846841
CCCCCCCCCCCCC1=C(O)c2ccccc2C(=O)C1=O,6.2117143,3.6220222
CCCCCc1c(C(=O)OCC)sc2c1C(=O)C(=O)c1ccccc1-2,6.5301065,3.8814733
Cc1ccc(C(=O)Nc2c(NC(=O)CN3CCCC3)ccc3c2C(=O)c2ccccc2C3=O)cc1,5.720585,3.6220927
COc1cc2c(c(OC)c1OC)C1CN(S(=O)(=O)c3ccc(C)cc3)C(CC2)C2=CC(=O)C(=O)C=C21,5.972652,4.0514035
O=C1C(Cl)=C(Cl)C(=O)c2ncccc21,6.9724092,4.526676
COCCCNC1=C(Cl)C(=O)c2ccccc2C1=O,6.17339,3.7838964
O=C(C=Cc1ccc(C=CC(=O)c2cccc3c2C(=O)c2ccccc2C3=O)cc1)c1ccccc1[N+](=O)[O-],6.3442326,4.074903
COC(C)CCn1c(=N)c2c(N)c3c(=O)c4ccccc4c(=O)c3c(N)c2c1=O,5.8378077,3.5988567
O=C(CCl)Nc1ccc2c(c1NC(=O)c1ccccc1)C(=O)c1ccccc1C2=O,6.3835363,3.6925974
Cc1cc2c(c3oc(C(O)(CO)C4CO4)cc(=O)c13)C(=O)c1c(O)cccc1C2=O,6.49877,3.9728043
Nc1ccc2c(c1)C(=O)c1cccc(N)c1C2=O,5.872954,3.194529
CCCCCCCC1=C(O)C(=O)C(CCCCCCC)=C(O)C1=O,6.3113823,3.830613
O=C1C(=O)c2ccccc2C(Cl)=C1Cl,6.8608522,4.293431
CC(=O)Nc1c(C)cc(C)c2c1C(=O)C(=O)c1c(-c3ccc(F)cc3)csc1-2,6.1122627,3.752766
O=C1c2ccccc2C(=O)c2c1ccc1nccnc21,6.421804,3.9257567
Cc1ccc(C(=O)Oc2cccc3c2C(=O)c2cccc(OC(=O)c4ccc(C)cc4)c2C3=O)cc1,6.4136095,3.888431
Cc1ccc[n+](C2=C([O-])c3c(O)ccc(O)c3C(=O)C2=O)c1,6.3577523,3.8305907
O=C(NCc1ccco1)c1ccc(C=CC(=O)c2cccc3c2C(=O)c2ccccc2C3=O)cc1,6.2272987,3.7428396
CCN(CC)CCC(=O)Nc1cccc2c1C(=O)c1cccc(NC(=O)CCN(CC)CC)c1C2=O,5.273423,3.6771915
COc1c(N2CCN(C(C)=O)C(C)C2)c(F)cc2c(=O)c(C(=O)C=CC3=CC(=O)C(=O)C=C3)cn(C3CC3)c12,5.5169287,4.2539663
CCCNCC(O)CNc1ccc(NCC(O)CCl)c2c1C(=O)c1ccccc1C2=O,5.338215,3.3053086
CNCCC(=O)Nc1ccc(NC(=O)CCNC)c2c1C(=O)c1ccccc1C2=O,5.5446367,3.6616304
CNC1=C([N+](=O)[O-])C(C2=C(O)c3ccccc3C(=O)C2=O)c2cc(Cl)cc(Cl)c2O1,6.0805907,3.9954448
O=C(c1ccco1)c1cc2c(o1)C(=O)c1ccccc1C2=O,6.8244853,4.093362
Cc1c2ccccc2c(C)c2c3c(ccc12)C(=O)C(=O)C=C3,5.689512,3.7862513
CC(=O)OC1CCn2c1nc1c2C(=O)C=C(N2CC2)C1=O,6.5619526,3.7530165
Nc1c(S(=O)(=O)O)cc(Nc2cccc(S(=O)(=O)C=CS(=O)(=O)O)c2)c2c1C(=O)c1ccccc1C2=O,6.210712,4.0753655
CCCCCC(OC)c1c(O)cc2c(c1O)C(=O)c1c(cc(OC)c(Br)c1O)C2=O,6.306811,3.8037815
O=c1c2ccccc2c(=O)c2c1sc1c(=O)c3ccc(Cl)cc3c(=O)c12,6.744986,4.5532875
Cc1nc2c(n1-c1ccc(Br)cc1)C(=O)c1ccccc1C2=O,6.5597315,3.6000457
Cc1coc2c1C(=O)C(=O)c1c-2ccc2c1C(OC(=O)c1cccc(O)c1)CCC2(C)C,6.2311344,3.6850948
O=C1CC(C2CCCC2)C2=C(N1)c1ccccc1C(=O)C2=O,6.2399244,3.7473109
CC(C)(C)c1ccc(OCC(O)CN2CCC3(CC2)CSC2=C(O3)c3ccccc3C(=O)C2=O)cc1,5.3805237,3.7929997
CCNc1cc(C#N)c(N)c2c1C(=O)c1ccccc1C2=O,5.861436,3.5152218
COc1ccc2[nH]c3c(c2c1)C(=O)c1ccccc1C3=O,6.0890408,3.433881
CCOC(=O)Nc1cccc2c1C(=O)C(=O)C=C2c1ccccc1,6.407757,3.8486605
CCCC1=C(Br)c2nc3ccccn3c2C(=O)C1=O,6.7368507,4.1991024
Cc1nc2c(nc1C)C(=O)c1ccccc1C2=O,6.5878344,3.739531
COC1=CC(=O)c2cc(C)cc(-c3cc4ccc(=O)oc4cc3OC)c2C1=O,6.1697288,3.8430855
COC(=O)CCCC1=C(OC)C(NC(C)=O)=CC(=O)C1=O,6.5910387,4.025146
O=C1C(=O)c2ccccc2C2=C1SCC1(CCN(C(=O)OCc3ccccc3)CC1)O2,5.9054213,3.8468204
CC(C)(C)c1cc(C2=C(O)c3cc4ccccc4cc3C(=O)C2=O)cc(C(C)(C)C)c1O,5.870034,3.7029068
NCCNCCNc1ccc(F)c2c1C(=O)c1c(O)ccc(O)c1C2=O,5.560588,3.6684518
Cc1nnc(-c2cc3c(s2)C(=O)c2ccccc2C3=O)o1,6.7340007,4.097065
CCCCCCCCCCCCCCCCC1=C(O)C(=O)C=C(O)C1=O,6.312596,3.8675096
O=C1c2c(O)ccc([N+](=O)[O-])c2C(=O)c2c(O)ccc([N+](=O)[O-])c21,7.2008176,4.572356
CCOC(=O)COc1ccc(C2=CC(=O)C(=O)c3ccccc32)cc1,6.2962294,3.8238704
CCN1CCc2c(oc3c2C(=O)C(=O)c2c-3ccc3c(C)cccc23)C1,5.5601034,3.67271
CC(=O)OCCC1=Cc2c(-c3ccccc3N=[N+]=[N-])ccnc2C(=O)C1=O,6.369766,4.1475487
Nc1ccc(O)c2c1-c1ccccc1C(=O)C2=O,5.9690065,3.5175023
Cc1nc2c([nH]1)C(=O)C(Cl)=C(Nc1cccc(Cl)c1Cl)C2=O,6.1486564,3.8954306
Cc1cnc2c(c1)C(=O)c1cccnc1C2=O,6.648423,3.9288647
CN1CCN(C(=O)c2cccc(Cn3nnc4c3C(=O)c3ccccc3C4=O)c2)CC1,5.7553906,3.9689345
O=C1C(CSC(=S)N2CCCCC2)=C(CSC(=S)N2CCCCC2)C(=O)c2ccccc21,5.4364233,3.9095051
CCCC1(O)COC2=C(Cl)C(=O)C(=O)c3cccc1c32,6.4958997,4.095203
O=c1c(=O)c2c(ccc3nnc(=O)c32)c2cnncc12,6.8872275,5.088205
CN(C)CC(=O)Nc1cccc2c1C(=O)c1c(NC(=O)CN(C)C)cccc1C2=O,5.4935946,3.6492138
CC(C)(C)C1=CC(C(C)(C)C)=C(Br)C(=O)C1=O,6.5904617,4.122015
CCC(=O)OCC(C)(C)CC1=C(O)c2ccccc2C(=O)C1=O,6.401489,3.6944432
O=C1C=C2CC(C(=O)O)NC2=CC1=O,6.4929748,3.768002
CCCCCC1=CC(=O)C(=O)C=C1O,6.613955,3.9057293
Cc1ccc(SC2C3=C(OC2(C)C)c2ccccc2C(=O)C3=O)cc1,5.904706,3.8499124
O=C1C(Nc2ccc(F)cc2)=C(Br)C(=O)c2[nH]cnc21,6.3216,4.082021
O=C1C(Nc2ccc(F)c(F)c2)=CC(=O)c2ncccc21,6.370148,3.888858
O=C1C=C(c2c(O)ccc3ccccc23)c2cc(O)ccc2C1=O,5.974899,3.7178047
Nc1c(Br)cc(Br)c2c1C(=O)c1c(cccc1S(=O)(=O)O)C2=O,6.8875294,4.2903395
CC1=CC(C)CCC(O)C(C)C(O)C(C)c2sc(c3c2C(=O)C(=O)C(C)=C3O)C(=O)C(C)CC(C)C1,5.5794992,4.104326
COC1=CC(=O)c2c(cc3oc4cc(OC)cc(C)c4c(=O)c3c2O)C1=O,6.2738633,4.0174036
Cc1ccc(SCCCCC2=C(O)c3ccccc3C(=O)C2=O)cc1,5.703371,3.6396728
CC(=O)OC(CCc1c(C)ccc2c1C(=O)C(=O)C(C(C)C)=C2)C(C)(C)O,6.2225533,3.5824714
Cc1c(C(=O)CCC(C)C)cc2c(c1O)C(=O)C(=O)c1c(O)cccc1-2,6.280451,3.6973033
COC1=CC(=O)C(C)=CC1=O,6.828411,3.9897466
O=C1c2ccccc2C(=O)c2c1cc(NS(=O)(=O)c1ccc3ccccc3c1)c(O)c2O,6.1505713,3.6352866
CCC1=C(O)c2c(O)c(O)c(O)c(O)c2C(=O)C1=O,6.179503,3.6479805
O=C1CC2OC(c3cccs3)C3=C(C(=O)c4ccccc4C3=O)C2O1,6.416232,4.066721
Nc1c(O)c(O)c(N)c2c1C(=O)c1ccccc1C2=O,5.6882267,3.3488443
CCCCCCc1cc2c(C)cc3c(c2o1)C(=O)c1c(O)cccc1C3=O,6.221471,3.4956372
O=C1C(Cl)=C(Cl)C(=O)C(Cl)=C1Cl,7.5454288,5.1264076
O=C1C=C(Nc2ncccn2)c2ccccc2C1=O,6.322987,3.7255948
CCCCCCCCC(COC(=C(F)F)C(F)(F)F)C1CCCCC1,6.10759,1.7959988
Nc1ccc(C2OC3CC(=O)OC3C3=C2C(=O)c2ccccc2C3=O)cc1,5.86723,3.9928033
O=C1C=C(n2cc(CCCCl)nn2)C(=O)c2c(O)cccc21,6.542287,4.0812993
CNC(=O)c1cc(C(N)=O)nc2c1C(=O)C(=O)C(Cl)=C2N,6.462571,4.1172104
Cc1cccc(N2C3=C(C(=O)C(=O)c4ccccc43)C3(O)C(=O)c4ccccc4C23O)c1,6.1773834,4.038519
Cc1c(=O)c(=O)c(F)c2c3c(F)c(F)c(F)c(F)c3c3c(F)c(=O)c(=O)c(F)c3c12,7.5699677,5.2494836
Cc1nn(-c2ccccc2)c(NC2C3=C(OC2(C)C)c2ccccc2C(=O)C3=O)c1Br,5.945364,3.7914085
Cc1ccc(Sc2ccc3c(c2)C(=O)c2cc(O)c(O)cc2C3=O)cc1,5.97568,3.571135
O=C1c2ccccc2C(=O)c2c1cc(O)c(COC1OC(CO)C(O)C(O)C1O)c2O,6.4207153,3.6134999
CCCCCCCCCCCCNCC1=C(O)c2ccccc2C(=O)C1=O,5.877233,3.6395397
CCCCCNCc1ccc2c(c1)C(=O)c1nccnc1C2=O,5.9642396,3.9858012
O=C1C=C(CO)C(O)=C(Cl)C1=O,6.949772,4.3708134
CC(=O)NC1CC(OC2CC(O)(C(C)=O)Cc3c(O)c4c(c(O)c32)C(=O)c2c(O)cccc2C4=O)OC(C)C1O,6.143033,3.6987772
CN(C)c1cccc(-c2c(F)cc(-n3nnc4c3C(=O)c3ccccc3C4=O)cc2F)c1,5.597319,4.0331917
Cc1cccc2c1[nH]c1c3c(ccc12)C(=O)C(=O)C=C3,5.7250004,3.7872689
CCCCCCCCNC1=CC(=O)C(=O)c2ccccc21,6.0469728,3.4692376
CC(C)(COC(=O)c1ccc2c(c1)OCO2)CC1=C(O)c2ccccc2C(=O)C1=O,6.1651726,3.6936274
COC(=O)C1=C(c2c(Nc3ccccc3Br)ccc3ccccc23)c2ccccc2C(=O)C1=O,5.623532,3.9894056
CC(C)=CCC(OC(=O)C=CC(=O)c1ccc(C)cc1F)C1=CC(=O)c2c(O)ccc(O)c2C1=O,6.1738496,4.1421914
COCC1=C(OC)C(=O)C2=C(C1=O)N1CC3NC3C1(OC)C2COC(N)=O,6.2046156,3.9604197
CCCCCCC1=C(C)C(=O)c2ccccc2C1=O,6.3815374,3.5570366
CCOC(=O)C(Cc1ccc(O)cc1)NC1=CC(=O)C(=O)c2ccccc21,5.9851704,3.585032
NC(=O)CC(SC1=CC(=O)c2ccccc2C1=O)C(N)=O,6.370974,3.9778888
CN1CCN(CCN2CCc3c(oc4c3C(=O)C(=O)c3ccccc3-4)C2=O)CC1,5.337455,3.894543
Cc1oc2c(c1C(=O)NCC1CCCO1)C(=O)c1ccccc1C2=O,6.3901424,3.793024
CC(=O)C1=C(O)c2c(cc(O)c(O)c2O)C(=O)C1=O,6.4001637,3.9665422
CC1=C(C)C(=O)C(C(CCCCC(=O)O)c2cccnc2)=C(C)C1=O,6.127291,3.658341
O=C1c2c(O)ccc(O)c2C(=O)c2c(NCCOCCO)ccc(NCCOCCO)c21,5.4873857,3.463394
O=C1C=C(OCCCO)c2ccccc2C1=O,6.6068397,3.8483484
O=C1C(=O)c2ccc(-c3ccncc3)cc2C2=C1SCC1(CCN(C(=O)c3cccc(Cl)c3)CC1)O2,5.6377974,3.9245045
COc1c2c(c(OC)c3[nH]ccc13)C(=O)c1ccccc1C2=O,5.918742,3.4987168
O=C1C(Nc2ccccc2)=CC(=O)c2c(O)cccc21,6.0800014,3.5996757
[N-]=[N+]=NC1=C(S(=O)(=O)Oc2ccc(O)cc2O)c2c(N=[N+]=[N-])cccc2C(=O)C1=O,6.5498705,4.668531
Cc1coc2c1C(=O)C(=O)c1c-2ccc2c1C(OC(=O)Cc1ccc(F)cc1)CCC2(C)C,6.290162,3.6646667
O=C1C(=O)c2ccccc2C(O)=C1CC1CCc2ccccc2O1,6.048118,3.6532145
CC1CSC2=C(O1)c1cc(N3CCCCC3)ccc1C(=O)C2=O,5.40144,3.7210732
CCN(CC)CCn1ccc2c3c(oc2c1=O)-c1ccccc1C(=O)C3=O,5.663514,3.9857001
COC(=O)CC1OCC=C2CN3CCC45C6=CC(=O)C(=O)C([N+](=O)[O-])=C6NC4C1C2CC35,5.712143,4.2508454
COC1=CC(C2c3cc4c(cc3C(Nc3cncc5ccccc35)C3COC(=O)C23)OCO4)=CC(=O)C1=O,5.492538,4.0568004
CC(=O)c1c(C)oc2c1C(=O)c1ccccc1C2=O,6.757445,3.850426
CCCCCCCCCC(NC1CCCCC1)C1=C(O)c2ccccc2C(=O)C1=O,5.779131,3.624862
COCCNc1cc(O)c2c(c1O)C(=O)c1ccccc1C2=O,5.834572,3.479967
COc1cc2c(c(OC)c1)C(=O)C(=O)C(CC(C)OC(=O)c1ccccc1)=C2,6.321951,3.7997053
COC(=O)C12CCCC(C)(C)C1CC(=O)C1=C2C(=O)C(=O)C(C(C)C)=C1,6.402138,4.252761
CCCCCCOc1ccc(CNC2=CC(=O)C(=O)c3ccccc32)cc1,5.88031,3.479044
O=C1c2cc(O)cc(O)c2C(=O)c2c1c(O)c1cc(O)cc(O)c1c2O,6.0365767,3.6564062
CC1=CCCc2c1ccc1c2C(=O)C(=O)C(C(C)C)=C1,5.8801694,3.5290391
CN(C)CCNc1ccc(NCCN(C)C)c2c1C(=O)c1cc(Cl)c(Cl)cc1C2=O,5.0915995,3.5279274
COc1ccc(OC)c2c1C=CC(=O)C2=O,6.3399305,3.8290854
O=C1C(=O)c2ccccc2C(O)=C1C(c1ccc([N+](=O)[O-])cc1)c1c(O)c2ccccc2oc1=O,6.2997,4.114843
CC(C)(C)OOC(C)(C)c1ccc2ooc2c1C(C)(C)OOC(C)(C)C,6.12775,0.8418269
CC(C)C1=CC2OC3=C(CC2CC1)C(=O)C(=O)c1ccccc13,6.0137105,3.6383562
CCC1COC2=C(C)C(=O)C(=O)c3c(C)ccc1c32,6.224284,3.518127
CC(C)C1=C(Sc2ccc(F)cc2)c2ccc3c(c2C(=O)C1=O)CCCC3(C)C,5.928964,3.7564702
CCCc1cn(C2C3=C(OC2(C)C)c2ccccc2C(=O)C3=O)nn1,6.366122,3.8813078
COc1ccc(O)c2c1C(=O)c1ccc(CO)c(O)c1C2=O,6.3508177,3.6673276
COc1c(C)c(O)c2c(c1O)C(=O)C(=O)C=C2,6.2924,3.8485591
COc1cccc2c1C(=O)c1c(O)c3c(c(O)c1C2=O)CC(O)(C(=O)O)CC3OC1CC(N)C(O)C(C)O1,6.0193186,3.7117395
Cc1[nH]c2ccccc2c1C1=C(Cl)C(=O)C(N2CCOCC2)=C(Cl)C1=O,5.5174804,4.014723
CCCCC(CC)CNc1ccc(NCC(CC)CCCC)c2c1C(=O)c1ccccc1C2=O,5.410916,3.174883
O=C1C=C(O)c2ccc(-c3ccccc3)cc2C1=O,6.353441,3.7596118
O=C1C(Nc2ccc(Cl)cc2)=C(N2CCCCC2)C(=O)c2ccccc21,5.4581676,3.4307387
CCSC1=C(C)C(=O)c2ccccc2C1=O,6.1290574,3.837118
O=C1C(=O)c2c(cccc2[N+](=O)[O-])-c2cccc([N+](=O)[O-])c21,7.1980276,4.630661
COc1ccc(N(C)C2=CC(=O)C(=O)c3ccccc32)cc1F,5.832726,3.660823
O=C1C=C(Sc2ccccc2)c2ccccc2C1=O,6.2405996,3.9718475
CCOC(=O)c1ccc(CCC2=C(c3ccccc3)c3ccccc3C(=O)C2=O)cc1,6.2465515,3.7430575
CNc1ccc(NCCCN)c2c1C(=O)c1ccccc1C2=O,5.3806562,3.2604725
O=C(O)c1ccc(NC2=C(Cl)C(=O)c3ccccc3C2=O)cc1,6.2387943,3.8913496
O=C(O)c1ccc2c(c1)-c1ccccc1C(=O)C2=O,6.743251,3.8319645
CCCCCCCCOc1cc(C)c2c(c1C(C)C)C=C(C)C(=O)C2=O,6.0596323,3.5635564
Cc1coc2c1C(=O)C(=O)c1c-2ccc2c1C(OC(=O)c1ccc(O)cc1)CCC2(C)C,6.209668,3.664574
O=C1C(=O)c2c(F)c(F)c(F)c(F)c2-c2c(F)c(F)c(F)c(F)c21,7.847007,4.8867326
CN(CCO)CCCNc1cccc2c1C(=O)c1ccccc1C2=O,5.436977,3.3977242
NC(CC1=CC(=O)C(=O)C=C1F)C(=O)O,6.732203,4.3479643
O=C1C=Cc2ccc(O)cc2C1=O,6.6026626,3.8685212
Cc1cc(=O)c2c(O)cc3c(c2o1)C(=O)c1c(O)cc(O)cc1C3=O,6.533548,3.8509514
COc1ccc2c(c1)-c1cc(OC)ccc1C(=O)C2=O,6.249369,3.5719633
CC1=Cc2ccc3c(c2C(=O)C1=O)CC(C)(C)CC3,6.2257366,3.593374
O=C1C(=O)c2ccccc2C2=C1SCC1(CCN(C3CCCC3)CC1)O2,5.4386296,3.81365
CCCCC1=C(O)c2ccccc2C(=O)C1=O,6.4083514,3.6561198
CC1=C(Br)c2occ(C(=O)c3ccc(F)cc3)c2C(=O)C1=O,6.955548,4.590859
CC(C)=CCC(OC(=O)CCCCC(C)C)C1=CC(=O)c2c(O)ccc(O)c2C1=O,6.0684223,3.9369833
COc1ccc(C(=O)N2CCc3c(oc4c3C(=O)C(=O)c3ccccc3-4)C2)cc1OC,6.00072,3.7076929
CC1=C(C=CC(=O)O)C(=O)C(C)=C(Cc2cccnc2)C1=O,6.2663693,3.8972728
COc1ccc2c(c1)C(=O)c1oc(C(C)=O)cc1C2=O,6.7587094,3.9471288
COC1=CC(=O)c2c(cc(OC)c(C(C)C3=C(O)c4c(cc(O)c(C(C)=O)c4O)C(=O)C3=O)c2O)C1=O,6.226775,4.214185
Nc1ccc(N)c2c1C(=O)c1cccc([N+](=O)[O-])c1C2=O,5.9003277,3.8495357
O=C1C=CC(=O)c2ccccc21,6.818999,3.8376307
CCOC(=O)C(C1=CC(=O)C(=O)c2ccccc21)=C(C)NCc1ccccc1,6.03106,3.836647
O=C1C=CC(c2ccc(Cl)cc2)=CC1=O,6.5716014,4.105645
CC1=C2OCC(CC(=O)O)c3ccc(C)c(c32)C(=O)C1=O,6.2832236,3.5826664
COC1=C(C)C(=O)C2=C(C1=O)C1C3CC4=C(C(=O)C(OC)=C(C)C4=O)C(COC(C)=O)N3C(O)C(C2)N1C,5.7823825,4.401299
O=C1c2ccccc2-c2onc3c(N4CCN(c5ccccc5)CC4)cc(NCCN4CCCCC4)c1c23,4.8624277,2.8819492
COc1cccc2c1C(=O)c1c(OC)cc(CO)cc1C2=O,6.384746,3.5703065
COC(=O)c1cccc2c1C(=O)C=CC2=O,6.9326196,4.0385265
CC1(c2ccccc2)CC2=C(O1)c1ccccc1C(=O)C2=O,6.345295,3.7386205
Cc1ccc2c(c1CCC(O)C(C)(O)CO)C(=O)C(=O)C(C(C)C)=C2,6.108569,3.6029248
CN1CCC2(CSC3=C(O2)c2cc(N4CCCCC4)ccc2C(=O)C3=O)C1,5.1554117,3.6655564
CCN(CC)c1cc(NC2CCCCC2)c2c3c(onc13)-c1ccccc1C2=O,5.4520183,3.0646923
CN(C)CCCSc1nc2c3c(ccc2[nH]1)C(=O)c1ccccc1C3=O,5.484081,3.5332732
COC(=O)c1c(NC2CCCC2)c(=O)c(=O)c2oc3cc(N(C)C)ccc3[nH]c1=2,5.183673,3.6990921
COc1ccc(NCc2nc3c(o2)-c2ccccc2C(=O)C3=O)cc1,5.648405,3.9577487
CCCCCCC(C)CC1=C(O)c2ccccc2C(=O)C1=O,6.265454,3.6436772
O=C1C(=O)c2ccccc2C(O)=C1C1CCCCCCCCCCC1,6.0376024,3.5099757
CCCCCCC=CCCCCCCCC1=C(O)C(=O)C=C(OC)C1=O,6.092166,3.9206889
CCCCC(C1=C(C)C(=O)C(C)=C(C)C1=O)c1cccnc1,6.1034927,3.632477
COC1=C(OC)C(=O)c2c(cc3c([nH]c(=O)n3C)c2-c2ccc(OC)cc2)C1=O,5.9354873,3.8335178
CC(=O)NC1=CC=CC(=O)C1=O,6.7536354,4.062847
O=C1C(=O)c2cc3cc4ccccc4cc3cc2C=C1N[N+](=O)[O-],6.112831,4.07708
CC1(C)OC2=C(C(=O)C(=O)c3ccccc32)C1n1cc(C2CCCCC2)nn1,6.306585,3.868676
O=C1C(=O)c2ccccc2C2=C1SCC1(CCN(C(=O)Cc3ccc(Cl)cc3)CC1)O2,5.779464,3.8353987
O=C1C(=O)c2ccccc2C2=C1SCC1(CCN(CCOc3ccccc3)CC1)O2,5.394053,3.839229
O=C1C(Nc2cccc(O)c2)=C(N2CCCCC2)C(=O)c2ccccc21,5.430749,3.4266675
CC(Sc1nnc(NC2CCCCC2)s1)C(=O)Nc1ccc2c(c1)C(=O)c1ccccc1C2=O,6.0199027,3.6402667
Cc1cc(O)c2c(c1)C1OC(=O)CN1C1=C2C(=O)c2cccc(OC3CC(O)C(O)C(C)O3)c2C1=O,6.072912,3.8472104
CC1=C(C)C(=O)C(C(CCCCCC(=O)O)c2ccc(C)cc2)=C(C)C1=O,6.099362,3.5833728
Cc1cc(O)c2c(c1)C(=O)C(C1=CC(=O)c3c(O)cc(C)cc3C1=O)=CC2=O,6.5438695,4.379528
COc1ccc(NC2=CC(=O)c3ncncc3C2=O)cc1,5.9200163,4.115939
O=C1c2ccccc2C(=O)c2c1c(O)c1ccccc1c2O,6.214097,3.6460853
CCc1cc(O)c2c3c(ncc2c1)C(=O)c1c(O)cccc1C3=O,6.2265043,3.789645
CC=C1C=CC2(O1)OC1=C(c3ccc(O)cc3)C(=O)C(=O)C(c3ccc(O)cc3)=C1O2,5.830685,4.018828
COc1ccc2c(c1OC)C(=O)c1oc(C(C)=O)cc1C2=O,6.6777534,3.9790242
O=C1C(=O)c2c(nc3c(C(=O)O)cccn23)-c2ncccc21,6.670665,4.058212
O=C1c2ccccc2-c2onc3ccc(Oc4ccccc4)c1c23,6.287394,3.5393217
O=C1C(=O)c2cccc3c2C(=C1Cl)OCC3(O)c1ccccc1,6.4477067,4.111373
COCCOc1cc2ncnc(NC3=CC(=O)C(N4CCN(Cc5ccccc5)CC4)=CC3=O)c2cc1OC,5.4960814,3.7892137
COc1cc(C(=O)SC(CC=C(C)C)c2cc(OC)c3c(c2OC)C(=O)C=CC3=O)cc(OC)c1OC,5.6894364,3.9075665
NC1=CC(=O)C(=O)c2ccccc21,6.3464794,3.5366614
COC1=CC(C2c3cc4c(cc3C(Nc3ccc(C(C)=O)cc3)C3COC(=O)C23)OCO4)=CC(=O)C1=O,5.5896606,4.052704
C=C1C2=C(C(=O)C(C)=C(OC)C2=O)N2CC3C(N3C)C12O,6.008023,3.846944
COC12C(CO)C3=C(C(=O)C(C)=C(N)C3=O)N1CC1NC12,6.007986,3.4953506
CCOc1ccc(NC2=C(Cl)C(=O)c3ccccc3C2=O)cc1,5.8457184,3.843691
CCOc1cc2c(c3c1C(c1ccccc1)N(S(=O)(=O)c1ccc(C)cc1)C3)C(=O)C=CC2=O,6.2713733,3.8412642
Cc1cc2c(cn1)C(=O)c1c(O)cc(O)cc1C2=O,6.485696,3.6843038
O=C1C=C(N=Cc2c[nH]c3ccccc23)c2ccccc2C1=O,5.7991767,3.723203
Cc1cc2c(cc1C)-c1oc(CNc3ccc(Cl)c(Cl)c3)c(C)c1C(=O)C2=O,5.6514235,3.564036
O=C1C(=O)c2ccc(S(=O)(=O)O)cc2C=C1[N+](=O)[O-],7.4650507,4.87247
O=C1C(Cl)=C(NCCN2CCOCC2)C(=O)c2ccccc21,5.646593,3.823553
CNC1=C([N+](=O)[O-])C(C2=C(O)c3ccccc3C(=O)C2=O)c2cc(OC)ccc2O1,5.891112,3.9097397
COC1=CC(=O)C(=O)C=C1NCCCl,6.353027,3.7558331
CC(C)=CCC1=C(Cl)C(=O)c2ccccc2C1=O,6.2432203,3.8946555
COC1=CC(=O)C(=O)c2ccncc21,6.705074,4.139793
CN(C)CCCn1c2c(c3c4ccccc4c(O)cc31)C(=O)c1ccccc1C2=O,5.3241496,3.4041445
COC(=O)c1ccccc1C1=C(O)c2ccccc2C(=O)C1=O,6.4748344,3.8048017
Nc1cccc2c1C(=O)c1c(NCCNCCO)ccc(NCCNCCO)c1C2=O,5.1583376,3.1781993
O=C1c2[nH]cc(CNC3CCCNC3)c2C(=O)c2c1c(O)c1ccccc1c2O,5.358007,3.4463975
C=CCn1c2c(c3ccccc31)C(O)=C(C(=O)OCC)C(=O)C2=O,6.177908,3.912575
CCN(CC)c1ccc2[nH]c3c(C(=O)O)c(-c4ccc(F)cc4)c(=O)c(=O)c=3oc2c1,5.366961,3.9025269
CN(C)C1=CC(=O)c2ccccc2C1=O,5.999872,3.4296625
CC(=CCCc1ccc2c(c1)C(=O)c1cc(O)c(O)cc1C2=O)CO,6.075562,3.4088843
O=C1C=C(Nc2cccc(C(F)(F)F)c2)c2ccccc2C1=O,6.267582,3.6870162
O=C1C(Cl)=C(OCC#Cc2ccccc2)C(=O)c2ncccc21,6.3667707,4.3144608
COc1c(O)cc(O)c2c1C(=O)c1ccccc1C2=O,6.470588,3.5551476
O=C1C(=O)C(Cl)=C(Cl)C(Cl)=C1Cl,7.4629555,5.103036
CC(C)=CCCC1=CC(=O)c2c(O)ccc(O)c2C1=O,6.016361,3.7857792
COc1cc(OC)c2c(c1)C(=O)c1cc(C)cc(OC)c1C2=O,6.286116,3.4148118
Cc1ccc(S(=O)(=O)OCc2ccc3c(c2)C(=O)c2ccccc2C3=O)cc1,6.5913014,3.6401153
O=C1c2ccccc2C(=O)c2c1cc(Sc1ccccc1Br)c1nsnc21,6.400218,4.420348
O=C1OCC2=C1C(c1ccc(Br)cc1)C1=C(N2)C(=O)c2ccccc2C1=O,6.2824645,3.8073106
O=C1C=C(Nc2nc(O)cc(=O)[nH]2)c2ccccc2C1=O,6.4257994,3.738981
Cc1ccc(Cn2cc(CNC3=C(Cl)C(=O)c4cccnc4C3=O)nn2)cc1,6.0551205,4.088385
COC(CNC(=O)c1ccc2c3c(onc13)-c1ccccc1C2=O)OC,6.4015126,3.636239
O=C1C(=O)c2cccnc2-c2cc(F)ccc21,6.7006464,4.0486913
Cc1cc(O)c2c3c(n(C#N)c2c1)C(=O)c1c(O)cccc1C3=O,6.433737,3.7738903
CC(=O)C1CCc2c(O)c3c(c(O)c2C1)C(=O)c1ccccc1C3=O,6.2662425,3.5061824
CN(C)CCC1=CC(=O)C(=O)C=C1N,5.750083,3.5997581
COc1cccc2c1C(=O)c1c(O)cc(C)cc1C2=O,6.4120774,3.505212
CC(C)Nc1cc2c(NC(C)C)onc2c2c1C(=O)c1ccccc1C2=O,5.829231,3.6107848
CC(O)c1cc2c(o1)C(=O)c1c(O)cccc1C2=O,6.6980605,3.860856
NC(=O)n1c2cc(=O)c(=O)cc-2ccc2ccccc21,6.248025,3.8451025
CC(=O)OCCCCCC(C1=C(C)C(=O)C(C)=C(C)C1=O)c1cccnc1,6.145938,3.641418
CC(C)C1=Cc2ccccc2C(=O)C1=O,6.524823,3.7095811
Nc1c(OCCCCCCO)cc(O)c2c1C(=O)c1ccccc1C2=O,5.9546194,3.4599009
CC1=C(Cc2ccc(O)cc2)C(=O)c2ccccc2C1=O,6.144058,3.5936484
COC1=CC(=O)c2c(oc(C)c2CO)C1=O,6.7216043,3.9797873
O=C1C(=O)c2ccccc2C(O)=C1Nc1ccccc1Cl,5.919849,3.6670601
N#Cc1sc2c(c1C#N)C(=O)c1ccccc1C2=O,7.197624,4.467274
O=C(Cc1ccccc1)Nc1ccc2c(c1)C(=O)c1cc(NC(=O)Cc3ccccc3)ccc1C2=O,6.178236,3.473132
CC1=CC(=O)c2c(COC(N)=O)c3n(c2C1=O)CC1C3N1C,6.125425,3.6002777
Cc1ccccc1C(=O)c1ccc2c(c1)C=CC(=O)C2=O,6.453473,3.9714508
C=CCC1(C)c2c(C)c3c(c(O)c2OC1O)C(O)=C(C(C)C)C(=O)C3=O,6.111047,3.4498782
CC(=O)C1(O)Cc2c(O)c3c(c(O)c2C(OC2CC(N)C(O)C(C)O2)C1)C(=O)c1ccccc1C3=O,6.013089,3.6522732
CC(=O)NCCc1ccc(O)c(-c2c(O)c(O)c3c(c2O)C(=O)c2c(cc(O)c(C(=O)O)c2C(=O)O)C3=O)c1,5.9892993,3.9189873
O=C1C2=C(COC=C2)C(=O)c2ccccc21,6.4490266,3.7716594
O=C1C(Cl)=C(Nc2ccc(F)cc2)C(=O)c2nc(-c3ccccn3)c(-c3ccccn3)nc21,5.9332905,4.3164763
CNC1=C([N+](=O)[O-])C(C2=C(O)c3ccccc3C(=O)C2=O)c2cc(Br)ccc2O1,6.1402645,4.0060663
COc1cc(O)cc2c1C(=O)c1c(O)cc(C)cc1C2=O,6.423235,3.4541202
COc1cccc(-c2cc(=O)c3ccc(OC)cc3o2)c1,6.021809,2.6689286
COc1ccc(C(C2=C(O)c3ccccc3C(=O)C2=O)C2=C(O)c3ccccc3C(=O)C2=O)cc1,5.914494,4.1643553
CCN(CCCCCCNC1=CC(=O)C(C)=C(C)C1=O)Cc1ccccc1OC,5.529224,3.399433
COC(=O)c1cc2c(cn1)C(=O)C(N)=CC2=O,6.6624336,4.019989
NCCCNCCCCNCCCNCC(=O)Nc1cccc2c1C(=O)c1ccccc1C2=O,5.2644634,3.5420172
CC(=O)OC1COC(OC(CC=C(C)C)C2=CC(=O)c3c(O)ccc(O)c3C2=O)C(OC(C)=O)C1OC(C)=O,6.2343974,3.9477534
Cc1ccc2c(c1CCCC(C)(C)O)C(=O)C(=O)C(C(C)C)=C2O,6.113634,3.4438086
COc1c(C)ccc2c1C(=O)c1ccc(O)cc1C2=O,6.4240613,3.422086
CN(C)c1cccc2c(S(=O)(=O)Oc3cccc4c3C(=O)C=C(N3CC3)C4=O)cccc12,5.344615,3.8094077
O=C1C(=O)c2c(oc3c2CCN(CCCO)C3)-c2ccccc21,5.7954016,3.7117047
O=C1CC(c2ccc(Cl)cc2Cl)C2=C(N1)c1ccccc1C(=O)C2=O,6.2222443,3.821731
Cc1cc(O)c(C=O)c2c1C(=O)Oc1c(COC(=O)C=CC(=O)O)c(O)c(C(=O)O)c(C)c1O2,6.629896,3.495373
CC(=O)c1ccc2c(c1)-c1ccccc1C(=O)C2=O,6.6426325,3.7909274
CC1=C(N2CC2)C(=O)C(Cl)=C(N2CC2)C1=O,6.061662,3.8842342
CCOC(=O)C(C(=O)OCC)c1cc(Br)c2noc3c2c1C(=O)c1ccccc1-3,6.792692,3.8972902
COc1ccc(C2C3=C(Nc4ccc5sc(C)nc5c42)c2ccccc2C(=O)C3=O)cc1,5.490013,3.5625694
COC1=Cc2ccc3c(c2C(=O)C1=O)CC(C)(C)CC3,6.2180767,3.7204294
COCc1c2ccoc2c(CC(C)N)c2ccoc12,5.7059846,1.6608458
CC(C)(C)N1C(=O)NC2(CSC3=C2C(=O)c2ccccc2C3=O)C1=O,6.6027346,4.096063
CC(C)(CNC(=O)c1ccccc1)CC1=C(O)c2ccccc2C(=O)C1=O,6.2013884,3.654667
O=C1C(=O)c2ccccc2C2=C1SCC1(CCN(C(=O)Oc3cccc(C(F)(F)F)c3)CC1)O2,6.056364,3.9140406
COc1cc(OC)c(-c2noc3c2C(=O)c2ccccc2C3=O)cc1Cl,6.3601003,4.090843
CC1(C)CC(O)C2=C(O1)c1ccccc1C(=O)C2=O,6.482166,3.795467
COc1cc(O)c2c(c1)C(=O)c1cc(C)c(C(=O)O)c(O)c1C2=O,6.515447,3.6789482
CC(C)CC(=O)OCC(C)(C)CC1=C(O)c2ccccc2C(=O)C1=O,6.4146147,3.686026
COC(=O)c1c(C)cc2c(c1C)C(=O)c1c(O)cccc1C2=O,6.4853253,3.5997875
O=C(O)c1ccc2c(c1)C(=O)c1c(Cl)c(Cl)c(Cl)c(Cl)c1C2=O,6.8837953,4.278735
COC(=O)c1cc2c([nH]1)-c1cccnc1C(=O)C2=O,6.716781,3.8989666
CC1=C2OC(C)(C)c3cc(O)c(C=O)c(c32)C(=O)C1=O,6.529127,3.9711142
CCOC(=O)CC1=C(O)c2ccccc2C(=O)C1=O,6.640619,3.8038461
CCCCCCc1c(C(=O)OCC)sc2c1C(=O)C(=O)c1ccccc1-2,6.497548,3.8775477
O=C1C(=O)c2ccccc2C(O)=C1C1(Nc2ncccc2O)C(=O)c2ccccc2C1=O,6.0229325,4.0751386
C=CC(=O)Nc1cc(OCCC)c2c(c1)C(=O)c1cccc(OCCC)c1C2=O,6.2793026,3.5440733
Cc1nc2c3c(ccc2s1)NC1=C(C(=O)C(=O)c2ccccc21)C3c1ccc([N+](=O)[O-])cc1,5.755256,3.8616776
Cc1c(C(=O)O)c(O)cc2c1C(=O)c1c(O)cccc1C2=O,6.56844,3.6385403
O=C1C=C(NCCCCC2CCCCC2)c2ccccc2C1=O,5.92347,3.4738836
CC1=CC(C)CCC2OC(C3=C4C(=C(C)C(=O)C3=O)OC3(OC(C)(C)OC43)C(C)CC(C)C1)C(C)C(O)C2C,5.8827605,4.0512967
CC(C)Nc1nc(Nc2cc(Br)c(N)c3c2C(=O)c2ccccc2C3=O)nc(-c2ccccc2)n1,6.109086,3.6039212
CCOC(=O)c1ccc2c(c1)-c1c(C(=O)OCC)c(C)n(C)c1C(=O)C2=O,6.4852757,3.6948957
COC1CCC=C(C)C(=O)NC2=CC(=O)C(N)=C(CC(C)CC(OC)C(O)C(C)C=C(C)C1OC(N)=O)C2=O,5.9121556,3.5733469
CCCC(=O)OCCCC1=C(O)c2ccccc2C(=O)C1=O,6.438546,3.6849024
CC1CN1C1=CC(=O)c2c(c(COC(N)=O)c3n2CCC3)C1=O,6.2194023,3.3887634
C#CC(C)OC1=C(OC(C)C#C)C(=O)c2ncccc2C1=O,6.4917974,4.1955333
COc1ccc(-c2cn(C3COC4=C(Cl)C(=O)C(=O)c5cccc3c54)nn2)cc1,6.0793314,4.1340637
CC1=C2OC=Cc3ccc(C)c(c32)C(=O)C1=O,6.1601424,3.5750492
O=C1c2cccc(O)c2C(=O)c2c(O)cc(CN3CCCCC3)cc21,5.7134533,3.5875971
CCSC1=CC(=O)C(=O)c2ccccc21,6.198869,3.9296384
CC(C)c1nc2c(n1Cc1cccc(Cl)c1)C(=O)C(=O)c1ccccc1-2,6.3428874,3.6600645
COc1ccc(NC2=C(C)C(=O)c3ccccc3C2=O)cc1,5.746573,3.5029287
CC(=O)Nc1ccc(S(=O)(=O)NC2=C(N3CCN(C)CC3)C(=O)c3ccccc3C2=O)cc1,5.480965,3.806303
O=C1c2ccccc2C(=O)c2cc3oc(SCCCN4CCCCC4)nc3cc21,5.529324,3.8390834
CCc1ccc(S(=O)(=O)Oc2cccc3c2C(=O)C=C(N2CC2)C3=O)cc1,6.3652678,3.8697314
O=C1C(=O)c2cc(-c3ccc(C(=O)c4c(F)c(F)c(F)c(F)c4F)s3)sc2-c2sc(-c3cccs3)cc21,6.2380342,4.569104
Cc1c(C)c(C#N)c2c(c1C#N)C(=O)C(=O)c1nc(F)c(F)nc1-2,7.191985,4.6591024
NCC(=O)Nc1ccc(NC(=O)CN)c2c1C(=O)c1ccccc1C2=O,5.980939,3.7048068
O=C1c2ccccc2C(=O)c2c(O)c(Cl)cc(O)c21,6.5684395,3.7611287
COc1ccc(C=NC2=CC(=O)C(=O)c3ccccc32)cc1OC,6.023807,3.7795293
O=C1c2ccccc2C(=O)c2c1nnn2-c1ccc2nc[nH]c2c1,6.153079,4.017016
COC(=O)Cc1cccc(-c2c(F)cc(-n3nnc4c3C(=O)c3ccccc3C4=O)cc2F)c1,6.670448,4.1568146
COc1cccc2c1C(=O)c1c(O)c3c(c(O)c1C2=O)CC(O)(C(C)=O)CC3SCCN,5.6403847,3.6738427
O=C1C(=O)c2ccccc2C2=C1CC(Cn1cc(C3CCCCC3)nn1)O2,6.213532,3.8370035
CC1(C)OC2=C(C(=O)C(=O)c3ccccc32)C1Sc1ccc(F)cc1,6.059923,3.8908546
CCN1CCN(C2=C(NS(=O)(=O)c3ccc(Br)cc3)C(=O)c3ccccc3C2=O)CC1,5.6001773,3.947493
O=C1C(=O)c2c(-c3ccccc3)noc2-c2c(Cl)cc(Cl)cc21,6.6250525,4.290274
CCOC(=O)c1c(CN2CCOCC2)oc2c1C(=O)C(=O)c1ccccc1-2,5.8646913,3.9647458
Cc1c(C(=O)N2CCC(N)C2)sc2c1C(=O)c1c(c(O)c3ccccc3c1O)C2=O,5.8167677,3.830424
Cn1c2c(c(=O)n(C)c1=O)C1(C(=O)Nc3ccccc31)C1=C(N2)c2ccccc2C(=O)C1=O,6.144666,3.837588
COc1cc(CNc2nc3ccccc3s2)c(OC)c2c1C(=O)C=CC2=O,5.859018,3.7899306
Cc1c2oc3c(C)cc(OC(=O)CC(C)C)c(C(C)C)c3oc-2c(C(C)C)c(=O)c1=O,6.446838,3.3503838
COCCOc1cc2ncnc(NC3=CC(=O)C=CC3=O)c2cc1OC,6.0840874,3.9763794
CC1(O)Cc2c(O)c3c(c(O)c2C(O)C1)C(=O)c1c(O)cccc1C3=O,6.304767,3.6667686
Cc1ccc2c(c1)C(=O)C(=O)C(c1cccc(C(F)(F)F)c1)=C2c1ccccc1,6.3758893,3.7713313
O=C1c2c(O)ccc(Nc3ccccc3)c2C(=O)c2c(O)ccc(Nc3ccccc3)c21,5.2538967,3.5229185
CN1CCC(CNC2=CC(=O)C(=O)c3ccccc32)CC1,5.4795513,3.4726357
Cc1ccc(-c2nc3c4c(ccc3[nH]2)C(=O)c2ccccc2C4=O)cc1,6.17925,3.4996395
O=C1C(=O)c2ccccc2C2=C1CC(c1cn(-c3ccc(Cl)cc3)nn1)O2,6.2980833,3.935861
CC1(C)OC2=C(C(=O)C(=O)c3ccccc32)C1n1cc(CNC2=C(Br)C(=O)c3ccccc3C2=O)nn1,6.3395557,4.454646
