smiles,ip,ea
COC1=C(N)C(=O)c2nc(-c3nc(C(=O)O)c(C)c(-c4ccc(OC)c(OC)c4O)c3N)ccc2C1=O,5.64587,3.9397035
CC(C)C1=Cc2ccc3c(c2C(=O)C1=O)NCCCC3(C)C,5.8309717,3.4679937
O=C(C=Cc1ccc(C=Nc2ccccc2)cc1)c1cccc2c1C(=O)c1ccccc1C2=O,5.8878956,3.7477896
CC(=O)C1=C(O)c2ccoc2C(=O)C1=O,6.840418,4.2190795
Cc1c(OC2OC(COC3OCC(O)C(O)C3O)C(O)C(O)C2O)cc2c(c1O)C(=O)c1ccccc1C2=O,6.3478456,3.574452
CN(C)c1nsc2c1C(=O)c1ccccc1C2=O,6.230672,3.8235543
COc1ccc(Cn2nnc3c2C(=O)c2cnncc2C3=O)cc1,6.44123,4.5756063
O=C1c2ccc(O)c(O)c2C(=O)c2c(Nc3ccc(O)cc3)ccc(Nc3ccc(O)cc3)c21,5.173393,3.480557
CC(C)C1=CC(=O)C2=C(CCC3C(C)(C)CCCC23C)C1=O,6.160734,3.6385932
O=C1C(=O)C2=C(C(=O)C(F)(F)S2)C(C(F)F)=C1OCc1ccccc1,7.135879,5.197108
O=C1C(=O)c2ccccc2C(O)=C1Nc1ccc(F)cc1,5.9078093,3.6602995
O=c1c(=O)c2cccc3c(F)c(F)c4cccc1c4c32,6.630385,4.0124
CC(C)=CCC(OC(=O)C1OC1C)C1=CC(=O)c2c(O)ccc(O)c2C1=O,6.1212144,3.9913306
O=C1c2cccnc2C(=O)c2c1c(C(=O)OCCN1CCOCC1)c1ccccn21,5.6788616,3.8696122
COC(=O)c1ccccc1NC(=O)C(=O)C=C(O)c1ccccc1NC1=CC(=O)C(=O)c2ccccc21,5.976122,3.9286993
Cc1cc(NC2=CC(=O)C(=O)c3ccccc32)no1,6.2839684,3.708487
CC1=C(C2C(=O)C=C(O)C(=O)C2C)C(O)=CC(=O)C1=O,6.784513,4.2786837
O=C1C=C(O)C(Cc2ccc3ccccc3c2)=CC1=O,5.9745684,3.9182906
COc1ccc2c(c1CN1CCCC1)C(=O)c1ccccc1C2=O,5.7352448,3.4563665
COC(=O)c1cc(C(=O)OC)c2c(n1)C(=O)C(=O)c1cc(C(=O)OC)[nH]c1-2,6.952954,4.2594104
Nc1c(NCCO)cc(NC2CCCCC2)c2c1C(=O)c1ccccc1C2=O,5.364513,3.1835883
CC1(C)CCC2=C(O1)c1ccc(Br)cc1C(=O)C2=O,6.577791,3.945459
O=C1C(=O)c2ccccc2C(O)=C1c1ccc([N+](=O)[O-])cc1,6.623179,4.080153
O=C1C=C(Nc2ccc3ccccc3c2)C(=O)c2ccccc21,5.7439075,3.5690248
O=C(O)c1cc2c([nH]1)-c1cc(C(=O)O)c(C(=O)O)nc1C(=O)C2=O,7.032418,4.1910543
CC1(C)CCC2(C(=O)O)C(O)CC3(C)C(=CCC4C5(C)CCC(O)C(C)(C)C5CCC43C)C2C1,5.6438966,0.32164812
O=C1C=C(O)C(Cn2cc(COc3ccc4ccccc4c3)nn2)=CC1=O,5.8481903,4.103561
O=c1c(=O)c2ccc([N+](=O)[O-])c3ccc4cccc1c4c32,6.5996366,4.2309694
O=CN1CCCC2(CC1)CSC1=C(O2)c2cc(F)ccc2C(=O)C1=O,5.8782115,3.9626877
CC(=O)Nc1ccc2c(=O)c(=O)c3cccc4ccc1c2c43,6.110823,3.8034823
O=C1CC(O)C(C2=CC(=O)c3c(O)cccc3C2=O)O1,6.8237786,4.0573344
CC1CN1C1=CC(=O)c2c(cc(C(=O)NCCN3CCOCC3)n2C)C1=O,5.652378,3.5091074
CC(=O)C(C(=O)OCc1ccccc1)C1=C(Cl)C(=O)c2ccccc2C1=O,6.5938253,4.0707417
Cc1ccc(S(=O)(=O)Oc2ccc(NCCN3CCOCC3)c3c2C(=O)c2ccccc2C3=O)cc1,5.4802747,3.6992693
O=C(CCN1CCN(CCCO)CC1)Nc1cccc2c1C(=O)c1ccccc1C2=O,5.353837,3.6207669
O=C1c2ccccc2C(=O)c2c(NCC3CO3)cccc21,5.949083,3.4445474
CCn1c(-c2ccc3ccccc3c2)nc2c1C(=O)C=CC2=O,6.209356,3.876489
O=C1C(=O)c2nc(CN3CCN(Cc4ccccc4)CC3)oc2-c2ccccc21,5.4260087,3.991081
Nc1c(Sc2ccccc2)cc(Sc2ccccc2)c2c1C(=O)c1ccccc1C2=O,5.6638107,3.7068372
O=C1c2ccccc2C(=O)c2c1ccc1[nH]c(-c3ccccc3O)nc21,6.083805,3.5580132
CC(=O)OC1=Cc2cc3ccccc3cc2C(=O)C1=O,6.4656105,4.1556745
O=C(OC1=C(C2CCC(c3ccc(Cl)cc3)CC2)C(=O)c2ccccc2C1=O)c1ccccc1,6.2188616,3.9162362
COC(=O)c1cc(-c2ccccc2)nc2c1C(=O)C(=O)C=C2N1CCCCC1,5.960051,3.9424114
O=C1C=Cc2ccc3c(c2C1=O)Cc1ccccc1O3,6.1909637,3.8048928
O=C1C(=O)c2ccccc2C2=C1SCC1(CCC3(CC1)OCCO3)O2,5.9704146,3.845185
NC1=Cc2cc3c(-c4ccccc4)c4ccccc4cc3cc2C(=O)C1=O,5.611998,3.605453
CC(C)C1=CC2OC3=C(CC2CC1)C(=O)C(=O)c1ccccc13,6.0398207,3.6603565
CCc1ccc2c(O)c3c(cc2c1C(=O)OC)C(=O)c1c(O)ccc(O)c1C3=O,6.2480783,3.8048844
O=C1C(=O)c2c(oc(=O)n2Cc2ccc(F)cc2)-c2ccccc21,6.6657457,4.116514
CCc1noc(-c2cc3c(o2)C(=O)c2ccccc2C3=O)n1,6.997149,4.1346016
Cc1oc2c(c1C(=O)NCc1ccccn1)C(=O)c1ccccc1C2=O,6.347758,3.8467631
CC(C)C1=Cc2ccc3c(c2C(=O)C1=O)CCCC(=O)N3,6.2168736,3.570198
Nc1c(OCCO)cc(NC2CCCCC2)c2c1C(=O)c1ccccc1C2=O,5.535721,3.3035269
O=C1CC(c2ccco2)C2=C(N1)c1ccccc1C(=O)C2=O,6.3409085,3.815181
CC(C)(C)OC(=O)N1CCC(O)(CSC2=CC(=O)C(=O)c3ccc(F)cc32)CC1,6.041592,4.1400504
O=C1C(=O)c2ccccc2C2=C1SCC1(CCN(C(=O)Oc3ccccn3)CC1)O2,5.9515324,3.872252
CC1=CC(C)CCC(O)C(C)C(O)C(C)c2sc(c3c2C(=O)C(=O)C(C)=C3O)C(=O)C(C)CC(C)C1,5.616029,4.1350427
O=C1C=C2OCOC2=CC1=O,6.8764086,4.1317744
O=C1C=Cc2[nH]c(S(=O)(=O)c3ccccc3F)c(-c3ccccc3)c2C1=O,6.509791,3.9823034
CC1(C)C(=O)NC2=C1C(=O)C(=O)c1cccc(OCc3ccccc3)c12,6.2058992,3.740591
O=C1C=C(c2ccc3ccccc3c2O)c2ccccc2C1=O,5.9262567,3.7963834
O=C1C(=O)c2ccc3ccccc3c2-c2ccccc21,6.230939,3.7073092
CN(C)c1cccc2c1C(=O)c1c(c(O)c3ccccc3c1O)C2=O,5.4748297,3.492882
O=C1C(Cl)=C(NCCCn2ccnc2[N+](=O)[O-])C(=O)c2ccccc21,6.212035,3.9201646
Cc1ccc(Sc2ccc3c(c2)C(=O)c2cc(O)c(O)cc2C3=O)cc1,5.942244,3.613797
O=C1C(=O)c2ccccc2C(O)=C1C=C1CCCC1,6.0814543,3.614868
CC1=C(Nc2ccccc2)C(=O)C(=O)c2ccccc21,5.871246,3.5599036
COC1CC(C)(O)Cc2cc3c(c(O)c21)C(=O)c1c(O)cc2c(c1C3=O)OC1OC2(C)C(O)C(N(C)C=O)C1O,6.1597123,3.819819
COc1ccc(Nc2cc(S(=O)(=O)O)c(N)c3c2C(=O)c2ccccc2C3=O)cc1,5.701072,3.6763816
COc1nn(-c2ccc(C(F)(F)F)cc2)c2c1C(=O)C(=O)c1ccccc1-2,6.5165286,3.8053694
CC(=O)c1cc2c(C)cc3c(c2o1)C(=O)c1c(OC(C)C)cccc1C3=O,6.435524,3.716704
O=C1c2ccccc2C(=O)c2sc(Nc3ccc(Cl)cc3)nc21,6.1867304,3.90428
Cc1ccc(Nc2ccc(O)c3c2C(=O)c2ccccc2C3=O)cc1,5.7181735,3.5301583
CC12CCC(=O)c3coc(c31)C(=O)c1cc3c(cc12)C(=O)C=CC3=O,6.6737256,4.293784
CCCc1cc2c(C)cc3c(c2oc1=O)C(=O)c1c(OC(C)C)cccc1C3=O,6.40022,3.7972279
O=C1C=Cc2cc3ccccc3cc2C1=O,6.3189435,3.9360504
CCOC(=O)c1c2c(n(Cc3ccccc3)c1C)-c1nc[nH]c1C(=O)C2=O,6.233886,3.6840765
Cc1noc(C)c1NC1=CC(=O)C(=O)c2ccccc21,6.213285,3.663617
CCCCCCCCC1CC2=C(O1)c1ccccc1C(=O)C2=O,6.2954974,3.7285275
O=c1c2oc3ccccc3oc=2c(=O)c2ccccc12,6.5604014,4.011713
CCc1ccccc1NC1=C(Cl)C(=O)c2ncncc2C1=O,6.167615,4.32995
O=C1c2ccccc2C(=O)c2c1cc(SCc1ccccc1)c1nsnc21,6.155307,4.330723
CCCCCCCCCCCC1=Cc2sc(=O)[nH]c2C(=O)C1=O,6.383187,4.199511
COc1ccnc2c1C(=O)c1c(-c3ccccc3NC(=O)C(F)(F)F)ccnc1C2=O,6.300835,4.0736485
O=C(C=Cc1ccccc1)OC1=C(C2CCC(c3ccc(Cl)cc3)CC2)C(=O)c2ccccc2C1=O,6.0899205,3.937947
O=C1c2ccccc2C(=O)c2c1ccc(OC1OC(COC3OCC(O)C(O)C3O)C(O)C(O)C1O)c2O,6.3697605,3.637646
O=C1C(=O)c2c(oc3c2CCCC3)-c2ccccc21,6.402947,3.6308684
Cc1cc2c(o1)C(=O)c1cc3c(c(O)c1C2=O)C(=O)CCCC3(C)C,6.4712853,3.8036869
O=C1C2=C(C(=O)c3c(O)cccc31)S(=O)(=O)CCN2,6.62263,4.09
Cc1noc(NC2=CC(=O)C(=O)c3ccccc32)c1C,6.2774873,3.7241595
CCOC(=O)C1(N)CSC2=C1C(=O)c1ncccc1C2=O,6.2898564,4.112598
CC1=CC(C)CCC2OC(C3=C4C(=C(C)C(=O)C3=O)OC3(OC(C)(C)OC43)C(C)CC(C)C1)C(C)C(O)C2C,5.9154973,4.0440407
CCC1COC2=C(C)C(=O)C(=O)c3c(C)ccc1c32,6.2151413,3.5008602
O=C1C=C2c3cccc4ccc5ccc(c2c5c34)C1=O,6.204889,3.8818498
O=c1cc2cccc3c4cccc5cccc(c(c1=O)c23)c54,5.972499,3.8415918
COc1cc(C(NCc2ccccc2)C2=C(O)c3ccccc3C(=O)C2=O)ccc1O,5.623832,3.7258713
CC1C2=C(NC(=O)C1O)C(=O)c1ccccc1C2=O,6.627483,3.8945787
Cc1cnc2c(c1)C(=O)c1cccnc1C2=O,6.5739317,3.9559584
O=C1C(=O)c2ccccc2C(O)=C1C1CCC1,6.386388,3.6156292
CSc1c(C(C)C)c(=O)c2cc(O)c3c(=O)c4c(O)cccc4c(=O)c3c2c1=O,6.138846,4.224045
O=C1C=CC(=O)c2c1ccc1c3ccccc3n(-c3ccccc3)c21,5.910606,3.7993364
COC1=C(C(=O)O)C(C)C23OC24c2cc(O)c5c(c2NC3C#CC=CC#CC14)C(=O)c1c(O)ccc(O)c1C5=O,5.7804008,3.7251835
COc1ccccc1C(=O)Nc1cccc2c1C(=O)C(=O)C=C2,6.228447,3.914699
O=C1C(=O)c2ccccc2C2=C1CC1C=CCC1O2,6.2128463,3.6873093
O=C1c2c(O)ccc(O)c2C(=O)c2c(NCCN3CCCC3)ccc(NCCN3CCCC3)c21,4.9769125,3.3693504
CC(C)C1=CC(=O)c2c(ccc3c2C=CCC3(C)C)C1=O,6.1785593,3.4670982
O=C1c2ccccc2C(=O)c2c1ccc1[nH]c(SCCN3CCCC3)nc21,5.518805,3.5369425
Cc1c2ccccc2cc2ooc12,6.07546,1.8714383
Cc1ccnc2c1C(=O)C(=O)c1ccccc1-2,6.363123,3.7390087
CN1CCC(N(C)C2=CC(=O)C(=O)c3ccccc32)CC1,5.417099,3.530362
O=c1c(=O)c2cccc3ccc4cccc1c4c32,6.182277,3.832156
CCc1nc2c([nH]1)C(=O)C(=O)c1cc(F)ccc1-2,6.6357784,3.8685448
CN(C)Cc1nc2c(o1)-c1ccccc1C(=O)C2=O,6.008771,4.0006447
N#Cc1cc(-c2ccccc2)oc1NC1=CC(=O)C(=O)c2ccccc21,6.323547,3.7640617
CC(C)(C)OC(=O)N1CCC(O)(CSC2=CC(=O)C(=O)c3ccccc32)CC1,5.9613433,3.9775312
O=C1c2cnncc2C(=O)c2nc3cc4c(cc3nc21)OCO4,6.3561187,4.6078067
O=c1c(O)c2cccc3c4cccc5cccc(c(c1=O)c23)c54,5.93345,3.8189147
CCCCCC1C(=O)OC(C)C(NC(=O)c2cccc(NC=O)c2O)C(=O)OC(C)C1OC(=O)CC(C)C,6.137459,2.0939436
O=C1c2ccccc2C(=O)c2c1ccc1nonc21,6.8164525,4.2250185
COC1=C(C)C(=O)c2c(cc(O)c3c2OC(C)C3(C)CCC=C(C)C)C1=O,5.9268923,3.6792898
CC(C)C1=CC2=C(C(=O)C1=O)C13CCCC(C)(C)C1C(OC3=O)C2O,6.378882,4.064024
O=c1c2ccccc2c(=O)c2c1ccc1[nH]c3c(ccc4c(=O)c5c(Cl)cccc5c(=O)c43)[nH]c12,5.6394067,3.8932767
Cc1ccc2c(n1)C(=O)c1c(c(O)n(Cc3cccc(Br)c3)c1O)C2=O,6.217428,3.6254115
O=C1c2c[n+]([O-])c3ccccc3c2C(=O)c2[nH]c3ccccc3c21,6.2369823,3.551903
COc1ccc(OC)c(NC2=CC(=O)c3c(cnc4cccc(O)c34)C2=O)c1,5.71239,3.8452666
CC1=C(CCCCCCC(C)C)c2[nH]c3ccccc3c2C(=O)C1=O,5.9875045,3.4767194
Nc1c(Sc2ccc(O)cc2)cc(O)c2c1C(=O)c1ccccc1C2=O,5.7176623,3.6054347
Cc1noc2nc3c(c(-c4ccc(F)cc4)c12)C(=O)C(=O)c1ccccc1-3,6.4955873,4.046027
Nc1cccc(Nc2cc(S(=O)(=O)O)c(N)c3c2C(=O)c2ccccc2C3=O)c1,5.5027857,3.6557112
C#CCCOC1=C(Cl)C(=O)c2cccnc2C1=O,6.64092,4.3160415
CC(C)=CCCC1=CCC2=C(C1)C(=O)C=CC2=O,5.850472,3.7509656
CC1CN(CCCN2CCc3c(oc4c3C(=O)C(=O)c3ccccc3-4)C2=O)CC(C)N1,5.403614,3.890182
O=C(Nc1cccc2c1C(=O)c1c(NC(=O)c3ccccc3)cccc1C2=O)c1ccccc1,6.208441,3.7777176
CC(C)(C)OC(=O)COc1ccc(CC2=C(c3ccccc3)c3ccccc3C(=O)C2=O)cc1,6.0310183,3.7714849
CSc1c(C(=O)Nc2ccc(Br)cc2)ccc2c1C(=O)c1ccccc1C2=O,6.0107846,3.9181461
COc1cccc2c1C(=O)c1c(O)c3c(c(O)c1C2=O)CC(O)(C(C)=O)CC3OC1OC(C)C(N)C1O,6.035798,3.6607864
O=C1C(=O)c2ccccc2C2=C1CC(Cn1cc(C3=CCCCC3)nn1)O2,6.036069,3.7907672
CC1=CC(=O)C(C2=CC(=O)C(C)=CC2=O)=CC1=O,6.8638363,4.7423525
COc1nn(-c2ccc(F)cc2)c2c1C(=O)C(=O)c1ccccc1-2,6.406353,3.7944024
O=C1C(=O)c2ccccc2C(O)=C1C(NCc1ccccc1)c1ccc([N+](=O)[O-])cc1,5.933914,3.9802032
CCOC(=O)C(Cc1ccc(O)cc1)NS(=O)(=O)c1ccc2c(c1)C(=O)c1ccccc1C2=O,6.212884,3.8415203
O=C1C(=O)c2c(nc3ccccn23)-c2cnccc21,6.499786,4.0330496
O=C1c2cccc(O)c2C(=O)c2c1c(O)c1ccccc1c2O,6.1861534,3.7195804
COC1=C(N)C(=O)c2nc(-c3nc(C(=O)O)c(C)c(-c4ccc(O)c(OC)c4O)c3N)ccc2C1=O,5.6387877,3.9513452
Cc1ccc2c(c1O)C(=O)c1ccc(OC3OC(COC4OCC(O)C(O)C4O)C(O)C(O)C3O)cc1C2=O,6.310093,3.5417047
O=C1C=CC(C=Cc2cc(O)cc(O)c2)=CC1=O,6.1306777,4.0082917
C#Cc1cccc(NC2C3=C(OC2(C)C)C(=O)c2ccccc2C3=O)c1,5.7856903,3.747125
NCCc1c[nH]c2c1C(=O)c1c(c(-c3ccccc3)c3ccccc3c1-c1ccccc1)C2=O,5.6205497,3.289694
O=C1C=C(N2CC2)C(=O)C(c2cc(-c3ccc(C(=O)N4CCCC4)s3)on2)=C1N1CC1,5.951029,4.0254145
CCn1c2c(c3ccccc31)C(=O)c1c[n+]([O-])c3ccccc3c1C2=O,6.1963835,3.4834936
c1ccoc2ccccc2occcnc1,5.6016064,2.159072
CN(C)c1ncc(C2=C(Cl)C(=O)C(N3CCCC3)=C(Cl)C2=O)s1,5.727165,4.254265
CC(C)=CCC(OC(=O)C=CC(=O)c1ccccc1)C1=CC(=O)c2c(O)ccc(O)c2C1=O,6.151281,4.1107783
Cc1cc2c(c3oc(C(=O)c4ccccc4)cc13)C(=O)c1c(OC(C)C)cccc1C2=O,6.3499727,3.758725
Cc1c(C(=O)O)c(O)cc2c1C(=O)c1c(O)c(C3OC(CO)C(O)C(O)C3O)c(O)c(O)c1C2=O,6.3022113,3.768337
NCCNc1ccc(NCCN)c2c1C(=O)c1ccncc1C2=O,5.368413,3.637902
COC1CC(C)(O)Cc2cc3c(c(O)c21)C(=O)c1c(O)cc2c(c1C3=O)OC1OC2(C)C(O)C(N(C)C)C1O,5.917553,3.7719235
O=c1c2ccccc2c(=O)c2c1cc(Cl)c1[nH]c3c([nH]c12)c(Cl)cc1c(=O)c2ccccc2c(=O)c13,5.7672434,4.064157
O=C1c2cc(O)cc(O)c2C(=O)c2c1cc1c(c2O)C2C=COC2O1,6.342129,3.5694957
Cc1ccc(Nc2ccc(Nc3ccc(C)cc3)c3c2C(=O)c2ccccc2C3=O)cc1,5.2541504,3.4133723
O=C1c2ccccc2C(=O)c2c1ccc1ccccc21,6.3704267,3.577466
COC1=CC(=O)C(O)=C(CC2(C)CCC3(C)C(C)=CCCC3C2C)C1=O,5.86692,3.8764443
O=c1c2ccccc2c(=O)c2c1ccc1[nH]c3c(ccc4c(=O)c5ccccc5c(=O)c43)[nH]c12,5.6178675,3.7971509
O=C1c2ccc3nc(-c4ccccc4)sc3c2C(=O)c2ccc3nc(-c4ccccc4)sc3c21,6.009005,4.1637206
Cc1cc(O)c2c(c1)C(=O)C(c1c(C)cc3c(c1O)C(=O)C=CC3=O)=CC2=O,6.5319624,4.220989
O=C1c2c(O)ccc(Nc3ccc(CCO)cc3)c2C(=O)c2c([N+](=O)[O-])ccc(O)c21,5.869765,4.0433073
O=C1c2ccccc2C(=O)c2c1cc(OC1OC(COC3OCC(O)C(O)C3O)C(O)C(O)C1O)c(CO)c2O,6.378369,3.6878257
C=CC(C)(C)c1[nH]c2ccccc2c1C1=C(O)C(=O)C(c2c[nH]c3c(CC=C(C)C)cccc23)=C(O)C1=O,5.245499,3.733525
O=C1c2ccccc2C(=O)c2c(Nc3ccccc3)ccc(O)c21,5.8186746,3.5502672
CNc1ccc(Nc2cccc(C)c2)c2c1C(=O)c1ccccc1C2=O,5.3570023,3.33641
CC1=C(O)C(=O)C(C2=C(O)C(=O)C(C)=C(O)C2=O)=C(O)C1=O,6.672263,4.6277328
Nc1ccc(NC(=O)c2ccccc2)c2c1C(=O)c1ccccc1C2=O,5.9285817,3.546424
O=C1C(Nc2ccccc2)=CC(=O)c2ncccc21,6.1618176,3.8376093
COc1cccc2c1C(=O)c1c(O)c3c(c(O)c1C2=O)CC(O)(C(=O)CO)CC3O,6.287647,3.6863008
O=C1c2ccccc2C(=O)c2cc3ccccc3cc21,6.3552785,3.6238256
COc1cccc2c1C(=O)c1ccc3c(c1C2=O)C(=O)CC(C)(O)C3,6.423233,3.739822
CCC1(O)CC(O)c2c(cc3c(c2O)C(=O)c2c(O)cccc2C3=O)C1C(=O)OC,6.373476,3.7662547
CCC1(O)CC(O)c2c(O)c3c(c(O)c2C1C(=O)OC)C(=O)c1cccc(O)c1C3=O,6.3337593,3.7927783
Cc1cc(O)c2c3c(c(O)cc2c1)C(=O)c1c(O)cccc1C3=O,6.0956383,3.65042
O=C1C=CC(=O)c2c1ccc1c2ccc2ccccc21,6.1430736,3.867352
COC(=O)c1cc2c(c(O)c1C(C)OC(=O)CO)C(=O)c1c(O)cc3cc(C)c(Cl)c(OC)c3c1C2=O,6.3228784,3.966326
CCc1c(C(=O)OC)cc2c(c1O)C(=O)c1c(O)cc3cc(C)c(Cl)c(OC)c3c1C2=O,6.1771097,3.8454409
CC(N)Cc1c2ccoc2c(Br)c2ccoc12,5.8975024,2.3653665
COC(=O)c1cc2c(c(O)c1C(C)OC(C)=O)C(=O)c1c(O)cc3cc(C)c(Cl)c(OC)c3c1C2=O,6.2984266,3.9299061
COC1=CC(=O)c2c(O)c3c(c(O)c2C1=O)C=C(C)OC3,6.071304,3.8289115
COc1cc(O)c2c(c1)C(=O)C1=C(C2=O)C(O)C(O)C(C)(O)C1O,6.468181,3.963624
CC(C)CC(C)NC1=CC(=O)C(Nc2ccccc2)=CC1=O,5.9516897,3.4471178
O=C1C=CC(=O)c2cc3ccccc3cc21,6.491315,3.8929226
O=C(Nc1ccc(Cl)c2c1C(=O)c1ccccc1C2=O)c1ccccc1,6.358343,3.7864447
COC(=O)c1nc(-c2ccc3c(n2)C(=O)C(N)=C(OC)C3=O)c(N)c(-c2ccc(OC)c(OC)c2O)c1C,5.661169,3.9194248
COc1cccc2c1C(=O)c1c(O)c3c(c(O)c1C2=O)CC(O)(C(=O)CO)CC3,6.2344055,3.6139162
Nc1c(S(=O)(=O)O)cc(Nc2ccccc2)c2c1C(=O)c1ccccc1C2=O,5.8863964,3.682322
O=C1c2ccccc2C(=O)c2c(NC3CCCCC3)cccc21,5.8194466,3.3969874
O=C1c2ccccc2C(=O)c2cnccc21,6.669626,3.910637
COc1cccc2c1C(=O)c1c(O)c3c(c(O)c1C2=O)CC(O)(C(C)=O)CC3O,6.2521467,3.6687753
O=C1c2cccc(Oc3ccccc3)c2C(=O)c2c(Oc3ccccc3)cccc21,6.1709213,3.6804473
CN(C)Cc1ccc(Nc2ccc(N)c3c2C(=O)c2ccccc2C3=O)cc1,5.2353425,3.322666
O=C1C(O)=C(c2c[nH]c3ccccc23)C(=O)C(O)=C1c1c[nH]c2ccccc12,5.3946395,3.7223055
COC1=CC(=O)C(c2coc3cc(O)ccc3c2=O)=CC1=O,6.508613,4.3045506
COc1cc(O)c2c(c1)C(=O)C1=C(CC(O)C(C)(O)C1O)C2=O,6.4232354,3.821745
COc1nsc2c1C(=O)c1c(O)cccc1C2=O,6.7818604,4.151023
CCC1(O)CC(O)c2c(cc3c(c2O)C(=O)c2c(O)ccc(O)c2C3=O)C1C(=O)OC,6.2975774,3.810723
CC1=CC(=O)C(C2=C(O)C(=O)C(C)=CC2=O)=C(O)C1=O,6.762696,4.6532035
O=C1c2c(O)ccc(Nc3ccccc3)c2C(=O)c2c([N+](=O)[O-])ccc(O)c21,6.0047092,4.035325
Cc1ccc(Nc2ccc(Nc3ccc(C)cc3)c3c2C(=O)c2cccc(O)c2C3=O)cc1,5.2493534,3.4711509
O=C(Nc1cccc2c1C(=O)c1cccc(Cl)c1C2=O)c1ccccc1,6.3797846,3.7854106
Cc1ccc(Nc2ccc(N)c3c2C(=O)c2ccccc2C3=O)cc1,5.479956,3.3568785
Cc1cc(C)c(Nc2ccc(Nc3c(C)cc(C)cc3C)c3c2C(=O)c2ccccc2C3=O)c(C)c1,5.1960106,3.378196
O=C1C(Cl)=C(N2CCOCC2)C(=O)c2ccccc21,6.0852294,3.843901
CC(=O)Nc1ccc(Nc2cc(S(=O)(=O)O)c(N)c3c2C(=O)c2ccccc2C3=O)cc1,5.7004194,3.6962276
CNc1ccc(Nc2ccc(C)cc2)c2c1C(=O)c1ccccc1C2=O,5.338725,3.334888
O=C1c2ccccc2C(=O)c2c1ccc1c(=O)c3ccccc3[nH]c21,6.0998454,3.7560117
Nc1ccc(Nc2ccccc2)c2c1C(=O)c1ccccc1C2=O,5.556551,3.3782797
O=C1c2ccccc2C(=O)c2c(Nc3ccccc3)ccc(Nc3ccccc3)c21,5.3872194,3.461399
Cc1ccc(Nc2cc(Br)c(N)c3c2C(=O)c2ccccc2C3=O)cc1,5.694285,3.6211276
C=CC(C)(C)c1[nH]c2ccccc2c1C1=C(O)C(=O)C(c2c[nH]c3ccccc23)=C(O)C1=O,5.4697223,3.7357953
Nc1c(S(=O)(=O)O)cc(Nc2cccc(S(N)(=O)=O)c2)c2c1C(=O)c1ccccc1C2=O,6.006796,3.7904327
O=C1C(Cl)=C(N2C(=O)CCC2=O)C(=O)c2ccccc21,6.944528,4.4282556
CC(=O)N(C)C1=C(N2CCOCC2)C(=O)c2ccccc2C1=O,5.8461366,3.6473384
COC(=O)c1c(O)cc(O)c(Cl)c1CCC(=O)NC1=CC(=O)C(OC)=CC1=O,6.397578,4.0864096
CCCN1C(=O)N(C)C(C(=O)OC)(C2=CC(=O)c3[nH]cc(CCNC(=O)OCc4ccccc4)c3C2=O)C1=O,6.3585825,3.7952454
Cc1cc(O)c2c(c1)C(=O)C(c1c(C)cc3c(c1O)C(=O)C1OC1C3=O)=CC2=O,6.557358,4.1173873
CCC1=C(C)C(=O)c2cc3c(c(O)c2C1=O)C(O)=C(C)C(=O)C3(C)C,6.1522446,3.5972424
O=C1c2ncccc2C(=O)c2c(-c3ccccc3NC(=O)C(F)(F)F)ccnc21,6.410448,4.083292
CC12CCCC3(C)c4cc5c(cc4C(=O)C(O)(OC1)C23)C(=O)C1=C(NCCS1(=O)=O)C5=O,6.357406,4.271016
COC1=CC(=O)c2cc3c(cc2C1=O)C(=O)C1(O)OCC2(C)CCCC3(C)C21,6.412165,4.041774
O=C1C(Cl)=C(Cl)C(=O)c2ncccc21,6.980384,4.5166883
O=C1C=CC(=O)c2ncccc21,6.873252,4.1257515
O=C1c2ccccc2-c2onc3ccc(Oc4ccccc4)c1c23,6.30638,3.5985873
COc1ccnc2c1C(=O)c1c(-c3ccccc3[N+](=O)[O-])ccnc1C2=O,6.4864454,4.2801228
O=C1c2ccccc2C(=O)c2c1[nH]c1ccccc21,6.30225,3.4379864
O=C1c2nccc(Cl)c2C(=O)c2c(-c3ccccc3[N+](=O)[O-])ccnc21,6.638637,4.4161377
Nc1ccnc2c1C(=O)c1c(-c3ccccc3[N+](=O)[O-])ccnc1C2=O,6.2148623,4.1139555
CCc1c(C)cc2c(c1O)C(=O)C1=C(C2=O)C(C)(C)C(=O)C(C)(C(=O)OC)O1,6.3835955,3.8198867
CC(=O)OC1=C(C2CCC(c3ccc(Cl)cc3)CC2)C(=O)c2ccccc2C1=O,6.254963,3.8716674
O=C1c2ccccc2-c2onc3c(N4CCCCC4)cc(NCCN4CCCC4)c1c23,5.258585,3.0726721
CCOC1=C(C2CCC(c3ccc(Cl)cc3)CC2)C(=O)c2ccccc2C1=O,6.128046,3.6548629
COc1cc(O)c2c(c1O)C(=O)C1=C(C2=O)C(O)C(O)C(C)(O)C1,6.3388863,3.887724
COc1cccc2c1C(=O)c1ccc3c(c1C2=O)C(=O)CC(C)C3,6.3981333,3.677073
Nc1cccc2c1C(=O)c1cccc(NC(=O)c3ccccc3)c1C2=O,6.0220523,3.5166738
COc1cc(O)c2c(c1O)C(=O)c1cc(C)ncc1C2=O,6.2826514,3.7890577
Cc1cc(O)c2c3c(ccc2c1)C(=O)c1c(O)cccc1C3=O,6.1219506,3.6105766
CC1(C)OC2=C(C(=O)c3cc(O)cc(O)c3C2=O)c2cc(CO)c(O)cc21,6.2705874,3.7057076
CC1=CC(=O)c2c(ccc(-c3ccc4c(c3O)C(=O)C=C(C)C4=O)c2O)C1=O,6.4931817,4.223065
COc1cc(O)c2c(c1)C(=O)C1=C(CC(O)C(C)(O)C1)C2=O,6.382623,3.6728663
COc1cccc2c1C(=O)c1ccc3cc(C)cc(O)c3c1C2=O,6.064655,3.5671732
CC(C)=CCc1[nH]c2ccccc2c1C1=C(O)C(=O)C(c2c(CC=C(C)C)[nH]c3ccccc23)=C(O)C1=O,5.0958176,3.6865163
CC(C)=CCc1ccc2[nH]cc(C3=C(O)C(=O)C(c4c[nH]c5ccccc45)=C(O)C3=O)c2c1,5.147896,3.697481
CCC1(O)CCc2c(O)c3c(c(O)c2C1O)C(=O)c1cccc(O)c1C3=O,6.251356,3.6976328
CC(C)=CCc1cccc2c(C3=C(O)C(=O)C(c4c[nH]c5c(CC=C(C)C)cccc45)=C(O)C3=O)c[nH]c12,5.021843,3.70301
Cc1cc(O)c2c3c(ccc2c1)C(=O)c1c(O)ccc(O)c1C3=O,6.0653496,3.6569252
Cc1ccc(Nc2ccc(Nc3ccc(C)cc3S(=O)(=O)O)c3c2C(=O)c2ccccc2C3=O)c(S(=O)(=O)O)c1,5.851712,3.7081192
COC1=CC(=O)C(c2coc3cc(O)cc(O)c3c2=O)=CC1=O,6.473113,4.3047595
O=C1C2=C(C(=O)c3ccccc31)C1Oc3ccccc3C1CO2,6.3188934,3.8541856
CCc1ccc2c(c1)C(=O)C1=C(CCCC1)C2=O,6.3915606,3.4802716
CS(=O)(=O)Oc1ccc(Nc2ccc(O)c3c2C(=O)c2ccccc2C3=O)cc1,5.8853374,3.6534715
CC(=O)Nc1ccc(Nc2ccc(O)c3c2C(=O)c2ccccc2C3=O)cc1,5.6312537,3.5688033
CCc1cccc(C)c1Nc1ccc(Nc2c(C)cccc2CC)c2c1C(=O)c1ccccc1C2=O,5.330829,3.4231954
CCc1cc(C)cc(CC)c1Nc1ccc(Nc2c(CC)cc(C)cc2CC)c2c1C(=O)c1ccccc1C2=O,5.2504835,3.3453968
O=C1C(Cl)=C(SCc2ccccc2)C(=O)c2ccccc21,6.179973,4.1920104
CCCCN(CCCC)CCCNC1=CC(=O)c2ncccc2C1=O,5.639238,3.690896
COC1=C(N)C(=O)c2nc(-c3nc(C(=O)O)c(C)c(-c4cccc(OC)c4O)c3N)ccc2C1=O,5.6620593,3.922394
Cc1ccccc1Nc1ccc(Nc2ccccc2C)c2c1C(=O)c1ccccc1C2=O,5.3292074,3.4441051
O=C1c2ccccc2C(=O)c2c1c(Cl)cc1c(=O)c3cc(Cl)cc(Cl)c3[nH]c21,6.2072678,4.040802
O=C1c2ccccc2C(=O)c2c1c(O)c1ccccc1c2O,6.2091765,3.6705568
CC(=O)C1CCc2c(O)c3c(c(O)c2C1)C(=O)c1ccccc1C3=O,6.2475605,3.5428584
O=C1C(Cl)=C(N2CCCCC2)C(=O)c2ccccc21,6.0585856,3.7641363
O=C1c2ccccc2C(=O)c2c(Nc3ccccc3)cccc21,5.8950295,3.4903307
Cc1cc(Br)c(Nc2ccc(O)c3c2C(=O)c2ccccc2C3=O)c(Br)c1,6.113175,3.7529123
COc1cccc2c1C(=O)c1c(O)c3c(c(O)c1C2=O)CC(O)(C(O)CO)CC3,6.146012,3.6111681
CCCCc1ccc(Nc2ccc(Nc3ccc(CCCC)cc3)c3c2C(=O)c2c(O)ccc(O)c2C3=O)cc1,5.224907,3.4949877
COC(=O)c1c(OC)cc2cc3c(c(O)c2c1C)C(=O)c1c(O)cc(OC)cc1C3=O,6.188119,3.694147
N#Cc1snc2sc3c(=O)c4ccccc4c(=O)c=3sc12,6.4302444,4.65485
C=CC(C)(C)c1[nH]c2ccccc2c1C1=C(O)C(=O)C(c2c(C(C)(C)C=C)[nH]c3ccccc23)=C(O)C1=O,5.546425,3.745705
O=C1c2cccc(O)c2C(=O)c2c(O)cc(COC3OC(CO)C(O)C(O)C3O)cc21,6.432809,3.7260754
O=C1c2ccc(Sc3ccccc3)cc2C(=O)c2cc(O)c(O)cc21,6.0369825,3.6339822
CC(C)c1ccc(Sc2ccc3c(c2)C(=O)c2cc(O)c(O)cc2C3=O)cc1,5.958491,3.6004694
O=C1C(Br)=C(Br)C(=O)c2ncccc21,7.3269105,4.76161
Nc1c(S(=O)(=O)O)cc(Nc2cccc(Nc3nc(Cl)nc(Cl)n3)c2)c2c1C(=O)c1ccccc1C2=O,5.8922687,3.8895078
CC(N)Cc1c2ccoc2c(CO)c2ccoc12,5.732972,1.8690724
COCc1c2ccoc2c(CC(C)N)c2ccoc12,5.729266,1.7914109
CC(N)Cc1c2ccoc2c(C(F)(F)F)c2ccoc12,5.9632893,2.2181034
CC(N)Cc1c2ccoc2cc2ccoc12,5.6974754,1.9139662
Cc1cc2c(c3oc(C4(C)CO4)cc(=O)c13)C(=O)c1c(O)cccc1C2=O,6.570472,3.927664
COC1=CC(=O)c2nc(Cl)ccc2C1=O,6.833778,4.222732
CC(=O)NC1=C(N2CCOCC2)C(=O)c2nonc2C1=O,6.25329,4.378379
N#Cc1c(NC(=O)C(F)(F)F)sc2c3c(=O)c4ccccc4c(=O)c=3oc3ccccc3c12,6.5176754,4.2255235
O=C1C(Cl)=C(N2CCN(c3ccccc3[N+](=O)[O-])CC2)C(=O)c2ccccc21,5.687337,4.028511
Cc1ccc2c(n1)C(=O)C(NC(=O)C(C)C)=CC2=O,6.5777135,3.8261836
COc1cc(C)cc2c1C(=O)C=C(c1c(C)cc3c(c1OC)C(=O)C=CC3=O)C2=O,6.421237,4.1954536
COc1cc(C)cc2c1C(=O)C(N)=C(c1c(C)cc3c(c1OC)C(=O)C(N)=CC3=O)C2=O,5.9501247,3.783491
COc1cc(C)cc2c1C(=O)C=C(c1c(C)cc3c(c1OC)C(=O)C(N)=CC3=O)C2=O,6.2130685,3.9765568
O=C(O)c1cc2c(o1)C(=O)C1=C(C2=O)S(=O)(=O)C=CN1,6.9481277,4.6604176
C=C1CCCC23C4=C(CC2(C)C(C)CCC13C)C(=O)C(OC)=CC4=O,6.047033,3.8135657
COc1cc(O)cc2c1C(=O)c1cnc(C)cc1C2=O,6.411546,3.677489
COc1c(O)cc(O)c2c1C(=O)c1cc(C)ncc1C2=O,6.340556,3.7575612
COc1nsc2c1C(=O)c1ccccc1C2=O,6.831283,4.1261683
NC1=C(Cl)C(=O)c2ncccc2C1=O,6.5172176,4.0421658
O=C(CCN1CCCCC1)Nc1ccc2c(c1)C(=O)c1ccc(NC(=O)CCN3CCCCC3)cc1C2=O,5.2954736,3.4414408
CN(C)C1C(O)C2Oc3c(cc(O)c4c3C(=O)c3cc5c(c(O)c3C4=O)CCC(C)(O)C5)C(C)(O2)C1O,5.899552,3.6938713
COC(=O)c1c(C)ccc2c(O)c3c(cc12)C(=O)c1c2c(cc(O)c1C3=O)C1(C)OC(O2)C(O)C(N(C)C)C1O,5.8863883,3.8777177
O=C(O)c1ccc2c(c1Nc1ccccc1)C(=O)c1ccccc1C2=O,6.0770383,3.682778
NC1=CC(=O)c2cccnc2C1=O,6.557862,3.7841196
CC(=O)NC1=CC(=O)c2cccnc2C1=O,6.800033,4.0032725
NC1=C(Br)C(=O)c2ncccc2C1=O,6.7135386,4.176543
COC1=C(Br)C(=O)c2nc(C)ccc2C1=O,6.82535,4.30327
COC1=C(N)C(=O)c2nc(C)ccc2C1=O,6.2622705,3.6921415
O=C1c2ccccc2C(=O)c2c(Nc3ccc(CCO)cc3)ccc(O)c21,5.715265,3.5536673
CN(C)C1C(O)C2Oc3c(cc(O)c4c3C(=O)c3cc5c(c(O)c3C4=O)C(N)CC(C)(O)C5)C(C)(O2)C1O,5.7183595,3.6903567
CNC1C(O)C2Oc3c(cc(O)c4c3C(=O)c3cc5c(c(O)c3C4=O)C(OC)CC(C)(O)C5)C(C)(O2)C1O,6.0329366,3.7800586
COc1cc(C)cc2c1C(=O)C=C(c1c(C)cc3c(c1OC)C(=O)C(NC(C)=O)=CC3=O)C2=O,6.392736,4.1399274
CN(C)S(=O)(=O)c1ccc(Nc2ccc(O)c3c2C(=O)c2c([N+](=O)[O-])ccc(O)c2C3=O)cc1,5.996781,4.0893803
CCN(CC)CC(O)CNc1ccc(NCC2CO2)c2c1C(=O)c1ccccc1C2=O,5.2558713,3.3161108
O=c1c2[nH]cc[nH]c2c(=O)c2c(=O)n(Cc3cccc(-c4ccccc4F)c3)c(=O)c12,5.6502166,4.2110715
CC(=O)Nc1ccnc2c1C(=O)c1c(-c3ccccc3NC(=O)C(F)(F)F)ccnc1C2=O,6.234479,4.098859
CN(C)c1ccnc2c1C(=O)c1c(-c3ccccc3NC(=O)C(F)(F)F)ccnc1C2=O,5.598384,3.869301
CC(C)NC(=O)OCc1cnc2c(c1)C(=O)c1cccnc1C2=O,6.487414,4.053981
O=C1C(Nc2ccc(F)cc2)=CC(=O)c2ncccc21,6.223766,3.8700385
O=C1C(Nc2cccc(F)c2)=CC(=O)c2ncccc21,6.264864,3.8788118
COC1=CC(=O)c2c(c(COC(=O)c3ccccc3)c(C3CC3)n2C)C1=O,6.433172,3.5918314
CCN(CCNC1=CC(=O)C(NCCN(CC)Cc2ccccc2OC)=CC1=O)Cc1ccccc1OC,5.176445,3.2404237
O=C(CCN1CCCCC1)Nc1cccc2c1C(=O)c1c(NC(=O)CCN3CCCCC3)cccc1C2=O,5.2297535,3.6717732
O=C1C(Nc2ccc(OC(F)(F)F)cc2)=CC(=O)c2ncncc21,6.2628984,4.199743
O=C1c2nccc(Cl)c2C(=O)c2c(-c3ccccc3NC(=O)C(F)(F)F)ccnc21,6.409713,4.2109394
Cc1ccc2c(n1)C(=O)C(N)=CC2=O,6.4351525,3.628159
O=C1c2cccnc2C(=O)c2ncc(CO)cc21,6.64639,4.070423
O=C1c2nccc(-c3ccccc3NC(=O)C(F)(F)F)c2C(=O)c2c([N+](=O)[O-])ccnc21,6.706697,4.515154
O=C1c2cccnc2C(=O)c2ncc(CBr)cc21,6.7859964,4.1892424
CCOC(=O)c1cnc2c(c1)C(=O)c1c(-c3ccccc3NC(=O)C(F)(F)F)ccnc1C2=O,6.5461497,4.315452
COCCOc1cc2ncnc(NC3=CC(=O)C(N4CCCCC4)=CC3=O)c2cc1OC,5.819051,3.7419357
O=C1C=C(O)C(=O)C(CCc2ccccc2)=C1O,6.460019,3.9409707
COc1cc2c(NC3=CC(=O)C(OCc4ccccc4)=CC3=O)ncnc2cc1OCC1CCN(C)CC1,5.4797583,4.024806
COCCOc1cc2ncnc(NC3=CC(=O)C(Oc4ccc(-n5ccnc5)cc4)=CC3=O)c2cc1OC,5.784474,4.1182914
COc1cc2c(NC3=CC(=O)C(OC(CF)CF)=CC3=O)ncnc2cc1OCC1CCN(C)CC1,5.581739,4.069822
CCN1CCN(C2=CC(=O)C(Nc3ncnc4cc(OCCOC)c(OC)cc34)=CC2=O)CC1,5.507704,3.81362
COCCOc1cc2ncnc(NC3=CC(=O)C(N(C)c4ccccc4)=CC3=O)c2cc1OC,5.6671066,3.8406358
COC1=CC(=O)C(Nc2ncnc3cc(OCC4CCN(C)CC4)c(OC)cc23)=CC1=O,5.554242,3.9755406
COCCOc1cc2ncnc(NC3=CC(=O)C(OCc4cccnc4)=CC3=O)c2cc1OC,5.9296556,4.1273427
O=C1C2=C(C(=O)c3ccccc31)S(=O)(=O)CCN2,6.6479955,4.0704794
O=C1c2ccccc2C(=O)c2cc(NC(=O)C3CC3)ccc21,6.4761243,3.5254638
O=C1C(Nc2ccc(Cl)cc2)=CC(=O)c2ncccc21,6.1139092,3.8672843
CCCCc1cccc(CCC2=C(O)C(=O)C=C(O)C2=O)c1,6.2768354,3.9130993
CCCCCC(=O)OC1=C(C2CCC(c3ccc(Cl)cc3)CC2)C(=O)c2ccccc2C1=O,6.184068,3.8813396
CCCCCCCCC(=O)OC1=C(C2CCC(c3ccc(Cl)cc3)CC2)C(=O)c2ccccc2C1=O,6.147199,3.8825798
CCCCCCCCCC(=O)OC1=C(C2CCC(c3ccc(Cl)cc3)CC2)C(=O)c2ccccc2C1=O,6.138086,3.8827825
CCCCCCCCCCOC1=C(C2CCC(c3ccc(Cl)cc3)CC2)C(=O)c2ccccc2C1=O,6.0536275,3.6503937
O=C(CCl)Nc1ccc2c(c1NC(=O)c1ccccc1)C(=O)c1ccccc1C2=O,6.386198,3.716293
Cc1ccc(C(=O)Nc2c(NC(=O)CCl)ccc3c2C(=O)c2ccccc2C3=O)cc1,6.2924433,3.6971197
O=C1C=C(NCCc2c[nH]c3ccccc23)C(=O)c2ncccc21,5.549441,3.6824453
NS(=O)(=O)c1cccc2c1C(=O)C=C(Nc1cccnc1)C2=O,6.1508207,3.9840946
COC1=CC(=O)c2oc(C)c(CO)c2C1=O,6.722335,3.9741774
COC1=C(C(C)C)C(=O)C=C(CC(O)(Cn2cncn2)c2ccc(F)cc2F)C1=O,6.440359,4.037967
NS(=O)(=O)c1cccc2c1C(=O)C=C(Nc1ccccc1N1CCNCC1)C2=O,5.2830505,3.8284976
O=C1c2cccnc2C(=O)c2c1c(C(=O)OCCc1ccccn1)c1ccccn21,6.1590505,3.8773937
COc1cccc(NC2=CC(=O)c3ncncc3C2=O)c1,6.0383434,4.1400743
COc1ccc(NC2=CC(=O)c3ncncc3C2=O)cc1OC,5.8952045,4.1479707
O=C1C(Nc2ccc(CO)cc2)=CC(=O)c2ncncc21,6.1289787,4.1530495
COc1ccc(NC2=CC(=O)c3ncncc3C2=O)cc1,5.9591236,4.1295857
COc1cc(NC2=CC(=O)c3ncncc3C2=O)cc(OC)c1OC,5.922209,4.170454
O=C1c2cccnc2C(=O)c2c1c(O)n(Cc1ccc(F)cc1)c2O,6.2423277,3.7398412
O=C1c2cccnc2C(=O)c2c1c(O)n(Cc1cccc(Br)c1)c2O,6.275991,3.7629735
CC1OC(Oc2c(O)c3c(c4cccnc24)C(=O)c2ccccc2C3=O)C(F)C(O)C1O,6.3050485,3.8326898
C#Cc1cccc(OC2=C(Oc3cccc(C#C)c3)C(=O)c3ncccc3C2=O)c1,6.0112834,4.218378
C#CCOC1=C(Cl)C(=O)c2cccnc2C1=O,6.798,4.3390474
O=C1C(Cl)=C(OCC#CCCl)C(=O)c2ncccc21,6.601031,4.336066
C#CC(C)OC1=C(OC(C)C#C)C(=O)c2ncccc2C1=O,6.526425,4.1449113
O=C1C(Cl)=C(OCC#Cc2ccccc2)C(=O)c2ncccc21,6.3823504,4.2759786
O=C1C(OCC#CCCl)=C(OCC#CCCl)C(=O)c2ncccc21,6.3185096,4.181608
Cc1ccc(Cn2cc(CNC3=C(Cl)C(=O)c4cccnc4C3=O)nn2)cc1,6.0531716,4.0768013
COc1cc(C(=O)SC(CC=C(C)C)c2cc(OC)c3c(c2OC)C(=O)C=CC3=O)cc(OC)c1OC,5.7107162,4.026032
CN1CCN(c2ccc(NC3=CC(=O)c4cccnc4C3=O)cc2)CC1,5.121361,3.699582
COC1=C(OC)C(=O)C(Nc2cccc(Br)c2)=CC1=O,6.337284,3.9621758
N#Cc1ccccc1Cn1cc(CNC2=C(Cl)C(=O)c3cccnc3C2=O)nn1,6.2773056,4.139988
N#Cc1cccc(Cn2cc(CNC3=C(Cl)C(=O)c4cccnc4C3=O)nn2)c1,6.3054833,4.188319
COc1cccc2c1C(=O)c1ccc3ccccc3c1C2=O,6.25653,3.5816994
COc1cc(O)c2c(c1)C(=O)c1cc(C)ncc1C2=O,6.3942633,3.7107592
Cc1cc2c(cn1)C(=O)c1c(O)cc(O)cc1C2=O,6.4748416,3.7123146
COC1=CC(=O)C2=C(CCc3ccccc3O2)C1=O,6.356248,3.988237
CC1=CCCC2C1(C)CCC(C)C2(C)CC1=CC(=O)C=C(NCCc2ccccc2)C1=O,5.6556883,3.5344448
CC1OC(c2ccc3c(c2O)C(=O)c2ccc(CC(C)(O)CC(=O)O)c(O)c2C3=O)CC(O)C1O,6.2441583,3.7255561
CCCC1(O)CC(O)c2c(O)c3c(c(O)c2C1C(=O)OC)C(=O)c1cccc(O)c1C3=O,6.321727,3.7878816
Nc1cc2c(=O)c3cc(Cl)cc(Cl)c3[nH]c2c2c1C(=O)c1ccccc1C2=O,5.818267,3.7547534
O=C1C2=C(CCCC2)C(=O)c2ccccc21,6.4772034,3.545006
O=C1C(Cl)=C(N2CCN(C3=C(Cl)C(=O)c4ccccc4C3=O)CC2)C(=O)c2ccccc21,5.926621,4.30408
COC1=CC(=O)c2ncccc2C1=O,6.792823,4.10395
NC1=CC(=O)c2ncccc2C1=O,6.525502,3.816321
CC1=C(SCc2ccccc2)C(=O)c2ccccc2C1=O,6.0252786,3.8940022
O=C1C=CC(=O)c2c1cc1ccccc1c2O,6.4182835,3.8944924
Cn1c2c(c3ccccc31)C(=O)c1ccccc1C2=O,6.2003646,3.326263
O=C1C(Cl)=C(Nc2ccc(S(=O)(=O)Nc3nccs3)cc2)C(=O)c2ccccc21,6.1784115,4.0101166
O=c1c(=O)c2c(oc3c(=O)c4ccccc4c(=O)c32)c2ccccc12,6.708395,4.5057073
O=C1c2ccccc2-c2onc3ccc(Oc4c(F)c(F)c(F)c(F)c4F)c1c23,6.760915,3.927181
O=C1c2ccccc2C(=O)c2c1cccc2N1CCN(CCO)CC1,5.3990755,3.3964567
CC(=O)NC1=CC(=O)c2ccc(C)nc2C1=O,6.665172,3.8630505
COC1=CC(=O)c2ccc(C)nc2C1=O,6.6568365,3.9684763
COc1ccc2[nH]c3c(c2c1)C(=O)c1ccccc1C3=O,6.094701,3.423923
Cc1ccc2[nH]c3c(c2c1)C(=O)c1ccccc1C3=O,6.1775637,3.410268
O=C1c2cccnc2C(=O)c2ncccc21,6.650877,4.0500264
O=C(CCN1CCCC1)Nc1ccc2c(c1)C(=O)c1ccc(NC(=O)CCN3CCCC3)cc1C2=O,5.341156,3.458602
CC(=O)NC1=CC(=O)c2ccc(C=O)nc2C1=O,6.941644,4.195003
COC1=CC(=O)c2c(O)c3c(c(O)c2C1=O)C=C(C)OC3O,6.209303,3.9102085
C=CC(C)(C)n1cc(C2=C(O)C(=O)C(c3cn(C(C)(C)C=C)c4ccccc34)=C(O)C2=O)c2ccccc21,5.517061,3.8229823
COc1cc(O)c2c(c1)C(=O)C1=C(C2=O)C(O)CC(C)(O)C1,6.387252,3.7591078
COC(=O)c1ccc2c(n1)C(=O)C=CC2=O,7.031172,4.293507
CCc1cc(O)c2c(O)c3c(cc2c1C(=O)OC)C(=O)c1cccc(O)c1C3=O,6.3159037,3.756945
COC1C(OC2c3c(cc4c(c3O)C(=O)c3c(O)cccc3C4=O)C(=O)C(C)(O)C2OC)OC(C)C(O)C1O,6.3807607,3.958216
Cc1cc(O)cc2c1C(=O)c1cc(-c3c(C)cc4c(c3O)C(=O)c3c(O)cccc3C4=O)cc(O)c1C2=O,6.184032,3.9039702
COc1cc(O)c2c(c1)C(=O)C1=C(CC(OC(C)=O)C(C)(O)C1)C2=O,6.466105,3.6981685
O=C1C=CC(=O)c2[nH]c(=O)ccc21,7.115329,4.1700063
Cc1ccc(Nc2ccc(Nc3ccc(C)cc3)c3c2C(=O)c2c(O)ccc(O)c2C3=O)cc1,5.2229624,3.5288105
CC1=CC2C3=C(OC(C)(C)C2CC1)C(=O)c1c(cc(O)c(C)c1O)C3=O,6.0076137,3.5579104
Cc1coc2c1C(=O)c1ccc3c(c1C2=O)CCCC3(C)CO,6.315815,3.5366397
O=C1C(OC(=O)c2ccccc2)=C(c2ccc(O)cc2)C(=O)C(OC(=O)c2ccccc2)=C1c1ccc(O)cc1,6.2088494,4.476239
Cc1cc2c(c(O)c1-c1c(C)cc3c(c1O)C(=O)c1c(O)cccc1C3=O)C(=O)c1c(O)cccc1C2=O,6.140611,4.001873
CC(C)=CCc1ccc2c(C3=C(O)C(=O)C(c4c[nH]c5ccccc45)=C(O)C3=O)c[nH]c2c1,5.157788,3.6944907
CC(C)=CCc1ccc2c(C3=C(O)C(=O)C(c4c[nH]c5cc(CC=C(C)C)ccc45)=C(O)C3=O)c[nH]c2c1,4.9778347,3.6605647
CC1=CC(=O)c2c(ccc(C3=C(C)C(=O)c4cccc(O)c4C3=O)c2O)C1=O,6.487823,4.1835413
COc1cc(OC)c2c(c1)C(=O)c1cc(C)ncc1C2=O,6.340047,3.672008
CC1=CC2C3=C(C(=O)c4ccccc4C3=O)C3(O)c4ccccc4C(=O)C2(C=CC(C)(C)O)C3C1,5.976612,3.7926757
COC1=C(OC)C(=O)C2=C(CCCCC(O)CCc3ccc(O)c2c3)C1=O,6.0552845,3.8903184
Cc1cc2c(c(O)c1-c1c(C)cc3c(c1O)C(=O)c1c(O)cc(O)cc1C3=O)C(=O)c1c(O)cccc1C2=O,6.139116,3.9701016
COC1=C(C)C(=O)C2=C(CCc3cc(O)ccc3O2)C1=O,6.134859,3.9130926
COC1=C(c2c[nH]c3ccccc23)C(=O)C(OC)=C(c2c[nH]c3ccccc23)C1=O,5.3748283,3.775714
CC1=C(C(C)C(C)OC=O)C(=O)C2=C(C1=O)C1OC(C)C(C)c3c(C)c(O)cc(c31)O2,6.1185565,3.9269936
COc1cc(O)cc2c1C(=O)C1=C(C2=O)C(O)C(C)(O)C(O)C1O,6.4803658,3.9350257
COc1cc(O)c2c(c1)C(=O)C1=C(C2=O)C(C)C(O)C(C)(O)C1O,6.3822427,3.8036244
O=C(Nc1ccc(O)c2c1C(=O)c1ccccc1C2=O)c1ccccc1,6.2790227,3.7147205
O=C1c2c(O)ccc(O)c2C(=O)c2c(Nc3ccccc3)ccc(Nc3ccccc3)c21,5.349554,3.5762305
Cc1coc2c1C(=O)c1ccc3c(C)cccc3c1C2=O,6.26672,3.6303475
Cc1coc2c1C(=O)c1ccc3c(c1C2=O)CCCC3(C)C,6.3418927,3.501186
COc1cccc2c1C(=O)c1ccc3c(c1C2=O)C(=O)C(O)C(C)C3O,6.4455585,3.898727
COC12C(COC(=O)N3CC3)C3=C(C(=O)C(C)=C(N)C3=O)N1CC1C2N1C,5.8771095,3.46
O=C1c2ccccc2C(=O)c2cc(Sc3ccccc3)ccc21,6.083065,3.683104
Nc1c(Sc2ccccc2)cc(O)c2c1C(=O)c1ccccc1C2=O,5.814994,3.59657
COc1cccc2c1C(=O)c1c(O)cc3c(c1C2=O)C(=O)CC(C)(O)C3,6.4264708,3.7532935
Nc1ccc(Nc2cc(S(=O)(=O)O)c(N)c3c2C(=O)c2ccccc2C3=O)cc1S(=O)(=O)O,5.8575263,3.7915058
CC(C)=CCc1ccc2[nH]cc(C3=C(O)C(=O)C(c4c[nH]c5ccc(CC=C(C)C)cc45)=C(O)C3=O)c2c1,4.9623513,3.6651473
CC=CC1OC1(C)c1cc(=O)c2c(CC(=O)O)cc3c(c2o1)C(=O)c1c(O)ccc(O)c1C3=O,6.3513913,4.1094017
CCOC(=O)c1c(C)oc2cc3c(C(=O)OCC)c(C)oc3cc12,6.4332867,2.5497293
COc1cccc2c1C(=O)c1c(O)c3c(c(O)c1C2=O)CC(O)(C(C)O)CC3,6.149767,3.5998073
Cc1cc(C)c(Nc2cc(S(=O)(=O)O)c(N)c3c2C(=O)c2ccccc2C3=O)c(C)c1,5.731288,3.6566896
Nc1c(S(=O)(=O)O)cc(NC2CCCCC2)c2c1C(=O)c1ccccc1C2=O,5.8529444,3.593348
O=C(c1ccc(Nc2cccc3c2C(=O)c2ccccc2C3=O)cc1)c1ccc(-c2ccccc2)cc1,5.668086,3.5044744
Cc1[nH]n2c(=O)c3cc(Cl)cc(Cl)c3nc2c1N=Nc1cccc2c1C(=O)c1ccccc1C2=O,6.02783,3.9589207
CCC(=O)Nc1cccc(Nc2cc(S(=O)(=O)O)c(N)c3c2C(=O)c2ccccc2C3=O)c1,5.777147,3.69103
O=C1c2c(O)ccc([N+](=O)[O-])c2C(=O)c2c(O)ccc(Nc3ccccc3)c21,6.0038075,4.036817
O=C1C(Cl)=C(C2CCC(c3ccc(Cl)cc3)CC2)C(=O)c2ccccc21,6.166636,3.869529
CC(C)Nc1ccc(Nc2ccc(C(C)(C)C)cc2)c2c1C(=O)c1cccc(O)c1C2=O,5.421071,3.4076073
COc1ccc(Nc2ccc(O)c3c2C(=O)c2ccccc2C3=O)cc1,5.632676,3.5443985
Nc1ccc(O)c2c1C(=O)c1c(Nc3ccccc3)ccc(O)c1C2=O,5.513418,3.4900634
COc1ccc(Nc2ccc(N)c3c2C(=O)c2ccccc2C3=O)cc1,5.414439,3.3677967
N#Cc1cc(Nc2ccccc2)c2c(c1N)C(=O)c1ccccc1C2=O,5.796235,3.5877078
O=C1C(c2ccc(O)c(O)c2)=C(O)C(=O)c2c1oc1cc(O)c(O)cc21,6.029922,3.9662898
CC(=O)C1(O)Cc2c(O)c3c(c(O)c2C(O)C1)C(=O)c1ccccc1C3=O,6.334459,3.6592474
Cc1c(C(=O)O)c(O)cc2cc3c(c(O)c12)C(=O)c1c(O)cc(O)cc1C3=O,6.2344527,3.730552
O=C1c2cc(O)cc(O)c2C(=O)c2c1c(O)c1cc(O)cc(O)c1c2O,6.060174,3.6939988
Cc1cc(O)cc2c1C(=O)C1=C(C2=O)C(C)(C)c2cc(O)cc(O)c2C1=O,6.1824117,3.8364317
Nc1c(S(=O)(=O)O)cc(Nc2ccc(S(N)(=O)=O)cc2)c2c1C(=O)c1ccccc1C2=O,6.0106597,3.781185
Cc1cc(=O)n(C)c2c1C(=O)C=CC2=O,6.7911386,3.9560435
O=C1c2ccccc2C(=O)c2c1ccc1[nH]c(-c3ccccc3)nc21,6.1950674,3.5401256
O=C1c2ccc(NC(=O)C3CCCCC3)cc2C(=O)c2cc(NC(=O)C3CCCCC3)ccc21,6.1203947,3.456442
O=C(CCc1ccccc1)Nc1ccc2c(c1)C(=O)c1cc(NC(=O)CCc3ccccc3)ccc1C2=O,6.044687,3.4422143
N#Cc1ccc(-c2nc3c4c(ccc3[nH]2)C(=O)c2ccccc2C4=O)cc1,6.3516645,3.6528459
CN(C)c1ccc(-c2nc3c4c(ccc3[nH]2)C(=O)c2ccccc2C4=O)cc1,5.343421,3.4870987
O=C1c2ccccc2C(=O)c2c1ccc1[nH]c(-c3ccc(Br)cc3)nc21,6.2253814,3.6114917
O=C(CN1CCCCC1)Nc1ccc2c(c1)C(=O)c1cc(NC(=O)CN3CCCCC3)ccc1C2=O,5.4056787,3.460945
O=c1nc2ccc3c(=O)c4ccccc4c(=O)c3c2nc1=O,6.8729534,4.810293
Nc1c(S(=O)(=O)O)cc(Nc2ccc(F)cc2C(=O)O)c2c1C(=O)c1ccccc1C2=O,6.1349907,3.7854197
Cc1ccc(-c2nc3c4c(ccc3[nH]2)C(=O)c2ccccc2C4=O)cc1,6.1041503,3.5300105
COc1cc(-c2nc3c4c(ccc3[nH]2)C(=O)c2ccccc2C4=O)ccc1O,5.9499173,3.566706
COC1=C(Br)C(=O)c2ncccc2C1=O,6.9808035,4.4289722
CC1COCC(C)N1C1=C(Cl)C(=O)c2ccccc2C1=O,6.116643,3.834621
CC1=CC(=O)C(Sc2ccc(C)cc2)=CC1=O,6.2571416,4.1415653
CSC1CC(C)(O)Cc2cc3c(c(O)c21)C(=O)c1c(O)cc2c(c1C3=O)OC1OC2(C)C(O)C(N(C)C)C1O,5.615189,3.7838774
CCCCCCOc1ccc(NC2=C(Cl)C(=O)c3cccnc3C2=O)cc1,5.866777,4.0682225
O=C1c2ccccc2C(=O)c2c(NCc3cccnc3)cccc21,5.8461714,3.4541929
NC(=O)C1CCN(C2=C(Cl)C(=O)c3ccccc3C2=O)CC1,6.076727,3.7865813
CCN(C(C)=O)C1=C(N2CCOCC2)C(=O)c2ccccc2C1=O,5.8841286,3.6203399
O=C(CSc1ccccn1)Nc1ccc2c(c1)C(=O)c1ccccc1C2=O,6.0505943,3.5916367
O=C(COC(=O)Cn1cnc2ccccc21)Nc1cc2c(cc1Cl)C(=O)c1ccccc1C2=O,6.147605,3.779943
O=C(COC(=O)c1cccc(Br)c1)Nc1cccc2c1C(=O)c1ccccc1C2=O,6.5740623,3.8187637
Nc1cccc(C(=O)OCC(=O)Nc2cccc3c2C(=O)c2ccccc2C3=O)c1,5.9451485,3.6988337
O=C(COC(=O)Cn1cnc2ccccc21)Nc1ccc2c(c1)C(=O)c1ccccc1C2=O,6.112398,3.5960865
O=C(COC(=O)CC1CCCC1)Nc1cc2c(cc1Cl)C(=O)c1ccccc1C2=O,6.4267426,3.748524
CC(Sc1nnc(NCc2ccccc2)s1)C(=O)Nc1ccc2c(c1)C(=O)c1ccccc1C2=O,6.153349,3.5713532
CN(C)C1C(O)C2Oc3c(cc(O)c4c3C(=O)c3cc5c(c(O)c3C4=O)C(N=[N+]=[N-])CC(C)(O)C5)C(C)(O2)C1O,5.9647284,3.86409
CC1=C(N2CC2)C(=O)c2nc3n(c2C1=O)CCC3OC(=O)c1ccccc1,6.262175,3.7425718
COc1ccc(NC2=C(Cl)C(=O)c3ncncc3C2=O)c(OC)c1,5.905303,4.33201
CNC1=C2CC(C)CC(OC)C(=O)C(C)C=C(C)C(OC(N)=O)C(OC)C=CC=C(C)C(=O)NC(=CC1=O)C2=O,5.742041,3.6412942
Cc1ccc(NC2=C(Cl)C(=O)c3ncncc3C2=O)c(Br)c1,6.3014956,4.43099
CCc1cnc2c(c1)C(=O)c1cc(CC)cnc1C2=O,6.497875,3.8861125
CN(C)CCOc1ccc2c(c1)c1c(n2C)C(=O)c2ccccc2C1=O,5.5036025,3.3121881
CC1=C(NCCCNCCCCNCCCNC2=C(C)C(=O)c3ccccc3C2=O)C(=O)c2ccccc2C1=O,5.06909,3.6257844
O=C1C=CC(=O)c2c(O)c(Oc3ccccc3)c(Oc3ccccc3)c(O)c21,6.2747774,3.9464452
Cc1cnc2c(c1)C(=O)c1cc(C)cnc1C2=O,6.503484,3.8558414
CC(=O)Oc1ccc2c(c1)c1c(n2CCN(C)C)C(=O)c2ccccc2C1=O,5.716794,3.4690778
O=C1CC(O)C(C2=CC(=O)c3ccccc3C2=O)O1,6.8606553,4.0403266
Nc1ccnc2c1C(=O)c1c(-c3ccccc3NC(=O)C(F)(F)F)ccnc1C2=O,6.0348854,3.8961132
O=C1C(Nc2ccc(F)c(F)c2F)=CC(=O)c2ncccc21,6.4996915,4.006817
O=C1C(N2CC2)=CC(=O)c2c(OS(=O)(=O)C=Cc3ccccc3)cccc21,6.310493,3.8800404
O=C1C(Nc2ccc(F)c(F)c2)=CC(=O)c2ncccc21,6.336143,3.9321938
O=C1C(Nc2cc(F)cc(F)c2)=CC(=O)c2ncccc21,6.373451,3.9450078
O=C1C(Nc2ccc(F)cc2F)=CC(=O)c2ncccc21,6.3891983,3.9492135
O=C1C(Nc2ccc(Br)cc2)=CC(=O)c2ncccc21,6.2383575,3.9053023
O=C1C(Nc2ccc(C(F)(F)F)cc2)=CC(=O)c2ncccc21,6.3728914,3.8848271
O=C1C(Nc2ccc(OC(F)(F)F)cc2)=CC(=O)c2ncccc21,6.197,3.890861
CC(C)Nc1nnc(SCC(=O)Nc2ccc3c(c2)C(=O)c2ccccc2C3=O)s1,6.208736,3.6083567
CCOc1cc(C)cc2c1C(=O)C=C(c1c(C)cc3c(c1OCC)C(=O)C=CC3=O)C2=O,6.3919363,4.210777
COc1cc2c(nc1-c1ccccc1)C(=O)C(N1CC1)=CC2=O,6.1821566,3.844367
O=C1C=C(N2CC2)C(=O)c2nc(-c3ccccc3)ccc21,6.237966,3.8824196
CCOC(=O)CNC1=CC(=O)c2cc(C)c(C3=CC(=O)c4c(OC)cc(C)cc4C3=O)c(OC)c2C1=O,6.1954985,4.011486
CC1CCC2C(C1)C1=C(OC2(C)C)C(=O)C2=C(OC(C)(C)C3CCC(C)CC23)C1=O,6.125981,3.766685
O=C1C2=C(C(=O)c3ncccc31)C1(CS2)NC(=O)N(c2ccc(N3CCOCC3)cc2)C1=O,5.406109,4.301629
COc1cc2c(cc1O)COC1C3=C(OCC21)C(=O)c1ccccc1C3=O,6.041395,3.8711953
COc1cc2c(cc1O)C1COC3=C(C(=O)c4ccccc4C3=O)C1OC2,6.047749,3.8702571
O=C1c2ccc(CN3CCCC3)cc2C(=O)c2nccnc21,5.7307167,4.0148907
O=C1C(Nc2ccccc2)=C(Cl)C(=O)c2ncncc21,6.236617,4.3475103
Cc1ccccc1NC1=C(Cl)C(=O)c2ncncc2C1=O,6.174626,4.3232965
O=C1C(Nc2ccccc2Br)=C(Cl)C(=O)c2ncncc21,6.43217,4.4602532
Cc1ccc(NC2=C(Cl)C(=O)c3ncncc3C2=O)cc1C,5.970496,4.3134046
Cc1cccc(NC2=C(Cl)C(=O)c3ncncc3C2=O)c1,6.128719,4.331183
O=C1C(Nc2cccc(Cl)c2)=C(Cl)C(=O)c2ncncc21,6.2368436,4.3797607
CCOc1ccccc1NC1=C(Cl)C(=O)c2ncncc2C1=O,6.0611444,4.341518
O=C1C(Nc2ccc(Br)cc2)=C(Cl)C(=O)c2ncncc21,6.328588,4.409028
CCc1ccc(NC2=C(Cl)C(=O)c3ncncc3C2=O)cc1,6.071023,4.329664
Cc1ccc(NC2=C(Cl)C(=O)c3ncncc3C2=O)cc1,6.0891323,4.3266935
CC1CCN(C(=O)C(Cc2cccc(C(=N)N)c2)NS(=O)(=O)c2ccc3c(c2)C(=O)c2ccccc2C3=O)CC1,5.913702,3.766803
O=C1c2ccccc2C(=O)c2c(NCCN3CCCC3CCl)ccc(NCCN3CCCC3CCl)c21,5.063812,3.281067
CC(C)C(=O)NC1=CC(=O)c2ccc(C=O)nc2C1=O,6.849627,4.166209
CC(=O)NC1=CC(=O)c2cc(C)cnc2C1=O,6.728133,3.8961866
COc1cc(C)cc2c1C(=O)C=C(c1c(C)cc3c(c1OC)C(=O)C(SCCO)=CC3=O)C2=O,6.068098,4.347467
CCOc1cc(C)cc2c1C(=O)C=C(c1c(C)cc3c(c1OCC)C(=O)C(NCCO)=CC3=O)C2=O,6.0398855,3.9793522
CCCCCCCC(=O)OC1=C(C2CCC(c3ccc(Cl)cc3)CC2)C(=O)c2ccccc2C1=O,6.156435,3.8821106
O=C(OC1=C(C2CCC(c3ccc(Cl)cc3)CC2)C(=O)c2ccccc2C1=O)c1ccc(F)cc1,6.256069,3.9766731
CCCCCCCCCOC1=C(C2CCC(c3ccc(Cl)cc3)CC2)C(=O)c2ccccc2C1=O,6.0595512,3.6529691
CCCCCCOC1=C(C2CCC(c3ccc(Cl)cc3)CC2)C(=O)c2ccccc2C1=O,6.083142,3.6601808
Cc1ccc2c(O)c3c(cc2c1)C(=O)c1c2c(cc(O)c1C3=O)C1(C)OC(O2)C(O)C(N(C)C)C1O,5.747892,3.8031473
O=C1NNC(=O)C2(CSC3=C2C(=O)c2ncccc2C3=O)N1,6.475746,4.1960454
CCn1cnc2c1C(=O)C=CC2=O,6.849123,3.9184716
O=C1C2=C(C(=O)c3ccccc31)C1Oc3ccc([N+](=O)[O-])cc3C1CO2,6.5997934,4.133625
O=C1C2=C(C(=O)c3ccccc31)C1Oc3ccc(Cl)cc3C1CO2,6.3087225,3.8855891
O=C1C2=C(C(=O)c3ccccc31)C1Oc3ccc(Br)cc3C1CO2,6.4321074,3.9194422
CSC1=C(SC)C(=O)c2ncccc2C1=O,6.020408,4.2577662
CC1Cn2c(nc3c2C(=O)C=CC3=O)-c2ccc3ccccc3c21,6.1737003,3.861508
NC1=C(Br)C(=O)c2cccnc2C1=O,6.7091236,4.1649313
O=C1CCCc2nc(-c3ccsc3)c3c(c21)C(=O)C=C(Nc1ccccc1)C3=O,5.8288646,3.9252677
COc1cc(C(CC=C(C)C)OC(=O)C2CCOC2)c(OC)c2c1C(=O)C=CC2=O,6.0731564,3.8868904
Cc1ccc(S(=O)(=O)N2c3ccccc3C3COC4=C(C(=O)c5ccccc5C4=O)C32)cc1,6.2724586,3.948722
COC(=O)c1ccc2c(c1)C1COC3=C(C(=O)c4ccccc4C3=O)C1O2,6.474772,3.9105005
O=C1c2ccccc2C(=O)c2c(-c3ccncc3)noc21,6.4899974,4.193392
COc1cccc2c1C(=O)c1c(-c3ccncc3)noc1C2=O,6.3722167,4.185797
O=C1c2cccc(O)c2C(=O)c2c(-c3ccncc3)noc21,6.450938,4.2173395
CC(=O)Oc1cccc2c1C(=O)c1c(-c3ccncc3)noc1C2=O,6.5863757,4.3402276
O=C(c1cc2c(o1)C(=O)c1ccccc1C2=O)c1cccs1,6.615206,4.130598
Cn1c2c(c3ccccc31)C(=O)c1c[n+]([O-])c3ccccc3c1C2=O,6.1526065,3.4491043
CC(C)n1c2c(c3ccccc31)C(=O)c1c[n+]([O-])c3ccccc3c1C2=O,6.1932077,3.4833996
O=C1c2c[n+]([O-])c3ccccc3c2C(=O)c2c1c1ccccc1n2CCO,6.2128096,3.539265
O=C1c2ccc(Sc3ccc(Br)cc3)cc2C(=O)c2cc(O)c(O)cc21,6.0960784,3.746313
CC(=O)c1cccc(NC2=CC(=O)c3ncncc3C2=O)c1,6.260244,4.1653953
Cn1cc(CCN)c2c1C(=O)C1=C(C2=O)S(=O)(=O)C=CN1,6.0537424,3.9405606
CNCCc1cn(C)c2c1C(=O)C1=C(NC=CS1(=O)=O)C2=O,5.848443,3.9371138
COC1=CC(=O)c2c(oc(C)c2CO)C1=O,6.7270613,3.9711692
COc1cccc2c1C(=O)c1c(O)c3c(c(O)c1C2=O)CC(O)(C(C)=O)CC3OCCN,5.939323,3.6759896
COC1=C(C)C(=O)C2=C(C1=O)C(COC(C)=O)N1C(C#N)CN(C)CC1C2,5.708778,3.9162474
Cc1ccc(S(=O)(=O)Oc2ccc(N3CCOCC3)c3c2C(=O)c2ccccc2C3=O)cc1,5.786366,3.6663604
O=C1c2cc(-c3nc(CCc4ccccc4)no3)sc2C(=O)c2c(O)cccc21,6.571571,4.075176
CCOC(=O)c1cc2c(n1CC)C(=O)C(Oc1ccccc1)=CC2=O,6.5457206,3.8979812
CCOC(=O)c1cc2c(n1CC)C(=O)C(Oc1ccc(C)cc1)=CC2=O,6.38704,3.8813622
CCOC(=O)c1cc2c(n1CC)C(=O)C(Oc1ccccc1C)=CC2=O,6.4530244,3.8664217
CCOC(=O)c1cc2c(n1CC)C(=O)C(Oc1ccc(OC)cc1)=CC2=O,6.255072,3.8921554
CCOC(=O)c1cc2c(n1CC)C(=O)C(Oc1ccc(Cl)cc1)=CC2=O,6.4854774,3.9314413
COc1ccc(OC)c(NC2=CC(=O)c3ncccc3C2=O)c1,5.852674,3.8393996
Cc1cc2c(c3oc(CCCC#N)cc13)C(=O)c1c(O)cccc1C2=O,6.3262243,3.6125033
Cc1cc2c(c3oc(CCCCl)cc13)C(=O)c1c(O)cccc1C2=O,6.299436,3.6094205
CCCc1cc2c(C)cc3c(c2o1)C(=O)c1c(O)cccc1C3=O,6.3203754,3.5757215
CCCCCC(=O)c1cc2c(C)cc3c(c2o1)C(=O)c1c(OC(C)C)cccc1C3=O,6.326082,3.710612
O=C1c2cccnc2C(=O)c2c1c(C(=O)NCCN1CCOCC1)c1ccccn21,5.588535,3.8044987
CC(=O)N1CCN(C(=O)c2cccc(Cn3nnc4c3C(=O)c3ccccc3C4=O)c2)CC1,6.1916485,3.983362
CN1CCN(C(=O)c2cccc(Cn3nnc4c3C(=O)c3ccccc3C4=O)c2)CC1,5.7483,3.9706042
CC(=O)N1CCN(C(=O)c2ccc(Cn3nnc4c3C(=O)c3ccccc3C4=O)cc2)CC1,6.2027993,3.972243
CN1CCN(C(=O)c2ccc(Cn3nnc4c3C(=O)c3ccccc3C4=O)cc2)CC1,5.7611065,3.9599054
CN(Cc1ccc(F)cc1)C(=O)c1ccc(-c2cc(C3=C(N4CC4)C(=O)C=C(N4CC4)C3=O)no2)s1,5.9566145,4.0694094
C#CCCOC1=C(OCCC#C)C(=O)c2ncccc2C1=O,6.365381,4.1380234
C#CCOC1=C(OCC#C)C(=O)c2ncccc2C1=O,6.648137,4.1708374
CC(=O)NC1=CC(=O)C(NCCN2CCCC2)=CC1=O,5.7254677,3.6218002
C#CC(C)OC1=C(Cl)C(=O)c2cccnc2C1=O,6.7339754,4.327796
O=C1C=CC(=O)c2c1ccc1c2c(=O)oc2c3ccccc3ccc12,6.3450093,4.1834645
O=C1c2cccnc2C(=O)c2c1c(C(=O)OCCN1CCOCC1)c1c(F)cccn21,5.7632904,3.9787574
CN1CCN(CCOC(=O)c2c3c(n4cccc(F)c24)C(=O)c2ncccc2C3=O)CC1,5.3759546,3.941402
CCOC(=O)c1c2c(n3ccc(NC(=O)CCN4CCCC4)cc13)C(=O)c1ncccc1C2=O,5.6506076,3.8626077
O=C1c2cccnc2C(=O)c2c1c(C(=O)OCCN1CCCC1)c1c(F)cccn21,5.771348,3.957313
O=C(O)c1cc(C(=O)O)c2c(n1)C(=O)C(=O)c1cc(C(=O)O)[nH]c1-2,6.9901,4.1987596
CC1(C)CCC2=C(O1)c1ccccc1C(=O)C2=O,6.4296455,3.672533
CC1(C)C(=O)NC2=C1C(=O)C(=O)c1ccccc12,6.474348,3.773987
C=C(C)C1CC2=C(O1)c1ccccc1C(=O)C2=O,6.341799,3.7526526
O=C1C(=O)c2cccnc2-c2ccccc21,6.557376,3.9002836
CC1=C2OCC(C)c3ccc(C)c(c32)C(=O)C1=O,6.226369,3.501751
C=C(C)C1CC2=C(O1)c1cccc(O)c1C(=O)C2=O,6.317901,3.7740889
COc1cc(C)cc(C(=O)O)c1C1=C(O)c2cccc(O)c2C(=O)C1=O,6.2546473,3.8142083
O=C1C=c2cc[nH]c2=CC1=O,6.428595,3.7499735
C=C(C)C1CCC(C)=CC1C1=C(O)C(NCc2ccccc2)=C(CCCCC)C(=O)C1=O,5.6171255,3.4131143
CC1OC2=C(C(=O)C(=O)c3ccccc32)C1(C)C,6.413495,3.642426
O=C(COCc1ccccc1)Nc1ccc2c(c1)C(=O)C(=O)c1ccccc1-2,6.1727595,3.7019818
CC1OC2=C(C(=O)C(=O)c3c(O)cccc32)C1(C)C,6.390126,3.662297
CC1(C)OC2=C(CC1Br)C(=O)C(=O)c1ccccc12,6.564235,3.815119
O=C1C(=O)c2ccccc2C2=C1CCO2,6.5210257,3.7429845
CC1(C)CC2=C(O1)c1ccccc1C(=O)C2=O,6.492521,3.7045271
CC1=CCCc2c1ccc1c2C(=O)C(=O)c2c(C)coc2-1,5.9299827,3.4877229
C=C1CCCC2C1(C)CCC(C)C2(C)CC1=C(O)C(NCCc2ccccc2)=CC(=O)C1=O,5.683906,3.4453113
C=C(C)C1CC2=C(O1)c1ccc(O)cc1C(=O)C2=O,6.3025784,3.7470262
C=C(C)C1CC2=C(O1)c1cccc(OC)c1C(=O)C2=O,6.252913,3.742184
CCCCCCCC1=C(C)C(=O)C(=O)c2c1[nH]c1ccccc21,6.0216427,3.4769979
CC1=CCCC2C1(C)CCC(C)C2(C)CC1=C(O)C(NCCc2cnc[nH]2)=CC(=O)C1=O,5.5389085,3.4718435
O=C1C(=O)c2ccccc2C(O)=C1c1ccccc1,6.3939724,3.7123554
COC(=O)c1c[nH]c2c1-c1cc(C(=O)OCc3ccccc3)n(S(=O)(=O)c3ccc(C)cc3)c1C(=O)C2=O,6.6046786,4.124094
COc1cc2c(c(O)c1C(C)C)C(=O)C(=O)C1=C2C=CCC1(C)C,5.9852867,3.5289721
CC1(C)CCC2=C(O1)c1cc(Cl)ccc1C(=O)C2=O,6.4467907,3.788282
CCC1(C)CCC2=C(O1)c1ccccc1C(=O)C2=O,6.384615,3.6803265
Cc1ccc(S(=O)(=O)Nc2ccc3c(c2)C(=O)C(=O)c2ccccc2-3)cc1,6.3719907,3.7836788
O=C1C(=O)c2ccccc2C2=C1CCCO2,6.4576254,3.681641
COc1ccc2c(c1)C(=O)C(=O)C1=C2OC(C)C1(C)C,6.3005557,3.615504
CC1(C)OC2=C(C(=O)C(=O)c3ccccc32)C1N=[N+]=[N-],6.579728,3.928514
COc1ccc2c(c1)C(=O)C(=O)C1=C2OC(C)(C)CC1,6.316734,3.6454554
CC(=O)OC1CC2=C(OC1(C)C)c1ccccc1C(=O)C2=O,6.535866,3.7762632
CC1(C)CCC2=C(O1)c1cccc(O)c1C(=O)C2=O,6.4060946,3.6938
[N-]=[N+]=NCC1CC2=C(O1)c1ccccc1C(=O)C2=O,6.4820867,3.8633945
CCCCCCC(C)(C)C1=CC2=C(C(=O)C1=O)c1nn(C)cc1C(C)(C)O2,6.0642734,3.789884
Cc1cc(O)cc2c1C1=C(C(=O)C2=O)C(C)(C)C(C)O1,6.2552814,3.5541937
CC1(C)OC2=C(CC1O)C(=O)C(=O)c1ccccc12,6.456505,3.749342
CC1(C)OC2=C(C(=O)C(=O)c3ccccc32)C1O,6.567582,3.8604844
CC1(C)COC2=C(C1)C(=O)C(=O)c1ccccc12,6.4179864,3.6611106
CC(C)C1=C(O)C2=C(C(=O)C1=O)C1(C)CCCC(C)(C)C1C2C=O,6.1853423,3.714577
CC1=CCCC2C1(C)CCC(C)C2(C)CC1=C(O)C(NCCc2ccccc2)=CC(=O)C1=O,5.6012564,3.4153395
O=S1Oc2ccccc2O1,6.1107297,2.345828
CC1=C2OCC(C)c3c(O)cc(C)c(c32)C(=O)C1=O,6.188262,3.5032275
O=C1C(=O)c2ccccc2C(O)=C1C1=C(O)c2ccccc2C(=O)C1=O,6.387636,4.347903
O=C1NC(=O)C(C2=CC(=O)C(=O)C=C2)(c2ccccc2)N1,6.887323,4.401991
O=C1C(=O)c2cc(O)cc(O)c2C(O)=C1C1=C(O)c2c(O)cc(O)cc2C(=O)C1=O,6.2502947,4.344921
O=C1C=C(Nc2nc(C(=O)O)cc(=O)[nH]2)c2ccccc2C1=O,6.507344,3.9101691
CCCCCCCCCCCC1=C(O)c2ncsc2C(=O)C1=O,6.4007645,4.089135
CCCCCCCC1=C(O)c2ncsc2C(=O)C1=O,6.5051694,4.10377
O=C1C(=O)c2ccccc2C(O)=C1Nc1ccc(Cl)cc1,5.8152533,3.662752
CCOC(=O)c1c2c(n(-c3ccc(OC)cc3)c1C)C(=O)C(=O)c1ccccc1-2,6.038786,3.6372848
O=C1C(=O)c2ccccc2C(O)=C1c1ccccc1F,6.4976277,3.7981148
Cc1ccc(C2=C(O)c3ccccc3C(=O)C2=O)cc1,6.260577,3.7053387
CC(C)(Br)C1CC2=C(O1)c1ccccc1C(=O)C2=O,6.5820003,3.8348508
CC1COC2=C(C1)C(=O)C(=O)c1ccccc12,6.4391665,3.6791077
CCCCCCCCCCCC(=O)OC1CC2=C(OC1(C)C)c1ccccc1C(=O)C2=O,6.291868,3.7429733
CC(C)C(=O)OC1CC2=C(OC1(C)C)c1ccccc1C(=O)C2=O,6.4590592,3.7619987
O=C1C=CC2=C(OCC3c4cc5c(cc4OC23)OCO5)C1=O,6.1139045,4.127231
CC1(C)OC2=C(C(=O)C(=O)c3ccccc32)C1n1cc(C2=CCCCC2)nn1,6.135893,3.8432891
CC1(C)CC(O)C2=C(O1)c1ccccc1C(=O)C2=O,6.483755,3.8052595
CC1(C)OC2=C(C(=O)C(=O)c3ccccc32)C(O)C1Br,6.659349,3.9452188
CC(C)OC1C2=C(OC1(C)C)c1ccccc1C(=O)C2=O,6.473408,3.8236334
CC(C)COC1C2=C(OC1(C)C)c1ccccc1C(=O)C2=O,6.4219894,3.830897
CC1(C)OC2=C(C(=O)C(=O)c3ccccc32)C1OC1CCCCC1,6.2950325,3.8144321
CC1(C)CCC2=C(O1)c1cccc(OC(=O)C(C)(C)C)c1C(=O)C2=O,6.398073,3.812797
COc1cccc2c1C1=C(CCC(C)(C)O1)C(=O)C2=O,6.3221188,3.6444302
CC1(C)CCC2=C(O1)c1c(O)cccc1C(=O)C2=O,6.38878,3.6554902
CC1C2=C(OC1(C)C)c1c(O)cccc1C(=O)C2=O,6.3885813,3.647629
CC1C2=C(OC1(C)C)c1cccc(O)c1C(=O)C2=O,6.4030647,3.6887083
O=C1C(=O)c2ccccc2C(O)=C1Nc1cccc(Cl)c1,5.8596807,3.6683564
COc1ccc2c(c1)C1=C(C(=O)C2=O)C(C)(C)C(C)O1,6.2943945,3.5961602
COc1cccc2c1C1=C(C(=O)C2=O)C(C)(C)C(C)O1,6.3076663,3.6127641
CC1(C)CCC2=C(O1)c1ccc([N+](=O)[O-])cc1C(=O)C2=O,6.6862173,4.185384
COc1ccc(SC2=CC(=O)C(=O)c3c(-c4ccccc4)cn(S(=O)(=O)c4ccccc4)c32)cc1,5.987228,4.271249
CCN(CC)CCCn1c2c(c3ccccc3c1=O)C(=O)C(=O)c1cc(C)oc1-2,5.619008,3.913418
Cc1cc2c(o1)-c1c(c3ccccc3c(=O)n1CCCN(C)C)C(=O)C2=O,5.698574,3.9047024
O=C1C(=O)c2ccccc2C(O)=C1Nc1ccccc1Cl,5.902019,3.6816802
CC(=O)OCC1C2=C(OC1(C)C)c1ccccc1C(=O)C2=O,6.505942,3.7686656
O=C1C(=O)c2ccccc2C(O)=C1Nc1cccc(C(F)(F)F)c1,6.0203037,3.709822
CC(=O)c1nnc(C23CCCC(C)(C)C2CC(=O)C2=C3C(=O)C(=O)C(C(C)C)=C2)o1,6.5250216,4.5146275
CC(C)C1=CC2=C(C(=O)C1=O)C1(c3nnc(C(C)NC(=O)OC(C)(C)C)o3)CCCC(C)(C)C1CC2=O,6.3932595,4.3270326
O=C1C(=O)c2ccccc2C(O)=C1Nc1cccc(Cl)c1Cl,5.893702,3.728787
CC1(C)OC2=C(C(=O)C(=O)c3ccccc32)C1CO,6.458479,3.7491689
Cc1nnc(C23CCCC(C)(C)C2CC(=O)C2=C3C(=O)C(=O)C(C(C)C)=C2)o1,6.3272233,4.299535
CC1(C)OC2=C(CC1CN=[N+]=[N-])C(=O)C(=O)c1ccccc12,6.3676496,3.7674363
CC1(C)OC2=C(C(=O)C(=O)c3ccccc32)C1CN=[N+]=[N-],6.4396067,3.7967217
O=C1C(=O)c2c(-c3ccccc3)cn(S(=O)(=O)c3ccccc3)c2C2=C1C1C=CC2CC1,6.1022615,3.9136147
O=C1C(=O)c2ccccc2C(O)=C1c1cccc([N+](=O)[O-])c1,6.622649,4.1064725
CC(C)(O)C1CC2=C(O1)c1ccccc1C(=O)C2=O,6.4727383,3.790379
CC1=CCCC2C1(C)CCC(C)C2(C)CC1=C(O)C(NCCc2ccc(O)cc2)=CC(=O)C1=O,5.5081706,3.423342
O=c1c(=O)c2c([N+](=O)[O-])ccc3ccc4cccc1c4c32,6.5176573,4.24607
CN1CCC2(C)C3=CC(=O)C(=O)C=C3N(C)C12,5.7854033,3.628265
CC1OC2=C(C(=O)C(=O)c3ccccc32)C1C,6.467001,3.7220163
CC1CC2=C(O1)c1ccccc1C(=O)C2=O,6.5167294,3.7548618
Cc1ccc2c(c1CCC1OC1(C)C)C(=O)C(=O)C(C(C)C)=C2,6.1604753,3.5745976
CC1CCC2=C(O1)c1ccccc1C(=O)C2=O,6.453749,3.7025883
CC1(C)CCC2=C(O1)c1ccc(O)cc1C(=O)C2=O,6.3872147,3.6660693
CCOC(=O)c1ccc(CCC2=C(c3ccccc3)c3ccccc3C(=O)C2=O)cc1,6.2187014,3.7572567
COc1cccc2c1C(=O)C(=O)C1=C2OC(C)(C)CC1,6.335458,3.6596918
O=C1C(=O)c2ccccc2C(O)=C1Nc1ccccc1,5.859116,3.6281576
CCc1nc2c(o1)-c1ccccc1C(=O)C2=O,6.7450433,4.0081773
CC(C)=CCCC1(C)C=Cc2c(ccc3c2C(=O)C(=O)C(C2=C(Cl)C(=O)c4ccccc4C2=O)=C3O)O1,5.7094564,4.47239
O=C1C(=O)c2sccc2-c2ccccc21,6.5825195,3.865027
Cc1c(CNCCNC(=O)C=Cc2cccnc2)oc2c1C(=O)C(=O)c1c-2ccc2c1CCCC2(C)C,5.6004853,3.56979
COC1C2=C(C(=O)C(=O)C(C(C)C)=C2)C23CCCC(C)(C)C2C1OC3=O,6.35586,4.0481725
CC1=C2OCC(C)(O)c3ccc(C)c(c32)C(=O)C1=O,6.3048086,3.5868893
CC(C)(COC(=O)c1ccc2c(c1)OCO2)CC1=C(O)c2ccccc2C(=O)C1=O,6.1903715,3.7430003
Cc1cccc2c3c(ccc12)C(=O)C(=O)C1=C3OCC1C,6.06932,3.7329898
Cc1coc2c1C(=O)C(=O)c1ccc3c(C)cccc3c1-2,6.098553,3.696953
COC(=O)C1C2=C(C(=O)C(=O)C(C(C)C)=C2O)C2(C)CCCC(C)(C)C12,6.2197595,3.7431135
Cc1coc2c1C(=O)C(=O)c1c-2ccc2c1CCCC2=O,6.385757,3.7712638
CC1CC2=C(O1)c1cccc(O)c1C(=O)C2=O,6.479611,3.7705843
COc1cccc2c1C(=O)C(=O)C1=C2OC(C)C1,6.389846,3.7316294
COC1=Cc2coc(C)c2C(=O)C1=O,6.584526,3.9053717
Cc1cc(=O)c2c(O)c3c(cc2o1)C(=O)C(=O)C=C3O,6.620476,4.006848
O=C1C=Cc2ccc3ccoc3c2C1=O,6.5402756,3.9414299
CN(C)C(=O)c1cc(C(=O)N(C)C)c2c(n1)C(=O)C(=O)c1cc(C(=O)N(C)C)[nH]c1-2,5.964526,3.9778829
O=C1C(=O)c2cc3c(ccc4ccccc43)cc2-c2ccccc21,5.9009814,3.7370048
NCCc1c[nH]c2c1C(=O)C(=O)C=C2,5.9376526,3.5614536
CC(C)c1ccc(C2=C(O)c3ccccc3C(=O)C2=O)cc1,6.236206,3.7005897
CC1(C)OC2=C(C(=O)C(=O)c3ccccc32)C1n1cc(COC2CCCCO2)nn1,6.2855444,3.9281015
O=C1C(=O)c2ccccc2C(O)=C1C(NCc1ccccc1)c1ccccc1O,5.7497315,3.6906397
O=C1C(=O)c2ccccc2C(O)=C1C(NCc1ccccc1)c1cc(Br)ccc1O,5.809475,3.7547863
Cc1ccc(O)c(C(NCc2ccccc2)C2=C(O)c3ccccc3C(=O)C2=O)c1,5.6786456,3.681483
O=C(Nc1ccc2c(c1)C(=O)C(=O)C=C2c1ccccc1)OCc1ccccc1,6.2983255,3.8507438
O=C(O)COc1ccc(CC2=C(c3ccccc3)c3ccccc3C(=O)C2=O)cc1,6.0052214,3.793979
COc1cc2c(cc1OC)C1=C(CCC(C)(C)O1)C(=O)C2=O,6.2364383,3.653636
CC(C)C1=C(Sc2ccc(Br)cc2)c2ccc3c(c2C(=O)C1=O)CCCC3(C)C,5.9086337,3.8466244
CC(C)C1=C(Sc2ccc(F)cc2)c2ccc3c(c2C(=O)C1=O)CCCC3(C)C,5.9084735,3.79101
CC(=O)Nc1ccc(SC2=C(C(C)C)C(=O)C(=O)c3c2ccc2c3CCCC2(C)C)cc1,5.718642,3.7760203
CC(C)C1=C(Sc2ccccc2)c2ccc3c(c2C(=O)C1=O)CCCC3(C)C,5.865324,3.7566338
COC1=CC(C2c3cc4c(cc3C(Nc3cncc5ccccc35)C3COC(=O)C23)OCO4)=CC(=O)C1=O,5.5618973,4.1039386
O=C1C=C2OCCc3cccc(c32)C1=O,6.5342765,3.728921
CC1COC2=CC(=O)C(=O)c3cccc1c32,6.517894,3.7490504
CC1(O)COC2=C(Cl)C(=O)C(=O)c3cccc1c32,6.6443515,4.0967436
CCCC1(O)COC2=C(Cl)C(=O)C(=O)c3cccc1c32,6.5237613,4.0859547
C=CCC1(O)COC2=C(Cl)C(=O)C(=O)c3cccc1c32,6.4381146,4.0855713
Cc1coc2c1C(=O)C(=O)c1c-2ccc2c1CCCCC2,6.17879,3.4797394
O=C1C(=O)c2ccccc2C(O)=C1CSc1ccc(F)cc1,5.9645653,3.8482287
COc1ccc(SCC2=C(O)c3ccccc3C(=O)C2=O)cc1,5.74214,3.8084273
Cc1ccc(SCC2=C(O)c3ccccc3C(=O)C2=O)cc1,5.8121247,3.7970302
Cc1ccccc1SCC1=C(O)c2ccccc2C(=O)C1=O,5.8298836,3.8094628
Cc1cccc(SCC2=C(O)c3ccccc3C(=O)C2=O)c1,5.8661423,3.7933874
COc1ccc(NC2=C(O)c3ccccc3C(=O)C2=O)cc1,5.6585536,3.6298168
Cc1cccc(C)c1NC1=C(O)c2ccccc2C(=O)C1=O,5.8026085,3.581155
O=C1C(=O)c2c(nc3ncnn3c2-c2cccs2)-c2ccccc21,6.496296,4.102605
O=C1C=C(O)C(Cc2ccc3cc(C(=O)O)ccc3c2)=CC1=O,6.121595,4.0015993
CC(=O)OC1C2=C(C(=O)C(=O)C(C(C)C)=C2O)C2(C)CCCC(C)(C)C2C1OC(=O)c1ccc([N+](=O)[O-])cc1,6.358824,4.151512
O=C1C(=O)c2ccccc2C2=C1CC(O)CO2,6.5153155,3.775016
CC1(C)CCC2=C(O1)c1cc(O)ccc1C(=O)C2=O,6.383466,3.6231563
CC1OC2=C(C(=O)C(=O)c3cccc(O)c32)C1(C)C,6.373668,3.6210961
C=C(C)C1CC2=C(O1)c1c(O)cccc1C(=O)C2=O,6.3063254,3.7328105
O=C1C(=O)c2ccccc2C(O)=C1C(NCc1ccccn1)c1ccccn1,5.75596,3.7658327
CC1(C)OC2=C(CC1SCc1ccccc1)C(=O)C(=O)c1ccccc12,5.8889213,3.7203667
CCSC1CC2=C(OC1(C)C)c1ccccc1C(=O)C2=O,5.9360094,3.730048
CC1(C)CCC2=C(O1)c1ccc(F)cc1C(=O)C2=O,6.568231,3.840959
CC1(C)CCC2=C(O1)c1ccc(C#N)cc1C(=O)C2=O,6.6338143,3.943303
COc1ccc2c(c1)C1=C(CCC(C)(C)O1)C(=O)C2=O,6.3087406,3.627057
O=C1C=C(NC2CCN(Cc3ccccc3)C2)c2ccccc2C1=O,5.559528,3.4916337
O=C1C(=O)c2ccccc2C(O)=C1C(NCc1ccco1)c1ccccn1,5.832206,3.7514
Cc1[nH]c2ccccc2c1C(C1=C(O)c2ccccc2C(=O)C1=O)c1ccc([N+](=O)[O-])cc1,5.654886,3.8881156
COc1cc(C(C2=C(O)c3ccccc3C(=O)C2=O)c2c[nH]c3ccc(Br)cc23)cc(OC)c1OC,5.493881,3.719104
COc1ccc(C(C2=C(O)c3ccccc3C(=O)C2=O)c2c[nH]c3ccccc23)cc1Br,5.552284,3.696162
CC1(C)OC2=C(C(=O)C(=O)c3ccccc32)C(N=[N+]=[N-])C1Br,6.633256,3.9736266
Cc1[nH]c2ccccc2c1C(C1=C(O)c2ccccc2C(=O)C1=O)c1ccc(Cl)cc1,5.529723,3.624186
CCCCCCc1cn(CC2CC3=C(O2)c2ccccc2C(=O)C3=O)nn1,6.1886187,3.8289049
O=C1C(=O)c2ccccc2C(O)=C1C(c1ccc([N+](=O)[O-])cc1)c1c(O)c2ccccc2oc1=O,6.300687,4.1267266
O=C1C(=O)c2ccccc2C(O)=C1C(c1ccc(Cl)cc1)c1c(O)c2ccccc2oc1=O,6.0953484,3.8849282
O=C1C=C(Sc2ccccc2)c2c(c(-c3ccccc3)cn2S(=O)(=O)c2ccccc2)C1=O,6.174108,4.274935
O=C1C(=O)c2ccccc2C(O)=C1C(c1ccccc1F)c1c(O)c2ccccc2oc1=O,6.1815786,3.8897176
O=C1C(=O)c2ccccc2C(O)=C1C(c1ccc(Br)cc1)c1c(O)c2ccccc2oc1=O,6.1687355,3.9238784
O=C(O)Cc1ccc(SC2=CC(=O)C(=O)c3c(-c4ccccc4)cn(S(=O)(=O)c4ccccc4)c32)cc1,6.148846,4.325692
COC(=O)C1(C)CCCC2(C)C3=C(C(O)=C(C(C)C)C(=O)C3=O)C(CO)C12,6.1990814,3.7111433
Cc1cc2c(o1)-c1c(c3ccccc3c(=O)n1CCCCCN(C)C)C(=O)C2=O,5.650406,3.8823583
O=C1C(=O)c2ccccc2C(O)=C1C(c1ccccc1)c1c(O)c2ccccc2oc1=O,6.1410255,3.8535438
Cc1cc2c(o1)-c1c(c3ccccc3c(=O)n1CCCCN(C)C)C(=O)C2=O,5.6648016,3.881026
O=C1C(=O)c2ccccc2C(O)=C1C(c1ccc(F)cc1)c1c(O)c2ccccc2oc1=O,6.176853,3.8813603
Cc1[nH]c2ccccc2c1C1=C(O)c2cccnc2C(=O)C1=O,5.722828,3.7662072
COc1cccc(C2=C(O)c3ccccc3C(=O)C2=O)c1,6.190147,3.6859016
Cc1cc2c(cc1C)-c1oc(CN3CCN(C4CC4)CC3)c(C)c1C(=O)C2=O,5.298081,3.5621297
Cc1cc2c(cc1C)-c1oc(CN3CCC(N4CCCC4)CC3)c(C)c1C(=O)C2=O,5.248327,3.5252562
Cc1c(CN(C)CCNC(=O)C=Cc2cccnc2)oc2c1C(=O)C(=O)c1c-2ccc2c1CCCC2(C)C,5.457332,3.597417
CC1(C)OC2=C(CC1CO)C(=O)C(=O)c1ccccc12,6.391303,3.7054427
CCCN(CCNC(=O)C=Cc1cccnc1)Cc1oc2c(c1C)C(=O)C(=O)c1c-2ccc2c1CCCC2(C)C,5.4543405,3.59452
CCN(CCNC(=O)C=Cc1cccnc1)Cc1oc2c(c1C)C(=O)C(=O)c1c-2ccc2c1CCCC2(C)C,5.4462767,3.5999913
CC(=O)OCC1CC2=C(OC1(C)C)c1ccccc1C(=O)C2=O,6.450494,3.7203913
O=C(O)c1cc2c([nH]1)-c1cccnc1C(=O)C2=O,6.721715,3.864856
O=C1C(=O)c2ccccc2C(O)=C1CCCCCC1CCCCC1,6.1216455,3.6291072
O=C1C(=O)c2cccnc2C(Nc2ccccc2)=C1Cl,6.103983,4.0890136
CC1=C2OC(C)(C)c3cc(OC4OC(CO)C(O)C(O)C4O)c(C(=O)O)c(c32)C(=O)C1=O,6.4306493,3.9687507
CCc1cc(O)c(C2=C(O)c3cccc(O)c3C(=O)C2=O)c(C(=O)OC)c1,6.288649,3.8379946
O=C1C(=O)c2ccccc2C(O)=C1CSc1ccccc1,5.9024367,3.815631
O=C1C=C(N2CCCCC2)c2cc(N3CCCCC3)ncc2C1=O,5.5836425,3.6507235
O=C1C(=O)c2ccccc2C(O)=C1CCc1ccc(Oc2ccccc2)cc1,5.977429,3.6648822
COc1ccc(C2=C(O)c3ccccc3C(=O)C2=O)cc1,6.127111,3.7148077
CC(C)=CCc1ccc2[nH]c3c(c2c1)C(=O)C(=O)C(C)=C3CC(C)O,5.724915,3.51836
CCC1(CC)CCC2=C(O1)c1ccccc1C(=O)C2=O,6.3366184,3.6912284
O=C1C(=O)c2ccccc2C2=C1CCC1(CCCC1)O2,6.2985773,3.6669886
O=C1C(=O)c2ccccc2C2=C1CCC1(CCCCC1)O2,6.242144,3.6549728
O=C1C(=O)c2ccccc2C(O)=C1C1CCCCCCC1,6.1616807,3.564578
CC1=C2OCCc3ccc(C)c(c32)C(=O)C1=O,6.223811,3.4847078
CCOC(=O)CC1COC2=C(C)C(=O)C(=O)c3c(C)ccc1c32,6.2927465,3.5495524
CCC1(O)COC2=C(C)C(=O)C(=O)c3c(C)ccc1c32,6.272156,3.592204
CC1=C2OCC(Cl)(C(F)(F)F)c3ccc(C)c(c32)C(=O)C1=O,6.458171,3.6795282
CC1=C2OCC(CC(=O)O)c3ccc(C)c(c32)C(=O)C1=O,6.2887483,3.5768352
CC(C)C1=C(O)C2=C(C(=O)C1=O)C1(C)CCCC(C)(C)C1C2CO,6.110315,3.6364195
O=C1C=C(NCCN2CCOCC2)c2ccccc2C1=O,5.5790434,3.5168893
Cc1c(CN(CCNC(=O)C=Cc2cccnc2)C(C)C)oc2c1C(=O)C(=O)c1c-2ccc2c1CCCC2(C)C,5.418621,3.6048388
Cc1c(CN(CCO)CCNC(=O)C=Cc2cccnc2)oc2c1C(=O)C(=O)c1c-2ccc2c1CCCC2(C)C,5.462725,3.612276
CC(C)=CCCC1COC2=C(C)C(=O)C(=O)c3cccc1c32,5.88032,3.6263542
COC(=O)c1c(O)cc(C)c2c1C(=O)C(=O)C1=C2OC(C)C1(C)C,6.372141,3.7396948
CC(C)=CCCC(=CCCC1(C)C2=C(C(O)=C(C)C(=O)C2=O)C(O)C2C1CCC2(C)O)C(=O)O,5.789305,3.8316922
C=C1CCCc2c1ccc1c2C(=O)C(=O)C(C(C)C)=C1,6.037139,3.5579913
O=C1C=c2cc(C(=O)O)[nH]c2=CC1=O,6.7585692,3.9980426
CC(C)C1=C(O)C2=C(C(=O)C1=O)C1(C)CCCC(C)(C)C1C2(O)C=O,6.283706,3.8463428
CCCC1=C(O)c2c(cc(C3(O)C(=O)Nc4cccc(O)c43)c(O)c2OC)C(=O)C1=O,6.0727396,3.7953773
O=C1C=CC(c2c(O)oc3c(-c4ccc(O)c(O)c4)c(O)oc23)=CC1=O,5.980857,4.042339
COc1c(O)c(C)cc2cc3c(cc12)C(=O)C(=O)C=C3,6.0088086,3.9257915
CC1=C(O)c2c(c(COC(N)=O)c3n2CC(N)C3O)C(=O)C1=O,6.1215444,3.521173
NCCc1c[nH]c2c1C(=O)C(=O)C=C2SCC(N)C(=O)N(CC(=O)O)C(=O)CCC(N)C(=O)O,5.6759725,3.8244946
C=CCOC(=O)c1cc(C(=O)OCC=C)c2c(n1)C(=O)C(=O)c1cc(C(=O)OCC=C)[nH]c1-2,6.700677,4.220007
CC(C)c1nc2c([nH]1)C(=O)C(=O)c1ccccc1-2,6.48516,3.679224
NCCc1c[nH]c2c1C(=O)C(=O)C=C2O,6.0082884,3.5101728
O=C1C(=O)c2ccccc2C(O)=C1CSc1ccc(Cl)cc1,5.8685923,3.8475115
O=C1C(=O)c2ccccc2C(O)=C1CCCCc1ccc(Oc2ccccc2)cc1,5.951823,3.6255274
CC1CC2=C(OC1(C)C)c1ccccc1C(=O)C2=O,6.3911347,3.6644561
COC(=O)C1C2CON=C2c2cc3c(cc2C1C1=CC(=O)C(=O)C(OC)=C1)OCO3,6.05733,4.0436673
O=C1C(=O)c2ccccc2C(O)=C1c1cccc(F)c1,6.4896693,3.7992918
CC(C)(C)c1ccc(C(C)(C)C)c2c1OS(=O)O2,6.121033,1.7540438
O=C1C(=O)c2ccccc2C(O)=C1C=Cc1ccccc1,6.174095,3.7008843
O=C1C(=O)c2ccccc2C(O)=C1C=CCc1ccccc1,6.0533895,3.6700923
COc1cc2c(cc1OC)C(O)=C(c1cc(OC)c(OC)cc1[N+](=O)[O-])C(=O)C2=O,6.1582594,4.081903
O=C1C(=O)c2ccccc2C(O)=C1c1ccccc1[N+](=O)[O-],6.6646247,4.1176805
COc1ccc(C(C2=C(O)c3ccccc3C(=O)C2=O)c2ccc(C(C)C)cc(=O)c2O)cc1,5.905952,3.765915
CCCCCCN(CC1=C(O)c2ccccc2C(=O)C1=O)Cc1ccccc1,5.7164145,3.6965697
CCCCCCCN(CC1=C(O)c2ccccc2C(=O)C1=O)Cc1ccccc1,5.7134075,3.694006
CCCCCCCCN(CC1=C(O)c2ccccc2C(=O)C1=O)Cc1ccccc1,5.7107472,3.6912868
CC1CCC2C1C1=C(OC2(C)C)c2ccccc2C(=O)C1=O,6.2914286,3.653076
CC1(C)CCC2=C(O1)c1ccc(Cl)cc1C(=O)C2=O,6.440583,3.7945273
COc1cc(C(C2=C(O)c3ccccc3C(=O)C2=O)C2C(=O)c3ccccc3C(=O)C2O)cc(Br)c1O,6.092209,4.0287833
Cc1ccc(NC2=C(Cl)C(=O)C(=O)c3cccnc32)cc1,5.9636397,4.071654
CC(C)N(C)CCc1c[nH]c2cc3ooc3cc12,5.402601,1.6485934
Cc1ccc2c(c1)C(=O)C(=O)C1=C2OC(C)(C)CC1,6.3596077,3.6166353
O=C1C(=O)c2ccccc2C2=C1CCC1(CCCCCC1)O2,6.193598,3.644092
Cc1ccc(CC2=C(O)c3ccccc3C(=O)C2=O)o1,6.198697,3.6974275
Cc1ccc(C2CC(c3cccs3)C3=C(O2)c2ccccc2C(=O)C3=O)cc1,5.9135046,3.7574975
O=C1C=C(O)C(c2ccc3oc4ccccc4c3c2)=CC1=O,6.226307,3.9511325
O=C1C(=O)c2ccccc2C2=C1CC1CCC=CC1O2,6.1815763,3.6620302
CC1(O)COC2=CC(=O)C(=O)c3cccc1c32,6.6072564,3.8533137
COC(=O)c1cc2c3c(n1)C(=O)C(=O)C(Cl)=C3N(C)C2=O,6.855397,4.6284676
COC1=CC(C(=O)Nc2ccc(-c3ccccc3)cc2[N+](=O)[O-])=CC(=O)C1=O,6.487977,4.5882177
CSc1ccc(SCC2=C(O)c3ccccc3C(=O)C2=O)cc1,5.5409718,3.8173652
O=C1C(=O)c2ccccc2C(O)=C1CSc1ccc(O)cc1,5.7823663,3.8217053
O=C1C(=O)c2ccccc2C(O)=C1CSc1ccc([N+](=O)[O-])cc1,6.039637,4.129297
O=C1C(=O)c2ccccc2C(O)=C1CSc1ccc2ccccc2c1,5.6388083,3.8014967
O=C1C(=O)c2ccccc2C(O)=C1C(Sc1ccc2ccccc2c1)c1ccccc1,5.6054835,3.8058956
O=C1C(=O)c2ccccc2C(O)=C1C(Sc1ccc2ccccc2c1)c1ccc([N+](=O)[O-])cc1,5.68665,4.0742416
CCCCCCCCCCC1CC2=C(O1)c1ccccc1C(=O)C2=O,6.2579374,3.7246103
Cc1nc2c(o1)-c1ccccc1C(=O)C2=O,6.68808,3.9343889
O=C1C=C(NCCCN2CCCC2)c2ccccc2C1=O,5.5501337,3.4699147
COC1=C(c2c(O)ccc3c2ccc2cc(OC)c(O)c(OC)c23)c2ccc3cc(O)ccc3c2C(=O)C1=O,5.2766705,3.8618422
COc1ccccc1C(C1=C(O)c2ccccc2C(=O)C1=O)c1c[nH]c2ccccc12,5.482813,3.6143925
COc1cccc(C(C2=C(O)c3ccccc3C(=O)C2=O)c2c[nH]c3ccccc23)c1,5.47277,3.62157
O=C1C(=O)c2ccccc2C(O)=C1C(c1ccc(Cl)cc1)c1c[nH]c2ccccc12,5.5597787,3.6554446
O=C1C(=O)c2ccccc2C(O)=C1C(c1ccc(F)cc1)c1c[nH]c2ccccc12,5.619287,3.6555865
O=C1C(=O)c2ccccc2C(O)=C1C(c1cccc([N+](=O)[O-])c1)c1c[nH]c2ccccc12,5.686882,3.942904
O=C1C(=O)c2ccccc2C(O)=C1C(c1ccc([N+](=O)[O-])cc1)c1c[nH]c2ccc(Br)cc12,5.7954173,3.9677026
O=C1C(=O)c2ccccc2C(O)=C1C(c1ccc([N+](=O)[O-])cc1)c1c[nH]c2ccccc12,5.687851,3.9124625
CC1(C)C=Cc2c(ccc3c2C(=O)C(=O)C(C2=C(Cl)C(=O)c4ccccc4C2=O)=C3O)O1,6.171726,4.4781303
Cc1cc2c(o1)-c1c(c3ccccc3c(=O)n1CCO)C(=O)C2=O,6.4348106,3.9616935
N#Cc1ccc(C2=C(O)c3ccccc3C(=O)C2=O)cc1,6.556904,3.844022
O=C1C(=O)c2ccccc2C(O)=C1C(Nc1ccccn1)c1ccccc1O,5.75213,3.7389395
COC1C2=C(C(=O)C(=O)C(C(C)C)=C2O)C2(C)CCCC(C)(C)C12,6.1599226,3.7273479
CC(C)C1=C(O)C2=C(C(=O)C1=O)C1(C)CCCC(C)(C)C1C2O,6.17476,3.7152498
Cc1cccc2c3c(ccc12)-c1oc2c(c1C(=O)C3=O)CCN(CCCN1CCOCC1)C2,5.179923,3.688148
CCCNCc1cc(NC2=C(O)c3ccccc3C(=O)C2=O)ccc1O,5.431018,3.6158023
Cc1cccc(S(=O)(=O)C2C3=C(OC2(C)C)c2ccccc2C(=O)C3=O)c1,6.4951277,3.967522
COc1ccc2c(=O)c3oc4c5cc(OC)ccc5c(=O)c(=O)c4c3c(=O)c2c1,6.35253,4.4302177
COc1ccc2c(=O)c3c(oc4c5ccc(OC)cc5c(=O)c(=O)c43)c(=O)c2c1,6.358192,4.445598
CC(C)CC(CO)N1CCc2c(oc3c2C(=O)C(=O)c2ccccc2-3)C1,5.8233676,3.7194557
CNC(=O)C(C)N1CCc2c(oc3c2C(=O)C(=O)c2ccccc2-3)C1,5.8577642,3.7321608
CNC(=O)CCN1CCc2c(oc3c2C(=O)C(=O)c2ccccc2-3)C1,5.7829046,3.7374685
CN(C)C(=O)N1CCc2c(oc3c2C(=O)C(=O)c2ccccc2-3)C1,6.007702,3.7326958
COC(=O)C(C)N1CCc2c(oc3c2C(=O)C(=O)c2ccccc2-3)C1,5.9694953,3.7427313
CC(CO)N1CCc2c(oc3c2C(=O)C(=O)c2ccccc2-3)C1,5.8081756,3.7304738
O=C1C(=O)c2c(oc3c2CCN(CCO)C3)-c2ccccc21,5.824432,3.728876
CC(=O)N1CCc2c(oc3c2C(=O)C(=O)c2ccccc2-3)C1,6.3177123,3.7472363
O=C1C(=O)c2c(oc3c2CCN(CCCO)C3)-c2ccccc21,5.808977,3.7233064
CCC(C)CCCCC1=C(C)C(=O)C(=O)c2c1[nH]c1ccccc21,5.9840174,3.4818816
CC1=C(CCCCC(C)C)c2[nH]c3ccccc3c2C(=O)C1=O,6.0086026,3.4804883
CC(C)=CCc1ccc2[nH]c3c(c2c1)C(=O)C(=O)C(C)=C3C(O)C(C)O,5.741159,3.6074414
C=C1C(C)CCCC1(C)CCC(C)=CCC1=C(O)C(NCCc2ccccc2)=CC(=O)C1=O,5.586648,3.4510846
CC1=C(CCCCCC(C)C)c2[nH]c3ccccc3c2C(=O)C1=O,5.9963813,3.4785194
CCC(C)CCC1=C(C)C(=O)C(=O)c2c1[nH]c1ccccc21,6.019009,3.492305
CC1=C2OCC(C)c3cc(O)c(C)c(c32)C(=O)C1=O,6.2063427,3.500233
CC1OC2(C=CC1O)OC1=C(c3ccc(O)cc3)C(=O)C(=O)C(c3ccc(O)cc3)=C1O2,6.0155764,4.122427
COC(=O)c1cc(C)cc(OC)c1C1=C(O)c2cccc(O)c2C(=O)C1=O,6.258585,3.8152041
COc1cc(C)c2c(c1)C(=O)C(=O)C1=C2OC(C)C1(C)C,6.195685,3.538145
Cc1cc(=O)c2c(O)c3c(cc2o1)C(=O)C(=O)C(Cl)=C3O,6.611788,4.2254224
CCCC1=C(O)c2c(cc(C3C(=O)Nc4cccc(O)c43)c(O)c2OC)C(=O)C1=O,5.990462,3.7476566
COc1cc(C)c2c(c1O)C(=O)C(=O)C1=C2OC(C)C1(C)C,6.1357903,3.576598
COc1cccc2c1C(=O)C(=O)c1c(C(=O)O)cc3c(c1-2)OCO3,6.4596114,3.792787
COc1c(O)cc(C)c2c1C(=O)C(=O)C1=C2OC(C)C1(C)C,6.179992,3.5712392
COC1=CC(=O)C(=O)c2c1coc2-c1cc(C)cc(OC)c1OC,6.120662,3.9251688
Cc1cc(O)c(C(=O)O)c2c1C1=C(C(=O)C2=O)C(C)(C)C(C)O1,6.385078,3.7132096
O=C1C=Cc2cc3ccc(C(=O)O)n3cc2C1=O,6.4231415,3.9144595
CC1=C(CC(C)C)c2[nH]c3ccccc3c2C(=O)C1=O,6.0868006,3.4992695
CC=C1NC(=O)C2=C1C(O)=C(C=CCCC)C(=O)C2=O,6.0363755,4.0958757
C=C1NC(=O)C2=C1C(O)=C(C=CCCC)C(=O)C2=O,6.253689,4.1452923
CC1OC(OC2CCC(c3ccc4c(c3O)C(O)=C(CC(=O)O)C(=O)C4=O)OC2C)CCC1O,6.1803317,3.8121727
COc1cc(C)c2c3c1C(C)COC3=C(C)C(=O)C2=O,6.1335416,3.5070412
CC1OC2=C(C(=O)C(=O)c3cc(O)ccc32)C1(C)C,6.3697743,3.6360097
CCCCCCCC1=Cc2oc3cc(OC)c(O)c(CCCCCCC)c3c2C(=O)C1=O,5.9869175,3.8824494
CCOc1c(O)cc(C)c2c1C(=O)C(=O)C1=C2OC(C)C1(C)CO,6.2116356,3.6572795
C=CCC1CC2=C(OC1(C)C)c1ccccc1C(=O)C2=O,6.237949,3.6683872
O=C1C=Cc2ccc3c(ccc4c5ccccc5ccc34)c2C1=O,5.7657266,3.8885047
Cc1cc(=O)c2c([nH]1)C(O)=C(CN(C)C)C(=O)C2=O,5.8312216,3.8271666
CC(=O)N(C1=C(O)c2ccccc2C(=O)C1=O)c1ccccc1,6.2383056,3.8396928
O=C1C=C(N2CCOCC2)C(N2CCOCC2)=CC1=O,5.7411375,3.5384185
O=C1C(=O)c2ccccc2C(O)=C1c1ccc(Cl)cc1,6.340009,3.77182
O=C1C(=O)c2ccccc2C=C1c1ccccc1,6.4633975,3.8139668
CC1=Cc2cc3ccccc3cc2C(=O)C1=O,6.2256002,3.8200505
O=C1C(=O)c2ccccc2C2=C1CC(Cn1nnc(-c3ccccc3)c1-c1ccccc1)O2,6.2005153,3.7958596
CC1(C)OC2=C(C(=O)C(=O)c3ccccc32)C1Nc1ccc(C(=O)C=Cc2ccc(-c3ccccc3)cc2)cc1,5.541649,3.7471325
CC1=C(N2CCOCC2)C(N2CCOCC2)=C(C)C(=O)C1=O,5.5402827,3.4632542
O=C1C=C(Nc2ccccc2)c2ncccc2C1=O,6.0891333,3.8504717
CC1=C(CC(C)O)c2[nH]c3ccccc3c2C(=O)C1=O,6.1075454,3.5381386
Fc1c(F)c2c(-c3ccccc3)c(-c3ccc(Cl)cc3)oc2c2oc(-c3ccc(Cl)cc3)c(-c3ccccc3)c12,5.9687753,2.176716
CC1=C(C#N)C(c2ccc(F)cc2)C2=C(N1)c1ccccc1C(=O)C2=O,6.032757,3.6945503
C(=Cc1ccncc1)c1ccncc1,5.8844514,2.6178446
CC(=O)Nc1ccc(S(=O)(=O)NC2=CC(=O)C(=O)c3ccccc32)cc1,6.43756,3.921868
O=C1C=C(Nc2nc(O)cc(=O)[nH]2)c2ccccc2C1=O,6.329526,3.778821
O=C1C(=O)c2ccc3c(c2-c2cc4c(cc21)OCO4)OCO3,6.303777,3.6276646
CCc1ccc(C2=C(O)c3ccccc3C(=O)C2=O)cc1,6.225466,3.7053912
O=C1C=C(O)c2nc(-c3ccccc3)cc(C(=O)O)c2C1=O,6.5877066,4.1533933
Cc1cccc2c3c(ccc12)-c1oc2c(c1C(=O)C3=O)CCN(CCCN1CCCC1)C2,5.1733637,3.6631444
Cc1cccc2c3c(ccc12)-c1oc2c(c1C(=O)C3=O)CCN(CCN1CCN(C)CC1)C2,4.951728,3.6373088
Cc1cccc2c3c(ccc12)-c1oc2c(c1C(=O)C3=O)CCN(CCCN1CCC(O)C1)C2,5.2102404,3.6842208
COC(=O)N(Cc1ccccc1)C(C1=C(O)c2ccccc2C(=O)C1=O)c1ccc(Cl)cc1,6.109289,3.8038688
CC(=O)c1cc2c(o1)C(=O)C(=O)c1ccccc1-2,6.8186274,4.094306
O=C1C(=O)c2c(oc3c2CCN(CCCCO)C3)-c2ccccc21,5.7984953,3.7226653
CNC(=O)CN1CCc2c(oc3c2C(=O)C(=O)c2ccccc2-3)C1,5.890858,3.738181
COC(=O)CN1CCc2c(oc3c2C(=O)C(=O)c2ccccc2-3)C1,6.0227757,3.745866
COC(=O)C(CC(C)C)N1CCc2c(oc3c2C(=O)C(=O)c2ccccc2-3)C1,5.9539146,3.7381325
CNC(=O)C(CC(C)C)N1CCc2c(oc3c2C(=O)C(=O)c2ccccc2-3)C1,5.8749914,3.7263854
COC(=O)CCC(C(=O)OC)N1CCc2c(oc3c2C(=O)C(=O)c2ccccc2-3)C1,5.9968586,3.7692604
COC(=O)CCN1CCc2c(oc3c2C(=O)C(=O)c2ccccc2-3)C1,5.9023447,3.7495966
CNC(=O)CCCN1CCc2c(oc3c2C(=O)C(=O)c2ccccc2-3)C1,5.7411795,3.7243528
COC(=O)CCCN1CCc2c(oc3c2C(=O)C(=O)c2ccccc2-3)C1,5.8614388,3.7400162
O=C1C(=O)c2cc(Cn3cc(N4C=CSC4)nn3)oc2-c2ccccc21,5.7834973,3.8235943
O=C1C(=O)c2c(oc3c2CCNC3)-c2ccccc21,6.053824,3.6451406
O=C1C(=O)c2c(oc3c2CCN(C(=O)c2cccs2)C3)-c2ccccc21,6.2123218,3.794309
CN1CCN(C(=O)N2CCc3c(oc4c3C(=O)C(=O)c3ccccc3-4)C2)CC1,5.5532885,3.7196567
O=CN1CCN(CCCN2CCc3c(oc4c3C(=O)C(=O)c3ccccc3-4)C2=O)CC1,5.5101647,3.9355025
CC1CCc2oc3c(c2C1)C(=O)C(=O)c1ccccc1-3,6.391059,3.6337576
O=C1C(=O)c2c(oc3c2CCN(CCCN2CC4(COC4)C2)C3=O)-c2ccccc21,5.790736,3.9102907
CN1CCN(CCCN2CCc3c(oc4c3C(=O)C(=O)c3ccccc3-4)C2=O)CC1,5.261088,3.8853726
CCc1onc(C)c1NC1=CC(=O)C(=O)c2ccccc21,6.2816825,3.6718934
CCOC(=O)c1c[nH]c2c(c1=O)C(=O)C(=O)c1ccccc1-2,6.6367397,4.1292005
COC1=CC(=O)C(=O)C=C1Oc1ccc(OC)cc1,6.2424755,4.124905
O=C1C(=O)c2ccccc2C=C1c1ccccc1Br,6.575779,3.9731898
CNC(=O)c1ccnc2c1C(=O)C(=O)c1ccccc1-2,6.360349,3.9839904
CC(=O)Oc1c(C2=CC(=O)C(=O)c3ccccc32)cc(C(C)=O)c2ccccc12,6.3224516,3.9609811
O=C1C(=O)c2c([nH]c3ccccc23)-c2ccccc21,6.1498094,3.5122972
O=C1C=C(C(c2ccccc2)(c2ccccc2)c2ccccc2)c2ccccc2C1=O,6.1456566,3.8109548
O=C1C(=O)c2ccccc2C2=C1C1CCCCC1N2,6.0469275,3.407377
CCOC(=O)c1cc2c([nH]1)-c1c(C(=O)OC)cc(C(=O)OC)nc1C(=O)C2=O,6.9414763,4.242595
O=C1C=CC(C(c2ccccc2)(c2ccccc2)c2ccccc2)=CC1=O,6.246748,4.0692806
CC(C)(C)c1cc2ccc3cc(C(C)(C)C)cc4c(=O)c(=O)c(c1)c2c34,6.1124473,3.7275217
O=C1C=Cc2c([nH]c3ccccc23)C1=O,6.286595,3.794518
NC(Cc1c[nH]c2c1C(=O)C(=O)C=C2)C(=O)O,6.1010494,3.6038654
O=C1C(=O)c2ncccc2-c2[nH]ccc21,6.3837175,3.6331115
O=C1C=Cc2[nH]cnc2C1=O,6.5644903,3.9307177
NC1=Cc2cc3ccccc3cc2C(=O)C1=O,6.0109797,3.6224794
O=C1c2ccccc2C(=O)c2c1ccc1ooc21,6.759736,3.6991415
O=C1C=Cc2oc3ccccc3c2C1=O,6.64004,4.0209885
[N-]=[N+]=NC1=C(N=[N+]=[N-])c2cc3ccccc3cc2C(=O)C1=O,6.4245977,4.2215376
O=C1C=C(O)c2[nH]c(C(=O)O)cc(=O)c2C1=O,6.9859805,4.217786
O=C1C=c2cc3ccccc3cc2=CC1=O,6.269199,4.068547
CC1=c2cc3ccccc3cc2=CC(=O)C1=O,6.102945,3.9297843
NC1=C(N)c2cc3ccccc3cc2C(=O)C1=O,5.5354557,3.419609
CC1=C(O)C(C2=C(CCc3ccccc3)C(=O)C(=O)C(C)=C2O)=C(CCc2ccccc2)C(=O)C1=O,5.870594,4.4343452
Cn1ccc2c1=CC(=O)C(=O)C=2,6.2713404,3.7194023
O=C1C=Cc2[nH]ccc2C1=O,6.4291406,3.622168
O=c1ccc2c3cccc4ccc5cc6ccccc6c(c2c1=O)c5c43,5.7246675,3.8426952
CCCCCCCCCCCC1=C(O)C2=C(C(=O)C1=O)C(c1ccccc1)C1=C(CCCC1=O)N2,5.8910217,3.663024
CC1=C2OCC(O)c3ccc(C)c(c32)C(=O)C1=O,6.3066716,3.5877647
O=c1cc2ccc3cc4ccccc4c4ccc(c1=O)c2c34,5.8543024,3.901959
O=C1C=Cc2cc3cc4cc5ccccc5cc4cc3cc2C1=O,5.624134,3.9012375
O=c1ccc2c(cc3c4ccccc4cc4c5cccc6cccc(c65)c2c34)c1=O,5.5368447,3.8809505
O=C1C=Cc2[nH]c3ccccc3c2C1=O,6.2130437,3.690932
O=c1ccc2c3ccccc3c=2c1=O,6.3465476,3.976854
CCCCN(CCCC)c1ccc2c3c(n(CCCC)c2c1)-c1ccccc1C(=O)C3=O,5.3658566,3.446801
O=C(c1ccccc1)c1cccc2ooc12,6.573834,2.417822
O=S1Oc2c(O)ccc(O)c2O1,5.9767747,2.329412
O=c1c(Cl)c2c(Cl)ccc3c4cccc5cccc(c(c1=O)c23)c54,6.029113,4.0557194
O=c1c([N+](=O)[O-])c2cccc3c4cccc5cccc(c(c1=O)c23)c54,6.205303,4.26919
Nc1c(=O)c(=O)c2c3cccc4cccc(c5cccc1c52)c43,5.7130723,3.6196594
O=c1c([N+](=O)[O-])c2c([N+](=O)[O-])ccc3c4cccc5cccc(c(c1=O)c23)c54,6.5161386,4.6277447
O=c1c(Br)c2c(Br)ccc3c4cccc5cccc(c(c1=O)c23)c54,6.2475357,4.2506146
CC(C)c1c(C(C)C)c2ooc2c2ooc12,6.489718,1.0799673
O=C1C=CC=C(c2ccc(-c3ccccc3)cc2)C1=O,6.1972017,4.04207
CCc1c2ccccc2cc2ooc12,6.108024,1.7974347
O=C(c1cccc2ooc12)C(O)c1ccccc1,6.459795,2.0193706
O=c1ccc2c3ccccc3c3[nH]c4ccccc4[nH]c3c2c1=O,5.4132323,3.7365072
O=C1C(=O)c2ncoc2-c2ccccc21,6.8021917,4.102248
CCC1(CC)C(=O)NC2=C1C(=O)C(=O)c1ccccc12,6.445253,3.8041968
Cc1oncc1NC1=CC(=O)C(=O)c2ccccc21,6.2499146,3.689797
Cc1ccc(NC2=C(O)c3ccccc3C(=O)C2=O)cc1,5.744239,3.6147518
CC1=C(O)c2[nH]c(Cl)c(C=O)c2C(=O)C1=O,6.621033,3.9717185
Cc1cnoc1NC1=CC(=O)C(=O)c2ccccc21,6.360723,3.7485483
Cc1cc(C)c(C2=C(O)c3ccccc3C(=O)C2=O)c(C)c1,5.99691,3.5726528
Cc1cc(C)c(C2=C(O)c3ccccc3C(=O)C2=O)c(C)c1Br,6.095409,3.6879404
O=C1C(=O)c2ccccc2C(O)=C1Nc1cccc(C(=O)O)c1,5.964602,3.711268
O=C1C(=O)c2ccccc2C(O)=C1Nc1ccc(C(=O)O)cc1,5.9445734,3.697706
Nc1ccccc1NC1=C(O)c2ccccc2C(=O)C1=O,5.519595,3.5756645
O=C1C(=O)c2ccccc2C(O)=C1c1ccc(F)cc1,6.461955,3.7953358
O=C1C(=O)c2c(C(=O)c3cccs3)coc2-c2ccccc21,6.4030933,4.109139
O=C1C(=O)c2ccccc2C(O)=C1Nc1cccc([N+](=O)[O-])c1,6.0786915,3.9421344
O=C1C=C2c3c(cccc3-c3ccc4ccccc4c32)C1=O,6.1197333,3.8342595
COC1=CC(=O)C(=O)c2cc3oc(C)cc(=O)c3c(OC)c21,6.53245,4.06943
Cc1cc(=O)c2c(O)c3c(cc2o1)C(=O)C(=O)C(CN(C)CC(=O)O)=C3O,5.9755254,3.9825556
O=C(Nc1ccc(F)cc1)OCC1CSC2=C(O1)C(=O)C(=O)c1ccccc12,5.9409857,3.9297144
O=C1C=CC(Oc2ccc(C(F)(F)F)cc2Cl)=CC1=O,6.9038596,4.2991095
CC(C)CC(NC(=O)C(F)(F)F)C(=O)OC1CC2=C(OC1(C)C)c1ccccc1C(=O)C2=O,6.492137,3.800955
O=C1C(=O)c2ccccc2C2=C1SCC1(CCN(C(=O)Nc3ccc(F)cc3)CC1)O2,5.759626,3.8523233
O=C1C(=O)c2ccccc2C2=C1SCC1(CCCN(C(=O)Oc3cccc(C(F)(F)F)c3)C1)O2,6.030866,3.9331312
O=C1C(=O)c2ccccc2C2=C1SCC1(CCN(C(=O)Nc3cccc(C(F)(F)F)c3)CC1)O2,5.8314533,3.8845007
Cc1cnc2c(c1-c1ccc(F)cc1)C(=O)C(=O)c1c-2ncc(C)c1-c1ccc(F)cc1,6.0703845,3.9221766
O=C1C(=O)c2cccnc2-c2cc(F)ccc21,6.7181396,4.0630608
O=C1C(=O)c2ccccc2C2=C1SC(c1cccc(C(F)(F)F)c1)C1(CCNCC1)O2,5.7572336,3.9052436
O=c1cc2n3ccc4c3c(c3cncc(C(F)(F)F)n3c-2cc1=O)CCC4,5.981821,3.8565547
O=C1C(=O)c2ccccc2C(O)=C1CCc1cc(C(F)(F)F)cs1,6.308544,3.796887
CCCCCCCCCCCC1=C(O)C2=C(C(=O)C1=O)C(c1ccc(OC)c(F)c1)C1=C(CCCC1=O)N2,5.852983,3.7219858
CCCCCCCCCCCC1=C(O)C2=C(C(=O)C1=O)C(c1cccc(F)c1)C1=C(CCCC1=O)N2,5.935089,3.701368
CCCCCCCCCCCC1=C(O)C2=C(C(=O)C1=O)C(c1ccc(F)cc1)C1=C(CCCC1=O)N2,5.9166718,3.6974072
O=C1C(=O)c2cc3cc4cc5ccccc5cc4cc3cc2C(F)=C1F,5.910156,4.3523326
O=C(O)CCC(=O)C1=CC=C(c2ccc3c(c2)C(F)(F)C3(F)F)C(=O)C1=O,7.065968,4.6276913
O=C1C=c2cc3cccc(F)c3cc2=C(F)C1=O,6.7301164,4.404833
CC1C2=C(SC1C(=O)c1ccc(C(F)(F)F)cc1)c1sc(C(=O)c3ccc(C(F)(F)F)cc3)cc1C(=O)C2=O,6.469255,4.459112
COc1nncc2c1-c1cc(F)ccc1C(=O)C2=O,6.786569,4.3145027
O=C1C(=O)c2c(Cc3ccc(F)cc3)coc2C(Br)=C1Br,6.947791,4.6534567
O=C1C(=O)c2ccc(OCF)cc2-c2cnncc21,6.6270885,4.2828217
CCc1nc2c(n1C)C(=O)C(=O)c1cc(F)ccc1-2,6.619839,3.7699106
CCc1nc2c(n1CC(F)(F)F)C(=O)C(=O)c1ccccc1-2,6.6908236,3.7490907
CC(C)c1nc2c(s1)C(=O)C(=O)c1cc(NCc3ccc(F)cc3)ccc1-2,5.9135385,3.8599894
CCc1nc2c(n1CC)C(=O)C(=O)c1cc(F)ccc1-2,6.6445827,3.7914417
CC(F)(F)c1nc2c([nH]1)C(=O)C(=O)c1ccccc1-2,6.810231,3.862019
CCc1nc2c([nH]1)C(=O)C(=O)c1cc(NCc3ccc(F)cc3)ccc1-2,5.8794756,3.5440793
O=C1CSC2=C1C(C(F)F)=C(OCc1ccccc1)C(=O)C2=O,6.611399,4.7796464
C=CC=C(C=CCF)N(C)Cc1nc2c(o1)-c1ccccc1C(=O)C2=O,5.704134,3.959635
C=C(F)C(F)=C(F)CC(C)=CC(=O)c1cc2c(s1)-c1sc(C(O)c3cc(F)c(F)c(F)c3)cc1C(=O)C2=O,6.5482683,4.43944
CC(C)c1nc2c([nH]1)C(=O)C(=O)c1cc(F)ccc1-2,6.6308312,3.8632267
CCc1nc2c(n1C(C)C)C(=O)C(=O)c1cc(F)ccc1-2,6.616147,3.761123
O=C1C(=O)c2cccnc2-c2ccc(F)cc21,6.717618,4.061706
CNC(=O)C(C)Oc1cc2s[nH]c(-c3c(O)c4cc(F)cc(CCC5CC5)c4[nH]c3=O)nc=2c(=O)c1=O,5.7163053,4.3041196
N#CCOc1cc2s[nH]c(-c3c(O)c4cc(F)cc(CCC5CC5)c4[nH]c3=O)nc=2c(=O)c1=O,5.7871437,4.3305254
NC(=O)COc1cc2s[nH]c(-c3c(O)c4cc(F)cc(CCC5CC5)c4[nH]c3=O)nc=2c(=O)c1=O,5.7477126,4.3111925
CC1=C2OCC(F)c3ccc(C)c(c32)C(=O)C1=O,6.3957753,3.637002
CC1=C2OCC(F)(F)c3ccc(C)c(c32)C(=O)C1=O,6.609902,3.7840574
CC1=C2OCC(O)(C(F)(F)F)c3ccc(C)c(c32)C(=O)C1=O,6.4458923,3.6555367
O=C1C(=O)c2ccccc2C=C1c1cc(F)ccc1F,6.7295876,4.027891
O=C(c1ccc(C(F)(F)F)cc1)c1cc2c(s1)-c1sc(C(=O)C3C=CC(C(F)(F)F)=CC3)cc1C(=O)C2=O,6.5587897,4.513091
C=C(F)C=CC(=C)N(C)Cc1nc2c(o1)-c1ccccc1C(=O)C2=O,5.8387704,3.984342
O=c1c(-c2ccccc2C(F)(F)F)coc2ccc3ccc4ooc4c3c12,6.451529,3.2095695
COc1nn(-c2ccccc2)c2c1C(=O)C(=O)c1cc(F)ccc1-2,6.4731565,3.9030337
O=C1C(=O)c2ncncc2C(F)=C1F,7.502093,5.008768
FC(F)(F)c1ccccc1-c1nc2c3cccnc3c3ncccc3c2[nH]1,5.921461,3.1750348
CCN(CC)CCCC(C)Nc1c2ccc(Cl)cc2nc2ccc(OC)cc12,5.3003683,2.1384194
O=C(Nc1nc2ccccc2s1)C(F)(F)C(F)(F)C(=O)Nc1nc2ccccc2s1,6.153287,3.2265882
CCOC(=O)n1c(C(C)C)nc2c1C(=O)C(=O)c1ccccc1-2,6.769971,3.922671
O=C1C(=O)c2ccccc2C=C1c1ccc(F)cc1,6.550325,3.8950899
Cc1nn(CCc2ccc(F)cc2)c2c1C(=O)C(=O)c1ccccc1-2,6.1752286,3.619189
Cc1cc2c(cc1C)[n+]([O-])c1cc(CC(=O)OCCN3CCN(C)CC3)ccc1[n+]2[O-],5.432749,2.3642771
O=C1C(=O)c2c(-c3ccc(F)cc3)nn(-c3ccccc3)c2-c2ccccc21,6.269849,3.8031151
Cc1nn(-c2ccccc2)c2c1C(=O)C(=O)c1cc(F)ccc1-2,6.345556,3.8105133
Cc1nn(-c2cc(F)cc(F)c2)c2c1C(=O)C(=O)c1ccccc1-2,6.418373,3.7418041
O=C1C(=O)c2c(C(F)(F)F)nn(-c3ccccc3)c2-c2ccccc21,6.6209397,3.9856377
O=C1C(=O)c2c(-c3ccc(F)c(F)c3)nn(-c3ccccc3)c2-c2ccccc21,6.3526726,3.8650155
Cc1nn(-c2ccc(F)cc2F)c2c1C(=O)C(=O)c1ccccc1-2,6.400773,3.7238545
Cc1nn(-c2ccc(F)cc2)c2c1C(=O)C(=O)c1ccccc1-2,6.280068,3.6909802
C=CC(F)=CC=C(C)N(C)Cc1nc2c(o1)-c1ccccc1C(=O)C2=O,5.591218,4.0183
N#Cc1c(C#N)c(C#N)c2c(c1C#N)C(=O)C(=O)c1cc(F)c(F)nc1-2,7.895329,5.3052177
CN1C2=C(NC1CCc1ccc(F)cc1)C(=O)C(=O)c1ccccc12,5.509764,3.3848796
CCc1nc2c([nH]1)C(=O)C(=O)c1cc(NCC3=CC=C(F)C(C)C3)ccc1-2,5.70937,3.4549036
Cc1nc2c(s1)C(=O)C(=O)c1cc(NCc3ccc(F)cc3)ccc1-2,5.8882146,3.7864776
O=C1C=CC(C=CC(=O)c2cn(C3CC3)c3cc(N4CCNCC4)c(F)cc3c2=O)=CC1=O,5.2786393,4.2294116
COc1c(N2CCNC(C)C2)c(F)cc2c(=O)c(C(=O)C=CC3=CC(=O)C(=O)C=C3)cn(C3CC3)c12,5.351533,4.2748
COc1c(N2CCN(C(C)=O)C(C)C2)c(F)cc2c(=O)c(C(=O)C=CC3=CC(=O)C(=O)C=C3)cn(C3CC3)c12,5.504655,4.2992525
CC(=O)N1CCN(c2cc3c(cc2F)c(=O)c(C(=O)C=CC2=CC(=O)C(=O)C=C2)cn3C2CC2)CC1,5.4313293,4.2603135
COc1cc2c(cc1F)COCOC1=C2C(=O)c2cc3ooc3cc21,6.3530297,3.4129393
O=C1C(=O)c2ccccc2C(O)=C1C1CCC2(CC1)OOC1(O2)C2CC3CC(C2)CC1C3,6.24465,3.6457992
COc1cc(O)c(C(=O)C=Cc2ccccc2)c(OC)c1,6.023353,2.2975163
CC(C)=CCC1=C(O)c2c(cc3c(CC=C(C)C)c(C)cc(O)c3c2O)C(=O)C1=O,5.402046,3.6682367
CC1C2=C(OC1(C)C)c1ccccc1C(=O)C2=O,6.4269824,3.6670651
CC1(C)OC2=C(C(=O)C(=O)c3ccccc32)C1(C)C,6.3485703,3.5960898
CC(C)=CCCC1(O)COC2=C(C)C(=O)C(=O)c3c(C)ccc1c32,5.8604193,3.59024
CCOC(C)CC1=C(O)C2=C(C(=O)C1=O)C1(C)CCC(C)=C(C)C1C(O)C2O,5.8241816,3.8617013
CC(C)C1=C(O)C2=C(C(=O)C1=O)C13CCCC(C)(C)C1C(OC3=O)C2O,6.3686123,3.9653323
Cc1noc(NC2=C(Br)C(=O)C(=O)c3ccccc32)c1C,6.3903866,4.109872
COc1cc(Br)c(C2=C(O)c3cc(OC)c(OC)cc3C(=O)C2=O)cc1OC,6.034263,3.8335438
COc1ccc2c(c1)C(=O)C(=O)c1c(C)ccnc1-2,6.2462406,3.7103682
COc1cc(C)cc(NC(=O)OC(C)(C)C)c1C1=C(O)c2cccc(OC)c2C(=O)C1=O,6.02177,3.689016
CCCCCCc1cc2ccc3cc(CCCCCC)cc4c(=O)c(=O)c(c1)c2c34,5.9579544,3.732731
O=C1C=Cc2c(cccc2-c2ccccc2)C1=O,6.362018,3.9014852
c1ccc(-c2oc3c(ccc4c(-c5ccccc5)c(-c5ccccc5)oc43)c2-c2ccccc2)cc1,5.6950016,1.3163445
O=C(Cl)c1cccc2c1OS(=O)O2,6.3947835,3.1471581
COc1c(Br)c2c(c(OC)c1OC)-c1cc3c(cc1C(=O)C2=O)OCO3,6.377616,3.8793259
O=C1C(=O)c2c(Br)cc3c(c2-c2cc(Br)ccc21)OCO3,6.7866597,4.145594
CCOC(=O)c1c2c(n(C)c1C)C(Cl)=C(Cl)C(=O)C2=O,6.626843,4.1209693
CCOC1=C(Cl)C(=O)C(=O)C(N=[N+]=[N-])=C1C=Cc1ccccc1,6.447692,4.39721
O=C(O)c1ccc2c(n1)C(=O)C(=O)c1cc(C(=O)O)[nH]c1-2,6.8933625,4.0303993
COC(=O)c1cc2c([nH]1)-c1cccnc1C(=O)C2=O,6.732972,3.9068084
CC(C)(C)C1=CC(C(c2ccccc2)(c2ccccc2)c2ccccc2)=CC(=O)C1=O,6.1512275,3.868162
CC1=CC2=C(C(=O)C1=O)C(C)C(=O)CCC(=O)N2Cc1ccccc1,6.2321515,3.9321175
COC(=O)c1ccnc2c1C(=O)C(=O)c1ccccc1-2,6.6565394,4.0736165
Cc1cc2c(o1)C(=O)C(=O)c1ccc(Br)cc1-2,6.758891,4.0380435
CCOC(=O)c1cc2c([nH]1)C=CC(=O)C2=O,6.7827244,3.8926945
COc1ccc(CCN(C)C)c(C2=Cc3[nH]cc(CCNC(=O)OC(C)(C)C)c3C(=O)C2=O)c1OC,5.455661,3.4461622
CC(=O)c1ccc(N=NN(C)C(=O)NCCC2=CC(=O)C(=O)C=C2)cc1,6.175196,4.0172906
CN(N=Nc1ccc(C#N)cc1)C(=O)NCCC1=CC(=O)C(=O)C=C1,6.3250823,4.089025
CCOC(=O)c1ccc(N=NN(C)C(=O)NCCC2=CC(=O)C(=O)C=C2)cc1,6.282429,4.0431705
C=CCn1c2c(c3ccccc31)C(O)=C(C(=O)OCC)C(=O)C2=O,6.2657475,3.9203336
CCOC(=O)C1=C(O)c2c(ccn2C)C(=O)C1=O,6.460185,3.8106284
O=C1C=C(O)c2[nH]ccc(=O)c2C1=O,6.7182894,4.015798
CCCC1CCOC2=C1C(=O)C(=O)c1ccccc12,6.342749,3.6515338
O=C1C=Cc2sc(=O)[nH]c2C1=O,6.946286,4.3564844
COc1ccc2c(c1)C(=O)C(=O)C(c1ccccc1Br)=C2,6.3930492,3.9316723
C=CCOc1cccc2c1C(=O)C(=O)C1=C2OC(C)C1,6.304629,3.7494185
CC1C=Cc2c(O)c3c(c(O)c2O1)C(=O)C(=O)C=C3O,6.2322884,3.7235482
COc1cc(OC)c(C2=C(O)c3ccccc3C(=O)C2=O)c(OC)c1,6.023817,3.6565773
COc1ccc(OC)c(C2=C(O)c3ccccc3C(=O)C2=O)c1,6.0373545,3.6465805
CC1=C(CSC(=S)N2CCSCC2)C(=O)c2ccccc2C1=O,5.5194397,3.7515962
CC1=C(CSC(=S)NCc2cccnc2)C(=O)c2ccccc2C1=O,5.7074714,3.8556309
O=C1c2ccccc2C(=O)c2oc(C(=O)N3CCCCC3)cc21,6.411077,3.9262173
CC(C)=CCC(OC(=O)C=CC(=O)c1ccc(Cl)cc1)C1=CC(=O)c2c(O)ccc(O)c2C1=O,6.11428,4.1579165
CC(C)=CCC(OC(=O)C=CC(=O)c1cc(F)ccc1C)C1=CC(=O)c2c(O)ccc(O)c2C1=O,6.129592,4.1226325
CC(C)=CCC(OC(=O)C=CC(=O)c1ccc(F)cc1)C1=CC(=O)c2c(O)ccc(O)c2C1=O,6.1990976,4.187589
CC(C)=CCC(OC(=O)C=CC(=O)c1ccc(C)cc1Cl)C1=CC(=O)c2c(O)ccc(O)c2C1=O,6.059402,4.1392627
CC(C)=CCC(OC(=O)C=CC(=O)c1cc(C)ccc1C)C1=CC(=O)c2c(O)ccc(O)c2C1=O,5.9662375,4.0619993
CC(C)=CCC(OC(=O)C=CC(=O)c1ccc(Br)cc1)C1=CC(=O)c2c(O)ccc(O)c2C1=O,6.1865797,4.2606907
CCc1ccc(C(=O)C=CC(=O)OC(CC=C(C)C)C2=CC(=O)c3c(O)ccc(O)c3C2=O)cc1,6.042547,4.0977626
CC(C)=CCC(OC(=O)C=CC(=O)c1ccc(C)cc1)C1=CC(=O)c2c(O)ccc(O)c2C1=O,6.0615973,4.094112
CC(C)=CCC(OC(=O)C=CC(=O)c1ccc(C)cc1F)C1=CC(=O)c2c(O)ccc(O)c2C1=O,6.1437664,4.1497254
CCCCCCSc1c(O)c2c(c(O)c1SCCCCCC)C(=O)C1=C(CC(C)(O)C(O)C1O)C2=O,5.748867,4.0680003
CC(C)=CCC(OC(=O)C=CC(=O)c1ccc(C)c(Br)c1)C1=CC(=O)c2c(O)ccc(O)c2C1=O,6.123017,4.202566
CC(C)=CCC(OC(=O)C=CC(=O)c1cc(Cl)ccc1C)C1=CC(=O)c2c(O)ccc(O)c2C1=O,6.042861,4.119915
CC(C)=CCC(OC(=O)C=CC(=O)c1ccc(C)c(F)c1)C1=CC(=O)c2c(O)ccc(O)c2C1=O,6.1386633,4.158162
CC(C)=CCC(OC(=O)C=CC(=O)c1ccc(C)c(C)c1)C1=CC(=O)c2c(O)ccc(O)c2C1=O,5.954914,4.084782
NC1CCN(C(=O)c2cc3c(o2)C(=O)c2c(c(O)c4ccccc4c2O)C3=O)C1,5.8686438,4.026844
CC(C)=CCC(OC(=O)C=CC(=O)c1ccc(C)cc1C)C1=CC(=O)c2c(O)ccc(O)c2C1=O,5.9720078,4.062607
CCc1nsc2c1C(=O)c1c(O)cccc1C2=O,6.686312,4.0954227
O=C1c2ccccc2C(=O)c2c1nnn2-c1ccc(-c2cccnc2)cc1,6.3569636,4.045929
CCc1nsc2c1C(=O)c1ccccc1C2=O,6.735093,4.0705004
Cc1nsc2c1C(=O)c1c(O)cccc1C2=O,6.6536837,4.057109
Cc1[nH]c2c(c1C(=O)N1CCCC(N)C1)C(=O)c1c(c(O)c3ccccc3c1O)C2=O,5.692772,3.5442505
O=C1c2ccccc2C(=O)c2c1nnn2-c1ccc2[nH]ncc2c1,6.312298,4.0809836
O=C1C=C(c2cnc3ccccc3c2)C(=O)c2ccccc21,6.184645,3.9470844
O=C1C=C(c2ccc(C(=O)N3CCCCC3)cc2)C(=O)c2ccccc21,6.1447597,3.7671282
Cc1[nH]c2c(c1C(=O)NC1CCCNC1)C(=O)c1c(c(O)c3ccccc3c1O)C2=O,5.6138225,3.5472903
Cc1[nH]c2c(c1C(=O)N1CCC(N)CC1)C(=O)c1c(c(O)c3ccccc3c1O)C2=O,5.6624103,3.5541365
NC1CCCN(C(=O)c2cc3c(s2)C(=O)c2c(c(O)c4ccccc4c2O)C3=O)C1,5.7889824,3.9830742
O=C(NC1CCCNC1)c1cc2c(s1)C(=O)c1c(c(O)c3ccccc3c1O)C2=O,5.687993,3.9923654
COC1=C(N2CCOCC2)C(=O)c2ccccc2C1=O,5.968176,3.6630914
O=C1c2cccc(O)c2C(=O)c2c(O)cc(CN3CCCC3)cc21,5.743326,3.6322324
Cc1c(Cl)cccc1-c1ccc(C(=O)Nc2ccc3c(c2)C(=O)c2ccccc2C3=O)o1,6.1442366,3.5693572
Cc1nsc2c1C(=O)c1ccccc1C2=O,6.7066035,4.025856
O=C1c2cccc(O)c2C(=O)c2c(O)cc(Cn3ccc(=O)[nH]c3=O)cc21,6.53701,3.992152
O=C1c2cccc(O)c2C(=O)c2c(O)cc(Cn3cc(F)c(=O)[nH]c3=O)cc21,6.627655,4.07663
CCCCCCOc1cccc2c1C(=O)c1c(OCCCCCC)cc(Cn3cc(C)c(=O)[nH]c3=O)cc1C2=O,6.1700006,3.8469954
CCCCCCc1cc2c(C)cc3c(c2oc1=O)C(=O)c1c(OC(C)C)cccc1C3=O,6.3365226,3.7953615
O=C1c2ccc3cc(CCl)cc(O)c3c2C(=O)c2cccc(O)c21,6.214065,3.6675777
COc1cccc2c1C(=O)c1ccc3c(c1C2=O)C(=O)CC(C)C3O,6.4383907,3.8055408
Cc1cc(O)c2c(c1)C(=O)C=C(c1c(C)cc3c(c1O)C(=O)C=CC3=O)C2=O,6.5282083,4.223253
CC1(C=O)CCCC2c3cc4c(cc3C(=O)CC21)C(=O)C=CC4=O,6.446291,3.9780216
Cc1cc(O)c2c(c1)C(=O)c1cc(O)c(-c3c(O)cc4c(O)c5c(cc4c3O)CC(C)(O)CC5=O)c(O)c1C2=O,5.7530246,3.6564226
COc1cc(OC(C)=O)c2c(c1)C(=O)C1=C(C2=O)C(OC(C)=O)C(OC(C)=O)C(C)(O)C1OC(C)=O,6.8175015,4.194956
COc1cc(O)c2c(c1O)C(=O)C1=C(C2=O)C(O)CC(C)(O)C1,6.304356,3.8272648
COc1cc(O)c2c(c1O)C(=O)C1=C(CCC(C)(O)C1)C2=O,6.278164,3.6746953
COc1cc(O)c2c(c1)C(=O)C1=C(C2=O)C(O)C(O)C(C)(O)C1,6.42495,3.8206336
COc1nsc2c1C(=O)c1c(O)ccc(C(=O)O)c1C2=O,6.8907695,4.3056464
CC(=O)C1(O)Cc2c(O)c3c(c(O)c2C(O)C1)C(=O)c1c(O)cccc1C3=O,6.3097553,3.7129505
Cc1nc2c(n1-c1ccc(Br)cc1)C(=O)c1ccccc1C2=O,6.5057464,3.6601741
O=C1c2ccccc2C(=O)c2c1cccc2-n1nnc2ccccc21,6.3320665,3.7806597
COC(=O)c1ccc(NCC2=CC(=O)c3ccccc3C2=O)cc1,5.9460416,3.7794294
CCC1CC(O)c2c(O)c3c(c(O)c2C1O)C(=O)c1cccc(O)c1C3=O,6.298126,3.744049
O=C1C(Cl)=C(N2CCC(C(=O)O)CC2)C(=O)c2ccccc21,6.1571336,3.809881
O=C1c2ccccc2-c2onc3c(Oc4ccccc4)cc(O)c1c23,6.3451962,3.5327628
O=C1c2ccccc2C(=O)c2c1ncn2-c1ccccc1,6.5325074,3.7169766
CN1CCN(c2cccc3c2C(=O)c2ccccc2C3=O)CC1,5.3779554,3.3737574
N#CC1=C(N)OC2=C(C(=O)c3ccccc3C2=O)C1c1ccc([N+](=O)[O-])cc1,6.379019,4.0829725
N#CC1=C(N)OC2=C(C(=O)c3ccccc3C2=O)C1c1ccc(O)cc1,6.026905,3.8239079
Nc1c(S(=O)(=O)O)cc(Nc2ccc(Cl)cc2)c2c1C(=O)c1ccccc1C2=O,5.8529224,3.7122293
O=C1C(N2CC2)=C(N2CC2)C(=O)c2c(O)cccc21,5.7273006,3.6379151
O=C1c2ccccc2C(=O)c2c1[nH]c1ccc(F)cc21,6.411187,3.533865
COC(=O)NC(CCSC)C(=O)Oc1ccc(Nc2nc3c(s2)C(=O)c2ccccc2C3=O)cc1,5.7837467,3.9460325
COc1ccc(C2=C(NC(=O)c3ccc4ccccc4c3)C(=O)c3ccccc3C2=O)cc1,5.8324394,3.7911866
O=C(c1ccccc1)c1noc2c1C(=O)c1ccccc1C2=O,6.8601127,4.3741326
CC(=CCC1=C(C)C(=O)c2ccccc2C1=O)CCC=C(C)Cc1ccccc1,5.6661754,3.5346847
O=C1c2ccccc2C(=O)c2c1ccc1[nH]c(CNCc3ccc(C(F)(F)F)cc3)nc21,5.9715333,3.5126634
Cc1ccccc1C(=O)Nc1c(NC(=O)CCl)ccc2c1C(=O)c1ccccc1C2=O,6.272068,3.6793127
Cc1cccc(C(=O)Nc2c(NC(=O)CCl)ccc3c2C(=O)c2ccccc2C3=O)c1,6.2911243,3.7055113
O=C(CCl)Nc1ccc2c(c1NC(=O)c1cccc(F)c1)C(=O)c1ccccc1C2=O,6.4698567,3.7617595
O=C(CCl)Nc1ccc2c(c1NC(=O)c1ccc(F)cc1)C(=O)c1ccccc1C2=O,6.441815,3.7674677
O=C(CCl)Nc1ccc2c(c1NC(=O)c1ccccc1Cl)C(=O)c1ccccc1C2=O,6.3569775,3.7448184
O=C(CCl)Nc1ccc2c(c1NC(=O)c1cccc(Cl)c1)C(=O)c1ccccc1C2=O,6.3684044,3.762025
O=C(CCl)Nc1ccc2c(c1NC(=O)c1ccccc1C(F)(F)F)C(=O)c1ccccc1C2=O,6.537304,3.7469163
O=C(CCl)Nc1ccc2c(c1NC(=O)c1cccc(C(F)(F)F)c1)C(=O)c1ccccc1C2=O,6.513813,3.8146195
O=C(CCl)Nc1ccc2c(c1NC(=O)c1ccc(C(F)(F)F)cc1)C(=O)c1ccccc1C2=O,6.53724,3.7952366
O=C(CCl)Nc1ccc2c(c1NC(=O)c1ccco1)C(=O)c1ccccc1C2=O,6.4607177,3.744821
Cc1ccc(C(=O)Nc2c(NC(=O)CN(C)C)ccc3c2C(=O)c2ccccc2C3=O)cc1,5.781663,3.6372583
O=C1C=C(Nc2cccc3ccccc23)C(=O)c2ccccc21,5.850886,3.5735495
O=C1c2ccccc2C(=O)c2c1cc(SCc1ccccc1Cl)c1nsnc21,6.1450267,4.356678
O=C1c2ccccc2C(=O)c2c1cc(Sc1cccs1)c1nsnc21,6.184563,4.4051924
O=C1c2ccccc2C(=O)c2c1cc(NCc1ccccc1)c1nsnc21,6.107785,3.9955468
CC(C)(C)c1ccc(CSc2cc3c(c4nsnc24)C(=O)c2ccccc2C3=O)cc1,6.0514116,4.320248
O=C1c2ccccc2C(=O)c2c1cc(SCc1ccc(Cl)cc1)c1nsnc21,6.1181774,4.3579216
CC(=CCC1=C(C)C(=O)c2ccccc2C1=O)CCC=C(C)Cc1cccc(C)c1,5.6030154,3.5148015
O=C1C(Cl)=C(C2=C(N3CC3)C(=O)c3ccccc3C2=O)C(=O)c2ccccc21,6.2952275,4.4473586
CN(C)CCNc1cc(N2CCN(c3ncccn3)CC2)c2noc3c2c1C(=O)c1ccccc1-3,5.2004433,3.1073344
COC(=O)c1c(C(C)C)cc(O)c2c1C(=O)c1c(c(O)c3c(O)cccc3c1O)C2=O,6.148905,3.8263109
CC(=CCC1=C(C)C(=O)c2ccccc2C1=O)CCC=C(C)CNc1ccccc1,5.3463798,3.493761
CC(c1cc2c(o1)C(=O)c1ccccc1C2=O)n1cccc1,6.211655,3.7907753
O=C1C(Cl)=C(N2CCCCC2)C(=O)c2c(O)ccc(O)c21,6.01157,3.8510938
Nc1ncc(-c2nc3c([nH]2)C(=O)c2ccccc2C3=O)cn1,6.304957,3.7826865
O=C1c2ccccc2C(=O)c2c1[nH]c1ccc(Cl)cc21,6.294897,3.5065963
CC1=CCc2c1cc1c(c2C)C(=O)c2ccccc2C1=O,5.994308,3.3075035
CC1CCC(O)C(C)(O)C1(C)CCc1ccc2c(c1)C(=O)C=CC2=O,6.1891885,3.7443306
CC1=CC(=O)c2c(c(-c3ccc4c(c3O)C(=O)c3c(O)cc(C)cc3C4=O)c3cccc(O)c3c2O)C1=O,6.0708723,4.0724363
Cc1cc(O)c2c(c1)C(=O)c1c(cc(C)c(C3CC(O)C4=C(C(=O)C5=C(C4=O)C(O)CCC5O)C3O)c1O)C2=O,6.1987514,4.4372697
CCCc1ccc2c(c1)C(=O)c1cc3cccc(OC)c3cc1C2=O,6.1066403,3.550218
O=C1c2ccccc2C(=O)c2c(O)c3c(c(O)c21)CCCC3,6.2221956,3.51604
O=C1c2cccc(O)c2C(=O)c2c1cc(CO)c(-c1c(CO)cc3c(c1O)C(=O)c1c(O)cccc1C3=O)c2O,6.266339,4.1562266
O=C1C=C(N2CCOCC2)C(=O)c2ccccc21,6.120088,3.5738854
CC(=O)NCCNc1ccc(NCCNC(C)=O)c2c1C(=O)c1ccncc1C2=O,5.520316,3.6578882
COCCNCCNc1ccc(NCCNCCOC)c2c1C(=O)c1ccncc1C2=O,5.2181444,3.610794
COc1cc(C)cc2c3c([nH]c12)C(=O)c1ccccc1C3=O,6.0849023,3.4145856
C=CS(=O)(=O)c1ccc(Nc2cc(S(=O)(=O)O)c(N)c3c2C(=O)c2ccccc2C3=O)cc1,6.048275,3.8266208
COc1cc(OC)c2c(c1O)C(=O)c1cc(C)ncc1C2=O,6.24821,3.7501028
Cc1cc(O)cc2cc3c(c(O)c12)C(=O)c1c(O)cc(O)cc1C3=O,6.0448666,3.6353555
Cc1cc2c(c(O)c1-c1c(C)cc3c(c1O)C(=O)c1c(O)cc(O)cc1C3=O)C(=O)c1c(O)cc(O)cc1C2=O,6.1386795,3.9366992
CCc1cc(NCCO)c2c(O)c3c(c(O)c2c1C(=O)OC)C(=O)c1cccc(O)c1C3=O,5.7827845,3.7160814
Cc1cc(O)c2c(c1)C(=O)C1=C(C2=O)C(O)C(O)C(O)C1,6.4896135,3.8310578
COC(=O)C1c2c(O)c3c(c(O)c2C(O)CC1(C)O)C(=O)c1c(O)cccc1C3=O,6.3899293,3.7963183
Cc1cc(O)c2c(c1)C(O)C13Cc4cc(O)c5c(O)c6c(cc5c4C1C=CC(O)C3OC2=O)C(=O)C=CC6=O,5.9924765,3.839912
CCc1cc(O)c2c3c(c(O)cc2c1)C(=O)c1c(O)cccc1C3=O,6.102795,3.6483593
COc1cccc2c1C(=O)c1ccc3c(c1C2=O)C(=O)C(O)C(C)C3OC(C)=O,6.5370407,3.9322286
CNc1ccc(Nc2ccccc2)c2c1C(=O)c1ccccc1C2=O,5.3964567,3.3596103
Nc1ccc(NC2CCCCC2)c2c1C(=O)c1ccccc1C2=O,5.524987,3.2925386
Cc1cc(O)c2c3c(n(C#N)c2c1)C(=O)c1c(O)cccc1C3=O,6.4850764,3.7957342
CC(=O)OCCC1c2c(cc3c(c2O)C(=O)c2c(O)cc(O)cc2C3=O)OC1O,6.47735,3.6364813
COC1=C(C)C(=O)c2c(cc(O)c3c2OC(C)C3(C)C(O)CC=C(C)C)C1=O,5.958168,3.7142057
COC1=C(C)C(=O)c2c(cc(O)c3c2OC(C)C3(C)C2CC=C(C)C(O)O2)C1=O,6.090906,3.7163212
COC1=C(C)C(=O)c2c(cc(O)c3c2OC(C)C3(C)C(O)CC=C(CO)CO)C1=O,6.0872264,3.7473733
COc1ccc(O)c2c1C(=O)c1ccc3c(c1C2=O)C(=O)CC(C)C3,6.34126,3.725494
CCC1(O)CC(O)c2c(O)c3c(c(O)c2C1O)C(=O)c1cccc(O)c1C3=O,6.2984977,3.772997
CC(=O)CCC1COc2cc3c(c(O)c21)C(=O)c1c(O)cc(O)cc1C3=O,6.290999,3.5449347
CCC1(O)CCc2c(cc3c(c2O)C(=O)c2c(O)ccc(O)c2C3=O)C1C(=O)OC,6.270291,3.745963
CCC1(O)CC(O)c2c(O)c3c(c(O)c2C1C(=O)OC)C(=O)c1c(O)ccc(O)c1C3=O,6.272521,3.8440125
COC1=CC(=O)c2c(O)c3c(c(O)c2C1=O)CC1(C)OC(C(=O)O)CC3O1,6.4649134,3.965344
COC1=C(C)C(=O)c2c(cc(O)c3c2OC(C)C3(C)CCC=C(C)CO)C1=O,5.994433,3.7076209
CC1(O)Cc2c(O)c3c(c(O)c2C(O)C1)C(=O)c1c(O)cccc1C3=O,6.2812743,3.6955655
COc1cccc2c1C(=O)c1c(cc3cc(C)cc(OC)c3c1O)C2=O,6.0008464,3.626251
CC1(CO)OC2=C(C(=O)c3cc(O)cc(O)c3C2=O)c2cc(CO)ccc21,6.344574,3.755732
COC1=C(OC)C(=O)c2c(cc3ccccc3c2O)C1=O,6.2631025,3.940161
COc1cc(O)cc2cc3c(c(O)c12)C(=O)C=C(C)C3=O,6.1150103,3.783342
CCC1(O)Cc2c(O)c3c(c(O)c2C(O)C1)C(=O)c1c(OC)cccc1C3=O,6.1771173,3.657356
Cc1cc2c(c(C)n1)C(=O)c1c(O)cccc1C2=O,6.3152413,3.5728283
COc1cc(O)c2c(O)c3c(cc2c1)C(=O)C(C)=CC3=O,6.1118164,3.7790627
CCC1(O)CCc2c(cc3c(c2O)C(=O)c2c(O)cccc2C3=O)C1C(=O)OC,6.3412485,3.6985478
N#Cc1c(N)oc2c3c(c(O)cc12)C(=O)c1ccccc1C3=O,6.4670906,3.7497168
CC(=O)N(C)C1=C(N2CCCCC2)C(=O)c2ccccc2C1=O,5.8214827,3.5664594
C=CCNC1=C(N2CCCCC2)C(=O)c2ccccc2C1=O,5.548156,3.3382983
Nc1ccc(Nc2cc(S(=O)(=O)O)c(N)c3c2C(=O)c2ccccc2C3=O)cc1,5.4588666,3.6525483
Nc1cc(S(=O)(=O)c2ccccc2)c(N)c2c1C(=O)c1ccccc1C2=O,6.0608215,3.6448321
COc1cc(O)c2c(c1)C(=O)c1cc3c(c(O)c1C2=O)C(O)C(OC)C(C)(O)C3O,6.3452563,3.7145417
Nc1cccc2c1C(=O)c1c(c(O)c3ccccc3c1O)C2=O,5.875216,3.5385199
COCCOc1cc(Nc2ccccc2)c2c(c1N)C(=O)c1ccccc1C2=O,5.528087,3.384853
Cc1[nH]n2c(=O)c3cc(Cl)ccc3nc2c1N=Nc1cccc2c1C(=O)c1ccccc1C2=O,5.9799914,3.8876877
COc1cccc2c1C(=O)c1c(c(O)c3cc(O)ccc3c1O)C2=O,6.0093956,3.6924934
Cc1cc(Nc2cc(S(=O)(=O)O)c(N)c3c2C(=O)c2ccccc2C3=O)cc(S(=O)(=O)NCCO)c1C,5.8212776,3.7427797
CCOc1ccc(C(=O)Nc2cccc3c2C(=O)c2ccccc2C3=O)cc1,6.154558,3.6488502
COc1ccc(C(=O)Nc2cccc3c2C(=O)c2ccccc2C3=O)cc1,6.165291,3.6502256
Nc1ccc(O)c2c1C(=O)c1c(O)ccc(Nc3cccc(S(N)(=O)=O)c3)c1C2=O,5.6139803,3.601913
Nc1c(SCCO)cc(NC2CCCCC2)c2c1C(=O)c1ccccc1C2=O,5.451766,3.4025133
O=C1C(Cl)=C(N2CCN(c3ccccc3)CC2)C(=O)c2ccccc21,5.376684,3.8164742
COc1ccc(NC(=O)c2ccccc2)c2c1C(=O)c1ccccc1C2=O,6.230502,3.6722746
COc1cccc(Nc2ccc(N)c3c2C(=O)c2ccccc2C3=O)c1,5.4616675,3.3736744
Nc1c(Br)cc(Nc2ccccc2)c2c1C(=O)c1ccccc1C2=O,5.7843046,3.639493
Nc1cc(Nc2cc(S(=O)(=O)O)c(N)c3c2C(=O)c2ccccc2C3=O)ccc1S(=O)(=O)O,5.8766785,3.7967823
COc1ccc(Nc2ccc(Nc3ccc(OC)cc3)c3c2C(=O)c2ccccc2C3=O)cc1,5.155402,3.4265466
Nc1ccc(O)c2c1C(=O)c1c(O)ccc(Nc3ccccc3)c1C2=O,5.514264,3.4887428
Cc1ccc(Nc2ccc(NC(C)C)c3c2C(=O)c2ccccc2C3=O)cc1,5.387475,3.3649173
CCCCc1ccc(Nc2cc(S(=O)(=O)O)c(N)c3c2C(=O)c2ccccc2C3=O)cc1,5.776505,3.6544092
CC(C)(C)c1ccc(Nc2ccc(Nc3ccc(C(C)(C)C)cc3)c3c2C(=O)c2c(O)ccc(O)c2C3=O)cc1,5.2940598,3.4791617
Nc1ccc(Nc2ccc(C(=O)O)cc2)c2c1C(=O)c1ccccc1C2=O,5.6301637,3.4513912
CCc1cccc(CC)c1Nc1ccc(Nc2c(CC)cccc2CC)c2c1C(=O)c1ccccc1C2=O,5.345566,3.4020767
CC(=O)Nc1cccc(Nc2cc(S(=O)(=O)O)c(N)c3c2C(=O)c2ccccc2C3=O)c1,5.7607727,3.691443
COc1ccc(Nc2ccc(O)c3c2C(=O)c2c([N+](=O)[O-])ccc(O)c2C3=O)cc1,5.777883,4.032337
CC(O)c1cccc(Nc2ccc(O)c3c2C(=O)c2c([N+](=O)[O-])ccc(O)c2C3=O)c1,5.977986,4.043584
CC(=O)Nc1ccc(Nc2ccc(Nc3ccc(NC(C)=O)cc3)c3c2C(=O)c2ccccc2C3=O)cc1,5.172062,3.478047
COC(=O)c1c(O)cc2cc3c(c(O)c2c1C)C(=O)c1c(O)cc(OC)cc1C3=O,6.204742,3.7228274
CC(=O)C(C1=C(O)c2c(O)cc(O)cc2C(=O)C1=O)c1c[nH]c2ccccc12,5.6812124,3.690076
CC1=C(C#N)C(c2ccccc2)C2=C(N1)c1ccccc1C(=O)C2=O,5.995183,3.6541634
CC1=C(C#N)C(c2ccc(Cl)cc2)C2=C(N1)c1ccccc1C(=O)C2=O,5.9498825,3.6953769
CC1=C(C#N)C(c2ccc(C#N)cc2)C2=C(N1)c1ccccc1C(=O)C2=O,6.119751,3.7483723
CC1=C(C#N)C(c2ccc(Br)cc2)C2=C(N1)c1ccccc1C(=O)C2=O,6.024755,3.7462502
CC1=C(C#N)C(c2ccc(C)cc2)C2=C(N1)c1ccccc1C(=O)C2=O,5.8811355,3.649956
CC1=C(C#N)C(c2cccc(Cl)c2Cl)C2=C(N1)c1ccccc1C(=O)C2=O,5.9425836,3.7397244
O=C1C=C(Nc2cnc3ccccc3c2)c2ccccc2C1=O,5.8328385,3.6902223
O=C1C=c2cc3ccc4c5c(ccc4c3cc2=CC1)C(=O)C(=O)C=C5,5.8758197,3.9557083
O=C1C=Cc2cc3c(Cl)c4ccccc4c(Oc4ccccc4)c3cc2C1=O,5.9336653,3.9794295
Nc1c2ccccc2c(Oc2ccccc2)c2cc3c(cc12)C=CC(=O)C3=O,5.5581536,3.9080563
c1ccc(-c2c3ccccc3c(-c3ccccc3)c3c2ccc2ooc23)cc1,5.7528033,1.8073915
O=C1C=Cc2c(ccc3c2ccc2nc4ccccc4cc23)C1=O,5.882763,3.984212
Nc1c2c(cc3ccccc13)C(=O)C(=O)C=C2,5.941616,3.774656
c1ccc2cc3cc4c(ccc5ooc54)cc3cc2c1,5.689934,2.3325248
O=C1C(=O)c2occc2-c2ccccc21,6.701918,3.8828151
CC(C)(C)c1cc2c(o1)C(=O)C(=O)c1cc3cccc(O)c3c(O)c1-2,6.135008,3.8980627
CC(C)=CCCC1(C)C=Cc2c(O)c3c(c(O)c2O1)C(=O)C(=O)C=C3O,5.822356,3.7251403
O=C1C=Cc2c(cc3ccccc3c2O)C1=O,6.2334714,3.9227636
O=C1C=Cc2cc3ccccc3c(O)c2C1=O,6.266025,3.9337926
O=C1C=Cc2cc3cccc(O)c3cc2C1=O,6.1923494,3.9234416
COc1ccc(CNC2=C([N+](=O)[O-])C(C3=C(O)c4ccccc4C(=O)C3=O)c3ccccc3O2)cc1,5.8501844,3.9259536
COc1ccc(C2C(C#N)=C(C)NC3=C2C(=O)C(=O)c2ccccc23)cc1,5.779148,3.6637664
O=C1C=Cc2c(c3nc4ccccc4nc3c3ccccc23)C1=O,6.091767,4.160982
CCCCNC1=C(NCCCC)c2cc3ccccc3cc2C(=O)C1=O,5.414673,3.4092102
COc1ccc(C2=NN(C)C3=C(C(=O)C(=O)c4ccccc43)C2c2ccc(OC)cc2)cc1,5.541333,3.4735546
CN1N=C(c2ccc(Br)cc2)C(c2ccc(Br)cc2)C2=C1c1ccccc1C(=O)C2=O,5.8862367,3.7137008
CN1N=CCC2=C1c1ccccc1C(=O)C2=O,5.822179,3.4438696
CN1N=C(c2cc(O)ccc2[N+](=O)[O-])C(c2cc(O)ccc2[N+](=O)[O-])C2=C1c1ccccc1C(=O)C2=O,6.093335,4.038829
CN1N=C(c2ccc(S(C)(=O)=O)cc2)C(c2ccc(S(C)(=O)=O)cc2)C2=C1c1ccccc1C(=O)C2=O,5.9844794,3.7246103
O=C1C=C(Nc2ccn[nH]2)c2ccccc2C1=O,5.9905286,3.6599152
COc1cc2cc3c(cc2c(C)c1OC)C=CC(=O)C3=O,5.953989,3.920213
COc1cc2cc3c(cc2c(C)c1OC)C=C(C)C(=O)C3=O,5.903206,3.812733
COc1ccc2c(c1)C(=O)C(=O)c1cc3c(cc1-2)OCO3,6.251137,3.6197917
COc1ccc2cc3c(cc2c1)C(=O)C(=O)C=C3,6.0963855,3.9178452
CN1N=C(c2ccc(O)cc2)C(c2ccc(O)cc2)C2=C1c1ccccc1C(=O)C2=O,5.6275177,3.5022027
CC1=C(C)C(O)=C(C2=C(O)c3ccccc3C(=O)C2=O)C(=O)C1=O,6.3117085,4.322345
COc1cc(C2=NN(C)C3=C(C(=O)C(=O)c4ccccc43)C2c2ccc(O)c(OC)c2)ccc1O,5.4759264,3.526207
CC1CC(C2=C(O)c3ccccc3C(=O)C2=O)Nc2[nH]c(=O)[nH]c(=O)c21,5.9022956,3.8120563
COC(=O)c1ccccc1C1=C(O)c2ccccc2C(=O)C1=O,6.4734464,3.8304381
CC1CCC2=C(O1)c1cccc(O)c1C(=O)C2=O,6.4223967,3.722171
CCCC1CCC2=C(O1)c1cccc(O)c1C(=O)C2=O,6.3615646,3.7206159
CC(O)(CO)C1CC2=C(O1)c1ccccc1C(=O)C2=O,6.4424424,3.8065038
Cn1c2c(c(=O)n(C)c1=O)C1(C(=O)Nc3ccccc31)C1=C(N2)c2ccccc2C(=O)C1=O,6.1372633,3.8774438
Cc1ccc2c(c1)C1(C(=O)N2)C2=C(Nc3c1c(=O)n(C)c(=O)n3C)c1ccccc1C(=O)C2=O,6.0639477,3.8725002
Cc1nc2c3c(ccc2s1)NC1=C(C(=O)C(=O)c2ccccc21)C3c1ccc2c(c1)OCO2,5.513303,3.5921798
CC1C(N=[N+]=[N-])C2=C(OC1(C)C)c1ccccc1C(=O)C2=O,6.4637966,3.875187
CN1C2=C(C(=O)C(=O)c3cccc(-c4ccccc4)c32)C2(O)C(=O)c3ccccc3C12O,6.104662,3.9126878
CCOC(=O)c1c(-c2ccccc2)[nH]c(-c2ccccc2)c1C1=C(O)c2ccccc2C(=O)C1=O,6.0893064,3.7204483
COC(=O)C1=C(c2c(Nc3ccccc3Br)ccc3ccccc23)c2ccccc2C(=O)C1=O,5.632577,4.03087
O=C1C(=O)c2ccccc2C(O)=C1C1(Nc2ccccn2)C(=O)c2ccccc2C1=O,6.0959935,4.108587
Cc1cccc(NC2(C3=C(O)c4ccccc4C(=O)C3=O)C(=O)c3ccccc3C2=O)n1,6.000913,4.0876484
O=C1C(=O)c2ccccc2C(O)=C1C1(Nc2ncccc2O)C(=O)c2ccccc2C1=O,6.034373,4.112777
Cc1cccnc1NC1(C2=C(O)c3ccccc3C(=O)C2=O)C(=O)c2ccccc2C1=O,6.07568,4.0929265
Cc1ccnc(NC2(C3=C(O)c4ccccc4C(=O)C3=O)C(=O)c3ccccc3C2=O)c1,6.0119953,4.0926843
O=C1C(=O)c2ccccc2C=C1C12CC3CC(CC(C3)C1)C2,6.1869273,3.6836667
O=c1c(=O)c2cc(O)cc3ccc4cccc1c4c32,6.1310844,3.8192618
CCC(=O)c1ccc(OCc2oc3c(c2C)C(=O)C(=O)c2ccccc2-3)cc1,6.155016,3.6994245
CC(=O)CC1(C)Oc2c(C)c(O)c3c(c2C1=O)C(O)=C(C)C(=O)C3=O,6.321254,3.8344483
O=c1c2c3c(cc4cccc5ccc(c1=O)c3c54)-c1ccccc1-2,6.0547986,3.8366094
Nc1ccc2c(=O)c(=O)c3cccc4ccc1c2c43,5.749235,3.7062616
O=C1C(=O)c2c(F)cc3ccccc3c2-c2ccccc21,6.3811793,3.837466
O=C1C=Cc2c(ccc3ccc4c(F)ccc(F)c4c23)C1=O,6.4441934,4.028462
CC1=NN(c2ccccc2)C(=O)C1C(C1=C(O)c2ccccc2C(=O)C1=O)c1ccc(F)cc1,5.8653145,3.7432134
Cc1cc(O)c2c(c1)cc(O)c1c(=O)c3c(O)c4c(O)cc(=O)c(=O)c4cc3c(=O)c12,6.095969,4.3213315
O=C1C(=O)c2ccccc2C=C1c1cc(F)c(F)c(F)c1,6.7923408,4.1010194
O=C1C(=O)c2ccccc2C(O)=C1Nc1cc(F)ccc1F,6.093361,3.768534
O=C1C(=O)c2ccccc2C(O)=C1Nc1ccccc1F,5.989967,3.695836
O=C1C=C(C(=O)c2ccc(F)cc2)c2ccccc2C1=O,6.7773147,4.216007
Cc1[nH]nc2c1C1(C(=O)Nc3ccc(F)cc31)C1=C(O2)c2ccccc2C(=O)C1=O,6.2026243,3.8698392
Cc1[nH]nc2c1C1(C(=O)Nc3c(C(F)(F)F)cccc31)C1=C(O2)c2ccccc2C(=O)C1=O,6.2891703,3.9242237
CC(C)(F)c1nc2c([nH]1)C(=O)C(=O)c1ccccc1-2,6.7106705,3.7803216
O=C1C(=O)c2ccccc2C(O)=C1c1c([N+](=O)[O-])c2n(c1-c1ccc(F)cc1)CCCN2,5.889472,3.8862941
CC1(C)CNc2c([N+](=O)[O-])c(C3=C(O)c4ccccc4C(=O)C3=O)c(-c3ccc(F)cc3)n2C1,5.9610868,3.8922906
CC1(C)OC2=C(CC1S(=O)(=O)O)C(=O)C(=O)c1ccccc12,6.6119747,3.8223956
O=C1C(=O)c2ccccc2C(O)=C1c1ccc(Br)cc1,6.4576745,3.881544
O=C1C(=O)c2ccccc2C(O)=C1CCCc1ccc2c(c1)CCC2,5.960461,3.6024733
Cc1ccc(SCCCCC2=C(O)c3ccccc3C(=O)C2=O)cc1,5.712206,3.63964
O=C1C=C(NCCc2cnc[nH]2)c2ccccc2C1=O,5.849556,3.515423
O=C1C=C(NC(Cc2cnc[nH]2)C(=O)O)c2ccccc2C1=O,5.933871,3.6135676
O=C1C(=O)c2ccccc2C(O)=C1c1ccccc1Cl,6.3681045,3.7720277
O=C1C(=O)c2ccccc2C(O)=C1c1ccc(Cl)cc1Cl,6.3569765,3.8397813
CCCc1nc2c(o1)-c1ccccc1C(=O)C2=O,6.7016315,4.010768
CCOC(=O)c1c2c(n(CC(=O)c3ccc(Br)cc3)c1C)C(=O)C(=O)c1ccccc1-2,6.4137034,3.8537252
Cc1c(NC2=CC(=O)C(=O)c3ccccc32)c(=O)n(-c2ccccc2)n1C,5.823661,3.6119578
O=C1C(=O)c2ccc(Br)cc2C(O)=C1C=Cc1ccccc1,6.2981033,3.9478147
c1cc2c(cc1C1OCC3C(c4ccc5c(c4)OCO5)OCC13)OCO2,5.737269,1.0510516
COc1cccc(-c2cc(=O)c3ccc(OC)cc3o2)c1,6.021228,2.742449
O=c1c(O)c(-c2ccc(O)c(O)c2)oc2cc(O)ccc12,5.9832377,2.9089324
CN(C)CCCN1c2ccccc2CCc2ccc(Cl)cc21,5.2637663,1.4417758
CCC1(O)C(=O)OCc2c1cc1n(c2=O)Cc2cc3ccccc3nc2-1,6.210886,3.4185686
CN1CCc2c(c3ccccc3n2Cc2ccccc2)C1,5.443634,1.5658453
N=C(N)c1ccc(OCCCCCOc2ccc(C(=N)N)cc2)cc1,5.704464,1.6509202
O=c1cc(-c2ccccc2)oc2cc(O)cc(O)c12,6.2559705,2.8356757
CC(C)OC(=O)C(C)(C)Oc1ccc(C(=O)c2ccc(Cl)cc2)cc1,6.235538,2.111711
COc1cc(O)c(C(=O)c2ccccc2)c(OC)c1,6.103236,2.3490453
COC(=O)Nc1nc2ccc(Sc3ccccc3)cc2[nH]1,5.9222217,2.55873
Cc1cc(O)c(C=O)c2c1C(=O)Oc1c(COC(=O)C=CC(=O)O)c(O)c(C(=O)O)c(C)c1O2,6.63447,3.5899975
CCN(CC)C(C)CN1c2ccccc2Sc2ccccc21,5.2176304,1.507097
COc1c(-c2ccccc2)oc2c(OC)cccc2c1=O,6.2058783,2.7333205
COc1cc2c(cc1OC)C1C(=O)c3ccc4c(c3OC1CO2)CC(C(C)C)O4,5.771257,1.6794298
O=C(C=CC=Cc1ccc2c(c1)OCO2)N1CCCCC1,5.7576127,1.8697764
COC(=O)c1c(C)c2c(c(C)c1O)OC(=O)c1c(C)c(Cl)c(O)c(Cl)c1O2,6.2904572,2.8142684
CC(C)(OC(=O)c1ccccc1)C1Cc2cc3ccc(=O)oc3cc2O1,6.339009,2.6036062
COC(=O)Nc1nc2ccc(C(=O)c3ccccc3)cc2[nH]1,6.1825113,3.1929154
COc1c(C(C)C)oc2cc3oc(=O)ccc3cc12,6.3001175,2.8704197
O=c1c(O)c(-c2ccc(O)c(O)c2)oc2cc(O)cc(O)c12,5.9811087,2.9384634
CC(CN(C)C)CN1c2ccccc2Sc2ccccc21,5.24251,1.5197546
CN(C)CCCN1c2ccccc2Sc2ccc(Cl)cc21,5.2592645,1.7240176
O=C(COc1ccc(Cl)cc1)N1CCN(Cc2ccc3c(c2)OCO3)CC1,5.4680963,1.4444721
CC(=O)OC1CCC2(C)C(=CCC3C4CCC(=O)C4(C)CCC32)C1,5.8820033,1.2451057
CCCc1onc(C)c1NC1=CC(=O)C(=O)c2ccccc21,6.2648892,3.6682847
CCCCCc1onc(C)c1NC1=CC(=O)C(=O)c2ccccc21,6.220831,3.6640124
COc1cccc2c1C(=O)C(=O)C(C1=C(O)c3cccc(OC)c3C(=O)C1=O)=C2O,6.194026,4.3122864
Cc1cc(O)c2c(c1)C(O)=C(C1=C(O)c3cc(C)cc(O)c3C(=O)C1=O)C(=O)C2=O,6.226132,4.288361
Cc1cccc2c1C(=O)C(=O)C1=C2OCC1C,6.3256636,3.5722604
Cc1cccc2cc3c(cc12)C1=C(OCC1C)C(=O)C3=O,6.033578,3.8210714
Cc1cccc2cc3c(cc12)C(O)=CC(=O)C3=O,6.160424,3.820635
O=C1C=C(O)c2cc3ccccc3c(O)c2C1=O,6.2875867,3.832269
COc1c(OC(C)=O)c(C)cc2cc3c(cc12)C(=O)C(=O)C=C3,6.3147902,3.9759674
O=C1C(=O)c2c(O)cccc2C(O)=C1C1=C(O)c2cccc(O)c2C(=O)C1=O,6.3272395,4.361329
COc1cc(-n2c(C)nc3c2-c2ccccc2C(=O)C3=O)cc(OC)c1OC,5.9969444,3.693027
CCCCCCOc1ccc(CCCCNC2=CC(=O)C(=O)c3ccccc32)cc1,5.7812057,3.4246666
COc1cc(C)cc2c1C(=O)C(=O)C(C1=C(O)c3cc(C)cc(OC)c3C(=O)C1=O)=C2O,6.1138725,4.24072
O=C1C=C2Cc3cc4ccccc4c4ccc(c2c34)C1=O,5.9889235,3.833264
COc1cc(OC)c2c(c1)C1=C(CC(C)O1)C(=O)C2=O,6.314956,3.691178
O=C1C=Cc2c(ccc3c4ccccc4c4ccccc4c23)C1=O,5.8617263,3.9076035
CCC1(CC)CC2=C(O1)c1ccccc1C(=O)C2=O,6.3968973,3.718926
COc1ccc2c(c1)C(=O)C(=O)C(c1ccccc1)=C2,6.3155227,3.7866936
CN1CC2=C(c3ccccc3C(=O)C2=O)N(c2ccccc2)C1,5.5674677,3.5710502
Cc1c2c(c(C)c3ccc(O)cc13)C(=O)C(=O)C=C2,5.8995886,3.7525008
O=C1C=Cc2cc3cc(O)ccc3cc2C1=O,6.1547327,3.93637
Cc1c2c(c(C)c3c(O)c(O)ccc13)C=CC(=O)C2=O,5.791447,3.781277
CC(=O)Oc1ccc2c(C)c3c(c(C)c2c1OC(C)=O)C=CC(=O)C3=O,6.2963557,3.894687
COc1cc2c(C)c3c(c(C)c2cc1C(C)(C)C)C(=O)C(=O)C(C(C)(C)C)=C3,5.7993107,3.5023003
O=C1C(=O)c2ccccc2C2=C1C1CCC=CC1O2,6.229266,3.7090445
COc1ccc(O)c2c1C1=C(C(=O)C2=O)C(O)CC(C)(C)O1,6.3211126,3.8039155
O=c1c(=O)c2cccc3c([N+](=O)[O-])cc4cccc1c4c32,6.655559,4.2262516
O=C1C(=O)c2ccccc2C=C1c1ccccc1[N+](=O)[O-],6.7432523,4.2117167
O=C1C(=O)c2ccccc2C2=C1C(c1ccc3c(c1)OCO3)c1c(ccc3ccccc13)O2,5.660353,3.7506468
COc1cccc2cc3c(cc12)C(=O)C(=O)C=C3,6.147765,3.9083054
Cc1cc(O)c2c(c1)C(=O)C(=O)C(C1=C(O)c3c(O)cc(C)cc3C(=O)C1=O)=C2O,6.1961646,4.267214
C=CCC1(C)C(=O)Oc2c(O)c3c(c(C)c21)C(=O)C(=O)C(C(C)C)=C3O,6.2050633,3.567259
O=C1C=C(S(=O)(=O)O)c2cc3ccccc3cc2C1=O,6.7374597,4.445128
N=C(N)N1CCN(C2=CC(=O)C(=O)c3ccccc32)CC1,5.6367965,3.55207
CCOc1cccc2c1C1=C(C(=O)C2=O)C(C)(C)C(=O)N1,6.3306375,3.7441323
CCCCOc1ccc2c(c1)C(=O)C(=O)C1=C2NC(=O)C1(C)C,6.274677,3.7468653
CC(C)COc1cccc2c1C1=C(C(=O)C2=O)C(C)(C)C(=O)N1,6.3020678,3.7437522
O=C1C=C(OCC2CCCCC2)c2ccccc2C1=O,6.3382955,3.790856
CC1(C)C(=O)NC2=C1C(=O)C(=O)c1cccc(OCC(N)=O)c12,6.3624587,3.7995818
Cc1ccc2c(c1C)C(=O)C(=O)C(c1cc(Br)c(O)c(C(C)(C)C)c1)=C2O,6.111951,3.728446
CC1(C)CCOC2=C1C(=O)C(=O)c1ccccc12,6.3360844,3.5666094
CC(C)=CCC1CC2=C(OC1(C)C)c1ccccc1C(=O)C2=O,5.95596,3.6674387
CC(C)(C)c1cc(C2=C(O)c3ccccc3C(=O)C2=O)cc(C(C)(C)C)c1O,6.1046004,3.7146034
O=C1C(=O)c2ccccc2C(O)=C1NCc1ccccc1,5.826811,3.5523267
Cc1cccc2c1C(=O)C(=O)C(c1cc(C(C)(C)C)c(O)c(C(C)(C)C)c1)=C2O,6.0341024,3.5923421
Cc1cccc2c1C(O)=C(c1cc(C(C)(C)C)c(O)c(C(C)(C)C)c1)C(=O)C2=O,6.034895,3.6471791
O=C1C=C(O)c2cc3ccccc3cc2C1=O,6.316218,3.8377547
Cc1ccc2c(c1)C(O)=C(c1cc(C(C)(C)C)c(O)c(C(C)(C)C)c1)C(=O)C2=O,6.0679035,3.665785
Cc1cc(C)c2c(c1)C(O)=C(c1cc(C(C)(C)C)c(O)c(C(C)(C)C)c1)C(=O)C2=O,5.9959316,3.552649
Cc1ccc2c(c1)C(=O)C(=O)C(c1cc(C(C)(C)C)c(O)c(C(C)(C)C)c1)=C2O,6.060839,3.6698508
Cc1ccc2c(c1C)C(O)=C(c1cc(C(C)(C)C)c(O)c(C(C)(C)C)c1)C(=O)C2=O,5.961257,3.615932
Cc1ccc2c(c1C)C(=O)C(=O)C(c1cc(C(C)(C)C)c(O)c(C(C)(C)C)c1)=C2O,5.96638,3.5542762
Cc1cc2c(cc1C)C(O)=C(c1cc(C(C)(C)C)c(O)c(C(C)(C)C)c1)C(=O)C2=O,5.9966626,3.6353397
Cc1ccc(C)c2c1C(=O)C(=O)C(c1cc(C(C)(C)C)c(O)c(C(C)(C)C)c1)=C2O,5.9530883,3.5271308
CC1COC2=C1C(=O)C(=O)c1c(O)cccc12,6.4353976,3.7181969
CC1COC2=C1C(=O)C(=O)c1ccccc12,6.4676447,3.7023826
COC1(C)OC2=C(C(=O)C(=O)c3ccccc32)C1(C)C,6.4341373,3.6963754
Cc1ccc2c(c1)C1=C(CCC(C)(C)O1)C(=O)C2=O,6.367339,3.6129308
Cc1cc(C)c2c(c1)C(=O)C(=O)C(c1cc(C(C)(C)C)c(O)c(C(C)(C)C)c1)=C2O,5.9829135,3.6122854
O=C1C(=O)c2ccccc2C2=C1OC(CN1CCC(O)CC1)CS2,5.49152,3.8371158
CC(C)NC(=O)CN1CCN(CC2CSC3=C(O2)C(=O)C(=O)c2ccccc23)CC1,5.286293,3.8006988
CCOC(=O)c1c2c(n(C)c1CN1CCCCC1)C(=O)C(=O)c1ccc(Br)cc1-2,5.8079405,3.8195195
CN(C1=CC(=O)C(=O)c2ccccc21)C1CCCCCC1,5.78578,3.5328403
CC1(C)OC2=C(CC1OC(=O)CC(=O)O)C(=O)C(=O)c1ccccc12,6.558183,3.8166683
CC1(C)OC2=C(CC1OC(=O)CCN)C(=O)C(=O)c1ccccc12,6.2098117,3.7646453
O=C(O)Cc1c2c(cc3ccccc13)C(=O)C(=O)C=C2,6.286759,3.9890544
O=C1C=C(O)c2cc3c(O)c(O)c(O)c(O)c3c(O)c2C1=O,5.858175,3.9097958
O=C1C=C(Cl)c2cc3cccc(Cl)c3cc2C1=O,6.4773464,4.161533
O=C1C=C(Cl)c2cc3c(Cl)cccc3cc2C1=O,6.47108,4.1606836
O=C1C(=O)c2cc3cc(Cl)ccc3cc2C=C1Cl,6.4179697,4.208332
O=C1C=C(O)c2cc3cccc(O)c3cc2C1=O,6.213477,3.825257
O=C1C=C(O)c2cc3cc(O)ccc3cc2C1=O,6.1663003,3.8394008
O=C1C=C(O)c2cc3c(O)cccc3cc2C1=O,6.173322,3.863254
O=C1C(=O)c2cc3ccc(Cl)cc3cc2C=C1Cl,6.4157186,4.208448
O=C1C=C(c2cc(O)c3ccccc3c2O)c2ccccc2C1=O,5.858444,3.8112574
CC1=C(C)c2c(c(C)c3c(C)c(C)c(C)c(C)c3c2C)C(=O)C1=O,5.474114,3.3393524
O=C1C(=O)c2cc3ccccc3cc2C=C1S(=O)(=O)O,6.660459,4.507179
CN(C)c1ccc(C2=Cc3ccccc3C(=O)C2=O)cc1,5.3880067,3.7390916
CCC1=Cc2cc3ccccc3cc2C(=O)C1=O,6.2090344,3.8086133
CCN(CC)c1ccc(C2=Cc3ccccc3C(=O)C2=O)cc1,5.430256,3.7666743
O=C1C(=O)c2ccccc2C(O)=C1C1CCC(COc2ccc(Cl)cc2)CC1,5.966172,3.637116
CCCCC1=Cc2cc3ccccc3cc2C(=O)C1=O,6.1611257,3.8307722
CC1=C(C)c2cc3ccccc3cc2C(=O)C1=O,6.087522,3.6429996
O=C1C(=O)c2cc3ccccc3cc2C(S(=O)(=O)O)=C1S(=O)(=O)O,7.0617847,4.956806
COC(=O)c1c(Cl)c(C)cc(OC)c1C1=C(O)c2cccc(O)c2C(=O)C1=O,6.2236724,3.8752775
O=C1C(=O)c2cc3ccccc3cc2C=C1[N+](=O)[O-],6.6892824,4.518354
O=C1C(=O)c2ccccc2C2=C1CCC=C2,6.213825,3.6383576
O=C1C(=O)c2cc3ccccc3cc2C=C1C(S)C(=O)O,6.1814275,4.0864844
NC1=C(N)c2cc3c(N)ccc(N)c3cc2C(=O)C1=O,5.2125907,3.281846
O=C(OCCc1ccc2c(c1)-c1ccccc1C(=O)C2=O)c1ccc2c(c1)-c1ccccc1C(=O)C2=O,6.3784523,4.1626163
COc1cc2c(cc1OC)-c1onc(C)c1C(=O)C2=O,6.370103,3.9663274
CCc1noc2c1C(=O)C(=O)c1cc(Cl)c(Cl)cc1-2,6.742436,4.2828603
O=C1C(=O)c2cc3ccccc3cc2C=C1Cl,6.40738,4.164222
O=C1C(=O)c2ccccc2C(O)=C1c1ccc(C(=O)O)cc1,6.4687805,3.8186662
Nc1cccc2cc3c(cc12)C=CC(=O)C3=O,5.794494,3.8831093
Nc1ccc2cc3c(cc2c1)C(=O)C(=O)C=C3,5.751549,3.8677006
NC1=C(Br)C(=O)C(=O)c2c1cc1ccccc1c2O,6.2164035,3.9788933
CC(C)(C)C1=Cc2cc3ccccc3cc2C(=O)C1=O,6.1443377,3.7232296
O=C(CCCCOC1=CC(=O)C(=O)c2ccccc21)OCc1ccccc1,6.398944,3.8103817
CC1(C)CCC2=C(O1)c1ccc(OCCN)cc1C(=O)C2=O,6.0142584,3.6589146
COc1ccc2c(c1)C(=O)C(=O)C1=C2OC(C)(C)C(O)C1,6.3401527,3.7240064
CC(C)CC(C)C(=O)OC1CC2=C(OC1(C)C)c1ccccc1C(=O)C2=O,6.3598046,3.7472653
CC(C)CC(N)C(=O)OC1CC2=C(OC1(C)C)c1ccccc1C(=O)C2=O,6.1645713,3.7379289
CCNCCC(=O)OC1CC2=C(OC1(C)C)c1ccccc1C(=O)C2=O,5.959255,3.7520976
O=C(O)C1=Cc2cc3ccccc3cc2C(=O)C1=O,6.468235,4.203605
Cc1ccc2c(c1CCC1OC1(C)CO)C(=O)C(=O)C(C(C)C)=C2,6.150524,3.5803993
O=C1C(=O)c2cccc(O)c2C(O)=C1c1ccc([N+](=O)[O-])cc1,6.5719786,4.056597
C=CC1(C)CCC2=C(O1)c1ccccc1C(=O)C2=O,6.3361773,3.697179
CC(C)=CC1(C)CCC2=C(O1)c1ccccc1C(=O)C2=O,6.1358976,3.6744173
CCC1CC2=C(O1)c1ccccc1C(=O)C2=O,6.487489,3.753455
CC(C)=CC(C)=CC1(C)CCC2=C(O1)c1ccccc1C(=O)C2=O,5.827886,3.6267974
Cc1cc2c(cc1C)C1=C(CCC(C)(C)O1)C(=O)C2=O,6.2703075,3.5719614
O=C1C(=O)c2ccccc2C2=C1C(c1ccccc1)CCS2,5.9155927,3.7089233
Cc1cc2c(c3ccccc13)C(=O)C(=O)C1=C2OC(C)(C)CC1,6.1075683,3.6145744
Cc1c(CN2CCN(C)CC2)oc2c1C(=O)C(=O)c1c-2ccc2c1CCCC2(C)C,5.2841253,3.518449
O=C1C(=O)c2ccccc2C2=C1SCC(CNCc1ccccc1)O2,5.6469584,3.8233016
CCCC1CCOC2=C(S1)C(=O)C(=O)c1ccccc12,6.084126,3.8015206
COC1=C(c2cccc(OC)c2OC)C(=O)C(=O)c2ccccc21,6.1632867,3.7477005
O=c1c(=O)c2cccc3c(Br)c(Br)c4cccc1c4c32,6.6719327,4.1024857
O=CNC1=Cc2cc3ccccc3cc2C(=O)C1=O,6.194808,3.899579
CC1OC2CC(=O)OC2c2cc3c(c(O)c21)C(=O)C(=O)C(C1CC(O)C(O)C(C)O1)=C3O,6.3402076,3.9372706
O=C1C(=O)c2cc3ccccc3cc2C(Cl)=C1Cl,6.480785,4.2881594
O=C1C(=O)c2cc3ccccc3cc2C([N+](=O)[O-])=C1[N+](=O)[O-],7.1374197,4.949911
CN1CCC(CNC2=CC(=O)C(=O)c3ccccc32)CC1,5.5119386,3.4547722
O=C1C=C(C2C(=O)C(=O)c3ccccc3C2=O)c2ccccc2C1=O,6.789045,4.552859
O=C1C(=O)c2ccccc2C=C1c1ccc(Br)cc1,6.550935,3.9712508
CC1(C)CCC2=C(C1)c1ccccc1C(=O)C2=O,6.310274,3.5906649
O=C1C(=O)c2ccccc2C2=C1SCC1(CCN(C(=O)Nc3ccccc3)CC1)O2,5.717564,3.8218348
Cc1noc(C)c1C(=O)N1CCC2(CC1)CSC1=C(O2)c2ccccc2C(=O)C1=O,5.8599076,3.835127
O=C1C(=O)c2ccccc2C2=C1SCC1(CCN(CC(O)CN3CCOCC3)CC1)O2,5.212609,3.7765954
O=C1C(=O)c2ccccc2C2=C1SCC1(CCN(C(=O)Nc3ccc(Cl)c(Cl)c3)CC1)O2,5.708872,3.892124
O=C1C(=O)c2ccccc2C2=C1SCC1(CCN(CC3CCCO3)CC1)O2,5.485879,3.8188348
O=C1C(=O)c2ccccc2C2=C1SCC1(CCN(C3CCCCC3)CC1)O2,5.4277253,3.78676
O=C1C(=O)c2ccccc2C2=C1SCC1(CCCNCC1)O2,5.6169224,3.7911398
CC(C)(C)OC(=O)N1CCCC2(CC1)CSC1=C(O2)c2ccccc2C(=O)C1=O,5.9426055,3.8206332
CN1CCC2(CSC3=C(O2)c2cc(-c4ccccc4)ccc2C(=O)C3=O)C1,5.4771633,3.8589387
COc1cccc2c1C(=O)c1c(O)c3c(c(O)c1C2=O)CC(O)(C(O)CO)CC3O,6.1999254,3.682513
Cc1c2c(c(O)c3c(O)cc(O)cc13)C(=O)c1c(O)cc(O)cc1C2=O,5.99471,3.5666263
Nc1c(S(=O)(=O)O)cc(Nc2cccc(S(=O)(=O)CCOS(=O)(=O)O)c2)c2c1C(=O)c1ccccc1C2=O,6.095725,3.9116294
C=CS(=O)(=O)c1cccc(Nc2cc(S(=O)(=O)O)c(N)c3c2C(=O)c2ccccc2C3=O)c1,6.0410314,3.8506272
Cc1cccc(Nc2cc(S(=O)(=O)O)c(N)c3c2C(=O)c2ccccc2C3=O)c1,5.8171144,3.6631348
O=C(Nc1ccc(Nc2cc([N+](=O)[O-])ccc2O)c2c1C(=O)c1ccccc1C2=O)c1ccccc1,5.8322897,3.9065423
O=C1c2ccccc2C(=O)c2c(Nc3ccc(S(=O)(=O)N(CCO)CCO)cc3)ccc(O)c21,5.7932277,3.619615
CN(C)S(=O)(=O)c1cccc(NC(=O)c2ccc3c(c2Cl)C(=O)c2ccccc2C3=O)c1,6.2300963,3.947569
O=C(CSc1n[nH]c(=O)[nH]c1=O)Nc1ccc2c(c1)C(=O)c1ccccc1C2=O,6.406944,4.027912
O=C(O)c1ccccc1Nc1cc(N2CCCC2)c2noc3c2c1C(=O)c1ccccc1-3,5.528664,3.2885828
COc1cccc2c1C(=O)c1c(O)c3c(c(O)c1C2=O)CC(O)(C(C)=O)CC3OC(=O)CCN,6.099216,3.6961145
CC1OC(c2ccc3c(c2O)C(=O)c2ccccc2C3=O)CC(N(C)C)C1O,5.747682,3.588275
CN(C)C1C(O)C2Oc3c(cc(O)c4c3C(=O)c3cc5c(c(O)c3C4=O)CCC(C)(O)C5C(=O)O)C(C)(O2)C1O,5.972881,3.8177986
COc1c2c(cc3c1C(OC)CC(C)(O)C3)C(=O)c1c3c(cc(O)c1C2=O)C1(C)OC(O3)C(O)C(N(C)C)C1O,5.925491,3.733106
CCC1CCN(C(=O)C(CCCN=C(N)N)NS(=O)(=O)c2ccc3c(c2)C(=O)c2ccccc2C3=O)CC1,5.770571,3.7966275
O=C1c2ccccc2C(=O)c2c(Nc3ccc(S(=O)(=O)C(CCO)CCO)cc3)cccc21,5.918258,3.5499854
O=C1c2cccc(O)c2C(=O)c2c1ccc1c(=O)cc(-c3ccccc3)oc21,6.4747415,4.027572
CC1OC(OCc2cc(O)c3c(c2)C(=O)c2cccc(O)c2C3=O)CC(N)C1O,6.0775733,3.6805015
O=C1c2ccccc2C(=O)c2c(O)cc(OCCCN3CCOCC3)cc21,5.6490674,3.5471225
O=C1c2ccccc2C(=O)c2c(O)cc(OCCCNC3CCCCC3)cc21,5.748991,3.4959114
CC(C)Cc1ccc(C(C)C(=O)OCCOC(=O)c2cc(O)c3c(c2)C(=O)c2cccc(O)c2C3=O)cc1,6.2828135,3.8514345
CC1OC(OCc2ccc3c(c2O)C(=O)c2ccccc2C3=O)CC(N(C)C)C1O,5.7951202,3.5961847
CC(=O)Oc1cccc2c1C(=O)c1c(OC(C)=O)cc(C(=O)Oc3cc(C)ccc3C(C)C)cc1C2=O,6.523748,4.0739875
CCOC(=O)C(CC(=O)c1cccc2c1C(=O)c1ccccc1C2=O)=NNC(=S)Nc1ccccc1,5.8780136,3.8154342
CCOC(=O)C(CC(=O)c1cccc2c1C(=O)c1ccccc1C2=O)=NNC(=S)Nc1ccc(C)cc1,5.7897415,3.8065143
Cc1c(O)c2c(c(O)c1COC1CC(N)C(O)C(C)O1)C(=O)c1ccccc1C2=O,5.990894,3.6123862
Cc1cccc(N=Cc2ccc(C=CC(=O)c3cccc4c3C(=O)c3ccccc3C4=O)cc2)c1,5.812907,3.7324157
Cc1ccccc1N=Cc1ccc(C=CC(=O)c2cccc3c2C(=O)c2ccccc2C3=O)cc1,5.828275,3.7445335
Cc1ccc(N=Cc2ccc(C=CC(=O)c3cccc4c3C(=O)c3ccccc3C4=O)cc2)cc1,5.780359,3.7360961
O=C(C=Cc1ccc(C=Nc2ccccc2F)cc1)c1cccc2c1C(=O)c1ccccc1C2=O,6.011254,3.7837546
O=C(C=Cc1ccc(C=Nc2cccc(F)c2)cc1)c1cccc2c1C(=O)c1ccccc1C2=O,5.981401,3.7708023
O=C(C=Cc1ccc(C=Nc2ccc(F)cc2)cc1)c1cccc2c1C(=O)c1ccccc1C2=O,5.9408917,3.773666
O=C(C=Cc1ccc(C=Nc2cccc(Cl)c2)cc1)c1cccc2c1C(=O)c1ccccc1C2=O,5.8953495,3.775581
O=C(C=Cc1ccc(C=Nc2ccc(Cl)cc2)cc1)c1cccc2c1C(=O)c1ccccc1C2=O,5.853052,3.778287
O=C(C=Cc1ccc(C=Nc2cccc([N+](=O)[O-])c2)cc1)c1cccc2c1C(=O)c1ccccc1C2=O,6.085698,4.022172
O=C(C=Cc1ccc(C=Nc2ccccc2O)cc1)c1cccc2c1C(=O)c1ccccc1C2=O,5.78738,3.7784061
O=C(C=Cc1ccc(C=Nc2ccc([N+](=O)[O-])cc2)cc1)c1cccc2c1C(=O)c1ccccc1C2=O,6.084985,3.9674318
O=C(C=Cc1ccc(C=Nc2cccc(C(F)(F)F)c2)cc1)c1cccc2c1C(=O)c1ccccc1C2=O,6.032739,3.803081
COc1cccc2c1C(=O)c1c(O)c3c(c(O)c1C2=O)CC(O)(C(C)=O)CC3SCCN,5.639572,3.6841924
CN(C)CCCSc1nc2cc3c(cc2o1)C(=O)c1ccccc1C3=O,5.6377954,3.8616002
O=C1c2ccccc2C(=O)c2cc3oc(SCCCN4CCCCC4)nc3cc21,5.553788,3.8559098
Cc1cc2c(c3oc(-c4ccccc4)cc(=O)c13)C(=O)c1c(O)cccc1C2=O,6.392233,3.8990147
CCCCCCc1cc2c(C)cc3c(c2oc1=O)C(=O)c1c(O)cccc1C3=O,6.3964596,3.8127432
Cc1cc2c(c3oc(=O)c(CCCC#N)cc13)C(=O)c1c(OC(C)C)cccc1C2=O,6.421521,3.8421419
Cc1cc2c(c3oc(=O)c(CCCC#N)cc13)C(=O)c1c(O)cccc1C2=O,6.495924,3.862592
CCC(C)(O)c1cc2c(C)cc3c(c2oc1=O)C(=O)c1c(OC(C)C)cccc1C3=O,6.3891006,3.8384247
CCCCc1cc2c(C)cc3c(c2oc1=O)C(=O)c1c(OC(C)C)cccc1C3=O,6.3813505,3.7979221
CCCCc1cc(=O)oc2c3c(cc(C)c12)C(=O)c1cccc(OC(C)C)c1C3=O,6.368759,3.817045
Cc1cc2c(c3oc(=O)cc(CCCCl)c13)C(=O)c1c(OC(C)C)cccc1C2=O,6.383732,3.852163
Cc1cc2c(c3oc(C(C)O)cc13)C(=O)c1c(O)cccc1C2=O,6.3926215,3.6308184
CC(=O)c1cc2c(C)cc3c(c2o1)C(=O)c1c(O)cccc1C3=O,6.5204663,3.7412665
Cc1cc2c(c3oc(C(=O)c4ccccc4)cc13)C(=O)c1c(O)cccc1C2=O,6.428072,3.7793074
Cc1cc2c(c3oc(CCCC#N)cc13)C(=O)c1c(OC(C)C)cccc1C2=O,6.268855,3.5845006
CCCCCCc1cc2c(C)cc3c(c2o1)C(=O)c1c(OC(C)C)cccc1C3=O,6.208047,3.5410314
CCCCCCc1cc2c(C)cc3c(c2o1)C(=O)c1c(O)cccc1C3=O,6.2551265,3.5652072
CCCc1cc2c(C)cc3c(c2o1)C(=O)c1c(OC(C)C)cccc1C3=O,6.2626195,3.5487473
O=C1c2ccccc2-c2onc3c(N4CCN(c5ccccc5)CC4)cc(NCCN4CCCCC4)c1c23,4.85779,3.0037315
Cc1c(Cc2c(Cl)cccc2Cl)nc(SCc2ccc3c(c2)C(=O)c2ccccc2C3=O)[nH]c1=O,5.9764867,3.7477047
O=C(NCc1ccccc1)c1ccc(C=CC(=O)c2cccc3c2C(=O)c2ccccc2C3=O)cc1,6.1779776,3.7823513
O=C1c2ccccc2C(=O)c2c1cc(O)c(COC1OC(CO)C(O)C(O)C1O)c2O,6.4295073,3.6317918
O=C(Nc1cccc2c1C(=O)c1ccccc1C2=O)c1ccc(F)cc1,6.4485755,3.712202
Cc1ccc(Nc2ccc(Nc3ccc(C)cc3)c3c2C(=O)c2cc(Cl)c(Cl)cc2C3=O)cc1,5.2912626,3.6945252
COC(=O)C1c2c(O)c3c(c(O)c2C(O)CC1(O)CC(C)=O)C(=O)c1c(O)cccc1C3=O,6.344763,3.803474
Cc1cc(O)c2c(c1)C(=O)c1cc(O)c(-c3c(C)cc4c(c3O)C(=O)c3c(O)cccc3C4=O)c(O)c1C2=O,6.169731,3.987336
COC1C(Oc2cc(C)cc3cc4c(c(O)c23)C(=O)c2c(O)cccc2C4=O)OC(C)C(O)C1O,6.1289067,3.7177057
CC1(O)Cc2ccc3c(c2C(=O)C1O)C(=O)c1cccc(O)c1C3=O,6.503229,3.8593624
Cc1c2c(cc(O)c1-c1cc(O)cc(=O)o1)C(=O)c1cc3cc(O)cc(O)c3c(O)c1C2=O,6.067899,3.8129442
CC(C)c1cc(=O)c2c(cc(O)c3c(=O)c4c(O)cccc4c(=O)c32)c1=O,6.536565,4.175522
CC(C)c1cc(=O)c2c(cc(O)c3c(=O)c4c(O)c(Br)ccc4c(=O)c32)c1=O,6.7075276,4.371971
CC(=O)NC(CSc1c(C(C)C)c(=O)c2cc(O)c3c(=O)c4c(O)cccc4c(=O)c3c2c1=O)C(=O)O,6.1512995,4.2968545
CC(=O)N(C)c1ccc(Nc2cc(S(=O)(=O)O)c(N)c3c2C(=O)c2ccccc2C3=O)cc1,5.5780635,3.6833253
CNc1ccc(Nc2cc(S(=O)(=O)O)c(N)c3c2C(=O)c2ccccc2C3=O)cc1,5.3045774,3.6256225
COc1cccc(Nc2cc(S(=O)(=O)O)c(N)c3c2C(=O)c2ccccc2C3=O)c1,5.7610626,3.6808789
O=C(Nc1cccc2c1C(=O)c1ccccc1C2=O)c1cccc(C(F)(F)F)c1,6.5288773,3.7615306
O=C1c2c(O)ccc([N+](=O)[O-])c2C(=O)c2c(O)ccc(Nc3cccc(CO)c3)c21,5.972067,4.0506887
Cc1ccc(Nc2cc(NCC(C)C)c(N)c3c2C(=O)c2ccccc2C3=O)cc1,5.263647,3.2045817
O=C1c2ccccc2C(=O)c2c1ccc1[nH]c(-c3ccc([N+](=O)[O-])cc3)nc21,6.344033,3.8880842
Cc1cccc(Nc2cc(C)c(N)c3c2C(=O)c2ccccc2C3=O)c1,5.5016418,3.317273
O=C1c2ccccc2C(=O)c2c1ccc1[nH]c(=S)[nH]c21,6.1138816,3.5343437
COc1ccc(OC)c(-c2nc3c4c(ccc3[nH]2)C(=O)c2ccccc2C4=O)c1,5.9081154,3.5284078
COc1cccc2c1C(=O)c1c(O)c3c(c(O)c1C2=O)CC(C(C)=O)CC3,6.1765246,3.5545335
Cc1cc(Nc2ccccc2)c2c(c1N)C(=O)c1ccccc1C2=O,5.5520444,3.3374107
Nc1c(S(=O)(=O)O)cc(Nc2cccc(F)c2)c2c1C(=O)c1ccccc1C2=O,5.985011,3.7096703
O=C1c2ccccc2C(=O)c2c1ccc1[nH]c(SCC(=O)N3CCOCC3)nc21,5.9335885,3.5639036
COc1cccc(CN(C)Cc2nc3c4c(ccc3[nH]2)C(=O)c2ccccc2C4=O)c1,5.597681,3.4857228
O=C1c2ccccc2C(=O)c2c1ccc1[nH]c(CNCc3ccccc3C(F)(F)F)nc21,5.999087,3.4824944
O=C1c2ccccc2C(=O)c2c1ccc1[nH]c(CNCc3cccc(C(F)(F)F)c3)nc21,5.9512615,3.5405927
O=C1c2ccccc2C(=O)c2c1ccc1[nH]c(CNCc3ccc4c(c3)OCO4)nc21,5.7293434,3.4930208
O=C1c2ccccc2C(=O)c2c1ccc1[nH]c(CCN3CCN(Cc4ccccc4)CC3)nc21,5.2882724,3.469989
CN(CCc1ccccn1)Cc1nc2c3c(ccc2[nH]1)C(=O)c1ccccc1C3=O,5.6124363,3.527297
O=C(CCl)Nc1ccc2c(c1NC(=O)c1ccccc1F)C(=O)c1ccccc1C2=O,6.4573264,3.7506428
O=C(CCl)Nc1ccc2c(c1NC(=O)c1ccc(Cl)cc1)C(=O)c1ccccc1C2=O,6.3523974,3.761046
CN(C)C(=Nc1ccc2c(c1)C(=O)c1ccc(N=C(C3CCC3)N(C)C)cc1C2=O)C1CCC1,5.525654,3.2964516
CN(C)C(=Nc1ccc2c(c1)C(=O)c1ccc(N=C(c3ccc(Cl)cc3)N(C)C)cc1C2=O)c1ccc(Cl)cc1,5.439247,3.4195232
O=C1c2ccccc2C(=O)c2c1cc(NCc1ccc(C(F)(F)F)cc1)c1nsnc21,6.244536,4.0387397
O=C1c2ccccc2C(=O)c2c1cc(NCc1ccc(Cl)cc1)c1nsnc21,6.0739536,4.025222
Cc1ccc2c3c(ccc2c1)C(=O)c1c(O)cccc1C3=O,6.1966543,3.6173337
Cc1ccc(NC(=O)c2cc(O)c3c(c2)C(=O)c2cccc(O)c2C3=O)cc1,6.119637,3.8183675
CCN1CCN(C(=O)c2cc(O)c3c(c2)C(=O)c2cccc(O)c2C3=O)CC1,5.6485467,3.7906399
CN1CCN(C(=O)c2cc(O)c3c(c2)C(=O)c2cccc(O)c2C3=O)CC1,5.6547823,3.7801743
O=C1c2ccccc2C(=O)c2c1ccc1[nH]c(-c3ccc(O)cc3)nc21,6.062731,3.5586877
O=C1c2ccccc2C(=O)c2c1cc(Sc1nc3ccccc3s1)c1nsnc21,6.166221,4.4491796
O=C(Nc1ccc(Br)cc1)c1cc(O)c2c(c1)C(=O)c1cccc(O)c1C2=O,6.341283,3.9037542
CN1CCN(c2ccc(S(=O)(=O)Nc3cc4c(c(O)c3O)C(=O)c3ccccc3C4=O)cc2)CC1,5.2581177,3.5889442
COc1ccc(NC(=O)c2cc(O)c3c(c2)C(=O)c2cccc(O)c2C3=O)cc1,6.006082,3.8322177
COc1ccc(Nc2cc(NCC(C)C)c(N)c3c2C(=O)c2ccccc2C3=O)cc1,5.2245307,3.2118917
CN(CCc1ccccc1)C(=O)c1cc(O)c2c(c1)C(=O)c1cccc(O)c1C2=O,6.0817733,3.7950504
Cc1cccc(NC(=O)c2cc(O)c3c(c2)C(=O)c2cccc(O)c2C3=O)c1,6.174325,3.7991467
COc1ccc2c3c(ccc2c1)C(=O)c1ccccc1C3=O,6.140897,3.5820556
Nc1cc(Sc2ccccc2)c(N)c2c1C(=O)c1c(O)ccc(O)c1C2=O,5.578365,3.5475423
O=C1c2ccccc2C(=O)c2c(Nc3ccccc3)c(O)cc(Nc3ccccc3)c21,5.396382,3.4394476
CC1(O)CC(O)Cc2cc3c(c(O)c21)C(=O)c1c(O)cc(O)cc1C3=O,6.348332,3.5925674
CC1(O)CCc2c(O)c3c(c(O)c2C1O)C(=O)c1cccc(O)c1C3=O,6.2902164,3.6972258
CCC1Cc2c(O)c3c(c(O)c2C(O)C1)C(=O)c1c(O)cccc1C3=O,6.237524,3.6601293
O=C1c2ccc3c(c2C(=O)c2cccc(O)c21)C(=O)CC(CO)C3,6.454918,3.7580512
COC(=O)c1c(C)ccc2c(O)c3c(cc12)C(=O)c1cccc(O)c1C3=O,6.3442864,3.7682965
CC12Cc3cc4c(c(O)c3C(=O)N1C(C(=O)O)CO2)-c1c(cc2c(c1O)C(=O)c1cccc(O)c1C2=O)CC4,6.131449,3.625153
COC(=O)C1c2cc3c(c(O)c2CCC1(C)O)C(=O)c1c(O)cccc1C3=O,6.3991385,3.6994495
CCC1(O)CCc2c(O)c3c(c(O)c2C1C(=O)OC)C(=O)c1cccc(O)c1C3=O,6.296914,3.7271879
CCCc1ccc2c(O)c3c(c(O)c2c1)C(=O)c1cccc(O)c1C3=O,6.0717664,3.695569
CC(=O)c1cccc2c1C(=O)c1c(O)c3c(c(O)c1C2=O)C1OC(=O)CC1OC3C,6.563661,3.9262018
O=C1c2ccccc2C(=O)c2c(O)c(OC3OC(COC4OCC(O)C(O)C4O)C(O)C(O)C3O)cc(O)c21,6.3486423,3.691418
O=C(Nc1cccc2c1C(=O)c1ccccc1C2=O)c1ccccc1,6.392386,3.6599467
CCC1(O)CC(O)c2cc3c(c(O)c2C1O)C(=O)c1cccc(O)c1C3=O,6.3285933,3.720434
COc1cccc2c1C(=O)c1c(O)c3c(c(O)c1C2=O)CC(O)(C(C)=O)CC3,6.197891,3.5956943
COc1cccc2c1C(=O)c1ccc3c(c1C2=O)C(=O)CC(C)C3OC(=O)C(C)C,6.4647245,3.8317385
CCC1(O)CCc2c(O)c3c(c(O)c2C1)C(=O)c1cccc(OC)c1C3=O,6.122333,3.5851777
Cc1ccc(Nc2cccc3c2C(=O)c2ccccc2C3=O)cc1,5.783487,3.4703133
CC1CCCC(c2c(O)cc3c(c2O)C(=O)c2c(O)cc(O)cc2C3=O)O1,6.266083,3.5763526
CCc1cc(O)c2c(O)c3c(c(O)c2c1C(=O)OC)C(=O)c1cccc(O)c1C3=O,6.263174,3.7623148
O=C1c2cc3c(c(O)c2C(=O)c2c(O)ccc(O)c21)C1(O)C=COC1O3,6.377182,3.7779713
COc1cccc2c1C(=O)c1c(c(O)c3cc(C(C)O)ccc3c1O)C2=O,6.0892415,3.689483
Cc1c(O)cc2c(c1O)C(=O)c1c(cc3cc(O)cc(CC(=O)CC(C)O)c3c1O)C2=O,5.9999046,3.6771276
O=C1c2cc(O)cc(O)c2C(=O)c2c1cc1cc(O)cc(O)c1c2O,6.104984,3.677182
COc1cccc2c1C(=O)c1c(O)cc3c(c1C2=O)C(=O)CC(C)C3,6.399995,3.6922617
CCC1(O)CC(O)c2c(cc3c(c2O)C(=O)c2c(O)cc(O)cc2C3=O)C1C(=O)OC,6.370422,3.7206173
O=C1c2cc(O)cc(O)c2C(=O)c2c1cc1c(c2O)C(CCO)CO1,6.3170886,3.5589406
CCc1ccc2c(O)c3c(cc2c1C(=O)OC)C(=O)c1cccc(O)c1C3=O,6.324999,3.7678032
Cc1ccc2c(c1O)C(=O)c1ccc(OC3OC(COC4OCC(O)C(O)C4O)C(O)C(O)C3O)c(O)c1C2=O,6.2826576,3.6062262
CC(=O)CCC1c2c(cc3c(c2O)C(=O)c2c(O)cc(O)cc2C3=O)OC1O,6.3806376,3.621852
Cc1cc(O)c2c(c1)C(=O)c1ccc(-c3c(C)cc4c(c3O)C(=O)c3c(O)cccc3C4=O)c(O)c1C2=O,6.1811843,4.0011296
COc1cc(O)c2c(c1)C(=O)c1cc3cc(O)c(C(=O)O)c(C)c3c(O)c1C2=O,6.1747413,3.7311594
COC(=O)C1c2cc3c(c(O)c2C(O)CC1(C)O)C(=O)c1c(O)cccc1C3=O,6.430581,3.7698233
COC(=O)C1c2cc3c(c(O)c2C(O)CC1(O)CC(C)=O)C(=O)c1c(O)cccc1C3=O,6.3825836,3.7780037
CCc1ccc2c(O)c3c(cc2c1)C(=O)c1cccc(O)c1C3=O,6.141147,3.683145
O=C1c2cc(O)cc(O)c2C(=O)c2c1cc1cc(O)cc(OS(=O)(=O)O)c1c2O,6.502858,3.8496902
COc1c(C)ccc2c(O)c3c(cc12)C(=O)c1c(O)cc(C)cc1C3=O,6.029229,3.6040275
Cc1cc(O)c2c(c1)C(=O)c1cc(O)c(-c3c(C)cc4c(c3O)C(=O)c3c(O)cc(O)cc3C4=O)c(O)c1C2=O,6.169146,3.954338
COC(=O)C1c2cc3c(c(O)c2C(O)CC1(C)O)C(=O)c1c(O)ccc(O)c1C3=O,6.3480864,3.8128483
CCc1ccc2c(O)c3c(c(O)c2c1)C(=O)c1cccc(O)c1C3=O,6.0832767,3.696412
COc1cc(OC)c2c(c1)C(=O)c1cc3c(c(O)c1C2=O)C1C=COC1O3,6.2401743,3.5230653
COc1c(O)c(C)c(O)c2c1C(=O)c1c(cc(O)c3c1C(c1ccccc1)OC3=O)C2=O,6.345254,3.8709786
COc1c(O)cc(O)c2c1C(=O)c1c(cc(O)c3c1C(c1ccccc1)OC3=O)C2=O,6.4141884,3.8887863
COc1cc(O)c2c(c1)C(=O)c1cc3c(c(O)c1C2=O)C(O)CC(C)(O)C3,6.2825003,3.6065001
Cc1ccc2c(O)c3c(cc2c1)C(=O)c1c(O)cccc1C3=O,6.138419,3.663687
COc1cc(O)c2c(c1)C(=O)c1cc3c(c(O)c1C2=O)C(OC1CC(O)C(O)C(C)O1)C(OC)C(C)(O)C3=O,6.298459,3.9276962
COc1cccc2c1C(=O)c1ccc3c(c1C2=O)C(=O)CC(C)(O)C3O,6.454336,3.8446634
Cc1cc(O)c2c3c(ccc2c1)C(=O)c1c(ccc(C2CC(O)C(OC4CCC(O)C(C)O4)C(C)O2)c1O)C3=O,5.9233203,3.6650853
COc1cc(O)c2c(c1)C(=O)c1cc3c(c(O)c1C2=O)C(OC1CC(OC)C(O)C(C)O1)C(OC)C(C)(O)C3=O,6.268451,3.9168866
CCC1CC(O)c2c(O)c3c(c(O)c2C1O)C(=O)c1c(O)ccc(O)c1C3=O,6.2370877,3.7971225
Cc1cc(O)cc2c1C(=O)c1ccc(C3CC(N(C)C)C(O)C(C)O3)c(O)c1C2=O,5.692855,3.4597394
CC(C)Nc1cc(N2CCN(Cc3ccc4c(c3)OCO4)CC2)c2noc3c2c1C(=O)c1ccccc1-3,5.1806154,3.0505743
COC(=O)c1cc(Nc2ccc(O)c3c2C(=O)c2c([N+](=O)[O-])ccc(O)c2C3=O)cc(C(=O)OC)c1,6.253771,4.2277927
O=C1c2ccccc2C(=O)c2cc3c(cc21)CCCC3,6.3716564,3.3908043
O=C1c2ccccc2C(=O)c2c1cc1ccccc1c2O,6.292249,3.649543
O=C1c2ccccc2-c2onc3ccc(N4CCOCC4)c1c23,5.7253275,3.3624687
O=C(Nc1cccc2c1C(=O)c1ccccc1C2=O)c1ccccc1Cl,6.3668156,3.6879437
O=C1c2ccccc2-c2onc3ccc(NCCCN4CCNC4)c1c23,5.4183397,3.310583
O=C(OCCCCCCN1CCOCC1)c1cc(O)c2c(c1)C(=O)c1cccc(O)c1C2=O,5.720937,3.8632321
Cc1ccc2c(c1Nc1ccccc1)C(=O)c1ccccc1C2=O,5.8957834,3.4433093
O=C(O)c1ccccc1Nc1cccc2c1C(=O)c1ccccc1C2=O,6.0567803,3.5645492
COc1cccc2c1C(=O)c1ccc3cc(CO)cc(O)c3c1C2=O,6.1444483,3.6089554
CCOC1CC(C)(O)Cc2cc3c(c(O)c21)C(=O)c1c(O)cc2c(c1C3=O)OC1OC2(C)C(O)C(N(C)C)C1O,5.883359,3.7743924
Cc1ccc(Nc2ccc(Nc3ccc(C)cc3C)c3c2C(=O)c2ccccc2C3=O)c(C)c1,5.21651,3.38229
Cc1ccc(Nc2ccc(O)c3c2C(=O)c2ccccc2C3=O)c(S(=O)(=O)O)c1,6.0982013,3.6738746
O=C(Nc1cc2c(=O)c3ccc(C(F)(F)F)cc3[nH]c2c2c1C(=O)c1ccccc1C2=O)c1ccccc1,6.0918403,3.9367735
Cc1cccc(C)c1Nc1ccc(Nc2c(C)cccc2C)c2c1C(=O)c1cc(Cl)c(Cl)cc1C2=O,5.348919,3.7334683
Cc1ccc(Nc2ccc(NCCCN(C)C)c3c2C(=O)c2ccccc2C3=O)cc1,5.122633,3.3211384
CNc1ccc(Nc2ccc(OC)cc2)c2c1C(=O)c1ccccc1C2=O,5.2935224,3.344604
Nc1cccc2c1C(=O)c1c(Nc3ccccc3C(=O)O)cccc1C2=O,5.7516484,3.4489975
CC(C)(C)c1ccc(Sc2cc(O)c3c(c2N)C(=O)c2ccccc2C3=O)cc1,5.7915854,3.5583045
O=C1c2c(O)ccc(O)c2C(=O)c2c(Nc3ccc(O)cc3)ccc(Nc3ccc(O)cc3)c21,5.169082,3.5820153
CC(=O)Nc1cccc2c(O)c3c(c(O)c12)C(=O)c1ccccc1C3=O,6.1285486,3.6621838
CC(=O)Nc1cccc2c1C(=O)c1c(c(O)c3ccccc3c1O)C2=O,6.095557,3.7422073
Cc1ccc2c(c1)C(=O)c1c(ccc3ccccc13)C2=O,6.3113494,3.497404
COc1cccc2c1C(=O)c1c(O)c3c(c(O)c1C2=O)CC(O)(C(C)O)CC3O,6.2042027,3.6701474
Nc1c(Cl)c2[nH]c3c([nH]c2c2c(=O)c4ccccc4c(=O)c12)c(Cl)c(N)c1c(=O)c2ccccc2c(=O)c13,5.295021,3.8679876
COC(=O)c1cc(Nc2ccc(C)cc2)c2c(c1N)C(=O)c1ccccc1C2=O,5.6707726,3.562214
CN(C)Cc1cccc(Nc2ccc(N)c3c2C(=O)c2ccccc2C3=O)c1,5.2506614,3.3245811
CCOCCCNS(=O)(=O)c1ccc(Sc2cc(O)c3c(c2N)C(=O)c2ccccc2C3=O)cc1,5.715779,3.6989088
O=C1c2c(O)ccc(Nc3ccc(C(CO)CO)cc3)c2C(=O)c2c([N+](=O)[O-])ccc(O)c21,5.8751874,4.0571117
Nc1ccc(Nc2cc(S(=O)(=O)O)c(N)c3c2C(=O)c2ccccc2C3=O)c(S(=O)(=O)O)c1,5.8466654,3.8028843
Cc1c(N)c(C)c(S(=O)(=O)O)c(C)c1Nc1cc(S(=O)(=O)O)c(N)c2c1C(=O)c1ccccc1C2=O,5.7091703,3.7869372
Cc1c(N)cc(S(=O)(=O)O)cc1Nc1cc(S(=O)(=O)O)c(N)c2c1C(=O)c1ccccc1C2=O,5.707418,3.818583
CCOc1ccc(Nc2c(C(=O)O)ccc3c2C(=O)c2ccccc2C3=O)cc1,5.8425364,3.6789558
Cc1ccc(Nc2cc(Cl)c(N)c3c2C(=O)c2ccccc2C3=O)cc1,5.5718126,3.484078
Cc1cccc(C(=O)Nc2cc3c(=O)c4ccccc4[nH]c3c3c2C(=O)c2ccccc2C3=O)c1,5.8593454,3.8175905
CCN(CC)CCCNC(=O)c1ccc(NC(=O)c2ccc3c(c2)C(=O)c2ccccc2C3=O)cc1,5.555509,3.7610765
O=C1c2cc(O)cc(O)c2C(=O)c2c1cc1c(c2O)C(CCO)C(O)O1,6.4124055,3.6365452
O=C1c2cccc(O)c2C(=O)c2c(O)c3c(c(O)c21)CC(O)(C(O)CO)CC3,6.1953063,3.6558344
O=C1c2ccccc2C(=O)c2c(Nc3ccccc3)cc(S(=O)(=O)O)cc21,6.0779243,3.8243775
CCC1CCc2c(O)c3c(c(O)c2C1C(=O)OC)C(=O)c1cccc(O)c1C3=O,6.291755,3.6918335
O=C1c2c(O)ccc(O)c2C(=O)c2c(NCCN3CC3)ccc(NCCN3CC3)c21,5.076694,3.4324431
O=c1c2ccccc2c(=O)c2c1ccc1[nH]c3ccccc3n(-c3ccccc3)c12,5.5638742,3.450604
O=C1c2ccccc2C(=O)c2c(Nc3cccc(S(=O)(=O)N(CCO)CCO)c3)ccc(O)c21,5.789777,3.6366107
O=C1c2ccc(S(=O)(=O)O)cc2C(=O)c2c(Nc3ccccc3)ccc(Nc3ccc(S(=O)(=O)O)cc3)c21,5.68851,3.9428291
COc1ccc(Nc2cc(N3CCCC3)c3noc4c3c2C(=O)c2ccccc2-4)cc1,5.339818,3.1596718
O=C1c2ccccc2C(=O)c2c1cccc2S(=O)(=O)N1CCN(C(=O)C2CCCO2)CC1,6.1841803,3.8471255
O=C1c2ccccc2C(=O)c2c(NC(=O)c3c(F)cccc3F)cccc21,6.5589046,3.7619138
Nc1c(S(=O)(=O)O)cc(Nc2cccc(S(=O)(=O)C=CS(=O)(=O)O)c2)c2c1C(=O)c1ccccc1C2=O,6.1841903,4.0557275
